<?xml version="1.0" encoding="utf-8"?>
<COLLADA xmlns="http://www.collada.org/2005/11/COLLADASchema" version="1.4.1" xmlns:xsi="http://www.w3.org/2001/XMLSchema-instance">
  <asset>
    <contributor>
      <author>Blender User</author>
      <authoring_tool>Blender 3.0.1</authoring_tool>
    </contributor>
    <created>2024-04-29T20:59:18</created>
    <modified>2024-04-29T20:59:18</modified>
    <unit name="meter" meter="1"/>
    <up_axis>Z_UP</up_axis>
  </asset>
  <library_effects>
    <effect id="Default_OBJ-effect">
      <profile_COMMON>
        <technique sid="common">
          <lambert>
            <emission>
              <color sid="emission">0 0 0 1</color>
            </emission>
            <diffuse>
              <color sid="diffuse">0.8 0.8 0.8 1</color>
            </diffuse>
            <index_of_refraction>
              <float sid="ior">1.45</float>
            </index_of_refraction>
          </lambert>
        </technique>
      </profile_COMMON>
    </effect>
  </library_effects>
  <library_images/>
  <library_materials>
    <material id="Default_OBJ-material" name="Default_OBJ">
      <instance_effect url="#Default_OBJ-effect"/>
    </material>
  </library_materials>
  <library_geometries>
    <geometry id="obj1_001-mesh" name="obj1.001">
      <mesh>
        <source id="obj1_001-mesh-positions">
          <float_array id="obj1_001-mesh-positions-array" count="2124">-3.243347 -79.19214 63.82505 -3.162481 -78.70293 63.33584 -3.243347 -77.07082 65.94638 -3.162481 -76.58161 65.45716 -2.924246 -78.24009 62.873 -2.924246 -76.11877 64.99433 -2.541481 -77.82858 62.46149 -2.541481 -75.70726 64.58282 -2.034822 -77.49058 62.12348 -2.034822 -75.36926 64.24481 -1.431587 -77.24431 61.87722 -1.431587 -75.12299 63.99854 -0.764292 -77.10305 61.73596 -0.764292 -74.98172 63.85727 -0.06891298 -77.0744 61.70732 -0.06891298 -74.95309 63.82864 0.617062 -77.15994 61.79284 0.617062 -75.03861 63.91416 1.256653 -77.35502 61.98793 1.256653 -75.2337 64.10926 1.815378 -77.64915 62.28205 1.815378 -75.52783 64.40338 2.263117 -78.02645 62.65937 2.263117 -75.90513 64.78069 2.575731 -78.4666 63.09951 2.575731 -76.34529 65.22084 2.736368 -78.94587 63.57878 2.736368 -76.82455 65.70011 2.736368 -79.43841 64.07132 2.736368 -77.31709 66.19264 2.575731 -79.91767 64.55059 2.575731 -77.79635 66.67191 2.263117 -80.35782 64.99074 2.263117 -78.23651 67.11206 1.815378 -80.73513 65.36804 1.815378 -78.61381 67.48937 1.256653 -81.02925 65.66217 1.256653 -78.90794 67.7835 0.617062 -81.22434 65.85726 0.617062 -79.10302 67.97858 -0.06891298 -81.30987 65.94279 -0.06891298 -79.18855 68.0641 -0.764292 -81.28123 65.91415 -0.764292 -79.15991 68.03547 -1.431587 -81.13997 65.77288 -1.431587 -79.01865 67.89421 -2.034822 -80.8937 65.52661 -2.034822 -78.77238 67.64794 -2.541481 -80.5557 65.18862 -2.541481 -78.43437 67.30993 -2.924246 -80.14418 64.7771 -2.924246 -78.02287 66.89842 -3.162481 -79.68135 64.31427 -3.162481 -77.56003 66.43559 -3.243347 -34.64441 23.51996 -3.243347 -36.76573 21.39865 -3.162481 -34.1552 23.03075 -3.162481 -36.27652 20.90943 -2.924246 -33.69236 22.56792 -2.924246 -35.81368 20.4466 -2.541481 -33.28085 22.15641 -2.541481 -35.40217 20.03509 -2.034822 -32.94285 21.8184 -2.034822 -35.06417 19.69709 -1.431587 -32.69658 21.57213 -1.431587 -34.8179 19.45082 -0.764292 -32.55532 21.43087 -0.764292 -34.67663 19.30955 -0.06891298 -32.52667 21.40223 -0.06891298 -34.648 19.28091 0.617062 -32.6122 21.48776 0.617062 -34.73353 19.36644 1.256653 -32.80729 21.68285 1.256653 -34.92861 19.56153 1.815378 -33.10142 21.97697 1.815378 -35.22274 19.85565 2.263117 -33.47872 22.35428 2.263117 -35.60004 20.23296 2.575731 -33.91888 22.79443 2.575731 -36.04019 20.67311 2.736368 -34.39814 23.2737 2.736368 -36.51946 21.15237 2.736368 -34.89068 23.76623 2.736368 -37.012 21.64492 2.575731 -35.36994 24.2455 2.575731 -37.49126 22.12418 2.263117 -35.81009 24.68565 2.263117 -37.93141 22.56433 1.815378 -36.1874 25.06296 1.815378 -38.30872 22.94164 1.256653 -36.48152 25.35708 1.256653 -38.60285 23.23576 0.617062 -36.67661 25.55217 0.617062 -38.79793 23.43085 -0.06891298 -36.76214 25.6377 -0.06891298 -38.88346 23.51638 -0.764292 -36.7335 25.60906 -0.764292 -38.85482 23.48774 -1.431587 -36.59224 25.4678 -1.431587 -38.71356 23.34648 -2.034822 -36.34597 25.22153 -2.034822 -38.46729 23.1002 -2.541481 -36.00797 24.88352 -2.541481 -38.12929 22.7622 -2.924246 -35.59645 24.47201 -2.924246 -37.71778 22.35069 -3.162481 -35.13362 24.00918 -3.162481 -37.25494 21.88785 -3.243347 -20.50227 9.37783 -3.243347 -22.62359 7.256511 -3.162481 -20.01306 8.888619 -3.162481 -22.13438 6.767299 -2.924246 -19.55023 8.425785 -2.924246 -21.67155 6.304461 -2.541481 -19.13871 8.01427 -2.541481 -21.26004 5.892951 -2.034822 -18.80071 7.676269 -2.034822 -20.92204 5.55495 -1.431587 -18.55444 7.429999 -1.431587 -20.67576 5.308681 -0.764292 -18.41318 7.288737 -0.764292 -20.5345 5.167415 -0.06891298 -20.50586 5.138778 -0.06891298 -18.38454 7.260097 0.617062 -20.59139 5.224307 0.617062 -18.47007 7.345626 1.256653 -20.78648 5.419391 1.256653 -18.66516 7.540713 1.815378 -18.95928 7.834838 1.815378 -21.0806 5.713515 2.263117 -21.45791 6.090823 2.263117 -19.33659 8.212146 2.575731 -21.89806 6.530974 2.575731 -19.77674 8.652297 2.736368 -22.37732 7.010238 2.736368 -20.25601 9.131561 2.736368 -22.86987 7.50278 2.736368 -20.74854 9.624099 2.575731 -23.34913 7.982043 2.575731 -21.22781 10.10336 2.263117 -21.66796 10.54351 2.263117 -23.78928 8.422194 1.815378 -24.16659 8.799503 1.815378 -22.04527 10.92082 1.256653 -22.33939 11.21495 1.256653 -24.46071 9.093627 0.617062 -22.53448 11.41003 0.617062 -24.6558 9.288711 -0.06891298 -22.62001 11.49556 -0.06891298 -24.74133 9.37424 -0.764292 -24.71269 9.345603 -0.764292 -22.59137 11.46692 -1.431587 -24.57142 9.204341 -1.431587 -22.4501 11.32566 -2.034822 -24.32515 8.958068 -2.034822 -22.20384 11.07939 -2.541481 -21.86583 10.74139 -2.541481 -23.98715 8.620067 -2.924246 -23.57564 8.208557 -2.924246 -21.45432 10.32987 -3.162481 -23.11281 7.745719 -3.162481 -20.99149 9.867042 -3.243347 -62.92868 51.80423 -3.243347 -65.05001 49.68291 -3.162481 -62.43947 51.31502 -3.162481 -64.56079 49.19371 -2.924246 -61.97663 50.85218 -2.924246 -64.09796 48.73087 -2.541481 -61.56513 50.44068 -2.541481 -63.68644 48.31935 -2.034822 -61.22712 50.10267 -2.034822 -63.34844 47.98135 -1.431587 -60.98085 49.8564 -1.431587 -63.10218 47.73508 -0.764292 -60.83959 49.71514 -0.764292 -62.96091 47.59382 -0.06891298 -62.93227 47.56518 -0.06891298 -60.81095 49.6865 0.617062 -63.0178 47.65071 0.617062 -60.89648 49.77203 1.256653 -63.21289 47.8458 1.256653 -61.09156 49.96711 1.815378 -63.50701 48.13992 1.815378 -61.38569 50.26124 2.263117 -61.763 50.63854 2.263117 -63.88432 48.51723 2.575731 -64.32447 48.95738 2.575731 -62.20315 51.0787 2.736368 -64.80374 49.43664 2.736368 -62.68241 51.55796 2.736368 -65.29627 49.92918 2.736368 -63.17495 52.0505 2.575731 -65.77554 50.40845 2.575731 -63.65422 52.52976 2.263117 -66.21569 50.8486 2.263117 -64.09437 52.96992 1.815378 -66.593 51.2259 1.815378 -64.47167 53.34722 1.256653 -66.88712 51.52003 1.256653 -64.7658 53.64135 0.617062 -67.08221 51.71511 0.617062 -64.96089 53.83644 -0.06891298 -67.16773 51.80065 -0.06891298 -65.04641 53.92196 -0.764292 -65.01778 53.89333 -0.764292 -67.13909 51.77201 -1.431587 -66.99784 51.63074 -1.431587 -64.87651 53.75206 -2.034822 -66.75157 51.38447 -2.034822 -64.63024 53.50579 -2.541481 -64.29224 53.16779 -2.541481 -66.41356 51.04647 -2.924246 -66.00205 50.63496 -2.924246 -63.88073 52.75628 -3.162481 -65.53921 50.17212 -3.162481 -63.4179 52.29344 -3.243347 -50.90787 35.54077 -3.162481 -50.41865 35.05157 -3.243347 -48.78654 37.6621 -3.162481 -48.29733 37.17288 -2.924246 -47.83449 36.71005 -2.924246 -49.95582 34.58873 -2.541481 -47.42299 36.29854 -2.541481 -49.5443 34.17722 -2.034822 -47.08498 35.96054 -2.034822 -49.20631 33.83921 -1.431587 -46.83871 35.71427 -1.431587 -48.96004 33.59294 -0.764292 -46.69745 35.573 -0.764292 -48.81877 33.45169 -0.06891298 -48.79013 33.42304 -0.06891298 -46.66881 35.54437 0.617062 -48.87566 33.50857 0.617062 -46.75434 35.62989 1.256653 -49.07075 33.70366 1.256653 -46.94943 35.82498 1.815378 -49.36487 33.99778 1.815378 -47.24355 36.11911 2.263117 -49.74218 34.37509 2.263117 -47.62086 36.49641 2.575731 -48.06101 36.93656 2.575731 -50.18233 34.81524 2.736368 -50.6616 35.2945 2.736368 -48.54027 37.41583 2.736368 -51.15414 35.78704 2.736368 -49.03281 37.90837 2.575731 -51.6334 36.26631 2.575731 -49.51208 38.38763 2.263117 -49.95223 38.82778 2.263117 -52.07355 36.70646 1.815378 -52.45086 37.08377 1.815378 -50.32954 39.20509 1.256653 -50.62366 39.49922 1.256653 -52.74498 37.37789 0.617062 -52.94007 37.57298 0.617062 -50.81875 39.6943 -0.06891298 -53.0256 37.65851 -0.06891298 -50.90427 39.77983 -0.764292 -52.99695 37.62987 -0.764292 -50.87564 39.75119 -1.431587 -52.8557 37.4886 -1.431587 -50.73437 39.60993 -2.034822 -52.60943 37.24234 -2.034822 -50.4881 39.36366 -2.541481 -52.27142 36.90434 -2.541481 -50.1501 39.02565 -2.924246 -49.73859 38.61415 -2.924246 -51.85991 36.49282 -3.162481 -49.27576 38.15131 -3.162481 -51.39707 36.02999 -3.243347 -6.360138 -4.764306 -3.243347 -8.481459 -6.885626 -3.162481 -5.870928 -5.253516 -3.162481 -7.992248 -7.374836 -2.924246 -5.40809 -5.716352 -2.924246 -7.529411 -7.837674 -2.541481 -4.99658 -6.127863 -2.541481 -7.117898 -8.249184 -2.034822 -4.658576 -6.465866 -2.034822 -6.779897 -8.587185 -1.431587 -4.412307 -6.712135 -1.431587 -6.533628 -8.833456 -0.764292 -4.271045 -6.853397 -0.764292 -6.392366 -8.974719 -0.06891298 -6.363727 -9.003357 -0.06891298 -4.242406 -6.882036 0.617062 -6.449255 -8.917828 0.617062 -4.327936 -6.796507 1.256653 -6.64434 -8.722743 1.256653 -4.523019 -6.601423 1.815378 -6.938465 -8.428617 1.815378 -4.817146 -6.307297 2.263117 -7.315773 -8.05131 2.263117 -5.194454 -5.929989 2.575731 -7.755924 -7.611161 2.575731 -5.634603 -5.48984 2.736368 -8.235188 -7.131896 2.736368 -6.113867 -5.010577 2.736368 -8.727728 -6.639355 2.736368 -6.606409 -4.518034 2.575731 -9.206994 -6.160092 2.575731 -7.085672 -4.038771 2.263117 -9.647143 -5.719941 2.263117 -7.525822 -3.598622 1.815378 -7.90313 -3.221314 1.815378 -10.02445 -5.342633 1.256653 -10.31857 -5.048508 1.256653 -8.197257 -2.927187 0.617062 -10.51366 -4.853423 0.617062 -8.39234 -2.732102 -0.06891298 -8.477869 -2.646573 -0.06891298 -10.59919 -4.767895 -0.764292 -10.57055 -4.796534 -0.764292 -8.449231 -2.675213 -1.431587 -8.307969 -2.816475 -1.431587 -10.42929 -4.937796 -2.034822 -10.18302 -5.184065 -2.034822 -8.061699 -3.062744 -2.541481 -7.723696 -3.400748 -2.541481 -9.845016 -5.522067 -2.924246 -7.312185 -3.812258 -2.924246 -9.433506 -5.933579 -3.162481 -8.970669 -6.396416 -3.162481 -6.849348 -4.275095 -15.24335 14.88527 -30.25235 -14.49335 14.85307 -30.22015 14.00665 14.85307 -30.22015 14.75665 14.88527 -30.25235 -15.24335 -86.26321 70.89612 14.75665 -86.26321 70.89612 -15.24335 14.88527 -26.00971 -15.24335 -84.14189 73.01744 14.75665 14.88527 -26.00971 14.00665 14.85307 -25.97751 -14.49335 14.85307 -25.97751 14.75665 -84.14189 73.01744 -21.39335 23.60307 -11.83537 -21.36012 22.92675 -11.83537 -21.39335 23.60307 -34.83537 -21.36012 22.92675 -34.83537 -21.26077 22.25694 -11.83537 -21.26077 22.25695 -34.83537 -21.09624 21.6001 -11.83537 -21.09624 21.6001 -34.83537 -20.86812 20.96255 -11.83537 -20.86812 20.96255 -34.83537 -20.5786 20.35043 -11.83537 -20.5786 20.35043 -34.83537 -20.23049 19.76963 -11.83537 -20.23049 19.76963 -34.83537 -19.82712 19.22575 -11.83537 -19.82712 19.22575 -34.83537 -19.37238 18.72403 -11.83537 -19.37238 18.72403 -34.83537 -18.87066 18.26929 -11.83537 -18.87066 18.2693 -34.83537 -18.32678 17.86593 -11.83537 -18.32678 17.86593 -34.83537 -17.74599 17.51781 -11.83537 -17.74599 17.51781 -34.83537 -17.13386 17.2283 -34.83537 -17.13386 17.2283 -11.83537 -16.49631 17.00018 -34.83537 -16.49631 17.00018 -11.83537 -15.83947 16.83565 -11.83537 -15.83947 16.83565 -34.83537 -15.16967 16.73629 -11.83537 -15.16967 16.73629 -34.83537 -14.49335 16.70307 -11.83537 -14.49335 16.70307 -34.83537 14.00665 16.70307 -11.83537 14.00665 16.70307 -34.83537 -23.21637 22.91655 -11.83537 -23.24335 23.60307 -11.83537 -23.24335 23.60307 -36.83537 -23.21637 22.91655 -36.83537 -23.13562 22.23427 -11.83537 -23.13562 22.23427 -36.83537 -23.00158 21.56042 -11.83537 -23.00158 21.56042 -36.83537 -22.81509 20.89917 -11.83537 -22.81509 20.89917 -36.83537 -22.57729 20.25459 -11.83537 -22.57729 20.25459 -36.83537 -22.28965 19.63065 -11.83537 -22.28965 19.63065 -36.83537 -21.95395 19.0312 -11.83537 -21.95395 19.0312 -36.83537 -21.57225 18.45994 -11.83537 -21.57225 18.45995 -36.83537 -21.1469 17.9204 -11.83537 -21.1469 17.9204 -36.83537 -20.68053 17.41588 -11.83537 -20.68053 17.41588 -36.83537 -20.17602 16.94951 -11.83537 -20.17602 16.94952 -36.83537 -19.63647 16.52417 -11.83537 -19.63647 16.52417 -36.83537 -19.06521 16.14246 -11.83537 -19.06521 16.14247 -36.83537 -18.46576 15.80676 -11.83537 -18.46576 15.80676 -36.83537 -17.84183 15.51912 -11.83537 -17.84183 15.51912 -36.83537 -17.19725 15.28132 -11.83537 -17.19725 15.28132 -36.83537 -16.53599 15.09483 -11.83537 -16.53599 15.09483 -36.83537 -15.86215 14.96079 -36.83537 -15.17986 14.88004 -36.83537 -15.86215 14.96079 -11.83537 -15.17986 14.88004 -11.83537 -14.49335 14.85307 -36.83537 -14.49335 14.85307 -11.83537 14.00665 14.85307 -11.83537 20.90666 23.60307 -18.83537 20.90666 52.10306 -18.83537 22.75665 23.60307 -18.83537 22.75665 52.10306 -18.83537 20.75665 23.60307 -36.83537 20.90666 23.60307 -34.83537 22.75665 23.60307 -36.83537 20.75665 23.60307 -34.83537 20.90666 52.10306 -34.83537 22.75665 52.10306 -36.83537 20.75665 52.10306 -34.83537 20.75665 52.10306 -36.83537 20.90666 23.60307 -11.83537 20.90666 52.10306 -11.83537 22.72968 22.91655 -36.83537 22.64893 22.23427 -36.83537 22.51489 21.56042 -36.83537 22.3284 20.89917 -36.83537 22.0906 20.25459 -36.83537 21.80296 19.63065 -36.83537 21.46726 19.0312 -36.83537 21.08555 18.45995 -36.83537 20.66021 17.9204 -36.83537 20.19384 17.41588 -36.83537 19.68932 16.94952 -36.83537 19.14977 16.52417 -36.83537 18.57851 16.14247 -36.83537 17.97907 15.80676 -36.83537 17.35513 15.51912 -36.83537 16.71055 15.28132 -36.83537 16.0493 15.09483 -36.83537 15.37545 14.96079 -36.83537 14.69317 14.88004 -36.83537 14.00665 14.85307 -36.83537 11.21833 37.20228 -36.83537 10.82726 36.66403 -36.83537 10.25108 36.33137 -36.83537 9.589407 36.26183 -36.83537 8.956654 36.46742 -36.83537 11.21833 38.50384 -36.83537 10.82726 39.0421 -36.83537 10.25108 39.37475 -36.83537 9.589407 39.4443 -36.83537 22.64893 53.47187 -36.83537 22.72968 52.78958 -36.83537 22.51489 54.14571 -36.83537 22.3284 54.80696 -36.83537 22.0906 55.45154 -36.83537 21.80296 56.07548 -36.83537 21.46726 56.67493 -36.83537 21.08555 57.24618 -36.83537 20.66021 57.78573 -36.83537 20.19384 58.29025 -36.83537 19.68932 58.75662 -36.83537 19.14977 59.18196 -36.83537 18.57851 59.56367 -36.83537 17.97907 59.89937 -36.83537 17.35513 60.18701 -36.83537 16.71055 60.42481 -36.83537 16.0493 60.6113 -36.83537 15.37545 60.74534 -36.83537 -9.172739 36.66403 -36.83537 8.462225 36.91261 -36.83537 -8.781675 37.20228 -36.83537 8.191617 37.52041 -36.83537 -9.748921 36.33137 -36.83537 14.69317 60.82609 -36.83537 -8.643347 37.85306 -36.83537 8.191617 38.18572 -36.83537 -10.41059 36.26183 -36.83537 14.00665 60.85306 -36.83537 8.956654 39.23871 -36.83537 -8.781675 38.50384 -36.83537 8.462225 38.79352 -36.83537 -11.04335 36.46742 -36.83537 -9.172739 39.0421 -36.83537 -11.53777 36.91261 -36.83537 -11.80838 37.52041 -36.83537 -14.49335 60.85306 -36.83537 -9.748921 39.37475 -36.83537 -10.41059 39.4443 -36.83537 -23.24335 52.10306 -36.83537 -11.04335 39.23871 -36.83537 -11.53777 38.79352 -36.83537 -11.80838 38.18572 -36.83537 -22.81509 54.80696 -36.83537 -23.21637 52.78958 -36.83537 -23.13562 53.47187 -36.83537 -23.00158 54.14571 -36.83537 -15.17986 60.82609 -36.83537 -22.28965 56.07548 -36.83537 -22.57729 55.45154 -36.83537 -18.46576 59.89937 -36.83537 -17.84183 60.18701 -36.83537 -17.19725 60.42481 -36.83537 -16.53599 60.6113 -36.83537 -15.86215 60.74534 -36.83537 -19.06521 59.56367 -36.83537 -21.57225 57.24618 -36.83537 -21.95395 56.67493 -36.83537 -21.1469 57.78573 -36.83537 -19.63647 59.18196 -36.83537 -20.68053 58.29025 -36.83537 -20.17602 58.75662 -36.83537 11.35665 37.85306 -36.83537 20.87343 22.92675 -34.83537 20.77407 22.25695 -34.83537 20.60954 21.6001 -34.83537 20.38142 20.96255 -34.83537 20.09191 20.35043 -34.83537 19.74379 19.76963 -34.83537 19.34042 19.22575 -34.83537 18.88569 18.72403 -34.83537 18.38397 18.2693 -34.83537 17.84009 17.86593 -34.83537 17.25929 17.51781 -34.83537 16.64717 17.2283 -34.83537 16.00962 17.00018 -34.83537 15.35278 16.83565 -34.83537 14.68297 16.73629 -34.83537 11.21833 37.20228 -34.83537 10.82726 36.66403 -34.83537 10.25108 36.33137 -34.83537 9.589407 36.26183 -34.83537 8.956654 36.46742 -34.83537 11.21833 38.50384 -34.83537 10.82726 39.0421 -34.83537 10.25108 39.37475 -34.83537 20.87343 52.77938 -34.83537 20.77407 53.44919 -34.83537 20.60954 54.10603 -34.83537 20.38142 54.74358 -34.83537 20.09191 55.3557 -34.83537 19.74379 55.9365 -34.83537 19.34042 56.48038 -34.83537 18.88569 56.9821 -34.83537 18.38397 57.43684 -34.83537 17.84009 57.8402 -34.83537 17.25929 58.18832 -34.83537 16.64717 58.47783 -34.83537 16.00962 58.70595 -34.83537 15.35278 58.87048 -34.83537 14.68297 58.96984 -34.83537 14.00665 59.00307 -34.83537 9.589407 39.4443 -34.83537 8.956654 39.23871 -34.83537 -9.172739 36.66403 -34.83537 8.462225 36.91261 -34.83537 -8.781675 37.20228 -34.83537 8.191617 37.52041 -34.83537 -9.748921 36.33137 -34.83537 -8.643347 37.85306 -34.83537 8.191617 38.18572 -34.83537 -10.41059 36.26183 -34.83537 -8.781675 38.50384 -34.83537 8.462225 38.79352 -34.83537 -11.04335 36.46742 -34.83537 -9.172739 39.0421 -34.83537 -11.53777 36.91261 -34.83537 -11.80838 37.52041 -34.83537 -11.80838 38.18572 -34.83537 -21.39335 52.10306 -34.83537 -10.41059 39.4443 -34.83537 -11.04335 39.23871 -34.83537 -11.53777 38.79352 -34.83537 -14.49335 59.00307 -34.83537 -9.748921 39.37475 -34.83537 -15.16967 58.96984 -34.83537 -21.36012 52.77938 -34.83537 -21.26077 53.44919 -34.83537 -15.83947 58.87048 -34.83537 -16.49631 58.70595 -34.83537 -20.86812 54.74358 -34.83537 -21.09624 54.10603 -34.83537 -20.23049 55.9365 -34.83537 -20.5786 55.3557 -34.83537 -17.74599 58.18832 -34.83537 -17.13386 58.47783 -34.83537 -18.32678 57.8402 -34.83537 -18.87066 57.43684 -34.83537 -19.37238 56.9821 -34.83537 -19.82712 56.48038 -34.83537 11.35665 37.85306 -34.83537 14.00665 59.00307 -11.83537 -14.49335 59.00307 -11.83537 -15.16967 58.96984 -11.83537 -15.83947 58.87048 -11.83537 -16.49631 58.70595 -11.83537 -17.13386 58.47783 -11.83537 -17.74599 58.18832 -11.83537 -18.32678 57.8402 -11.83537 -18.87066 57.43684 -11.83537 -19.37238 56.9821 -11.83537 -19.82712 56.48038 -11.83537 -20.23049 55.9365 -11.83537 -20.5786 55.3557 -11.83537 -20.86812 54.74358 -11.83537 -21.09624 54.10603 -11.83537 -21.26077 53.44919 -11.83537 -21.36012 52.77938 -11.83537 -21.39335 52.10306 -11.83537 14.68297 16.73629 -11.83537 15.35278 16.83565 -11.83537 16.00962 17.00018 -11.83537 16.64717 17.2283 -11.83537 17.25929 17.51781 -11.83537 17.84009 17.86593 -11.83537 18.38397 18.26929 -11.83537 18.88569 18.72403 -11.83537 19.34042 19.22575 -11.83537 19.74379 19.76963 -11.83537 20.09191 20.35043 -11.83537 20.38142 20.96255 -11.83537 20.60954 21.6001 -11.83537 20.77407 22.25694 -11.83537 20.87343 22.92675 -11.83537 20.87343 52.77938 -11.83537 20.77407 53.44919 -11.83537 20.60954 54.10603 -11.83537 20.38142 54.74358 -11.83537 20.09191 55.3557 -11.83537 19.74379 55.9365 -11.83537 19.34042 56.48038 -11.83537 18.88569 56.9821 -11.83537 18.38397 57.43684 -11.83537 17.84009 57.8402 -11.83537 17.25929 58.18832 -11.83537 16.64717 58.47783 -11.83537 16.00962 58.70595 -11.83537 15.35278 58.87048 -11.83537 14.68297 58.96984 -11.83537 14.69317 14.88004 -11.83537 15.37545 14.96079 -11.83537 16.0493 15.09483 -11.83537 16.71055 15.28132 -11.83537 17.35513 15.51912 -11.83537 17.97907 15.80676 -11.83537 18.57851 16.14246 -11.83537 19.14977 16.52417 -11.83537 19.68932 16.94951 -11.83537 20.19384 17.41588 -11.83537 20.66021 17.9204 -11.83537 21.08555 18.45994 -11.83537 21.46726 19.0312 -11.83537 21.80296 19.63065 -11.83537 22.0906 20.25459 -11.83537 22.3284 20.89917 -11.83537 22.51489 21.56042 -11.83537 22.64893 22.23427 -11.83537 22.72968 22.91655 -11.83537 22.75665 23.60307 -11.83537 -23.24335 52.10306 -11.83537 -15.17986 60.82609 -11.83537 -14.49335 60.85306 -11.83537 -15.86215 60.74534 -11.83537 -16.53599 60.6113 -11.83537 -17.19725 60.42481 -11.83537 -17.84183 60.18701 -11.83537 -18.46576 59.89937 -11.83537 -19.06521 59.56367 -11.83537 -19.63647 59.18196 -11.83537 -20.17602 58.75662 -11.83537 -20.68053 58.29025 -11.83537 -21.1469 57.78573 -11.83537 -21.57225 57.24618 -11.83537 -21.95395 56.67493 -11.83537 -22.28965 56.07548 -11.83537 -22.57729 55.45154 -11.83537 -22.81509 54.80696 -11.83537 -23.00158 54.14571 -11.83537 -23.13562 53.47187 -11.83537 -23.21637 52.78958 -11.83537 14.00665 60.85306 -11.83537 22.72968 52.78958 -11.83537 22.75665 52.10306 -11.83537 22.64893 53.47187 -11.83537 22.51489 54.14571 -11.83537 22.3284 54.80696 -11.83537 22.0906 55.45154 -11.83537 21.80296 56.07548 -11.83537 21.46726 56.67493 -11.83537 21.08555 57.24618 -11.83537 20.66021 57.78573 -11.83537 20.19384 58.29025 -11.83537 19.68932 58.75662 -11.83537 19.14977 59.18196 -11.83537 18.57851 59.56367 -11.83537 17.97907 59.89937 -11.83537 17.35513 60.18701 -11.83537 16.71055 60.42481 -11.83537 16.0493 60.6113 -11.83537 15.37545 60.74534 -11.83537 14.69317 60.82609 -11.83537</float_array>
          <technique_common>
            <accessor source="#obj1_001-mesh-positions-array" count="708" stride="3">
              <param name="X" type="float"/>
              <param name="Y" type="float"/>
              <param name="Z" type="float"/>
            </accessor>
          </technique_common>
        </source>
        <source id="obj1_001-mesh-normals">
          <float_array id="obj1_001-mesh-normals-array" count="5589">0.9932385 -0.08208984 0.08209031 0.9932383 -0.08209007 0.08209043 0.9932382 -0.08209115 0.08209121 0.9932382 -0.08209133 0.08209133 0.9396938 -0.2418425 0.2418423 0.9396935 -0.2418425 0.2418435 0.9396939 -0.2418425 0.2418421 0.9396935 -0.2418425 0.2418438 0.8354818 -0.388568 0.3885682 0.8354899 -0.3885587 0.3885599 0.8354801 -0.3885699 0.3885699 0.8354916 -0.3885569 0.3885583 0.6862393 -0.5143309 0.5143339 0.6862448 -0.5143311 0.5143263 0.6862382 -0.5143309 0.5143355 0.6862459 -0.5143312 0.5143248 0.5000008 -0.6123751 0.6123692 0.5000013 -0.61237 0.6123739 0.5000007 -0.612376 0.6123683 0.5000014 -0.612369 0.6123749 0.2868075 -0.6773988 0.6774013 0.2868077 -0.6774007 0.6773992 0.2868074 -0.6773983 0.6774017 0.2868077 -0.6774012 0.6773987 0.05813866 -0.7059125 0.705909 0.05813848 -0.705909 0.7059125 0.05813866 -0.7059132 0.7059083 0.05813848 -0.7059083 0.7059133 -0.1736436 -0.6963644 0.6963654 -0.1736539 -0.6963644 0.6963627 -0.1736415 -0.6963644 0.6963659 -0.1736561 -0.6963644 0.6963621 -0.3960759 -0.6492785 0.6492775 -0.396075 -0.6492781 0.6492787 -0.3960761 -0.6492787 0.6492773 -0.3960748 -0.6492779 0.6492788 -0.5971668 -0.567183 0.5671819 -0.5971663 -0.5671814 0.567184 -0.5971669 -0.5671833 0.5671815 -0.5971662 -0.5671811 0.5671845 -0.7660409 -0.454523 0.4545219 -0.7660411 -0.4545229 0.454522 -0.7660416 -0.4545217 0.4545223 -0.7660416 -0.4545214 0.4545223 -0.8936336 -0.3173486 0.3173468 -0.8936338 -0.3173481 0.3173464 -0.8936355 -0.3173456 0.3173446 -0.8936358 -0.3173452 0.3173442 -0.9730451 -0.1630697 0.1630693 -0.973045 -0.16307 0.1630696 -0.9730445 -0.1630713 0.1630712 -0.9730444 -0.1630716 0.1630716 -1 -4.56378e-7 0 -1 -3.90094e-7 0 -1 0 0 -1 0 0 -0.9730451 0.1630693 -0.1630693 -0.9730452 0.1630691 -0.1630693 -0.9730453 0.1630685 -0.1630693 -0.9730453 0.1630684 -0.1630693 -0.8936309 0.3173519 -0.3173511 -0.8936316 0.3173508 -0.31735 -0.8936352 0.3173454 -0.3173453 -0.8936359 0.3173443 -0.3173443 -0.7660413 0.4545223 -0.4545221 -0.7660421 0.4545216 -0.4545213 -0.7660464 0.4545181 -0.4545177 -0.7660472 0.4545174 -0.454517 -0.5971592 0.5671887 -0.5671843 -0.5971603 0.5671879 -0.5671839 -0.597166 0.5671837 -0.5671821 -0.5971671 0.5671828 -0.5671817 -0.3960748 0.6492778 -0.6492789 -0.396075 0.6492781 -0.6492787 -0.3960757 0.6492792 -0.6492771 -0.3960757 0.6492794 -0.6492767 -0.1736415 0.6963644 -0.6963659 -0.1736436 0.6963641 -0.6963655 -0.1736542 0.6963632 -0.6963638 -0.1736564 0.696363 -0.6963634 0.05815303 0.7059077 -0.7059126 0.0581488 0.7059083 -0.7059123 0.05812817 0.7059113 -0.705911 0.05812394 0.7059119 -0.7059107 0.2868077 0.6774012 -0.6773987 0.2868076 0.677401 -0.6773989 0.2868071 0.6773998 -0.6774004 0.286807 0.6773995 -0.6774007 0.4999995 0.6123747 -0.6123706 0.4999993 0.6123743 -0.6123713 0.4999977 0.6123723 -0.6123745 0.4999973 0.6123719 -0.6123751 0.6862359 0.5143337 -0.5143356 0.6862379 0.5143325 -0.5143342 0.6862475 0.5143268 -0.5143271 0.6862495 0.5143257 -0.5143257 0.8354859 0.3885651 -0.3885624 0.8354859 0.3885638 -0.3885637 0.8354859 0.3885653 -0.3885622 0.8354859 0.3885635 -0.3885639 0.9396934 0.2418432 -0.2418435 0.9396938 0.2418426 -0.2418423 0.9396933 0.2418433 -0.2418438 0.9396939 0.2418425 -0.2418421 0.9932383 0.08209031 -0.08208984 0.9932383 0.08209115 -0.08209031 0.9932384 0.08209013 -0.08208972 0.9932382 0.08209133 -0.08209043 0.9932383 -0.08209061 0.08209061 0.9932383 -0.08209061 0.08209079 0.9932383 -0.08209061 0.08209061 0.9396928 -0.2418441 0.2418446 0.9396935 -0.2418435 0.2418431 0.9396929 -0.241844 0.2418444 0.9932383 -0.08209061 0.08209085 0.8354888 -0.3885616 0.3885593 0.8354867 -0.3885623 0.3885636 0.8354885 -0.3885617 0.3885601 0.9396935 -0.2418434 0.2418429 0.6862406 -0.5143314 0.5143318 0.6862393 -0.5143319 0.5143331 0.6862404 -0.5143314 0.514332 0.8354862 -0.3885624 0.3885642 0.4999988 -0.6123726 0.6123733 0.5000017 -0.6123722 0.6123715 0.4999993 -0.6123725 0.612373 0.686239 -0.5143319 0.5143333 0.2868006 -0.6774002 0.6774027 0.2868035 -0.677401 0.6774007 0.286801 -0.6774004 0.6774024 0.5000022 -0.6123721 0.6123712 0.05814951 -0.7059118 0.7059088 0.05814319 -0.70591 0.7059111 0.05814844 -0.7059115 0.7059092 0.286804 -0.6774011 0.6774004 -0.1736489 -0.6963638 0.6963646 -0.1736517 -0.6963626 0.6963651 -0.1736494 -0.6963636 0.6963647 0.05814212 -0.7059097 0.7059115 -0.3960813 -0.6492753 0.6492776 -0.3960762 -0.6492781 0.6492779 -0.3960804 -0.6492758 0.6492776 -0.1736522 -0.6963624 0.6963651 -0.5971595 -0.5671859 0.5671867 -0.597158 -0.5671874 0.5671867 -0.5971592 -0.5671862 0.5671867 -0.3960754 -0.6492785 0.6492779 -0.5971578 -0.5671876 0.5671867 -0.7660442 -0.4545199 0.4545195 -0.7660443 -0.4545196 0.4545196 -0.7660443 -0.4545199 0.4545196 -0.7660444 -0.4545196 0.4545196 -0.8936329 -0.3173488 0.3173484 -0.8936336 -0.3173476 0.3173475 -0.893633 -0.3173487 0.3173483 -0.8936337 -0.3173474 0.3173474 -0.9730449 -0.1630699 0.1630699 -0.9730448 -0.1630707 0.1630696 -0.9730449 -0.16307 0.1630698 -0.9730448 -0.1630709 0.1630695 -0.9730449 0.16307 -0.16307 -0.9730451 0.1630695 -0.1630699 -0.973045 0.1630699 -0.16307 -0.9730451 0.1630694 -0.1630699 -0.8936331 0.317348 -0.3173485 -0.8936331 0.3173484 -0.3173484 -0.8936331 0.3173481 -0.3173485 -0.8936331 0.3173484 -0.3173484 -0.7660445 0.4545192 -0.4545197 -0.7660426 0.4545201 -0.4545219 -0.7660442 0.4545193 -0.4545201 -0.7660423 0.4545203 -0.4545224 -0.5971575 0.5671863 -0.5671883 -0.597158 0.567187 -0.5671873 -0.5971577 0.5671864 -0.5671882 -0.5971581 0.5671871 -0.5671871 -0.3960844 0.6492743 -0.6492766 -0.396077 0.6492787 -0.6492767 -0.3960831 0.649275 -0.6492766 -0.1736523 0.6963639 -0.6963636 -0.1736462 0.6963647 -0.6963644 -0.1736513 0.6963641 -0.6963638 -0.1736452 0.6963648 -0.6963645 0.05814588 0.705912 -0.7059089 0.05814266 0.70591 -0.7059111 0.05814534 0.7059116 -0.7059093 0.05814212 0.7059097 -0.7059115 0.2868009 0.6774012 -0.6774016 0.286807 0.6774006 -0.6773996 0.2868019 0.6774011 -0.6774013 0.286808 0.6774005 -0.6773993 0.4999966 0.6123744 -0.6123733 0.5000029 0.6123716 -0.612371 0.4999977 0.612374 -0.6123729 0.5000039 0.6123711 -0.6123706 0.6862411 0.5143322 -0.5143303 0.6862395 0.5143333 -0.5143315 0.6862409 0.5143324 -0.5143305 0.8354898 0.3885599 -0.388559 0.8354869 0.3885625 -0.3885628 0.8354893 0.3885603 -0.3885596 0.6862391 0.5143334 -0.5143316 0.9396928 0.2418446 -0.2418446 0.9396934 0.2418428 -0.2418439 0.9396929 0.2418442 -0.2418445 0.8354864 0.3885629 -0.3885634 0.9932383 0.08209073 -0.08209031 0.9932383 0.08208996 -0.08209031 0.9932383 0.08209061 -0.08209031 0.9396935 0.2418425 -0.2418438 0.9932385 0.08208984 -0.08209031 0.9932383 -0.08209073 0.08209043 0.9932384 -0.08209049 0.08209055 0.9932383 -0.08209073 0.08209043 0.939693 -0.2418437 0.2418446 0.9396935 -0.2418434 0.2418432 0.939693 -0.2418437 0.2418444 0.9932383 -0.08209043 0.08209055 0.8354889 -0.3885608 0.3885599 0.835487 -0.388562 0.388563 0.8354886 -0.388561 0.3885604 0.9396935 -0.2418434 0.2418429 0.6862407 -0.514331 0.5143319 0.6862399 -0.5143315 0.5143324 0.6862407 -0.5143311 0.514332 0.8354867 -0.3885622 0.3885635 0.5000001 -0.6123722 0.6123726 0.500002 -0.6123713 0.6123721 0.5000004 -0.6123721 0.6123726 0.6862398 -0.5143316 0.5143325 0.2868027 -0.6774006 0.6774015 0.2868055 -0.6774009 0.6774 0.2868031 -0.6774006 0.6774013 0.5000023 -0.6123711 0.612372 0.2868059 -0.677401 0.6773997 0.05814671 -0.7059102 0.7059108 0.05814218 -0.7059109 0.7059103 0.0581476 -0.7059099 0.7059108 0.05814123 -0.7059111 0.7059102 -0.1736489 -0.6963637 0.6963647 -0.1736488 -0.6963634 0.696365 -0.1736488 -0.6963633 0.6963651 -0.3960822 -0.6492761 0.6492761 -0.3960779 -0.6492769 0.649278 -0.3960831 -0.649276 0.6492757 -0.5971584 -0.5671873 0.5671864 -0.5971584 -0.5671873 0.5671865 -0.396077 -0.649277 0.6492784 -0.7660443 -0.4545202 0.4545192 -0.7660439 -0.4545207 0.4545193 -0.7660443 -0.4545201 0.4545192 -0.7660437 -0.4545208 0.4545194 -0.8936334 -0.3173484 0.3173475 -0.8936334 -0.3173484 0.3173475 -0.8936333 -0.3173484 0.3173478 -0.8936333 -0.3173483 0.3173479 -0.9730448 -0.1630704 0.16307 -0.9730449 -0.1630704 0.1630699 -0.9730449 -0.1630702 0.1630697 -0.973045 -0.1630702 0.1630697 -0.973045 0.1630697 -0.1630699 -0.9730449 0.1630697 -0.16307 -0.9730448 0.1630699 -0.1630703 -0.9730448 0.16307 -0.1630704 -0.8936336 0.3173475 -0.317348 -0.8936328 0.3173484 -0.3173492 -0.8936334 0.3173477 -0.3173482 -0.8936327 0.3173485 -0.3173494 -0.7660452 0.454519 -0.454519 -0.7660449 0.4545191 -0.4545192 -0.7660439 0.4545199 -0.4545201 -0.7660436 0.45452 -0.4545202 -0.597159 0.5671859 -0.5671871 -0.597158 0.5671867 -0.5671876 -0.5971589 0.5671861 -0.5671872 -0.5971578 0.5671867 -0.5671876 -0.3960831 0.6492751 -0.6492765 -0.3960765 0.6492781 -0.6492776 -0.3960819 0.6492757 -0.6492767 -0.3960753 0.6492786 -0.6492778 -0.173649 0.6963652 -0.6963631 -0.1736488 0.6963645 -0.6963639 -0.173649 0.6963651 -0.6963632 -0.1736487 0.6963644 -0.696364 0.05814033 0.7059113 -0.70591 0.05814141 0.7059111 -0.7059102 0.05814659 0.7059101 -0.7059107 0.0581476 0.7059099 -0.7059108 0.2868076 0.6773998 -0.6774002 0.2868069 0.6773999 -0.6774004 0.2868033 0.6774007 -0.6774011 0.2868025 0.6774008 -0.6774013 0.5000019 0.6123719 -0.6123716 0.5000016 0.6123721 -0.6123716 0.5000004 0.6123729 -0.6123718 0.5000001 0.6123731 -0.6123718 0.6862398 0.5143325 -0.5143316 0.8354892 0.38856 -0.3885604 0.8354867 0.3885627 -0.3885628 0.8354897 0.3885594 -0.3885598 0.8354862 0.3885633 -0.3885633 0.9396927 0.2418447 -0.2418448 0.9396934 0.241843 -0.2418434 0.9396926 0.241845 -0.241845 0.9396936 0.2418427 -0.2418432 0.9932383 0.08209025 -0.08209025 0.9932383 0.08209073 -0.08209037 0.9932384 0.08209013 -0.08209025 0.9932383 0.08209085 -0.08209037 0.9932383 -0.08209091 0.08209091 0.9932383 -0.08209037 0.08209079 0.9932383 -0.08209079 0.08209085 0.9396939 -0.2418421 0.241843 0.9396929 -0.2418434 0.2418451 0.9396937 -0.2418423 0.2418434 0.9932383 -0.08209031 0.08209073 0.835483 -0.388566 0.3885678 0.8354874 -0.3885631 0.388561 0.8354836 -0.3885654 0.3885666 0.9396928 -0.2418437 0.2418455 0.686245 -0.5143296 0.5143278 0.6862411 -0.5143314 0.5143311 0.6862443 -0.5143299 0.5143284 0.8354883 -0.3885626 0.3885598 0.4999985 -0.6123732 0.6123729 0.6862404 -0.5143316 0.5143316 0.286807 -0.6773995 0.6774007 0.2868023 -0.6774011 0.6774011 0.2868062 -0.6773998 0.6774008 0.2868015 -0.6774014 0.6774011 0.05813455 -0.7059127 0.7059092 0.05814987 -0.7059085 0.705912 0.05813139 -0.7059135 0.7059085 0.05815303 -0.7059077 0.7059127 -0.1736415 -0.6963646 0.6963657 -0.1736418 -0.6963659 0.6963642 -0.1736419 -0.6963662 0.6963639 -0.3960764 -0.6492766 0.6492791 -0.3960809 -0.6492774 0.6492756 -0.3960755 -0.6492764 0.6492799 -0.3960819 -0.6492776 0.6492748 -0.597166 -0.5671831 0.5671827 -0.5971598 -0.5671858 0.5671865 -0.5971673 -0.5671826 0.5671818 -0.7660382 -0.4545251 0.4545246 -0.7660459 -0.4545169 0.4545196 -0.7660395 -0.4545237 0.4545238 -0.5971584 -0.5671864 0.5671874 -0.7660472 -0.4545156 0.4545188 -0.8936303 -0.3173518 0.3173527 -0.893631 -0.3173511 0.3173518 -0.8936338 -0.3173475 0.3173472 -0.8936343 -0.3173468 0.3173463 -0.9730453 -0.1630693 0.1630684 -0.9730452 -0.1630694 0.1630687 -0.9730449 -0.1630699 0.1630702 -0.9730448 -0.16307 0.1630704 -0.9730452 0.1630691 -0.1630691 -0.9730454 0.1630685 -0.1630685 -0.9730454 0.1630684 -0.1630684 -0.8936338 0.3173478 -0.3173469 -0.8936337 0.3173479 -0.3173471 -0.8936331 0.3173483 -0.3173482 -0.7660407 0.454522 -0.4545236 -0.7660407 0.454522 -0.4545233 -0.7660412 0.4545224 -0.4545223 -0.7660412 0.4545225 -0.454522 -0.396081 0.6492759 -0.649277 -0.3960793 0.6492764 -0.6492776 -0.3960705 0.6492792 -0.6492802 -0.3960687 0.6492797 -0.6492808 -0.1736479 0.6963649 -0.6963636 -0.1736428 0.6963634 -0.6963665 -0.1736418 0.696363 -0.696367 0.05812376 0.7059071 -0.7059156 0.05814892 0.7059118 -0.7059088 0.05812805 0.7059079 -0.7059145 0.05815321 0.7059126 -0.7059077 0.2868003 0.677401 -0.6774021 0.2868013 0.6774007 -0.6774019 0.2868061 0.6773998 -0.6774009 0.5000051 0.6123725 -0.6123684 0.5000031 0.6123727 -0.6123697 0.4999938 0.612374 -0.6123761 0.4999918 0.6123742 -0.6123774 0.6862489 0.5143268 -0.5143252 0.6862384 0.5143316 -0.5143344 0.6862471 0.5143276 -0.5143268 0.6862366 0.5143324 -0.5143361 0.8354849 0.388566 -0.3885636 0.8354906 0.3885578 -0.3885592 0.8354836 0.3885676 -0.3885645 0.8354918 0.3885561 -0.3885583 0.9396937 0.2418435 -0.2418418 0.9396928 0.241844 -0.2418448 0.9396939 0.2418435 -0.2418411 0.9396927 0.2418441 -0.2418455 0.9932385 0.08209019 -0.08208984 0.9932384 0.08209037 -0.08209031 0.9932384 0.08209043 -0.08209043 0.9932383 -0.08209013 0.08209061 0.9932383 -0.08209019 0.08209061 0.9932383 -0.08209025 0.08209055 0.9932383 -0.08209031 0.08209055 0.9396931 -0.2418435 0.2418444 0.9396937 -0.2418423 0.2418432 0.8354851 -0.3885636 0.3885654 0.8354873 -0.3885625 0.388562 0.8354855 -0.3885634 0.3885648 0.939693 -0.2418437 0.2418447 0.6862443 -0.5143291 0.5143291 0.686241 -0.5143313 0.5143313 0.6862438 -0.5143294 0.5143294 0.8354877 -0.3885623 0.3885614 0.499998 -0.6123726 0.6123739 0.4999984 -0.6123731 0.6123731 0.286814 -0.6773989 0.6773983 0.286803 -0.6774003 0.6774016 0.2868122 -0.6773992 0.6773989 0.4999979 -0.6123725 0.6123741 0.2868011 -0.6774005 0.6774021 0.05813962 -0.7059112 0.7059103 0.0581448 -0.70591 0.705911 0.05813848 -0.7059114 0.7059102 0.05814588 -0.7059098 0.7059111 -0.1736486 -0.6963637 0.6963647 -0.1736489 -0.696365 0.6963634 -0.1736485 -0.6963634 0.6963649 -0.173649 -0.6963652 0.696363 -0.3960776 -0.6492767 0.6492783 -0.3960856 -0.6492746 0.6492757 -0.396076 -0.6492772 0.6492788 -0.3960872 -0.6492742 0.6492751 -0.5971578 -0.5671873 0.5671871 -0.5971578 -0.5671861 0.5671883 -0.5971579 -0.5671875 0.5671868 -0.5971578 -0.5671858 0.5671886 -0.7660472 -0.4545174 0.454517 -0.7660458 -0.4545182 0.4545183 -0.7660394 -0.4545224 0.454525 -0.7660382 -0.4545232 0.4545264 -0.8936352 -0.3173449 0.3173462 -0.8936324 -0.3173498 0.3173492 -0.8936346 -0.3173457 0.3173467 -0.8936319 -0.3173506 0.3173497 -0.9730454 -0.1630693 0.1630679 -0.9730452 -0.1630694 0.1630683 -0.973045 -0.1630699 0.1630701 -0.9730457 0.1630681 -0.1630672 -0.9730457 0.1630684 -0.1630677 -0.9730451 0.1630693 -0.16307 -0.9730449 0.1630696 -0.1630704 -0.8936347 0.317345 -0.3173474 -0.8936324 0.3173502 -0.3173486 -0.8936342 0.3173459 -0.3173475 -0.8936319 0.3173511 -0.3173488 -0.7660443 0.4545198 -0.4545196 -0.7660438 0.4545201 -0.4545199 -0.7660416 0.4545221 -0.4545217 -0.5971627 0.5671849 -0.5671844 -0.5971549 0.56719 -0.5671874 -0.5971614 0.5671858 -0.5671849 -0.5971537 0.5671909 -0.5671879 -0.3960882 0.6492756 -0.649273 -0.3960862 0.649276 -0.6492739 -0.3960768 0.6492775 -0.6492781 -0.3960748 0.6492779 -0.6492789 -0.1736485 0.6963634 -0.6963649 -0.1736476 0.6963636 -0.696365 -0.1736431 0.6963647 -0.6963651 -0.1736422 0.6963649 -0.6963652 0.05814576 0.705908 -0.7059129 0.05814468 0.7059088 -0.7059122 0.05813968 0.7059125 -0.705909 0.05813866 0.7059132 -0.7059083 0.286801 0.6774026 -0.6774001 0.286803 0.6774022 -0.6773997 0.2868124 0.6774002 -0.6773977 0.2868144 0.6773998 -0.6773973 0.4999985 0.6123734 -0.6123729 0.4999985 0.6123734 -0.6123729 0.6862443 0.5143284 -0.5143299 0.6862411 0.5143311 -0.5143314 0.686245 0.5143278 -0.5143296 0.835483 0.3885655 -0.3885679 0.8354892 0.3885613 -0.3885589 0.8354841 0.3885648 -0.3885663 0.6862404 0.5143316 -0.5143316 0.9396938 0.2418434 -0.241842 0.9396939 0.2418426 -0.2418421 0.9396938 0.2418433 -0.241842 0.8354903 0.3885606 -0.3885574 0.9932384 0.08209025 -0.0820899 0.9932383 0.08209067 -0.08209097 0.9932383 0.08209073 -0.08209121 0.9932383 -0.08209085 0.08209049 0.9932384 -0.08209049 0.08209055 0.9932383 -0.08209079 0.08209049 0.9396938 -0.2418425 0.2418428 0.9396936 -0.2418431 0.241843 0.9396937 -0.2418426 0.2418428 0.8354867 -0.3885632 0.3885625 0.8354874 -0.3885623 0.3885618 0.8354868 -0.388563 0.3885623 0.9396935 -0.2418431 0.241843 0.6862428 -0.5143307 0.5143296 0.6862404 -0.5143313 0.5143321 0.6862424 -0.5143308 0.51433 0.8354875 -0.3885622 0.3885617 0.4999989 -0.6123728 0.612373 0.500001 -0.6123721 0.6123721 0.4999993 -0.6123726 0.6123729 0.68624 -0.5143314 0.5143325 0.2868041 -0.6774005 0.677401 0.2868012 -0.6774014 0.6774013 0.2868036 -0.6774007 0.677401 0.5000013 -0.6123719 0.6123719 0.2868006 -0.6774016 0.6774013 0.05814576 -0.7059103 0.7059106 0.05814576 -0.7059105 0.7059104 0.05814576 -0.7059103 0.7059106 0.05814576 -0.7059106 0.7059104 -0.1736502 -0.6963642 0.6963638 -0.1736476 -0.6963644 0.6963644 -0.1736507 -0.6963642 0.6963637 -0.1736471 -0.6963644 0.6963645 -0.3960759 -0.6492778 0.6492783 -0.3960782 -0.6492776 0.649277 -0.3960755 -0.6492778 0.6492785 -0.3960787 -0.6492776 0.6492767 -0.5971602 -0.5671857 0.5671862 -0.5971592 -0.5671862 0.5671867 -0.5971605 -0.5671856 0.5671861 -0.597159 -0.5671864 0.5671868 -0.766044 -0.45452 0.45452 -0.766044 -0.4545199 0.4545198 -0.7660446 -0.4545195 0.4545193 -0.7660447 -0.4545193 0.4545191 -0.8936328 -0.317349 0.3173488 -0.8936327 -0.3173491 0.3173488 -0.8936322 -0.31735 0.3173494 -0.893632 -0.3173502 0.3173496 -0.9730451 -0.1630694 0.1630695 -0.9730451 -0.1630695 0.1630696 -0.9730449 -0.1630699 0.16307 -0.9730449 -0.16307 0.16307 -0.9730451 0.1630691 -0.1630696 -0.9730451 0.1630693 -0.1630697 -0.9730448 0.1630704 -0.1630702 -0.9730448 0.1630706 -0.1630702 -0.893633 0.3173487 -0.3173485 -0.8936329 0.3173487 -0.3173486 -0.8936327 0.3173488 -0.3173491 -0.8936326 0.3173488 -0.3173493 -0.7660442 0.4545196 -0.4545198 -0.7660441 0.4545197 -0.4545199 -0.7660442 0.4545196 -0.4545198 -0.7660441 0.4545198 -0.45452 -0.5971581 0.5671865 -0.5671875 -0.5971586 0.5671865 -0.5671872 -0.5971605 0.5671862 -0.5671853 -0.597161 0.5671861 -0.567185 -0.3960794 0.6492774 -0.6492766 -0.3960791 0.6492774 -0.6492767 -0.3960779 0.6492775 -0.6492775 -0.3960776 0.6492775 -0.6492776 -0.1736488 0.6963642 -0.6963642 -0.1736484 0.6963645 -0.696364 -0.1736487 0.6963642 -0.6963642 -0.1736484 0.6963645 -0.6963639 0.05814534 0.7059108 -0.7059101 0.05814552 0.7059109 -0.7059101 0.05814647 0.7059106 -0.7059102 0.05814671 0.7059106 -0.7059103 0.2868024 0.6774012 -0.677401 0.2868024 0.6774011 -0.6774011 0.2868024 0.6774011 -0.677401 0.2868025 0.6774011 -0.6774011 0.5000005 0.6123725 -0.6123721 0.5000002 0.6123726 -0.6123721 0.4999996 0.6123729 -0.6123724 0.4999994 0.6123729 -0.6123725 0.6862423 0.5143305 -0.5143303 0.6862411 0.5143311 -0.5143314 0.6862421 0.5143306 -0.5143305 0.8354868 0.3885627 -0.3885625 0.8354868 0.3885628 -0.3885626 0.8354868 0.3885627 -0.3885625 0.6862409 0.5143311 -0.5143316 0.9396935 0.2418432 -0.2418432 0.9396937 0.2418428 -0.2418431 0.9396935 0.2418434 -0.2418432 0.9396937 0.2418426 -0.2418431 0.9932384 0.08209043 -0.08209049 0.9932383 0.08209085 -0.08209061 0.9932383 0.08209037 -0.08209049 0.9932383 0.08209091 -0.08209061 4.05643e-6 -0.7071059 -0.7071077 -1.74343e-6 -0.7071068 -0.7071067 -1.54747e-6 -0.7071068 -0.7071068 0 -0.7071074 -0.7071062 4.59044e-6 -0.7071067 -0.7071069 -1.3393e-6 -0.7071075 -0.7071062 -3.57892e-6 -0.7071072 -0.7071064 -1.13732e-6 -0.7071068 -0.7071069 1.79306e-5 -0.7071068 -0.7071067 0 -0.7071067 -0.707107 -3.52188e-6 -0.7071063 -0.7071073 1.24799e-6 -0.7071068 -0.7071068 0 -0.7071073 -0.7071063 1.47178e-6 -0.7071074 -0.7071062 1.02707e-6 -0.7071069 -0.7071067 -4.14606e-6 -0.7071062 -0.7071074 -2.36227e-6 -0.7071053 -0.7071083 2.5837e-6 -0.707108 -0.7071056 6.81558e-6 -0.7071072 -0.7071064 1.08904e-6 -0.7071067 -0.7071068 7.1582e-7 -0.7071065 -0.7071072 3.33453e-6 -0.707107 -0.7071066 -7.2453e-7 -0.7071068 -0.7071068 1.75762e-6 -0.7071066 -0.7071071 -2.33084e-6 -0.7071065 -0.7071071 8.33785e-7 -0.7071071 -0.7071065 1.1428e-6 -0.7071069 -0.7071067 -1.8451e-6 -0.707107 -0.7071067 -1.23771e-5 -0.7071088 -0.7071049 -2.14838e-6 -0.7071069 -0.7071067 0 -0.7071068 -0.7071069 -3.22018e-6 -0.707107 -0.7071066 -2.56364e-7 -0.7071068 -0.7071068 7.31395e-7 -0.7071068 -0.7071068 1.7533e-7 -0.7071068 -0.7071069 8.82482e-7 -0.7071067 -0.7071069 -4.93744e-7 -0.7071066 -0.707107 1.27205e-7 -0.7071068 -0.7071067 -6.58327e-7 -0.7071069 -0.7071067 3.91256e-7 -0.7071068 -0.7071068 -6.5604e-7 -0.7071065 -0.7071072 -2.86447e-6 -0.7071068 -0.7071067 6.67537e-6 -0.707107 -0.7071066 3.71054e-6 -0.7071076 -0.7071061 -8.08036e-6 -0.7071055 -0.7071081 4.65767e-6 -0.7071069 -0.7071068 -2.01635e-6 -0.7071071 -0.7071066 6.60586e-7 -0.7071068 -0.7071068 1.84364e-6 -0.7071069 -0.7071067 9.00625e-7 -0.7071066 -0.707107 0 -0.7071065 -0.7071072 2.57654e-6 -0.7071071 -0.7071065 1.93967e-6 -0.7071067 -0.7071069 -3.6335e-5 -0.7071079 -0.7071057 -4.61303e-5 -0.707107 -0.7071067 -3.4443e-6 -0.7071067 -0.7071069 -1.63122e-6 -0.7071067 -0.7071069 -1.52965e-6 -0.7071068 -0.7071069 -3.92869e-6 -0.7071068 -0.7071068 0 -0.7071068 -0.7071068 -4.9027e-7 -0.7071068 -0.7071069 0 -0.7071068 -0.7071068 0 -0.7071068 -0.7071068 5.00132e-7 -0.7071067 -0.7071068 1.47693e-6 -0.7071069 -0.7071067 0 -0.7071066 -0.707107 0 -0.7071066 -0.707107 -8.02647e-7 -0.7071069 -0.7071067 -3.6032e-6 -0.7071065 -0.7071071 9.12501e-6 -0.7071074 -0.7071062 0 -0.7071055 -0.7071082 -5.69613e-7 -0.7071067 -0.7071068 -7.08001e-6 -0.7071065 -0.7071071 -1.80125e-6 -0.7071065 -0.7071071 2.70452e-6 -0.707107 -0.7071067 -1.3525e-7 -0.7071067 -0.7071069 3.49015e-6 -0.7071066 -0.707107 0 -0.7071072 -0.7071065 -5.8367e-6 -0.7071067 -0.707107 4.54585e-7 -0.7071064 -0.7071073 7.26666e-5 -0.7071081 -0.7071055 -6.40974e-5 -0.7071059 -0.7071078 6.68182e-6 -0.7071067 -0.7071069 -2.32047e-6 -0.7071067 -0.7071069 3.67823e-6 -0.7071074 -0.7071062 -3.21675e-6 -0.7071068 -0.7071068 -1.27566e-7 -0.7071067 -0.7071069 1.32328e-6 -0.7071067 -0.707107 -2.30922e-6 -0.7071068 -0.7071068 -2.62488e-6 -0.7071068 -0.7071068 4.10858e-6 -0.7071067 -0.7071069 4.4339e-6 -0.7071066 -0.707107 0 -0.707107 -0.7071066 1.74832e-6 -0.7071071 -0.7071066 5.21369e-6 -0.7071068 -0.7071068 3.55786e-6 -0.7071061 -0.7071076 -1.825e-5 -0.7071077 -0.7071059 -2.43181e-7 -0.707107 -0.7071067 -9.82018e-7 -0.7071066 -0.707107 -1.124e-5 -0.7071065 -0.7071071 -8.52248e-6 -0.7071071 -0.7071066 -5.06834e-6 -0.7071067 -0.707107 -8.85786e-6 -0.7071068 -0.7071068 3.26392e-6 -0.7071063 -0.7071074 -1.6966e-6 -0.7071062 -0.7071074 1.61723e-5 -0.707107 -0.7071066 6.82219e-6 -0.707107 -0.7071066 4.80069e-6 -0.7071064 -0.7071072 -2.00822e-6 -0.7071072 -0.7071064 2.11355e-5 -0.7071132 -0.7071004 3.58128e-6 -0.707107 -0.7071067 -3.27809e-6 -0.7071067 -0.707107 -6.53804e-6 -0.7071067 -0.707107 1.19778e-6 -0.7071067 -0.7071069 1.64089e-6 -0.7071068 -0.7071068 -2.45284e-6 -0.7071068 -0.7071068 -2.31379e-6 -0.7071066 -0.7071071 4.24871e-6 -0.7071066 -0.707107 9.16956e-6 -0.7071068 -0.7071069 1.8644e-6 -0.7071068 -0.7071068 2.85047e-6 -0.7071068 -0.7071068 -1.7015e-5 -0.7071068 -0.7071068 0 -0.7071062 -0.7071074 -1.11963e-6 -0.7071069 -0.7071067 9.22969e-6 -0.707108 -0.7071056 0 -0.7071068 -0.7071068 -2.60871e-5 -0.7071154 -0.7070983 1.19994e-5 -0.707108 -0.7071056 1.39744e-6 -0.7071025 -0.7071111 -6.19519e-6 -0.7071068 -0.7071069 -3.6025e-6 -0.7071068 -0.7071067 -6.87754e-6 -0.7071069 -0.7071067 -1.33421e-5 -0.707107 -0.7071066 0 -0.707107 -0.7071067 0 -0.7071094 -0.7071042 8.73188e-6 -0.7071063 -0.7071073 6.48338e-6 -0.7071071 -0.7071066 -5.28598e-6 -0.7071157 -0.7070978 0 -0.7071069 -0.7071068 -1.13374e-5 -0.7070965 -0.7071171 -6.43493e-6 -0.7071068 -0.7071068 -3.51414e-7 -0.7071067 -0.707107 1.25729e-5 -0.707117 -0.7070966 2.64516e-6 -0.7071067 -0.707107 2.8462e-6 -0.7071071 -0.7071066 -2.65789e-6 -0.707104 -0.7071096 -5.07902e-6 -0.7071066 -0.7071071 -4.42938e-6 -0.7071067 -0.7071069 -2.68362e-6 -0.707099 -0.7071146 8.57815e-6 -0.7071068 -0.7071069 -2.25467e-6 -0.707107 -0.7071067 4.13004e-6 -0.7071127 -0.7071008 3.56696e-6 -0.7071074 -0.7071062 1.36431e-5 -0.7071066 -0.707107 1.50235e-6 -0.7071077 -0.7071059 1.98345e-6 -0.707098 -0.7071157 5.63503e-7 -0.7071055 -0.7071081 -8.67406e-6 -0.7071299 -0.7070837 -1.30137e-6 -0.7071137 -0.7070999 0 -0.7071065 -0.7071072 -7.97818e-6 -0.7071097 -0.7071039 2.39484e-6 -0.7071107 -0.7071029 2.43784e-6 -0.7070952 -0.7071183 0 -0.7071135 -0.7071002 3.67888e-6 -0.7071026 -0.707111 -6.6828e-6 -0.7071063 -0.7071073 -2.08932e-6 -0.7071113 -0.7071023 5.10607e-6 -0.7071015 -0.7071122 -1 0 0 -1 -2.8187e-7 0 -1 -2.84456e-7 0 -2.43998e-6 0.7071074 0.7071062 1.82979e-6 0.7071068 0.7071068 1.6137e-6 0.7071068 0.7071068 0 0.7071068 0.7071069 -2.74897e-6 0.7071067 0.7071069 -9.37138e-7 0.7071059 0.7071077 7.05029e-7 0.7071067 0.707107 0 0.7071069 0.7071067 2.26217e-6 0.7071067 0.7071068 2.30444e-7 0.7071066 0.707107 1.62519e-7 0.7071068 0.7071068 -1.21106e-6 0.707107 0.7071066 0 0.707107 0.7071066 -4.58405e-7 0.7071068 0.7071068 -1.10166e-6 0.7071067 0.707107 3.24769e-7 0.7071066 0.707107 2.89771e-6 0.7071069 0.7071067 -7.98413e-6 0.7071049 0.7071087 1.60559e-5 0.7071114 0.7071022 1.54567e-6 0.7071073 0.7071063 0 0.7071068 0.7071068 6.99409e-7 0.7071068 0.7071068 -2.40916e-7 0.7071068 0.7071069 -1.73555e-6 0.7071067 0.7071069 -3.88875e-7 0.7071068 0.7071068 1.4012e-6 0.7071068 0.7071068 7.25647e-7 0.7071067 0.7071069 1.12813e-6 0.7071074 0.7071062 -9.79845e-7 0.7071065 0.7071071 4.06776e-7 0.7071067 0.7071069 4.98769e-7 0.707107 0.7071067 -3.78945e-7 0.7071067 0.7071069 -9.59223e-7 0.7071068 0.7071068 -2.66159e-7 0.7071067 0.7071069 -5.14083e-7 0.7071067 0.7071069 6.77802e-7 0.7071066 0.707107 8.12605e-7 0.707107 0.7071067 -2.8511e-7 0.707107 0.7071066 -1.02859e-6 0.7071067 0.707107 -2.26996e-7 0.7071068 0.7071067 1.81765e-6 0.7071066 0.707107 1.48785e-7 0.7071065 0.7071071 2.29701e-6 0.7071074 0.7071063 -3.80502e-6 0.7071045 0.7071092 -3.44621e-7 0.7071066 0.7071071 0 0.707107 0.7071066 -3.32212e-7 0.7071067 0.7071068 -5.62679e-7 0.7071067 0.7071069 0 0.7071068 0.7071068 1.31259e-6 0.7071067 0.7071069 0 0.707107 0.7071066 0 0.7071074 0.7071062 -5.58595e-7 0.7071071 0.7071065 1.29166e-6 0.7071069 0.7071067 -2.12753e-7 0.7071068 0.7071068 6.32443e-7 0.7071067 0.7071069 9.6042e-6 0.7071081 0.7071055 1.56043e-6 0.7071067 0.7071069 -7.57891e-7 0.7071067 0.7071069 0 0.7071069 0.7071067 -4.19559e-7 0.7071068 0.7071068 0 0.7071068 0.7071068 -3.26142e-7 0.7071068 0.7071068 0 0.707107 0.7071067 3.9354e-7 0.7071068 0.7071068 0 0.7071064 0.7071072 2.03699e-6 0.7071071 0.7071065 -5.67914e-6 0.7071072 0.7071064 -5.51199e-6 0.7071063 0.7071074 8.93343e-7 0.7071056 0.707108 3.56376e-5 0.7071057 0.7071079 1.44056e-6 0.7071067 0.707107 0 0.7071067 0.7071069 -8.59486e-7 0.7071068 0.7071068 -1.92732e-6 0.7071066 0.707107 6.9745e-6 0.7071067 0.7071069 -2.19835e-6 0.7071068 0.7071068 2.3847e-6 0.7071068 0.7071068 0 0.7071074 0.7071062 2.94585e-6 0.7071071 0.7071066 3.59518e-6 0.7071068 0.7071068 -1.94045e-6 0.7071067 0.707107 -1.63988e-6 0.707107 0.7071066 3.05568e-6 0.7071081 0.7071055 -2.93315e-6 0.7071069 0.7071068 1.62129e-6 0.7071065 0.7071071 8.15464e-7 0.7071068 0.7071068 -5.42079e-6 0.7071066 0.707107 2.2694e-6 0.7071068 0.7071068 -3.07789e-6 0.7071067 0.7071069 0 0.7071068 0.7071067 3.28976e-6 0.7071069 0.7071067 -1.23201e-6 0.7071066 0.707107 0 0.7071071 0.7071066 0 0.7071073 0.7071063 -1.04643e-5 0.7071064 0.7071072 0 0.7071067 0.7071069 1.02614e-6 0.7071069 0.7071067 4.09436e-7 0.7071074 0.7071063 -7.7189e-6 0.7071065 0.7071071 9.7475e-6 0.7071071 0.7071066 4.58394e-6 0.7071068 0.7071067 -1.68856e-6 0.7071065 0.7071071 -4.4964e-6 0.7071065 0.7071072 9.26983e-7 0.7071069 0.7071067 0 0.7071065 0.7071071 -4.65755e-6 0.707108 0.7071056 -1.21871e-5 0.7071069 0.7071067 -2.55877e-6 0.7071066 0.707107 1.33127e-6 0.7071068 0.7071068 1.12385e-6 0.7071069 0.7071067 -3.12799e-6 0.7071067 0.707107 4.33393e-7 0.7071068 0.7071068 0 0.7071065 0.7071071 2.35604e-6 0.7071068 0.7071068 0 0.7071068 0.7071068 3.42006e-6 0.7071066 0.7071071 0 0.707107 0.7071066 -2.05579e-7 0.7071065 0.7071071 -1.38194e-5 0.7071071 0.7071065 5.22605e-6 0.7071066 0.7071071 5.09968e-7 0.7071069 0.7071067 2.13243e-5 0.7071068 0.7071068 4.48261e-6 0.7071059 0.7071076 2.24495e-6 0.707111 0.7071026 -2.80286e-7 0.7071066 0.7071071 1.31626e-5 0.7071099 0.7071036 -4.93417e-6 0.7071087 0.7071049 0 0.7071069 0.7071068 3.21352e-6 0.7071066 0.707107 0 0.7071068 0.7071067 0 0.7071068 0.7071068 -4.44814e-6 0.7071069 0.7071067 -5.96883e-7 0.7071068 0.7071068 0 0.7071066 0.707107 -7.40041e-6 0.7071067 0.7071069 6.58778e-7 0.7071068 0.7071068 -1.85793e-6 0.7071066 0.707107 0 0.7071068 0.7071068 4.84844e-6 0.7071066 0.707107 -2.753e-6 0.707109 0.7071046 6.78208e-6 0.707107 0.7071067 -1.31488e-6 0.7071065 0.7071072 4.8603e-6 0.7071068 0.7071068 3.68019e-6 0.7071072 0.7071064 -3.87935e-6 0.7071064 0.7071072 -2.9198e-6 0.7071068 0.7071068 -1.49511e-5 0.7071066 0.707107 8.92878e-6 0.7071073 0.7071063 -2.46161e-6 0.7071015 0.7071122 -1.85926e-5 0.7071073 0.7071063 1.0759e-5 0.7071073 0.7071064 0 0.707104 0.7071096 -3.38158e-6 0.707109 0.7071046 -1.60783e-6 0.7071055 0.7071082 0 0.70711 0.7071036 4.61344e-7 0.7071061 0.7071075 0 0.7071068 0.7071068 2.07528e-6 0.7071022 0.7071114 2.65716e-6 0.7071157 0.7070978 -5.28768e-6 0.707111 0.7071027 1.13933e-5 0.7071017 0.707112 3.85741e-6 0.7071004 0.7071133 3.16605e-6 0.7071054 0.7071083 -4.28761e-6 0.7071126 0.707101 -9.19275e-7 0.7071136 0.7071 3.13337e-6 0.7071005 0.7071132 -5.15799e-6 0.7071096 0.707104 1 0 0 1 -6.04469e-7 0 1 -5.98974e-7 0 1 0 0 0 -0.7071069 0.7071067 0 -0.707107 0.7071067 0.9987958 0.04906213 0 0.9987958 0.04906225 0 0.9987956 0.049066 0 0.9987956 0.04906606 0 0.9891762 0.1467324 0 0.9891757 0.146736 0 0.9891762 0.1467323 0 0.9891757 0.1467362 0 0.9700306 0.2429828 0 0.9700325 0.2429757 0 0.9700306 0.2429829 0 0.9700325 0.2429756 0 0.9415439 0.3368902 0 0.9415452 0.336887 0 0.9415439 0.3368903 0 0.9415453 0.3368868 0 0.9039899 0.4275539 0 0.9039884 0.4275571 0 0.9039899 0.4275539 0 0.9039884 0.4275571 0 0.8577293 0.5141016 0 0.8577277 0.5141044 0 0.8577294 0.5141016 0 0.8577276 0.5141044 0 0.8032057 0.595702 0 0.8032092 0.5956971 0 0.8032056 0.5957021 0 0.8032093 0.5956971 0 0.7409521 0.6715579 0 0.7409484 0.671562 0 0.7409522 0.6715579 0 0.7409483 0.671562 0 0.6715626 0.7409479 0 0.6715589 0.7409512 0 0.6715627 0.7409477 0 0.6715588 0.7409513 0 0.595701 0.8032063 1.2247e-7 0.5956975 0.803209 1.22469e-7 0.595701 0.8032063 1.2247e-7 0.5956974 0.803209 1.22469e-7 0.5141004 0.85773 0 0.5141039 0.857728 0 0.5141004 0.8577301 0 0.514104 0.857728 0 0.3368875 0.941545 0 0.3368899 0.9415441 1.20175e-7 0.3368875 0.9415449 0 0.4275559 0.903989 0 0.427556 0.903989 1.20175e-7 0.4275559 0.9039889 0 0.4275559 0.9039889 1.22469e-7 0.33689 0.9415441 1.2247e-7 0.2429794 0.9700315 1.22469e-7 0.2429795 0.9700315 1.22469e-7 0.2429794 0.9700314 1.22469e-7 0.2429795 0.9700314 1.22469e-7 0.1467325 0.9891762 1.20175e-7 0.1467331 0.9891761 0 0.1467325 0.9891762 1.22469e-7 0.1467331 0.9891762 0 0.04906582 0.9987956 1.2247e-7 0.04906582 0.9987956 1.24764e-7 0.04906564 0.9987956 2.42644e-7 0.04906564 0.9987956 2.44938e-7 0 1 0 0 1 1.86225e-7 0 1 0 0 1 0 -0.9992291 -0.03925877 0 -0.9992291 -0.03925877 0 -0.9992291 -0.03925877 0 -0.9992291 -0.03925877 0 -0.993068 -0.1175419 0 -0.9930688 -0.1175352 0 -0.9930688 -0.1175351 0 -0.9930679 -0.117542 0 -0.9807848 -0.195093 0 -0.9807848 -0.195093 0 -0.9807847 -0.195093 0 -0.9807847 -0.195093 0 -0.9624566 -0.2714359 0 -0.9624565 -0.2714359 0 -0.9624565 -0.2714359 0 -0.9624565 -0.2714359 0 -0.9381917 -0.3461164 0 -0.9381894 -0.3461225 0 -0.9381893 -0.3461226 0 -0.9381917 -0.3461163 0 -0.9081441 -0.4186579 0 -0.9081415 -0.4186636 0 -0.9081414 -0.4186636 0 -0.9081441 -0.4186578 0 -0.8724982 -0.4886174 0 -0.8724982 -0.4886174 0 -0.8724982 -0.4886173 0 -0.8724982 -0.4886173 0 -0.8314687 -0.5555716 0 -0.8314687 -0.5555716 0 -0.8314688 -0.5555716 0 -0.8314688 -0.5555716 0 -0.7853165 -0.6190945 0 -0.7853165 -0.6190946 0 -0.7853165 -0.6190946 0 -0.7853165 -0.6190944 0 -0.7343223 -0.6788011 0 -0.7343187 -0.6788049 0 -0.7343187 -0.6788049 0 -0.7343223 -0.678801 0 -0.6788038 -0.7343198 0 -0.6788038 -0.7343198 0 -0.6788038 -0.7343198 0 -0.6788038 -0.7343198 0 -0.6190931 -0.7853177 0 -0.6190947 -0.7853165 0 -0.6190947 -0.7853165 0 -0.619093 -0.7853178 0 -0.5555708 -0.8314692 0 -0.5555708 -0.8314692 0 -0.5555691 -0.8314704 0 -0.5555691 -0.8314705 0 -0.4886207 -0.8724964 0 -0.4886207 -0.8724963 0 -0.4886171 -0.8724984 0 -0.4886171 -0.8724984 0 -0.4186614 -0.9081424 0 -0.4186615 -0.9081425 0 -0.4186614 -0.9081425 0 -0.4186614 -0.9081425 0 -0.3461177 -0.9381911 0 -0.3461177 -0.9381911 0 -0.3461179 -0.9381911 0 -0.3461178 -0.9381911 0 -0.2714388 -0.9624557 0 -0.2714388 -0.9624557 0 -0.2714381 -0.9624559 0 -0.1950922 -0.980785 0 -0.1950908 -0.9807852 0 -0.1950909 -0.9807853 0 -0.1185664 -0.9929461 -2.14654e-4 -0.1205489 -0.9927074 -4.10244e-5 -0.1175371 -0.9930685 -3.44963e-4 -0.1950922 -0.980785 0 -0.1190062 -0.9928936 1.2134e-4 -0.1201586 -0.9927547 7.37526e-5 -0.1175358 -0.9930686 1.59821e-4 -0.04032903 -0.9991865 1.24267e-4 -0.04185527 -0.9991237 2.82711e-4 -0.03926038 -0.9992291 0 -0.04291236 -0.9990789 3.79339e-4 -0.04033869 -0.9991862 -6.78382e-5 -0.04182183 -0.9991252 -1.39542e-4 -0.04288852 -0.9990799 -1.76463e-4 -0.03926032 -0.999229 0 0 -1 0 0 0 -1 0 1 0 0 1 0 0 1 0 1 0 0 1 0 0 1 0 0 -1 0 0 -1 1.29516e-7 0 -1 1.5297e-7 0 0 0 -1 3.41655e-6 0 -1 -1.9051e-7 0 -1 -5.74886e-6 0 -1 3.197e-6 0 -1 -4.59546e-6 0 -1 1.08841e-6 0 -1 -5.13089e-7 0 -1 4.27681e-6 0 -1 -1.89128e-6 0 -1 3.41467e-6 0 -1 7.82659e-7 0 -1 1.05451e-6 0 -1 -1.79652e-6 0 -1 -3.63748e-6 0 -1 3.69795e-6 0 -1 -3.38514e-6 0 -1 -1.79592e-6 0 -1 1.0223e-6 0 -1 4.79125e-7 0 -1 5.66542e-6 0 -1 2.78633e-6 0 -1 0 0 -1 -2.29898e-7 0 -1 3.60542e-7 0 -1 -4.65949e-7 1.71446e-7 -1 2.39138e-6 2.47064e-7 -1 4.76096e-6 2.06321e-7 -1 9.4396e-7 0 -1 1.58856e-6 0 -1 -6.95799e-6 0 -1 4.21657e-6 0 -1 2.20348e-6 0 -1 -5.50679e-7 0 -1 -5.45559e-7 0 -1 -4.41087e-7 0 -1 -1.66521e-5 0 -1 2.5748e-5 0 -1 -1.11086e-5 0 -1 -6.60291e-7 0 -1 -5.15039e-5 0 -1 -3.02414e-6 0 -1 6.52672e-7 0 -1 6.60247e-7 0 -1 5.14986e-5 0 -1 7.61689e-6 0 -1 1.32065e-6 0 -1 2.1604e-6 0 -1 1.32065e-6 0 -1 1.03005e-4 0 -1 6.57303e-7 0 -1 -8.8749e-6 0 -1 -3.19275e-6 0 -1 0 0 -1 0 0 -1 0 0 -1 0 0 -1 -3.08398e-6 0 -1 5.44705e-7 0 -1 -1.5931e-5 0 -1 3.39638e-5 0 -1 1.71441e-7 0 -1 0 0 -1 -4.6036e-6 0 -1 0 0 -1 1.81034e-6 1.44438e-7 -1 0 0 -1 0 0 -1 0 0 -1 0 1.34342e-7 -1 2.81835e-7 0 -1 1.01138e-6 1.25468e-7 -1 -2.25903e-6 1.95944e-7 -1 -4.43786e-6 1.90137e-7 -1 0 0 -1 -1.86038e-6 1.97728e-7 -1 0 1.24189e-7 -1 1.24276e-7 0 -1 1.83354e-6 0 -1 8.82145e-7 0 -1 3.52833e-5 0 -1 1.03003e-4 0 -1 4.6444e-6 0 -1 -1.3205e-6 0 -1 -9.61094e-6 0 -1 5.15039e-5 0 -1 -3.33077e-5 0 -1 1.17276e-5 0 -1 -4.61678e-7 0 -1 7.23669e-7 0 -1 -1.3205e-6 0 -1 -1.02997e-4 0 -1 0 0 -1 -7.74636e-6 0 -1 0 0 -1 0 0 1 8.4734e-7 0 1 3.96435e-5 0 1 2.79526e-6 0 1 1.67842e-5 0 1 -1.09425e-5 0 1 8.78613e-6 0 1 2.2039e-6 0 1 6.00223e-6 0 1 1.75494e-6 0 1 0 0 1 -2.81953e-6 0 1 3.81987e-7 0 1 -4.28314e-6 0 1 2.53838e-6 0 1 2.91762e-6 0 1 0 0 1 -4.91801e-6 0 1 3.6982e-7 0 1 0 -1.71446e-7 1 -4.28313e-6 -1.91497e-7 1 4.86727e-5 0 1 -5.93017e-5 0 1 2.25845e-7 0 1 3.42246e-7 0 1 2.12197e-5 0 1 -3.70499e-6 0 1 -3.37584e-6 0 1 -2.32817e-7 0 1 -1.67841e-5 0 1 1.09424e-5 0 1 -4.57805e-7 0 1 2.38497e-6 0 1 -2.79267e-5 0 1 -7.97557e-6 0 1 -2.28466e-6 0 1 -1.93652e-6 0 1 -1.36906e-6 0 1 -8.48833e-5 0 1 0 0 1 0 -1.37012e-7 1 2.53838e-6 -2.02332e-7 1 2.94188e-6 -1.58309e-7 1 2.59889e-6 0 1 0 0 1 0 0 1 0 0 1 4.8858e-6 0 1 0 0 1 -5.09578e-6 0 1 0 0 1 0 0 1 2.59974e-6 -1.47337e-7 1 0 0 1 1.98611e-7 0 1 -5.04231e-6 -2.05698e-7 1 0 -2.06249e-7 1 0 -1.34277e-7 1 0 -1.36738e-7 1 4.88582e-6 -2.16737e-7 1 0 0 1 -2.26504e-7 0 1 2.61036e-7 0 1 8.10988e-7 0 1 8.48752e-5 0 1 1.81022e-6 0 1 -1.36888e-6 0 1 -8.4868e-5 0 1 -2.72958e-6 0 1 -0.9781473 0.2079132 0 -0.9781474 0.2079126 0 -0.9781478 0.207911 0 -0.9781479 0.2079104 0 -0.8090174 0.5877847 0 -0.8090174 0.5877847 0 -0.4999971 0.8660271 0 -0.4999979 0.8660266 0 -0.4999969 0.8660272 0 -0.4999982 0.8660265 0 -0.1045245 0.9945223 0 -0.1045245 0.9945223 0 0.3090104 0.9510587 0 0.3090099 0.9510589 0 0.3090106 0.9510586 0 0.3090097 0.951059 0 0.669133 0.7431428 0 0.913546 0.4067355 0 0.913546 -0.4067355 0 0.3090106 -0.9510586 0 0.3090099 -0.9510589 0 0.3090104 -0.9510587 0 0.669133 -0.7431428 0 0.3090097 -0.951059 0 -0.1045245 -0.9945223 0 -0.1045245 -0.9945223 0 -0.4999979 -0.8660266 0 -0.4999971 -0.8660271 0 -0.4999982 -0.8660265 0 -0.4999969 -0.8660272 0 -0.8090174 -0.5877847 0 -0.8090174 -0.5877847 0 -0.9781474 -0.2079126 0 -0.9781478 -0.207911 0 -0.9781473 -0.2079132 0 -0.9781479 -0.2079104 0 -0.9781485 0.2079077 0 -0.4999969 0.8660272 0 0.6691315 0.743144 0 0.6691315 -0.743144 0 -0.4999969 -0.8660272 0 -0.9781485 -0.2079077 0 0.04906845 -0.9987955 0 0.04906845 -0.9987955 0 0.04906862 -0.9987955 0 0.04906862 -0.9987955 0 0.1467331 -0.9891762 0 0.1467325 -0.9891762 0 0.1467331 -0.9891762 0 0.1467325 -0.9891762 0 0.2429768 -0.9700321 0 0.4275514 -0.9039911 0 0.4275513 -0.9039912 0 0.3368926 -0.9415432 0 0.3368949 -0.9415423 0 0.3368925 -0.9415432 0 0.3368949 -0.9415423 0 0.4275513 -0.9039911 0 0.5141059 -0.8577268 0 0.5141025 -0.8577288 0 0.5141059 -0.8577268 0 0.5141025 -0.8577289 0 0.6715611 -0.7409492 0 0.6715573 -0.7409526 0 0.6715611 -0.7409492 0 0.5956992 -0.8032076 0 0.5957028 -0.803205 0 0.5956991 -0.8032078 0 0.5957029 -0.803205 0 0.6715572 -0.7409527 0 0.7409473 -0.6715633 0 0.7409509 -0.6715593 0 0.7409471 -0.6715634 0 0.740951 -0.6715592 0 0.8577301 -0.5141003 0 0.8577284 -0.5141032 0 0.85773 -0.5141004 0 0.8032103 -0.5956957 0 0.8032066 -0.5957007 0 0.8032103 -0.5956956 0 0.8032065 -0.5957008 0 0.9039899 -0.427554 0 0.9039884 -0.4275571 0 0.9039898 -0.427554 0 0.8577283 -0.5141032 0 0.9415436 -0.3368913 0 0.9415448 -0.3368878 0 0.9415437 -0.3368912 0 0.9039883 -0.4275571 0 0.9415448 -0.3368878 0 0.9891763 -0.1467323 0 0.9891762 -0.1467323 0 0.9891763 -0.1467323 0 0.9700324 -0.2429758 0 0.9700307 -0.2429829 0 0.9700324 -0.2429756 0 0.9700306 -0.242983 0 0.9987955 -0.04907 0 0.9987955 -0.04906988 0 0.9987958 -0.04906231 0 0.9987958 -0.04906219 0 1 0 0 1 0 0 1 0 0 -0.04906582 0.9987956 1.2247e-7 -0.04906564 0.9987956 1.22469e-7 -0.04906582 0.9987956 1.2247e-7 -0.04906564 0.9987956 1.22469e-7 -0.1467331 0.9891762 2.4035e-7 -0.1467325 0.9891762 0 -0.1467331 0.9891762 2.4494e-7 -0.1467325 0.9891762 0 -0.2429795 0.9700315 1.22469e-7 -0.2429795 0.9700314 1.22469e-7 -0.2429795 0.9700314 1.22469e-7 -0.4275559 0.9039889 0 -0.427556 0.903989 1.20175e-7 -0.427556 0.903989 0 -0.3368887 0.9415445 0 -0.3368899 0.9415441 1.20175e-7 -0.3368887 0.9415445 0 -0.33689 0.9415441 1.2247e-7 -0.4275559 0.9039889 1.22469e-7 -0.5141004 0.85773 0 -0.5141022 0.8577291 0 -0.6715627 0.7409477 0 -0.6715608 0.7409495 0 -0.6715627 0.7409478 0 -0.5956992 0.8032076 1.22469e-7 -0.5956974 0.803209 1.22469e-7 -0.5956993 0.8032076 1.22469e-7 -0.5956974 0.8032091 1.22469e-7 -0.6715608 0.7409495 0 -0.7409503 0.6715599 0 -0.7409522 0.6715579 0 -0.7409502 0.67156 0 -0.7409523 0.6715578 0 -0.8577277 0.5141046 1.22469e-7 -0.8577277 0.5141044 0 -0.8577277 0.5141046 1.21322e-7 -0.8032074 0.5956995 0 -0.8032056 0.5957021 0 -0.8032075 0.5956996 0 -0.8032056 0.5957021 0 -0.9039914 0.4275507 0 -0.90399 0.4275538 0 -0.9039914 0.4275508 0 -0.8577276 0.5141044 0 -0.9415428 0.3368938 0 -0.9415439 0.3368903 0 -0.9415428 0.3368938 0 -0.9039899 0.4275538 0 -0.9415439 0.3368903 0 -0.9891763 0.1467323 0 -0.9891757 0.146736 0 -0.9891762 0.1467324 0 -0.9700324 0.2429757 0 -0.9700315 0.2429792 0 -0.9700325 0.2429756 0 -0.9700316 0.2429793 0 -0.9891757 0.1467362 0 -0.9987955 0.04906857 0 -0.9987954 0.04906988 0 -0.9987955 0.04906851 0 -0.9987955 0.04906708 0 -0.9987955 0.0490669 0 -0.9987954 -0.04907006 0 -0.9987955 -0.04906857 0 -0.9987955 -0.04906851 0 -0.9987952 -0.04907333 0 -0.9987952 -0.0490731 0 -0.9891763 -0.1467323 0 -0.9891762 -0.1467323 0 -0.9891763 -0.1467323 0 -0.9700315 -0.2429792 0 -0.9700324 -0.2429757 0 -0.9700315 -0.2429793 0 -0.9700324 -0.2429756 0 -0.9415423 -0.3368947 0 -0.9415436 -0.3368913 0 -0.9415423 -0.3368948 0 -0.9415436 -0.3368913 0 -0.9039914 -0.4275509 0 -0.9039899 -0.4275539 0 -0.9039914 -0.4275508 0 -0.9039899 -0.427554 0 -0.8577283 -0.5141032 0 -0.8577283 -0.5141033 0 -0.8577284 -0.5141032 0 -0.7409491 -0.6715613 0 -0.7409509 -0.6715592 0 -0.8032066 -0.5957007 0 -0.8032084 -0.5956983 0 -0.8032066 -0.5957008 0 -0.8032084 -0.5956982 0 -0.740951 -0.6715592 0 -0.6715611 -0.7409492 0 -0.6715592 -0.7409509 0 -0.6715611 -0.7409492 0 -0.6715592 -0.740951 0 -0.5956991 -0.8032077 0 -0.5957009 -0.8032063 0 -0.5956991 -0.8032078 0 -0.595701 -0.8032063 0 -0.5141041 -0.8577278 0 -0.5141025 -0.8577288 0 -0.5141042 -0.8577278 0 -0.5141025 -0.8577289 0 -0.4275514 -0.9039911 0 -0.4275513 -0.9039912 0 -0.4275513 -0.9039911 0 -0.3368949 -0.9415423 0 -0.3368937 -0.9415427 0 -0.3368949 -0.9415423 0 -0.3368937 -0.9415427 0 -0.1467331 -0.9891762 0 -0.1467325 -0.9891762 0 -0.2429768 -0.9700321 0 -0.1467325 -0.9891762 0 -0.04906862 -0.9987955 0 -0.04906862 -0.9987955 0 -0.04906845 -0.9987955 0 -0.04906845 -0.9987955 0 0.04185527 -0.9991238 2.82703e-4 0.04032897 -0.9991865 1.24177e-4 0.03926038 -0.9992291 0 0.04291236 -0.9990789 3.79242e-4 0.1205489 -0.9927075 -4.12228e-5 0.1190534 -0.9928879 1.18671e-4 0.1185671 -0.992946 -2.14406e-4 0.1175371 -0.9930685 -3.45174e-4 0.04182195 -0.9991251 -1.39535e-4 0.03926044 -0.999229 0 0.04033875 -0.9991861 -6.79689e-5 0.04288864 -0.99908 -1.7624e-4 0.120158 -0.9927549 7.38471e-5 0.1175351 -0.9930688 1.59918e-4 0.1950908 -0.9807853 0 0.1950908 -0.9807853 0 0.1950908 -0.9807852 0 0.1950908 -0.9807852 0 0.2714407 -0.9624552 0 0.2714381 -0.9624559 0 0.2714381 -0.9624559 0 0.2714408 -0.9624552 0 0.4186614 -0.9081424 0 0.4186614 -0.9081425 0 0.4186614 -0.9081425 0 0.3461166 -0.9381916 0 0.3461189 -0.9381906 0 0.3461189 -0.9381906 0 0.3461166 -0.9381916 0 0.4886192 -0.8724972 0 0.4886201 -0.8724967 0 0.4886201 -0.8724967 0 0.4186615 -0.9081425 0 0.4886192 -0.8724973 0 0.5555707 -0.8314693 0 0.5555691 -0.8314704 0 0.5555691 -0.8314705 0 0.5555707 -0.8314694 0 0.619093 -0.7853178 0 0.619093 -0.7853178 0 0.6190929 -0.7853178 0 0.6190929 -0.7853178 0 0.6788038 -0.7343198 0 0.678802 -0.7343214 0 0.678802 -0.7343214 0 0.6788038 -0.7343198 0 0.7343205 -0.6788029 0 0.7343222 -0.6788011 0 0.7343222 -0.6788011 0 0.7343205 -0.678803 0 0.7853165 -0.6190946 0 0.7853166 -0.6190946 0 0.7853165 -0.6190946 0 0.7853165 -0.6190946 0 0.8314688 -0.5555716 0 0.8314688 -0.5555716 0 0.8314688 -0.5555716 0 0.8724982 -0.4886174 0 0.8724982 -0.4886173 0 0.8724982 -0.4886174 0 0.8314688 -0.5555716 0 0.8724982 -0.4886173 0 0.9081415 -0.4186636 0 0.9081441 -0.418658 0 0.9081441 -0.4186578 0 0.9081414 -0.4186637 0 0.9624565 -0.271436 0 0.9624547 -0.2714425 0 0.9624547 -0.2714424 0 0.9381917 -0.3461163 0 0.9381917 -0.3461163 0 0.9381916 -0.3461163 0 0.9381917 -0.3461163 0 0.9807848 -0.195093 0 0.9807847 -0.195093 0 0.9807848 -0.195093 0 0.9624565 -0.2714359 0 0.9930688 -0.1175352 0 0.9930679 -0.1175419 0 0.9930679 -0.117542 0 0.9930688 -0.1175351 0 0.9992291 -0.03925895 0 0.9992292 -0.03925609 0 0.9992293 -0.03925603 0 0.9992288 -0.03926545 0 0.9992288 -0.03926587 0 -1 0 0 -1 0 0 -1 1.71327e-7 0 -1 -1.71327e-7 0 -0.03926026 0.999229 0 -0.03926044 0.999229 0 -0.1175372 0.9930686 0 -0.1175367 0.9930686 0 -0.1175367 0.9930686 0 -0.03926044 0.9992291 0 -0.1950908 0.9807853 0 -0.1950922 0.980785 0 -0.1950922 0.980785 0 -0.1950908 0.9807852 0 -0.3461152 0.938192 0 -0.3461142 0.9381925 0 -0.3461142 0.9381924 0 -0.2714419 0.9624549 0 -0.2714402 0.9624554 0 -0.2714401 0.9624553 0 -0.2714419 0.9624549 0 -0.4186614 0.9081425 0 -0.4186614 0.9081425 0 -0.3461153 0.9381921 0 -0.4886215 0.8724958 0 -0.4886172 0.8724984 0 -0.4886172 0.8724983 0 -0.4186614 0.9081425 0 -0.4886217 0.8724958 0 -0.6190929 0.7853178 0 -0.6190947 0.7853165 0 -0.5555691 0.8314705 0 -0.5555707 0.8314693 0 -0.5555707 0.8314694 0 -0.555569 0.8314704 0 -0.6190929 0.7853179 0 -0.6788038 0.7343198 0 -0.7853175 0.6190932 0 -0.7853176 0.6190932 0 -0.7343187 0.6788049 0 -0.7343222 0.6788011 0 -0.7343222 0.6788011 0 -0.7343187 0.6788049 0 -0.7853175 0.6190932 0 -0.8724975 0.4886186 0 -0.8724975 0.4886186 0 -0.8724976 0.4886187 0 -0.8314688 0.5555717 0 -0.8314687 0.5555717 0 -0.8314687 0.5555716 0 -0.8724976 0.4886186 0 -0.9081414 0.4186637 0 -0.9081414 0.4186637 0 -0.9081441 0.4186579 0 -0.9081441 0.4186578 0 -0.9381894 0.3461225 0 -0.9381893 0.3461226 0 -0.9381917 0.3461164 0 -0.9624564 0.2714366 0 -0.9624564 0.2714366 0 -0.9624564 0.2714366 0 -0.9381917 0.3461163 0 -0.9624564 0.2714367 0 -0.980785 0.1950924 0 -0.9807863 0.1950857 0 -0.9807863 0.1950858 0 -0.9807848 0.1950924 0 -0.993068 0.1175417 0 -0.993068 0.1175418 0 -0.9930688 0.1175349 0 -0.9930689 0.1175348 0 -0.9992291 0.03925889 0 -0.9992291 0.03925889 0 -0.9992291 0.03925889 0 -0.9992291 0.03925889 0 0.999229 0.03926098 0 0.9992291 0.03925895 0 0.999229 0.03926104 0 0.9992291 0.03925961 0 0.9992291 0.03925967 0 0.9930688 0.1175349 0 0.993068 0.1175416 0 0.993068 0.1175417 0 0.9930688 0.1175348 0 0.9807863 0.1950858 0 0.980785 0.1950924 0 0.9807848 0.1950924 0 0.9807863 0.1950857 0 0.9624564 0.2714368 0 0.9624545 0.2714431 0 0.9624545 0.2714432 0 0.9624564 0.2714367 0 0.9381917 0.3461164 0 0.9381917 0.3461163 0 0.9381917 0.3461163 0 0.9381916 0.3461164 0 0.9081441 0.418658 0 0.9081415 0.4186636 0 0.9081414 0.4186636 0 0.908144 0.4186578 0 0.8724975 0.4886186 0 0.8724976 0.4886187 0 0.8724975 0.4886186 0 0.8724976 0.4886186 0 0.8314688 0.5555717 0 0.8314687 0.5555717 0 0.8314687 0.5555716 0 0.7853175 0.6190932 0 0.7853176 0.6190932 0 0.7853175 0.6190932 0 0.7343222 0.6788011 0 0.7343205 0.678803 0 0.7343223 0.6788011 0 0.6190928 0.7853178 0 0.6190929 0.7853178 0 0.619093 0.7853178 0 0.678802 0.7343214 0 0.6788037 0.7343198 0 0.6788038 0.7343198 0 0.678802 0.7343214 0 0.6190929 0.7853179 0 0.5555691 0.8314705 0 0.555569 0.8314704 0 0.5555707 0.8314693 0 0.5555707 0.8314694 0 0.4886202 0.8724967 0 0.4886202 0.8724967 0 0.4186614 0.9081425 0 0.4186614 0.9081425 0 0.4186614 0.9081425 0 0.3461152 0.938192 0 0.3461153 0.9381921 0 0.3461142 0.9381924 0 0.3461142 0.9381925 0 0.2714419 0.9624549 0 0.2714419 0.9624549 0 0.271442 0.9624548 0 0.1950908 0.9807853 0 0.1950908 0.9807852 0 0.271442 0.9624549 0 0.1950908 0.9807852 0 0.1175367 0.9930686 0 0.1175367 0.9930686 0 0.03926038 0.999229 0 0.03926044 0.999229 0 0.03926044 0.9992291 0 0.03926044 0.9992291 0 0 0 1 0 0 1 -3.75446e-7 0 1 3.58313e-7 0 1 0 0 1 0 0 1 0 0 1 6.64373e-7 0 1 0 0 1 0 0 1 0 0 1 -3.06092e-7 0 1 0 0 1 3.5831e-7 0 1 1.26178e-6 0 1 -5.18097e-7 0 1 0 0 1 3.06407e-7 0 1 3.75443e-7 0 1 1.13945e-6 0 1 -1.87723e-7 0 1 8.9578e-7 0 1 0 0 1 3.07494e-7 0 1 2.12753e-7 0 1 8.93941e-7 0 1 0 0 1 3.68709e-7 0 1 -1.32226e-6 0 1 -3.51814e-7 0 1 -2.81934e-7 0 1 0 0 1 -1.28123e-6 0 1 1.21078e-7 0 1 -3.18578e-7 0 1 0 0 1 0 0 1 2.54851e-7 0 1 -2.54852e-7 0 1 0 0 1 -1.21079e-7 0 1 0 0 1 0 0 1 3.40881e-7 0 1 1.28124e-6 0 1 3.51813e-7 0 1 -5.86188e-7 0 1 -1.60689e-7 -6.16354e-7 1 1.32226e-6 0 1 -8.93944e-7 0 1 -7.15087e-7 -8.59156e-7 1 -3.58311e-7 -8.5391e-7 1 1.21923e-6 0 1 -5.4405e-7 0 1 0 -5.74936e-7 1 -3.58312e-7 0 1 1.22292e-6 0 1 1.87723e-7 0 1 8.69834e-7 0 1 0 0 1 -6.64372e-7 0 1 1.70203e-7 0 1 3.06094e-7 0 1 5.86188e-7 0 1 -8.0978e-7 0 1 5.86179e-7 0 1 -4.86291e-7 0 1 4.59782e-7 0 1 -1.32944e-6 0 1 5.44876e-7 0 1 -3.58312e-7 0 1 1.2835e-7 0 1 -7.50886e-7 0 1 1.6695e-7 0 1 7.50893e-7 0 1 0 0 1 -1.70202e-7 0 1 0 0 1 0 0 1 0 0 1 1.71313e-7 0 1 0 0 1 -6.71839e-7 0 1 0 0 1 1.87797e-7 0 1 0 0 1 4.01007e-7 0 1 -6.28687e-7 0 1 2.95298e-7 0 1 1.75868e-7 0 1 4.4295e-7 0 1 0 0 1 -1.78997e-7 0 1 1.67959e-7 0 1 7.15987e-7 0 1 -1.24944e-6 0 1 0 0 1 1.75867e-7 0 1 5.99675e-7 0 1 -1.38379e-6 0 1 1.6866e-7 0 1 0 0 1 -1.68658e-7 0 1 0 0 1 0 0 1 1.38379e-6 0 1 0 0 1 -1.51164e-7 0 1 2.79089e-7 0 1 -3.03092e-7 0 1 6.076e-7 0 1 1.24943e-6 0 1 -1.6796e-7 0 1 1.78998e-7 0 1 1.36647e-7 -6.16347e-7 1 3.94774e-7 -8.59154e-7 1 0 0 1 -4.42945e-7 0 1 3.74214e-7 -8.53902e-7 1 -2.8486e-7 -5.74935e-7 1 0 0 1 6.28699e-7 0 1 -5.02777e-7 0 1 -1.75867e-7 0 1 -4.01006e-7 0 1 5.57941e-7 0 1 -6.71836e-7 0 1 0 0 1 6.71839e-7 0 1 5.57932e-7 0 1 -5.02786e-7 0 1 0 0 1 0 0 1 1.2415e-6 0 1 -4.23649e-7 0 1 0 0 1 7.50886e-7 0 1</float_array>
          <technique_common>
            <accessor source="#obj1_001-mesh-normals-array" count="1863" stride="3">
              <param name="X" type="float"/>
              <param name="Y" type="float"/>
              <param name="Z" type="float"/>
            </accessor>
          </technique_common>
        </source>
        <vertices id="obj1_001-mesh-vertices">
          <input semantic="POSITION" source="#obj1_001-mesh-positions"/>
        </vertices>
        <triangles material="Default_OBJ-material" count="1448">
          <input semantic="VERTEX" source="#obj1_001-mesh-vertices" offset="0"/>
          <input semantic="NORMAL" source="#obj1_001-mesh-normals" offset="1"/>
          <p>0 0 1 1 2 2 2 2 1 1 3 3 3 4 4 5 5 6 1 7 4 5 3 4 5 8 6 9 7 10 4 11 6 9 5 8 7 12 8 13 9 14 6 15 8 13 7 12 9 16 10 17 11 18 8 19 10 17 9 16 11 20 12 21 13 22 10 23 12 21 11 20 13 24 14 25 15 26 12 27 14 25 13 24 15 28 16 29 17 30 14 31 16 29 15 28 17 32 18 33 19 34 16 35 18 33 17 32 19 36 20 37 21 38 18 39 20 37 19 36 20 40 22 41 21 42 21 42 22 41 23 43 22 44 24 45 23 46 23 46 24 45 25 47 24 48 26 49 25 50 25 50 26 49 27 51 26 52 28 53 27 54 27 54 28 53 29 55 28 56 30 57 29 58 29 58 30 57 31 59 30 60 32 61 31 62 31 62 32 61 33 63 32 64 34 65 33 66 33 66 34 65 35 67 34 68 36 69 35 70 35 70 36 69 37 71 36 72 38 73 37 74 37 74 38 73 39 75 38 76 40 77 39 78 39 78 40 77 41 79 40 80 42 81 41 82 41 82 42 81 43 83 42 84 44 85 43 86 43 86 44 85 45 87 44 88 46 89 45 90 45 90 46 89 47 91 46 92 48 93 47 94 47 94 48 93 49 95 49 96 50 97 51 98 48 99 50 97 49 96 51 100 52 101 53 102 50 103 52 101 51 100 53 104 0 105 2 106 52 107 0 105 53 104 54 108 55 109 56 110 56 111 57 112 58 113 55 109 57 114 56 110 58 115 59 116 60 117 57 112 59 118 58 113 60 119 61 120 62 121 59 116 61 122 60 117 62 123 63 124 64 125 61 120 63 126 62 121 64 127 65 128 66 129 63 124 65 130 64 125 66 131 67 132 68 133 65 128 67 134 66 129 68 135 69 136 70 137 67 132 69 138 68 133 70 139 71 140 72 141 69 136 71 142 70 137 72 143 73 144 74 145 71 140 73 146 72 141 73 144 75 147 74 145 74 148 75 149 76 150 75 149 77 151 76 150 76 152 77 153 78 154 77 153 79 155 78 154 78 156 79 157 80 158 79 157 81 159 80 158 80 55 81 55 82 55 81 55 83 55 82 55 82 160 83 161 84 162 83 161 85 163 84 162 84 164 85 165 86 166 85 165 87 167 86 166 86 168 87 169 88 170 87 169 89 171 88 170 88 172 89 173 90 174 89 173 91 175 90 174 90 176 91 177 92 178 91 177 93 75 92 178 92 179 93 180 94 181 93 180 95 182 94 181 94 183 95 184 96 185 95 184 97 186 96 185 96 187 97 188 98 189 97 188 99 190 98 189 98 191 99 192 100 193 99 192 101 194 100 193 100 195 101 196 102 197 102 198 103 199 104 200 101 196 103 201 102 197 104 202 105 203 106 204 103 199 105 205 104 200 106 206 107 207 54 208 105 203 107 209 106 204 107 207 55 210 54 208 108 211 109 212 110 213 110 214 111 215 112 216 109 212 111 217 110 213 112 218 113 219 114 220 111 215 113 221 112 216 114 222 115 223 116 224 113 219 115 225 114 220 116 226 117 227 118 228 115 223 117 229 116 224 118 230 119 231 120 232 117 227 119 233 118 228 119 231 121 234 120 232 120 235 122 236 123 237 121 238 122 236 120 235 123 239 124 240 125 135 122 241 124 240 123 239 125 242 126 243 127 244 127 245 126 246 128 245 124 247 126 243 125 242 126 246 129 245 128 245 128 248 130 249 131 250 129 251 130 249 128 248 130 252 132 253 131 254 131 254 132 253 133 255 132 256 134 257 133 258 133 258 134 257 135 259 134 55 136 55 135 55 135 55 136 55 137 55 136 260 138 261 137 262 137 262 138 261 139 263 139 264 138 265 140 266 138 265 141 267 140 266 141 268 142 269 140 270 140 270 142 269 143 271 143 272 142 273 144 274 142 273 145 275 144 274 144 276 145 277 146 278 145 277 147 279 146 278 146 280 147 281 148 282 147 281 149 283 148 282 149 284 150 285 148 286 148 286 150 285 151 287 150 288 152 289 151 290 151 290 152 289 153 291 152 292 154 293 153 294 153 294 154 293 155 295 155 296 154 296 156 296 154 296 157 296 156 296 156 297 158 298 159 299 157 300 158 298 156 297 159 301 160 302 161 303 158 304 160 302 159 301 161 305 109 306 108 307 160 308 109 306 161 305 162 309 163 310 164 311 164 312 165 313 166 314 163 310 165 315 164 311 166 316 167 317 168 318 165 313 167 319 166 314 168 320 169 321 170 322 167 317 169 323 168 318 170 324 171 324 172 324 169 321 171 325 170 322 172 326 173 327 174 328 171 324 173 324 172 324 173 327 175 329 174 328 174 330 176 331 177 332 175 333 176 331 174 330 177 334 178 335 179 30 176 336 178 335 177 334 179 337 180 338 181 339 178 340 180 338 179 337 181 341 182 342 183 343 183 344 182 345 184 346 180 347 182 342 181 341 182 345 185 348 184 346 185 349 186 350 184 351 184 351 186 350 187 352 186 353 188 354 187 355 187 355 188 354 189 356 188 55 190 55 189 55 189 55 190 55 191 55 190 56 192 357 191 358 191 358 192 357 193 359 192 360 194 361 193 362 193 362 194 361 195 167 194 363 196 364 195 365 195 365 196 364 197 366 196 68 198 69 197 70 197 70 198 69 199 71 198 367 200 368 199 369 199 369 200 368 201 370 200 280 202 371 201 372 201 372 202 371 203 373 203 374 202 375 204 376 202 375 205 377 204 376 205 378 206 379 204 380 204 380 206 379 207 87 206 381 208 382 207 383 207 383 208 382 209 384 209 385 208 386 210 387 208 386 211 388 210 387 210 389 212 390 213 391 211 392 212 390 210 389 213 393 214 394 215 395 212 396 214 394 213 393 215 397 163 398 162 106 214 399 163 398 215 397 216 400 217 401 218 402 218 402 217 401 219 403 219 312 217 404 220 405 220 406 221 407 222 408 217 404 221 409 220 405 222 410 223 411 224 412 221 407 223 413 222 408 224 324 225 414 226 415 223 411 225 325 224 412 226 416 227 417 228 418 225 414 227 419 226 415 227 417 229 420 228 418 228 421 230 422 231 423 229 424 230 422 228 421 231 425 232 426 233 427 230 428 232 426 231 425 233 429 234 430 235 431 232 432 234 430 233 429 235 433 236 434 237 435 234 436 236 434 235 433 236 437 238 438 237 439 237 439 238 438 239 440 239 441 238 442 240 443 238 442 241 444 240 443 241 445 242 446 240 447 240 447 242 446 243 356 242 55 244 55 243 55 243 55 244 55 245 55 244 448 246 449 245 450 245 450 246 449 247 451 247 452 246 453 248 454 246 453 249 455 248 454 249 456 250 457 248 458 248 458 250 457 251 366 251 459 250 460 252 461 250 460 253 462 252 461 253 463 254 464 252 465 252 465 254 464 255 466 254 467 256 468 255 469 255 469 256 468 257 470 256 471 258 472 257 473 257 473 258 472 259 474 258 475 260 476 259 477 259 477 260 476 261 478 261 479 262 479 263 480 260 480 262 479 261 479 263 481 264 482 265 483 265 484 264 485 266 486 262 487 264 482 263 481 266 488 267 489 268 490 264 485 267 491 266 486 267 489 269 103 268 490 268 492 216 493 218 106 269 494 216 493 268 492 270 495 271 496 272 497 272 498 273 499 274 500 271 496 273 217 272 497 274 501 275 502 276 503 273 499 275 504 274 500 276 505 277 506 278 507 275 502 277 508 276 503 278 509 279 510 280 511 277 506 279 512 278 507 280 513 281 514 282 515 279 510 281 516 280 511 281 514 283 517 282 515 282 518 284 519 285 520 283 521 284 519 282 518 285 522 286 523 287 524 284 525 286 523 285 522 287 526 288 527 289 528 286 529 288 527 287 526 289 530 290 531 291 532 288 533 290 531 289 530 290 534 292 535 291 536 291 536 292 535 293 537 292 538 294 539 293 540 293 540 294 539 295 541 294 542 296 543 295 544 295 544 296 543 297 545 296 55 298 55 297 55 297 55 298 55 299 55 298 546 300 547 299 548 299 548 300 547 301 549 300 550 302 551 301 552 301 552 302 551 303 553 303 554 302 555 304 556 302 555 305 557 304 556 305 558 306 559 304 560 304 560 306 559 307 561 306 562 308 563 307 564 307 564 308 563 309 565 309 566 308 567 310 568 308 567 311 569 310 568 311 570 312 571 310 572 310 572 312 571 313 573 313 574 312 575 314 576 312 575 315 577 314 576 315 578 316 579 314 580 314 580 316 579 317 581 317 582 316 583 318 584 318 585 319 586 320 587 316 583 319 588 318 584 319 586 321 586 320 587 320 589 322 590 323 591 321 592 322 590 320 589 323 593 271 594 270 595 322 596 271 594 323 593 277 597 324 598 325 599 279 600 277 597 325 599 275 601 324 598 277 597 281 602 279 600 325 599 273 603 324 598 275 601 283 604 281 602 325 599 271 605 324 598 273 603 284 606 325 599 326 607 284 606 283 604 325 599 322 608 324 598 271 605 286 609 284 606 326 607 288 610 286 609 326 607 290 611 288 610 326 607 290 611 326 607 327 612 292 613 290 611 327 612 294 614 292 613 327 612 296 615 294 614 327 612 298 616 296 615 327 612 115 617 319 618 316 619 117 620 115 617 316 619 113 621 319 618 115 617 113 621 321 622 319 618 119 623 117 620 316 619 119 623 316 619 315 624 111 625 321 622 113 621 111 625 322 608 321 622 111 625 324 598 322 608 121 626 119 623 315 624 121 626 315 624 312 627 109 628 324 598 111 625 122 629 121 626 312 627 122 629 312 627 311 630 124 631 122 629 311 630 124 631 311 630 308 632 126 633 308 632 306 634 126 633 124 631 308 632 126 633 306 634 305 635 129 636 126 633 305 635 130 637 129 636 305 635 130 637 305 635 302 638 130 637 302 638 300 639 132 640 300 639 298 616 132 640 130 637 300 639 134 641 298 616 327 612 134 641 132 640 298 616 63 642 157 643 154 644 63 642 154 644 152 645 63 642 61 646 157 643 59 647 158 648 157 643 59 647 157 643 61 646 65 649 63 642 152 645 57 650 160 651 158 648 57 650 158 648 59 647 67 652 152 645 150 653 67 652 150 653 149 654 67 652 65 649 152 645 55 655 109 628 160 651 55 655 160 651 57 650 69 656 149 654 147 657 69 656 67 652 149 654 71 658 69 656 147 657 73 659 71 658 147 657 73 659 147 657 145 660 73 659 145 660 142 661 75 662 73 659 142 661 77 663 75 662 142 661 77 663 142 661 141 664 77 663 141 664 138 665 79 666 77 663 138 665 81 667 79 666 138 665 81 667 138 665 136 668 225 669 223 670 103 671 225 669 103 671 101 672 225 669 101 672 99 673 221 674 103 671 223 670 221 674 105 675 103 671 227 676 225 669 99 673 217 677 105 675 221 674 217 677 107 678 105 675 229 679 227 676 99 673 229 679 99 673 97 680 216 681 107 678 217 677 216 681 55 655 107 678 230 682 97 680 95 683 230 682 229 679 97 680 232 684 95 683 93 685 232 684 230 682 95 683 234 686 232 684 93 685 234 686 93 685 91 687 236 688 234 686 91 687 236 688 91 687 89 689 238 690 89 689 87 691 238 690 87 691 85 692 238 690 236 688 89 689 241 693 238 690 85 692 242 694 85 692 83 695 242 694 241 693 85 692 169 696 264 697 262 698 171 699 262 698 260 700 171 699 169 696 262 698 167 701 267 702 264 697 167 701 264 697 169 696 173 703 260 700 258 704 173 703 171 699 260 700 165 705 269 706 267 702 165 705 267 702 167 701 175 707 173 703 258 704 176 708 175 707 258 704 176 708 258 704 256 709 178 710 256 709 254 711 178 710 176 708 256 709 180 712 178 710 254 711 180 712 254 711 253 713 182 714 180 712 253 713 182 714 253 713 250 715 185 716 182 714 250 715 185 716 250 715 249 717 185 716 249 717 246 718 186 719 185 716 246 718 188 720 186 719 246 718 188 720 246 718 244 721 328 722 165 705 163 723 328 722 216 681 269 706 328 722 269 706 165 705 328 722 163 723 214 724 328 722 214 724 212 725 8 726 6 727 211 728 8 726 211 728 208 729 8 726 208 729 206 730 4 731 211 728 6 727 4 731 328 722 212 725 4 731 212 725 211 728 10 732 8 726 206 730 10 732 206 730 205 733 1 734 328 722 4 731 12 735 10 732 205 733 0 736 328 722 1 734 14 737 12 735 205 733 14 737 205 733 202 738 52 739 328 722 0 736 16 740 14 737 202 738 16 740 202 738 200 741 50 742 328 722 52 739 18 743 16 740 200 741 18 743 200 741 198 744 48 745 328 722 50 742 20 746 18 743 198 744 20 746 198 744 196 747 46 748 328 722 48 745 22 749 20 746 196 747 22 749 196 747 194 750 22 749 194 750 192 751 44 752 328 722 46 748 24 753 22 749 192 751 42 754 328 722 44 752 40 755 328 722 42 754 329 756 190 757 188 720 329 756 40 755 38 758 329 756 38 758 36 759 329 756 36 759 34 760 329 756 34 760 32 761 329 756 32 761 30 762 329 756 30 762 28 763 329 756 28 763 26 764 329 756 26 764 24 753 329 756 244 721 242 694 329 756 188 720 244 721 329 756 328 722 40 755 329 756 24 753 192 751 329 756 192 751 190 757 327 612 329 756 242 694 327 612 242 694 83 695 327 612 83 695 81 667 327 612 81 667 136 668 327 612 136 668 134 641 328 722 324 598 109 628 328 722 109 628 55 655 328 722 55 655 216 681 328 765 330 766 324 767 328 765 331 55 330 766 293 768 332 769 333 770 293 768 333 770 291 771 289 772 291 771 333 770 295 773 332 769 293 768 287 774 289 772 333 770 297 775 332 769 295 773 285 776 333 770 334 777 285 776 287 774 333 770 299 778 332 769 297 775 282 779 285 776 334 777 280 780 282 779 334 777 278 781 280 780 334 777 276 782 334 777 330 783 276 782 278 781 334 777 274 784 276 782 330 783 272 785 274 784 330 783 270 786 272 785 330 783 323 787 270 786 330 783 131 788 304 789 128 790 131 788 303 791 304 789 127 792 128 790 304 789 127 792 304 789 307 793 127 792 307 793 309 794 133 795 303 791 131 788 133 795 301 796 303 791 125 797 127 792 309 794 135 798 301 796 133 795 135 798 299 778 301 796 135 798 332 769 299 778 123 799 125 797 309 794 123 799 309 794 310 800 123 799 310 800 313 801 120 802 123 799 313 801 120 802 313 801 314 803 118 804 120 802 314 803 116 805 118 804 314 803 116 805 314 803 317 806 114 807 116 805 317 806 114 807 317 806 318 808 114 807 318 808 320 809 112 810 114 807 320 809 110 811 323 787 330 783 110 811 112 810 320 809 110 811 320 809 323 787 108 812 110 811 330 783 74 813 143 814 144 815 76 816 143 814 74 813 76 816 140 817 143 814 72 818 74 813 144 815 78 819 139 820 140 817 78 819 140 817 76 816 70 821 144 815 146 822 70 821 72 818 144 815 80 823 137 824 139 820 80 823 139 820 78 819 68 825 70 821 146 822 68 825 146 822 148 826 66 827 68 825 148 826 66 827 148 826 151 828 64 829 66 827 151 828 64 829 151 828 153 830 62 831 64 829 153 830 62 831 153 830 155 832 60 833 155 832 156 834 60 833 62 831 155 832 58 835 60 833 156 834 58 835 156 834 159 836 58 835 159 836 161 837 56 838 58 835 161 837 54 839 56 838 161 837 54 839 161 837 108 812 239 840 88 841 237 842 239 840 86 843 88 841 235 844 237 842 88 841 235 844 88 841 90 845 240 846 86 843 239 840 240 846 84 847 86 843 233 848 235 844 90 845 233 848 90 845 92 849 243 850 84 847 240 846 243 850 82 851 84 847 231 852 233 848 92 849 231 852 92 849 94 853 228 854 231 852 94 853 228 854 94 853 96 855 226 856 228 854 96 855 226 856 96 855 98 857 224 858 226 856 98 857 224 858 98 857 100 859 224 858 100 859 102 860 222 861 224 858 102 860 220 862 222 861 102 860 220 862 102 860 104 863 219 864 104 863 106 865 219 864 106 865 54 839 219 864 220 862 104 863 218 866 219 864 54 839 183 867 248 868 251 869 184 870 248 868 183 867 181 871 251 869 252 872 181 871 183 867 251 869 187 873 245 874 247 875 187 873 247 875 248 868 187 873 248 868 184 870 179 876 252 872 255 877 179 876 181 871 252 872 189 878 245 874 187 873 177 879 255 877 257 880 177 879 179 876 255 877 174 881 257 880 259 882 174 881 177 879 257 880 172 883 259 882 261 884 172 883 174 881 259 882 170 885 172 883 261 884 170 885 261 884 263 886 168 887 263 886 265 888 168 887 265 888 266 889 168 887 170 885 263 886 166 890 168 887 266 889 164 891 166 890 266 889 164 891 266 889 268 892 335 893 189 878 191 894 335 893 191 894 193 895 335 893 245 874 189 878 335 893 243 850 245 874 21 896 195 897 197 898 23 899 195 897 21 896 19 900 197 898 199 901 19 900 21 896 197 898 25 902 193 895 195 897 25 902 335 893 193 895 25 902 195 897 23 899 17 903 199 901 201 904 17 903 19 900 199 901 27 905 335 893 25 902 15 906 201 904 203 907 15 906 17 903 201 904 29 908 335 893 27 905 13 909 203 907 204 910 13 909 204 910 207 911 13 909 15 906 203 907 31 912 335 893 29 908 11 913 13 909 207 911 33 914 335 893 31 912 9 915 207 911 209 916 9 915 11 913 207 911 35 917 335 893 33 914 7 918 209 916 210 919 7 918 9 915 209 916 37 920 335 893 35 917 5 921 210 919 213 922 5 921 7 918 210 919 39 923 335 893 37 920 41 924 335 893 39 923 331 925 2 926 3 927 331 925 3 927 5 921 331 925 213 922 215 928 331 925 215 928 162 929 331 925 41 924 43 930 331 925 43 930 45 931 331 925 45 931 47 932 331 925 47 932 49 933 331 925 49 933 51 934 331 925 51 934 53 935 331 925 53 935 2 926 331 925 5 921 213 922 331 925 268 892 218 866 331 925 164 891 268 892 331 925 335 893 41 924 331 925 162 929 164 891 330 783 331 925 218 866 330 783 218 866 54 839 330 783 54 839 108 812 335 893 332 769 135 798 335 893 135 798 137 824 335 893 137 824 80 823 335 893 80 823 82 851 335 893 82 851 243 850 329 936 327 937 332 938 335 939 329 936 332 938 335 940 328 940 329 941 335 940 331 941 328 940 336 942 337 943 338 944 338 944 337 943 339 945 339 946 340 947 341 948 337 949 340 947 339 946 341 950 342 951 343 952 340 953 342 951 341 950 343 954 344 955 345 956 342 957 344 955 343 954 345 958 346 959 347 960 344 961 346 959 345 958 347 962 348 963 349 964 346 965 348 963 347 962 349 966 350 967 351 968 348 969 350 967 349 966 351 970 352 971 353 972 350 973 352 971 351 970 353 974 354 975 355 976 352 977 354 975 353 974 355 978 356 979 357 980 354 981 356 979 355 978 357 982 358 983 359 984 356 985 358 983 357 982 360 986 361 987 362 988 359 989 361 990 360 991 358 992 361 990 359 989 361 987 363 993 362 988 362 994 364 995 365 996 363 997 364 995 362 994 365 998 366 999 367 1000 364 1001 366 999 365 998 366 1002 368 1003 367 1004 367 1004 368 1003 369 1005 368 1006 370 1007 371 1008 368 1006 371 1008 369 1009 372 1010 373 1011 374 1012 372 1010 374 1012 375 1013 376 1014 375 1015 377 1016 376 1014 372 1017 375 1015 378 1018 377 1019 379 1020 378 1018 376 1021 377 1019 380 1022 379 1023 381 1024 380 1022 378 1025 379 1023 382 1026 381 1027 383 1028 382 1026 380 1029 381 1027 384 1030 383 1031 385 1032 384 1030 382 1033 383 1031 386 1034 385 1035 387 1036 386 1034 384 1037 385 1035 388 1038 387 1039 389 1040 388 1038 386 1041 387 1039 390 1042 389 1043 391 1044 390 1042 388 1045 389 1043 392 1046 391 1047 393 1048 392 1046 390 1049 391 1047 394 1050 393 1051 395 1052 394 1050 392 1053 393 1051 396 1054 395 1055 397 1056 396 1054 394 1057 395 1055 398 1058 396 1059 397 1060 398 1058 397 1060 399 1061 400 1062 398 1063 399 1064 400 1062 399 1064 401 1065 402 1066 400 1067 401 1068 402 1066 401 1068 403 1069 404 1070 402 1071 403 1072 404 1070 403 1072 405 1073 406 1074 404 1075 405 1076 406 1077 407 1078 408 1079 406 1074 405 1076 407 1076 324 1080 408 1081 409 1082 410 1083 406 1077 408 1079 330 1084 408 1081 324 1080 330 1084 410 1085 408 1081 411 1086 410 1085 330 1084 325 1087 409 1088 412 1089 325 1087 324 1090 409 1088 334 1091 411 1092 330 1093 413 1094 411 1092 334 1091 333 1095 413 1095 334 1095 414 1095 413 1095 333 1095 415 1096 416 1096 417 1096 417 1096 416 1096 418 1096 419 1009 420 1097 421 1098 419 1009 422 1009 420 1097 420 1097 417 1099 421 1098 420 1097 415 1009 417 1099 416 1095 423 1095 418 1095 423 1095 424 1095 418 1095 425 1095 426 1095 423 1095 423 1095 426 1095 424 1095 426 939 425 1100 419 1101 419 1101 425 1100 422 1102 427 1103 416 1104 415 55 427 1103 428 1105 416 1104 419 1106 421 1096 429 1096 419 1106 429 1096 430 1107 419 1106 430 1107 431 1108 419 1106 431 1108 432 1109 419 1106 432 1109 433 1110 419 1106 433 1110 434 1111 419 1106 434 1111 435 1112 419 1106 435 1112 436 1113 419 1106 436 1113 437 1114 419 1106 437 1114 438 1115 419 1106 438 1115 439 1116 419 1106 439 1116 440 1117 419 1106 440 1117 441 1118 419 1106 441 1118 442 1119 419 1106 442 1119 443 1120 419 1106 443 1120 444 1121 419 1106 444 1121 445 1122 419 1106 445 1122 446 1123 419 1106 446 1123 447 1124 419 1106 447 1124 448 1125 449 1096 419 1106 450 1096 451 1096 450 1096 419 1106 452 1126 419 1106 448 1125 452 1126 451 1096 419 1106 453 1127 452 1126 448 1125 412 1128 453 1127 448 1125 426 1129 454 1130 455 1131 426 1129 455 1131 456 1132 426 1129 456 1132 457 1133 426 1129 458 1134 459 1135 426 1129 459 1135 424 1096 460 1136 458 1134 426 1129 461 1137 460 1136 426 1129 462 1138 461 1137 426 1129 403 1139 409 1140 408 1141 403 1139 408 1141 407 1142 403 1139 407 1142 405 1143 463 1096 462 1138 426 1129 464 1144 463 1096 426 1129 399 1145 403 1139 401 1146 465 1147 464 1144 426 1129 397 1148 409 1140 403 1139 397 1148 412 1128 409 1140 397 1148 403 1139 399 1145 466 1096 465 1147 426 1129 467 1096 466 1096 426 1129 393 1149 412 1128 397 1148 393 1149 397 1148 395 1150 468 1151 467 1096 426 1129 391 1152 412 1128 393 1149 469 1153 468 1151 426 1129 470 1096 469 1153 426 1129 387 1154 391 1152 389 1155 471 1096 470 1096 426 1129 385 1096 412 1128 391 1152 385 1096 391 1152 387 1154 472 1096 471 1096 426 1129 383 1156 412 1128 385 1096 473 1096 472 1096 426 1129 474 1157 473 1096 426 1129 475 1158 474 1157 426 1129 476 1159 477 1160 453 1127 476 1159 453 1127 412 1128 478 1161 479 1162 477 1160 478 1161 477 1160 476 1159 480 1163 476 1159 412 1128 481 1096 475 1158 426 1129 375 1164 383 1156 381 1165 375 1164 381 1165 379 1166 375 1164 379 1166 377 1096 375 1164 412 1128 383 1156 482 1167 483 1168 479 1162 482 1167 479 1162 478 1161 484 1169 480 1163 412 1128 485 1170 457 1133 486 1171 485 1170 481 1096 426 1129 485 1170 426 1129 457 1133 374 1172 412 1128 375 1164 374 1172 484 1169 412 1128 487 1173 488 1174 483 1168 487 1173 483 1168 482 1167 489 1096 484 1169 374 1172 490 1175 486 1171 488 1174 490 1175 488 1174 487 1173 491 1096 489 1096 374 1172 492 1176 491 1096 374 1172 493 1177 485 1170 486 1171 493 1177 490 1175 494 1178 493 1177 494 1178 495 1179 493 1177 486 1171 490 1175 496 1180 492 1176 374 1172 496 1180 495 1179 497 1181 496 1180 497 1181 498 1182 496 1180 498 1182 499 1183 496 1180 499 1183 492 1176 496 1180 493 1177 495 1179 500 1184 493 1177 496 1180 500 1184 496 1180 501 1185 500 1184 501 1185 502 1186 500 1184 502 1186 503 1187 500 1184 504 1188 493 1177 505 1189 500 1184 506 1096 507 1190 508 1191 509 1192 507 1190 509 1192 510 1193 507 1190 510 1193 511 1194 512 1195 507 1190 511 1194 512 1195 511 1194 504 1188 513 1196 500 1184 505 1189 513 1196 505 1189 514 1197 515 1198 504 1188 500 1184 515 1198 512 1195 504 1188 515 1198 500 1184 513 1196 515 1198 516 1199 512 1195 517 1149 516 1199 515 1198 517 1149 518 1150 516 1199 426 1129 419 1106 519 1200 519 1200 419 1106 449 1096 426 1129 519 1200 454 1130 420 1201 422 1202 520 1201 520 1201 422 1202 521 1201 521 1201 422 1202 522 1203 522 1203 422 1202 523 1204 523 1204 422 1202 524 1201 524 1201 422 1202 525 1201 525 1201 422 1202 526 1201 526 1201 422 1202 527 1205 527 1205 422 1202 528 1206 528 1206 422 1202 529 1207 529 1207 422 1202 530 1208 530 1208 422 1202 531 1201 531 1201 422 1202 532 1201 532 1201 422 1202 533 1209 533 1209 422 1202 534 1210 534 1210 422 1202 371 1211 422 1202 535 1212 536 1213 422 1202 537 1214 371 1211 536 1213 537 1214 422 1202 537 1214 538 1215 371 1211 538 1215 539 1216 371 1211 539 1216 369 1217 371 1211 540 1218 425 1219 541 1220 541 1220 425 1219 542 1221 423 1201 543 1222 425 1219 543 1222 544 1223 425 1219 367 1224 362 1225 365 1226 544 1223 545 1227 425 1219 545 1227 546 1201 425 1219 362 1225 359 1228 360 1201 367 1224 359 1228 362 1225 546 1201 547 1201 425 1219 547 1201 548 1201 425 1219 369 1217 355 1229 367 1224 359 1228 355 1229 357 1201 367 1224 355 1229 359 1228 548 1201 549 1201 425 1219 369 1217 353 1201 355 1229 549 1201 550 1230 425 1219 550 1230 551 1231 425 1219 369 1217 349 1232 353 1201 353 1201 349 1232 351 1201 551 1231 552 1233 425 1219 552 1233 553 1201 425 1219 349 1232 345 1234 347 1201 553 1201 554 1235 425 1219 349 1232 343 1236 345 1234 554 1235 555 1237 425 1219 555 1237 556 1201 425 1219 349 1232 339 1238 343 1236 343 1236 339 1238 341 1239 556 1201 557 1201 425 1219 369 1217 338 1240 349 1232 349 1232 338 1240 339 1238 557 1201 558 1241 425 1219 425 1219 558 1241 542 1221 542 1221 558 1241 559 1242 559 1242 558 1241 560 1243 539 1216 561 1244 369 1217 562 1245 561 1244 539 1216 562 1245 563 1246 561 1244 564 1247 563 1246 562 1245 561 1244 565 1248 369 1217 564 1247 566 1201 563 1246 567 1249 566 1201 564 1247 369 1217 568 1250 338 1240 565 1248 568 1250 369 1217 567 1249 569 1251 566 1201 570 1252 569 1251 567 1249 568 1250 571 1201 338 1240 570 1252 572 1253 569 1251 560 1243 572 1253 570 1252 571 1201 573 1201 338 1240 573 1201 574 1201 338 1240 574 1201 575 1254 338 1240 575 1254 576 1255 338 1240 577 1256 576 1255 578 1257 578 1257 576 1255 579 1258 579 1258 576 1255 575 1254 558 1241 580 1259 560 1243 560 1243 580 1259 572 1253 577 1256 580 1259 576 1255 572 1253 580 1259 581 1260 581 1260 580 1259 577 1256 576 1255 582 1261 583 1262 580 1259 582 1261 576 1255 582 1261 584 1263 583 1262 585 1201 586 1201 582 1261 584 1263 587 1264 588 1265 582 1261 587 1264 584 1263 587 1264 589 1266 590 1201 591 1201 589 1266 592 1201 592 1201 589 1266 586 1201 586 1201 589 1266 582 1261 582 1261 589 1266 587 1264 593 1201 594 1201 591 1201 589 1266 595 1267 596 1268 591 1201 595 1267 589 1266 594 1201 595 1267 591 1201 422 1202 425 1219 597 1269 422 1202 597 1269 535 1212 597 1269 425 1219 540 1218 482 1270 478 1271 566 1272 566 1272 478 1271 563 1273 563 1274 476 1274 561 1275 478 1275 476 1274 563 1274 561 1276 480 1277 565 1278 476 1279 480 1277 561 1276 565 1280 484 1280 568 1281 480 1281 484 1280 565 1280 568 1282 489 1283 571 1284 484 1285 489 1283 568 1282 571 1286 491 1286 573 1286 489 1286 491 1286 571 1286 573 1287 492 1287 574 1287 491 1287 492 1287 573 1287 574 939 499 939 575 939 492 939 499 939 574 939 575 1288 498 1288 579 1288 499 1288 498 1288 575 1288 578 1289 497 1290 577 1291 579 1292 497 1292 578 1292 498 1292 497 1292 579 1292 497 1290 495 1293 577 1291 577 1294 494 1294 581 1295 495 1295 494 1294 577 1294 581 1296 490 1297 572 1298 494 1299 490 1297 581 1296 572 1300 487 1300 569 1301 490 1301 487 1300 572 1300 569 1302 482 1303 566 1304 487 1305 482 1303 569 1302 519 1306 449 1306 597 1306 597 1306 449 1306 535 1306 535 1274 450 1274 536 1275 449 1275 450 1274 535 1274 536 1307 451 1307 537 1278 450 1278 451 1307 536 1307 537 1280 452 1280 538 1281 451 1281 452 1280 537 1280 538 1284 453 1284 539 1284 452 1284 453 1284 538 1284 539 1308 477 1308 562 1308 453 1308 477 1308 539 1308 562 1287 479 1287 564 1287 477 1287 479 1287 562 1287 564 939 483 939 567 939 479 939 483 939 564 939 567 1288 488 1288 570 1288 483 1288 488 1288 567 1288 560 1289 486 1289 559 1289 570 1309 486 1309 560 1309 488 1309 486 1309 570 1309 486 1289 457 1289 559 1289 559 1294 456 1294 542 1295 457 1295 456 1294 559 1294 542 1310 455 1310 541 1299 456 1299 455 1310 542 1310 541 1300 454 1300 540 1301 455 1301 454 1300 541 1300 540 1311 519 1311 597 1311 454 1311 519 1311 540 1311 598 1095 580 1095 558 1095 598 1095 599 1095 580 1095 599 1312 600 1313 580 1314 580 1314 600 1313 582 1315 582 1316 601 1317 585 1318 600 1319 601 1317 582 1316 585 1320 602 1320 586 1320 601 1320 602 1320 585 1320 592 1321 603 1322 591 1321 586 1323 603 1324 592 1325 602 1326 603 1324 586 1323 603 1322 604 1327 591 1321 591 1328 605 1329 593 1330 604 1331 605 1329 591 1328 594 1332 606 1333 595 1334 593 1335 606 1336 594 1337 605 1338 606 1336 593 1335 606 1333 607 1339 595 1334 595 1340 608 1341 596 1342 607 1343 608 1341 595 1340 589 1344 609 1345 590 1346 596 1347 609 1348 589 1349 608 1350 609 1348 596 1347 590 1351 610 1352 587 1353 609 1345 610 1354 590 1346 587 1355 611 1356 588 1357 610 1352 611 1358 587 1353 611 1356 612 1359 588 1357 584 1360 613 1361 583 1362 588 1363 613 1364 584 1365 612 1366 613 1364 588 1363 613 1361 614 1361 583 1362 614 1367 615 1368 583 1369 583 1369 615 1368 576 1370 576 1371 336 1372 338 1373 615 939 336 1372 576 1371 371 1374 616 1375 534 1376 370 1377 616 1375 371 1374 534 1378 617 1379 533 1380 616 1381 617 1379 534 1378 533 1382 618 1382 532 1383 617 1384 618 1382 533 1382 531 1385 619 1386 530 1387 532 1388 619 1389 531 1390 618 1391 619 1389 532 1388 619 1386 620 1392 530 1387 530 1393 621 1394 529 1393 620 1394 621 1394 530 1393 528 1395 622 1396 527 1397 529 1398 622 1399 528 1400 621 1401 622 1399 529 1398 622 1396 623 1402 527 1397 527 1403 624 1404 526 1405 623 1406 624 1404 527 1403 525 1407 625 1408 524 1409 526 1410 625 1411 525 1412 624 1413 625 1411 526 1410 524 1414 626 1415 523 1416 625 1408 626 1417 524 1409 523 1418 627 1419 522 1420 626 1415 627 1421 523 1416 627 1419 628 1422 522 1420 521 1423 629 1424 520 1425 522 1426 629 1427 521 1428 628 1429 629 1427 522 1426 629 1424 630 1430 520 1425 520 1431 415 1432 420 1433 630 1434 415 1432 520 1431 630 1434 427 1435 415 1432 416 1436 543 1437 423 1438 428 1439 631 1440 416 1436 416 1436 631 1440 543 1437 543 1441 632 1442 544 1443 631 1442 632 1442 543 1441 544 1444 633 1445 545 1446 632 1447 633 1445 544 1444 545 1448 634 1449 546 1450 633 1451 634 1449 545 1448 546 1452 635 1453 547 1454 634 1455 635 1453 546 1452 547 1456 636 1457 548 1458 635 1456 636 1457 547 1456 549 1459 637 1460 550 1459 548 1461 637 1462 549 1463 636 1464 637 1462 548 1461 637 1460 638 1465 550 1459 550 1466 639 1467 551 1468 638 1469 639 1467 550 1466 551 1470 640 1471 552 1472 639 1473 640 1471 551 1470 552 1474 641 1475 553 1476 640 1477 641 1475 552 1474 553 1478 642 1479 554 1478 641 1480 642 1479 553 1478 554 1481 643 1482 555 1483 642 1484 643 1482 554 1481 556 1485 644 1486 557 1485 555 1487 644 1487 556 1487 643 1487 644 1487 555 1487 644 1486 645 1488 557 1485 645 1489 598 1490 557 1491 557 1491 598 1490 558 1492 447 1493 326 1494 448 1495 327 1496 326 1494 447 1493 446 1497 332 1498 327 1499 446 1497 327 1499 447 1500 646 1501 414 1502 333 1503 646 1501 333 1503 332 1504 647 1505 332 1498 446 1497 647 1505 646 1506 332 1498 648 1507 446 1508 445 1509 648 1507 647 1510 446 1508 649 1511 445 1512 444 1513 649 1511 648 1514 445 1512 650 1515 443 1516 442 1517 650 1518 444 1519 443 1520 650 1518 649 1521 444 1519 651 1522 442 1523 441 1524 651 1525 650 1515 442 1517 652 1526 651 1522 441 1524 653 1527 441 1528 440 1529 653 1527 652 1530 441 1528 654 1531 440 1532 439 1533 654 1531 653 1534 440 1532 655 1535 439 1536 438 1537 655 1535 654 1538 439 1536 656 1539 438 1540 437 1541 656 1539 655 1542 438 1540 657 1543 656 1544 437 1545 657 1543 437 1545 436 1546 658 1547 657 1548 436 1549 658 1550 435 1551 434 1552 658 1547 436 1549 435 1553 659 1554 658 1550 434 1552 660 1555 434 1556 433 1557 660 1555 659 1558 434 1556 661 1559 432 1560 431 1561 661 1562 433 1563 432 1564 661 1562 660 1565 433 1563 662 1566 431 1567 430 1568 662 1569 661 1559 431 1561 663 1566 662 1566 430 1568 664 1570 430 1571 429 1572 664 1570 663 1573 430 1571 417 1574 429 1575 421 1576 417 1574 664 1577 429 1575 665 1578 664 1577 417 1574 326 1095 325 1095 412 1095 326 1095 412 1095 448 1095 374 1579 666 1580 496 1581 373 1582 666 1580 374 1579 667 1583 668 1583 493 1584 667 1585 504 1586 511 1587 667 1583 493 1584 504 1588 669 1589 511 1590 510 1591 669 1585 667 1585 511 1587 670 1592 669 1589 510 1591 671 1593 509 1594 508 1595 671 1596 510 1597 509 1598 671 1596 670 1599 510 1597 672 1600 508 1600 507 1601 672 1602 671 1593 508 1595 673 1603 507 1604 512 1605 673 1606 672 1600 507 1601 674 1607 673 1603 512 1605 675 1608 516 1609 518 1609 675 1610 512 1611 516 1612 675 1610 674 1613 512 1611 676 1614 675 1608 518 1609 677 1615 518 1615 517 1615 677 1615 676 1615 518 1615 678 1616 515 1617 513 1617 678 1618 517 1619 515 1620 678 1618 677 1621 517 1619 679 1622 678 1616 513 1617 680 1623 514 1624 505 1625 680 1626 513 1627 514 1626 680 1626 679 1628 513 1627 681 1629 680 1623 505 1625 682 1630 681 1631 505 1632 682 1630 505 1632 506 1633 683 1634 682 1635 506 1636 683 1637 500 1638 503 1639 683 1634 506 1636 500 1640 684 1641 683 1637 503 1639 684 1642 503 1643 502 1644 685 1645 684 1642 502 1644 686 1646 685 1647 502 1648 686 1646 502 1648 501 1649 666 1650 686 1651 501 1652 666 1650 501 1652 496 1653 668 1009 687 1009 485 1009 668 1009 485 1009 493 1009 459 1654 418 1655 424 1656 688 1657 689 1658 418 1655 688 1657 418 1655 459 1654 690 1659 459 1660 458 1661 690 1659 688 1662 459 1660 691 1663 458 1664 460 1665 691 1663 690 1666 458 1664 692 1667 460 1668 461 1669 692 1667 691 1670 460 1668 693 1671 461 1672 462 1673 693 1671 692 1674 461 1672 694 1675 462 1676 463 1677 694 1675 693 1678 462 1676 695 1679 463 1680 464 1681 695 1679 694 1682 463 1680 696 1683 464 1684 465 1683 696 1683 695 1685 464 1684 697 1686 465 1687 466 1687 697 1686 696 1688 465 1687 698 1689 466 1690 467 1690 698 1689 697 1691 466 1690 699 1692 468 1693 469 1694 699 1695 467 1696 468 1697 699 1695 698 1698 467 1696 700 1699 699 1692 469 1694 701 1700 700 1701 469 1702 701 1700 469 1702 470 1703 702 1704 701 1705 470 1704 702 1704 470 1704 471 1705 703 1706 702 1707 471 1708 703 1706 471 1708 472 1706 704 1709 703 1710 472 1711 704 1709 472 1711 473 1712 705 1713 704 1714 473 1715 705 1716 474 1717 475 1716 705 1713 473 1715 474 1718 706 1719 705 1716 475 1716 707 1720 475 1720 481 1721 707 1720 706 1721 475 1720 687 1722 481 1723 485 1724 687 1722 707 1725 481 1723 689 939 417 939 418 939 689 939 665 939 417 939 352 1726 390 1727 392 1728 352 1726 392 1728 394 1729 350 1730 388 1731 390 1727 350 1730 390 1727 352 1726 354 1732 394 1729 396 1733 354 1732 352 1726 394 1729 348 1734 386 1735 388 1731 348 1734 388 1731 350 1730 356 1736 396 1733 398 1737 356 1736 354 1732 396 1733 346 1738 384 1739 386 1735 346 1738 386 1735 348 1734 358 1740 398 1737 400 1741 358 1740 356 1736 398 1737 344 1742 384 1739 346 1738 344 1742 380 1743 382 1744 344 1742 382 1744 384 1739 361 1745 400 1741 402 1746 361 1745 358 1740 400 1741 361 1745 402 1746 404 1747 342 1748 378 1749 380 1743 342 1748 380 1743 344 1742 363 1750 404 1747 406 1751 363 1750 361 1745 404 1747 340 1752 378 1749 342 1748 340 1752 376 1753 378 1749 364 1754 363 1750 406 1751 364 1754 406 1751 410 1755 337 1756 376 1753 340 1752 337 1756 372 1757 376 1753 366 1758 364 1754 410 1755 366 1758 410 1755 411 1759 336 1760 372 1757 337 1756 336 1760 373 1761 372 1757 368 1762 366 1758 411 1759 368 1762 411 1759 413 1763 414 1764 368 1762 413 1763 370 1765 414 1764 646 1766 370 1765 368 1762 414 1764 615 1767 373 1761 336 1760 615 1767 686 1201 666 1768 615 1767 666 1768 373 1761 614 1201 685 1769 686 1201 614 1201 686 1201 615 1767 616 1770 370 1765 646 1766 616 1770 646 1766 647 1771 613 1772 684 1773 685 1769 613 1772 685 1769 614 1201 617 1774 616 1770 647 1771 617 1774 647 1771 648 1775 612 1776 683 1777 684 1773 612 1776 684 1773 613 1772 618 1778 617 1774 648 1775 618 1778 648 1775 649 1779 611 1780 681 1781 682 1201 611 1780 682 1201 683 1777 611 1780 683 1777 612 1776 619 1782 649 1779 650 1783 619 1782 650 1783 651 1784 619 1782 618 1778 649 1779 610 1785 680 1786 681 1781 610 1785 681 1781 611 1780 620 1787 651 1784 652 1788 620 1787 619 1782 651 1784 609 1789 679 1790 680 1786 609 1789 680 1786 610 1785 621 1791 652 1788 653 1792 621 1791 620 1787 652 1788 608 1793 678 1794 679 1790 608 1793 679 1790 609 1789 622 1795 653 1792 654 1796 622 1795 621 1791 653 1792 607 1797 678 1794 608 1793 677 1798 678 1794 607 1797 623 1799 622 1795 654 1796 623 1799 654 1796 655 1800 656 1801 624 1802 623 1799 656 1801 623 1799 655 1800 676 1803 677 1798 607 1797 676 1803 607 1797 606 1804 657 1805 625 1806 624 1802 657 1805 624 1802 656 1801 675 1807 676 1803 606 1804 675 1807 606 1804 605 1808 658 1809 626 1810 625 1806 658 1809 625 1806 657 1805 674 1811 675 1807 605 1808 674 1811 605 1808 604 1812 659 1813 627 1814 626 1810 659 1813 626 1810 658 1809 673 1815 674 1811 604 1812 673 1815 604 1812 603 1816 660 1201 627 1814 659 1813 672 1201 673 1815 603 1816 661 1201 628 1201 627 1814 661 1201 627 1814 660 1201 671 1817 603 1816 602 1818 671 1817 672 1201 603 1816 662 1201 629 1201 628 1201 662 1201 628 1201 661 1201 670 1201 671 1817 602 1818 670 1201 602 1818 601 1819 663 1201 630 1820 629 1201 663 1201 629 1201 662 1201 669 1821 601 1819 600 1822 669 1821 670 1201 601 1819 664 1823 427 1824 630 1820 664 1823 630 1820 663 1201 667 1825 600 1822 599 1826 667 1825 669 1821 600 1822 668 1201 667 1825 599 1826 665 1827 427 1824 664 1823 598 1828 668 1201 599 1826 689 1829 428 1830 427 1824 689 1829 427 1824 665 1827 687 1201 668 1201 598 1828 707 1831 598 1828 645 1832 707 1831 687 1201 598 1828 688 1833 428 1830 689 1829 688 1833 631 1834 428 1830 690 1835 631 1834 688 1833 690 1835 632 1836 631 1834 706 1837 645 1832 644 1838 706 1837 707 1831 645 1832 705 1201 706 1837 644 1838 705 1201 644 1838 643 1839 691 1840 632 1836 690 1835 691 1840 633 1841 632 1836 704 1842 705 1201 643 1839 704 1842 643 1839 642 1843 692 1844 633 1841 691 1840 692 1844 634 1845 633 1841 703 1201 704 1842 642 1843 693 1846 634 1845 692 1844 694 1847 634 1845 693 1846 694 1847 635 1848 634 1845 702 1849 703 1201 642 1843 702 1849 642 1843 641 1850 695 1851 635 1848 694 1847 695 1851 636 1852 635 1848 701 1853 702 1849 641 1850 701 1853 641 1850 640 1854 696 1855 636 1852 695 1851 696 1855 637 1856 636 1852 700 1857 701 1853 640 1854 700 1857 640 1854 639 1858 697 1859 637 1856 696 1855 697 1859 638 1860 637 1856 699 1861 700 1857 639 1858 699 1861 639 1858 638 1860 698 1862 638 1860 697 1859 698 1862 699 1861 638 1860</p>
        </triangles>
      </mesh>
    </geometry>
  </library_geometries>
  <library_visual_scenes>
    <visual_scene id="Scene" name="Scene">
      <node id="obj1_001" name="obj1.001" type="NODE">
        <matrix sid="transform">1 0 0 0 0 -4.37114e-8 -1 0 0 1 -4.37114e-8 0 0 0 0 1</matrix>
        <instance_geometry url="#obj1_001-mesh" name="obj1.001">
          <bind_material>
            <technique_common>
              <instance_material symbol="Default_OBJ-material" target="#Default_OBJ-material"/>
            </technique_common>
          </bind_material>
        </instance_geometry>
      </node>
    </visual_scene>
  </library_visual_scenes>
  <scene>
    <instance_visual_scene url="#Scene"/>
  </scene>
</COLLADA>