<?xml version="1.0" encoding="utf-8"?>
<COLLADA xmlns="http://www.collada.org/2005/11/COLLADASchema" version="1.4.1" xmlns:xsi="http://www.w3.org/2001/XMLSchema-instance">
  <asset>
    <contributor>
      <author>Blender User</author>
      <authoring_tool>Blender 3.0.1</authoring_tool>
    </contributor>
    <created>2024-04-29T20:59:48</created>
    <modified>2024-04-29T20:59:48</modified>
    <unit name="meter" meter="1"/>
    <up_axis>Z_UP</up_axis>
  </asset>
  <library_effects>
    <effect id="Default_OBJ_001-effect">
      <profile_COMMON>
        <technique sid="common">
          <lambert>
            <emission>
              <color sid="emission">0 0 0 1</color>
            </emission>
            <diffuse>
              <color sid="diffuse">0.8 0.8 0.8 1</color>
            </diffuse>
            <index_of_refraction>
              <float sid="ior">1.45</float>
            </index_of_refraction>
          </lambert>
        </technique>
      </profile_COMMON>
    </effect>
  </library_effects>
  <library_images/>
  <library_materials>
    <material id="Default_OBJ_001-material" name="Default_OBJ.001">
      <instance_effect url="#Default_OBJ_001-effect"/>
    </material>
  </library_materials>
  <library_geometries>
    <geometry id="obj1_002-mesh" name="obj1.002">
      <mesh>
        <source id="obj1_002-mesh-positions">
          <float_array id="obj1_002-mesh-positions-array" count="5898">91.39148 7.007244 -61.48077 92.52182 7.285789 -60.28097 92.69962 7.007244 -60.17264 91.21532 7.285789 -61.58748 107.8995 -9.339684 -77.98879 109.2615 -9.290569 -77.02066 107.955 -9.290569 -78.32717 109.2076 -9.339684 -76.68064 60.80013 12.07124 -82.0909 60.96128 12.01814 -81.78919 60.87682 12.0894 -82.15804 60.74237 12.00463 -82.03664 61.20555 12.07471 -81.92278 60.95189 12.05423 -82.22005 59.99961 11.87831 -83.52765 59.29895 11.63386 -84.2289 59.27367 11.5281 -84.96091 58.8268 11.04947 -86.37447 58.49772 10.84243 -86.62859 58.65118 9.97317 -88.72391 58.4216 9.696895 -89.01836 58.72768 8.883324 -90.35546 59.19087 8.639311 -90.87821 59.32175 7.96279 -91.62058 60.39525 7.171076 -92.63924 60.31367 7.149127 -92.69908 60.23221 7.08916 -92.72116 60.17271 7.007245 -92.69954 76.74021 -9.257768 -109.2292 76.68071 -9.339683 -109.2075 76.82167 -9.197802 -109.2071 76.90325 -9.175853 -109.1472 77.46497 -10.05393 -109.8658 78.35923 -10.75364 -110.3848 77.75241 -9.943019 -109.8475 79.34526 -11.42457 -110.7538 78.72953 -10.6913 -110.3817 86.89467 -14.01955 -108.9387 85.9877 -14.15518 -109.6264 85.79077 -13.83991 -109.6797 87.90142 -14.07993 -108.0539 87.00403 -14.30739 -108.9175 87.94846 -14.15924 -108.1009 87.96117 -14.26119 -108.1137 87.93614 -14.35848 -108.0886 77.59697 -9.903888 -109.8579 77.52207 -9.96983 -109.8855 78.41359 -10.6674 -110.4028 79.39661 -11.33627 -110.7707 79.81053 -11.40226 -110.7366 79.76296 -11.45025 -110.8151 79.7064 -11.52927 -110.8507 80.403 -12.05305 -110.9655 80.45111 -11.96282 -110.9817 80.96883 -12.0584 -110.9036 80.9348 -12.11406 -110.9839 80.88816 -12.19871 -111.021 81.51093 -12.62629 -111.0153 81.55564 -12.53431 -111.0314 82.17589 -12.64356 -110.8783 82.15598 -12.70607 -110.9584 82.11966 -12.79572 -110.9953 82.64647 -13.13263 -110.9024 82.68772 -13.0391 -110.9189 83.40198 -13.14333 -110.6617 83.39641 -13.21169 -110.7392 83.37059 -13.30562 -110.7743 83.78653 -13.56176 -110.6291 83.82427 -13.46692 -110.6463 84.61692 -13.54542 -110.2588 84.62555 -13.61847 -110.3317 84.61014 -13.71585 -110.3633 84.90789 -13.90494 -110.2009 84.94219 -13.80904 -110.2194 85.81314 -13.91641 -109.7458 85.80779 -14.01631 -109.7724 86.92995 -14.09815 -108.9961 86.93404 -14.19959 -109.0164 108.054 -14.07993 -87.90134 108.101 -14.15924 -87.94838 108.1137 -14.26119 -87.96109 108.0887 -14.35848 -87.93607 108.9176 -14.30739 -87.00394 109.6265 -14.15518 -85.98763 108.9266 -14.02134 -86.91037 110.2009 -13.90494 -84.90781 109.66 -13.84695 -85.82472 110.6292 -13.56176 -83.78646 110.2367 -13.56094 -84.67038 109.8659 -10.05393 -77.46489 109.9292 -10.04482 -77.87638 108.9205 -14.10874 -87.02692 108.9401 -14.21027 -87.03183 109.6468 -14.05852 -86.01863 110.2195 -13.80904 -84.94211 110.6464 -13.46692 -83.82419 110.6429 -13.17013 -83.47489 110.7202 -13.2388 -83.47017 110.7551 -13.33297 -83.44498 110.9025 -13.13263 -82.6464 110.9189 -13.0391 -82.68764 110.8689 -12.68388 -82.26682 110.9488 -12.74686 -82.24797 110.9856 -12.83686 -82.21245 111.0154 -12.62629 -81.51085 111.0315 -12.53431 -81.55556 110.9092 -12.1138 -81.07506 110.9897 -12.17011 -81.04228 111.0268 -12.25523 -80.99654 110.9655 -12.05305 -80.40293 110.9818 -11.96282 -80.45104 110.763 -11.47351 -79.92809 110.8417 -11.52233 -79.88188 110.8776 -11.60197 -79.82633 110.7539 -11.42457 -79.34519 110.7708 -11.33627 -79.39653 110.4337 -10.77831 -78.85329 110.5086 -10.81901 -78.79453 110.5417 -10.89269 -78.72977 110.3849 -10.75364 -78.35915 110.4029 -10.6674 -78.41352 109.9982 -10.07694 -77.80617 110.0269 -10.14434 -77.73305 91.46831 8.195942 -59.49625 90.89495 8.509723 -58.94275 90.22681 9.082826 -58.9465 88.93375 9.859304 -58.67131 88.69193 9.87544 -58.38742 86.631 10.94909 -58.77301 86.2871 10.97699 -58.56744 84.83968 11.46844 -59.02228 84.32459 11.70301 -59.55672 83.37911 11.82478 -59.76315 82.22013 12.05423 -60.95181 82.15811 12.0894 -60.87674 82.09098 12.07124 -60.80005 82.03672 12.00463 -60.74229 81.92285 12.07471 -61.20547 81.78926 12.01814 -60.9612 90.91559 -0.08466696 -76.77338 91.98703 -0.353462 -76.24481 92.97373 -1.002389 -76.56877 90.38703 -0.353462 -77.84482 92.76912 -1.920112 -78.62691 93.29767 -1.651317 -77.55545 77.8449 -0.353461 -90.38695 78.83159 -1.002389 -90.71091 90.71099 -1.002389 -78.83152 76.77346 -0.08466696 -90.91551 91.69768 -1.651317 -79.15546 76.24489 -0.353461 -91.98696 79.15554 -1.651316 -91.69759 76.56885 -1.002389 -92.97365 77.55554 -1.651316 -93.29759 78.62698 -1.920111 -92.76905 61.20555 12.18987 -81.35802 81.3581 12.18987 -61.20547 -91.39138 7.007238 61.48084 -92.52173 7.285784 60.28104 -92.69953 7.007238 60.17269 -91.21523 7.285784 61.58753 -107.8994 -9.339692 77.98884 -109.2614 -9.290576 77.02073 -107.9549 -9.290576 78.32722 -109.2075 -9.339692 76.68069 -60.80004 12.07123 82.09096 -60.96118 12.01813 81.78924 -60.87673 12.08939 82.1581 -60.74227 12.00462 82.0367 -61.20545 12.07471 81.92283 -60.95179 12.05423 82.22011 -59.99942 11.87833 83.52774 -59.29872 11.63394 84.22892 -59.27339 11.5282 84.96093 -58.82642 11.04964 86.37446 -58.49732 10.84261 86.62858 -58.65078 9.973334 88.72392 -58.42121 9.697051 89.01837 -58.7274 8.883417 90.35549 -59.19065 8.639372 90.87826 -59.3216 7.962815 91.62064 -60.39515 7.171068 92.6393 -60.31357 7.149119 92.69915 -60.23212 7.089153 92.72122 -60.17261 7.007237 92.6996 -76.68062 -9.339693 109.2076 -76.74011 -9.257778 109.2292 -76.82157 -9.197812 109.2071 -76.90316 -9.175863 109.1473 -77.46488 -10.05394 109.8659 -78.35913 -10.75365 110.3849 -77.75231 -9.943029 109.8476 -79.34516 -11.42457 110.7539 -78.72943 -10.6913 110.3818 -86.89458 -14.01956 108.9387 -85.98761 -14.15519 109.6265 -85.79068 -13.83992 109.6798 -87.90131 -14.07994 108.0539 -87.00392 -14.3074 108.9176 -87.94837 -14.15925 108.101 -87.96108 -14.2612 108.1137 -87.93604 -14.35848 108.0887 -77.59688 -9.903898 109.8579 -77.52198 -9.96984 109.8855 -78.4135 -10.6674 110.4029 -79.3965 -11.33627 110.7708 -79.81044 -11.40227 110.7367 -79.76287 -11.45026 110.8151 -79.7063 -11.52928 110.8508 -80.40291 -12.05306 110.9655 -80.45102 -11.96283 110.9817 -80.96874 -12.05841 110.9036 -80.93471 -12.11407 110.984 -80.88806 -12.19872 111.0211 -81.51084 -12.6263 111.0154 -81.55554 -12.53432 111.0315 -82.17578 -12.64357 110.8784 -82.15589 -12.70608 110.9585 -82.11957 -12.79573 110.9954 -82.64638 -13.13264 110.9025 -82.68761 -13.03911 110.9189 -83.40187 -13.14334 110.6617 -83.3963 -13.2117 110.7393 -83.3705 -13.30563 110.7743 -83.78644 -13.56177 110.6291 -83.82418 -13.46693 110.6464 -84.61681 -13.54543 110.2589 -84.62546 -13.61848 110.3317 -84.61005 -13.71586 110.3633 -84.90779 -13.90495 110.2009 -84.9421 -13.80905 110.2195 -85.81305 -13.91642 109.7459 -85.8077 -14.01632 109.7725 -86.92986 -14.09816 108.9961 -86.93395 -14.1996 109.0164 -108.0886 -14.35848 87.93612 -108.1136 -14.2612 87.96115 -108.1009 -14.15925 87.94844 -108.0539 -14.07994 87.90139 -109.6264 -14.15519 85.98769 -108.9175 -14.3074 87.00401 -108.9265 -14.02134 86.91043 -110.2008 -13.90495 84.90786 -109.6599 -13.84696 85.82479 -110.6291 -13.56177 83.78651 -110.2366 -13.56094 84.67044 -109.8658 -10.05394 77.46495 -109.9291 -10.04483 77.87643 -108.9204 -14.10875 87.02698 -108.94 -14.21027 87.03189 -109.6467 -14.05853 86.01869 -110.2194 -13.80905 84.94217 -110.6463 -13.46692 83.82425 -110.6428 -13.17014 83.47495 -110.7201 -13.23881 83.47023 -110.755 -13.33297 83.44504 -110.9024 -13.13264 82.64646 -110.9188 -13.03911 82.68769 -110.8688 -12.68389 82.26689 -110.9487 -12.74687 82.24803 -110.9856 -12.83687 82.21251 -111.0153 -12.6263 81.51091 -111.0314 -12.53432 81.55562 -110.9091 -12.11381 81.07512 -110.9896 -12.17012 81.04234 -111.0267 -12.25524 80.99661 -110.9654 -12.05306 80.40299 -110.9817 -11.96283 80.45109 -110.7629 -11.47352 79.92814 -110.8416 -11.52234 79.88195 -110.8776 -11.60198 79.82639 -110.7538 -11.42457 79.34524 -110.7707 -11.33627 79.39659 -110.4336 -10.77832 78.85335 -110.5085 -10.81901 78.79458 -110.5416 -10.8927 78.72982 -110.3848 -10.75365 78.35921 -110.4028 -10.6674 78.41357 -109.9981 -10.07694 77.80623 -110.0268 -10.14435 77.73311 -91.46146 8.202567 59.48967 -90.8973 8.509853 58.94008 -90.22942 9.082837 58.94383 -88.9347 9.858842 58.67125 -88.69258 9.874962 58.38768 -86.63181 10.94888 58.77259 -86.28818 10.97644 58.56742 -84.84157 11.46623 59.02479 -84.32614 11.70106 59.55907 -83.37482 11.8246 59.76776 -82.22003 12.05423 60.95187 -82.15802 12.08939 60.8768 -82.09088 12.07123 60.80011 -82.03662 12.00462 60.74235 -81.92275 12.07471 61.20553 -81.78917 12.01813 60.96126 -76.56874 -1.002397 92.9737 -77.55544 -1.651325 93.29766 -78.62688 -1.920119 92.7691 -79.15544 -1.651325 91.69766 -76.2448 -0.353469 91.98701 -76.77335 -0.08467495 90.91557 -77.84481 -0.353469 90.38701 -91.69757 -1.651324 79.15552 -90.71088 -1.002396 78.83157 -78.83148 -1.002397 90.71096 -92.76902 -1.920118 78.62696 -90.38694 -0.353468 77.84487 -93.29758 -1.651324 77.55552 -92.97362 -1.002396 76.56883 -91.98694 -0.353468 76.24488 -90.91548 -0.084674 76.77343 -61.20545 12.18986 81.35808 -81.358 12.18986 61.20553 -25.16031 5.789866 -19.66361 -24.94126 5.789866 -19.69631 -25.16031 4.189866 -19.66361 -24.94126 4.189866 -19.69631 -24.74131 5.789866 -19.79156 -24.74131 4.189866 -19.79156 -24.5779 5.789866 -19.94106 -24.5779 4.189866 -19.94106 -26.3065 5.789866 -19.66361 -26.3065 4.189866 -19.66361 -50.89995 -3.060134 -19.66361 -26.3065 -3.060134 -19.66361 -50.89995 11.43987 -19.66361 -26.3065 11.43987 -19.66361 -25.37295 5.789864 20.06454 -25.37295 4.189864 20.06454 -25.02837 5.789864 19.93381 -25.02837 4.189864 19.93381 -24.66312 5.789864 19.98299 -24.66312 4.189864 19.98299 -24.36539 5.789864 20.20023 -24.36539 4.189864 20.20023 -25.44449 4.189864 20.11462 -31.33014 -3.060136 24.2358 -25.44449 -3.060136 20.11462 -31.33014 11.43986 24.2358 -25.44449 5.789864 20.11462 -25.44449 11.43986 20.11462 25.16041 4.189864 19.66366 25.16041 5.789864 19.66366 24.94135 4.189864 19.69637 24.94135 5.789864 19.69637 24.7414 5.789864 19.79162 24.7414 4.189864 19.79162 24.57799 5.789864 19.94112 24.57799 4.189864 19.94112 26.3066 5.789864 19.66366 26.3066 4.189864 19.66366 50.90005 -3.060136 19.66366 26.3066 -3.060136 19.66366 50.90005 11.43986 19.66366 26.3066 11.43986 19.66366 25.37305 4.189866 -20.06448 25.02846 4.189866 -19.93375 25.37305 5.789866 -20.06448 25.02846 5.789866 -19.93375 24.66321 4.189866 -19.98293 24.66321 5.789866 -19.98293 24.36549 4.189866 -20.20017 24.36549 5.789866 -20.20017 25.44458 4.189866 -20.11457 31.33023 -3.060134 -24.23575 25.44458 -3.060134 -20.11457 31.33023 11.43987 -24.23575 25.44458 5.789866 -20.11457 25.44458 11.43987 -20.11457 -25.77914 -3.435134 -18.53444 -25.56088 -3.060134 -18.99447 -25.69756 -3.060134 -18.47579 -25.93838 -3.14376 -19.56167 -26.3065 -3.435134 -19.56312 -25.80558 -3.060134 -19.47179 -25.78363 -3.523833 -19.1858 -26.3065 -3.810134 -18.91361 -26.3065 -3.709653 -19.28861 -26.00203 -3.709653 -18.6947 -25.69756 4.189866 -18.47579 -25.56088 4.189866 -18.99447 -25.80558 4.189866 -19.47179 -50.89995 -3.810136 30.12617 -50.95106 -3.810136 30.5144 -51.27495 -3.709655 30.12617 -51.66342 -3.435136 30.55141 -51.79857 -3.435136 30.72755 -51.86962 -3.060136 30.65649 -51.75043 -3.060136 30.50117 -51.57845 -3.435136 30.34628 -51.67551 -3.060136 30.32028 -51.64995 -3.060136 30.12617 -51.54947 -3.435136 30.12617 -51.42567 -3.709655 30.68867 -51.60446 -3.709655 30.92166 -51.33929 -3.810136 31.18683 -51.10092 -3.810136 30.87617 -51.31329 -3.709655 30.41734 -25.12925 -3.060136 19.4175 -25.35596 -3.435136 19.10935 -25.27572 -3.060136 19.04887 -25.50212 -3.435136 20.03232 -25.19129 -3.060136 19.80928 -25.59119 -3.744518 19.61757 -25.87467 -3.810136 19.50026 -25.57519 -3.709655 19.27457 -25.65958 -3.709655 19.80744 -25.19029 -3.343616 19.61757 -25.27572 4.189864 19.04887 -25.12925 4.189864 19.4175 -25.19129 4.189864 19.80928 -32.13479 -3.709656 52.81774 -32.39995 -3.810137 52.55257 -32.02495 -3.709656 52.55257 -31.75044 -3.435137 52.55257 -31.94067 -3.435137 53.01185 -31.67551 -3.060137 52.74669 -31.64995 -3.060137 52.55257 -31.75044 -3.060137 52.92757 -31.86962 -3.060137 53.0829 -50.89995 -3.709653 -19.28861 -50.89995 -3.810134 -18.91361 -51.27495 -3.709653 -18.91361 -51.54947 -3.060134 -19.28861 -51.54947 -3.435134 -18.91361 -51.64995 -3.060134 -18.91361 -50.89995 -3.435134 -19.56312 -51.27495 -3.060134 -19.56312 -51.00573 -3.613107 -19.40911 -51.45292 -3.165915 -19.40911 -51.79857 11.81486 30.72755 -51.75043 11.43986 30.50117 -51.86962 11.43986 30.65649 -50.95106 12.18986 30.5144 -50.89995 12.18986 30.12617 -51.27495 12.08938 30.12617 -51.57845 11.81486 30.34628 -51.54947 11.81486 30.12617 -51.64995 11.43986 30.12617 -51.67551 11.43986 30.32028 -51.66342 11.81486 30.55141 -51.31329 12.08938 30.41734 -51.42567 12.08938 30.68867 -51.60446 12.08938 30.92166 -51.33929 12.18986 31.18683 -51.10092 12.18986 30.87617 -81.71199 11.43986 60.49887 -31.75044 -3.435136 24.85017 -31.61189 -3.060136 24.61426 -31.64995 -3.060136 24.85017 -31.58214 -3.435136 24.34229 -31.38777 -3.435136 24.1535 -31.50155 -3.060136 24.4023 -31.70726 -3.435136 24.58265 -31.80234 -3.709655 24.17836 -31.54523 -3.709655 23.92862 -31.76032 -3.810136 23.62144 -32.10314 -3.810136 23.95443 -31.96785 -3.709655 24.49631 -32.02495 -3.709655 24.85017 -32.39995 -3.810136 24.85017 -32.32382 -3.810136 24.37835 -31.75044 11.81486 52.55257 -31.67551 11.43986 52.74669 -31.64995 11.43986 52.55257 -31.94067 11.81486 53.01185 -31.86962 11.43986 53.0829 -31.75044 11.43986 52.92757 -32.13479 12.08938 52.81774 -32.02495 12.08938 52.55257 -32.39995 12.18986 52.55257 -51.54947 11.43987 -19.28861 -51.64995 11.43987 -18.91361 -51.54947 11.81487 -18.91361 -50.89995 12.08938 -19.28861 -51.27495 12.08938 -18.91361 -50.89995 12.18987 -18.91361 -51.27495 11.43987 -19.56312 -50.89995 11.81487 -19.56312 -51.45292 11.54565 -19.40911 -51.00573 11.99284 -19.40911 -31.38777 11.81486 24.1535 -31.50155 11.43986 24.4023 -32.32382 12.18986 24.37835 -32.39995 12.18986 24.85017 -32.02495 12.08938 24.85017 -31.70726 11.81486 24.58265 -31.75044 11.81486 24.85017 -31.64995 11.43986 24.85017 -31.61189 11.43986 24.61426 -31.58214 11.81486 24.34229 -31.54523 12.08938 23.92862 -31.96785 12.08938 24.49631 -31.80234 12.08938 24.17836 -31.76032 12.18986 23.62144 -32.10314 12.18986 23.95443 -25.56088 11.43987 -18.99447 -25.77914 11.81487 -18.53444 -25.69756 11.43987 -18.47579 -25.78363 11.90357 -19.1858 -26.3065 12.18987 -18.91361 -26.00203 12.08938 -18.6947 -25.80558 11.43987 -19.47179 -26.3065 11.81487 -19.56312 -26.3065 12.08938 -19.28861 -25.93838 11.52349 -19.56167 -25.69756 5.789866 -18.47579 -25.56088 5.789866 -18.99447 -25.80558 5.789866 -19.47179 -25.35596 11.81486 19.10935 -25.12925 11.43986 19.4175 -25.27572 11.43986 19.04887 -25.50212 11.81486 20.03232 -25.19129 11.43986 19.80928 -25.19029 11.72334 19.61757 -25.65958 12.08938 19.80744 -25.57519 12.08938 19.27457 -25.59119 12.12425 19.61757 -25.87467 12.18986 19.50026 -25.12925 5.789864 19.4175 -25.27572 5.789864 19.04887 -25.19129 5.789864 19.80928 -26.56847 11.43987 -17.19987 -27.19806 12.18987 -17.60745 -26.25819 11.81486 17.84934 -26.1751 11.43986 17.79285 -26.48523 12.08938 18.00366 -26.79536 12.18986 18.21448 -27.09787 11.81486 16.54681 -27.01212 11.43986 16.49444 -27.33217 12.08938 16.68987 -27.65221 12.18986 16.88531 -27.87299 11.81486 15.20486 -27.78478 11.43986 15.15674 -28.49125 11.43986 13.78293 -28.11399 12.08938 15.33632 -28.44319 12.18986 15.5159 -28.58171 11.81486 13.82668 -28.82883 12.08938 13.94623 -29.16641 12.18986 14.10954 -29.22233 11.81486 12.41557 -29.12985 11.43986 12.37627 -29.69905 11.43986 10.94014 -29.47499 12.08938 12.52291 -29.82013 12.18986 12.66956 -29.79334 11.81486 10.97488 -30.05093 12.08938 11.06976 -30.40282 12.18986 11.19939 -30.29337 11.81486 9.508035 -30.1975 11.43986 9.477945 -30.55529 12.08938 9.59025 -30.91308 12.18986 9.702547 -30.72122 11.81486 8.018548 -30.624 11.43986 7.993172 -30.98684 12.08938 8.087877 -31.71161 12.18986 6.643128 -31.34969 12.18986 8.18258 -31.07589 11.81486 6.509957 -30.97754 11.43986 6.48935 -31.34458 12.08938 6.566239 -31.35653 11.81486 4.985856 -31.25729 11.43986 4.97007 -31.62764 12.08938 5.028962 -31.99799 12.18986 5.087845 -31.56245 11.81486 3.449875 -31.46257 11.43986 3.438958 -31.83535 12.08938 3.479699 -32.34154 12.18986 1.944657 -32.20813 12.18986 3.520447 -31.6932 11.81486 1.905671 -31.5929 11.43986 1.899643 -31.96722 12.08938 1.92215 -31.74843 11.81486 0.356934 -31.64795 11.43986 0.355805 -32.02293 12.08938 0.360024 -32.39791 12.18986 0.364235 -31.72802 11.81486 -1.192657 -31.62761 11.43986 -1.18888 -32.00235 12.08938 -1.202964 -32.37709 12.18986 -1.217056 -31.63204 11.81486 -2.739402 -31.53193 11.43986 -2.730735 -31.90553 12.08938 -2.763084 -32.27913 12.18986 -2.79544 -31.46068 11.81486 -4.279624 -31.36112 11.43986 -4.266082 -31.7327 12.08938 -4.316627 -32.10427 12.18986 -4.367172 -31.21438 11.81486 -5.809646 -31.1156 11.43986 -5.791267 -31.48427 12.08938 -5.859878 -31.85294 12.18986 -5.928497 -30.89372 11.81486 -7.325836 -30.79595 11.43986 -7.30265 -31.16083 12.08938 -7.389175 -31.12338 12.18986 -9.005088 -31.52571 12.18986 -7.4757 -30.49946 11.81486 -8.824569 -30.40293 11.43986 -8.796638 -30.76316 12.08938 -8.900863 -30.03253 11.81486 -10.30228 -29.93749 11.43986 -10.26967 -30.2922 12.08938 -10.39135 -30.09741 12.18987 -11.99592 -30.6469 12.18986 -10.51303 -29.49405 11.81487 -11.75544 -29.40072 11.43987 -11.71824 -29.74906 12.08938 -11.85708 -28.88532 11.81487 -13.18059 -28.7939 11.43987 -13.13888 -29.13506 12.08938 -13.29456 -29.47622 12.18987 -13.45023 -28.20776 11.81487 -14.57435 -28.11849 11.43987 -14.52824 -28.45165 12.08938 -14.70037 -28.78481 12.18987 -14.8725 -27.463 11.81487 -15.93339 -27.37609 11.43987 -15.88297 -27.70045 12.08938 -16.07116 -28.02482 12.18987 -16.25935 -26.65282 11.81487 -17.25447 -26.88326 12.08938 -17.40366 -60.49879 11.43986 81.71208 -52.4319 -3.810138 72.58451 -52.16673 -3.709657 72.84968 -51.97261 -3.435138 73.0438 -51.90156 -3.060138 73.11485 -52.87374 -3.960359 74.08702 -52.78446 -3.99987 72.93708 -52.95864 -4.473071 73.11126 -52.86631 -4.990324 73.01894 -26.56847 -3.060134 -17.19987 -26.65282 -3.435134 -17.25447 -26.88326 -3.709653 -17.40366 -27.19806 -3.810134 -17.60745 -27.463 -3.435134 -15.9334 -27.37609 -3.060134 -15.88297 -27.70045 -3.709653 -16.07116 -28.02482 -3.810134 -16.25935 -28.20776 -3.435134 -14.57436 -28.11849 -3.060134 -14.52824 -28.7939 -3.060134 -13.13888 -28.45165 -3.709653 -14.70037 -28.78481 -3.810134 -14.8725 -28.88532 -3.435134 -13.1806 -29.13506 -3.709653 -13.29456 -29.47622 -3.810134 -13.45023 -29.49405 -3.435134 -11.75544 -29.40072 -3.060134 -11.71824 -29.74906 -3.709653 -11.85708 -30.09741 -3.810134 -11.99592 -30.03253 -3.435134 -10.30228 -29.93749 -3.060134 -10.26967 -30.40293 -3.060134 -8.796638 -30.2922 -3.709653 -10.39135 -30.6469 -3.810134 -10.51303 -30.49946 -3.435134 -8.82457 -30.79595 -3.060135 -7.30265 -30.76316 -3.709653 -8.900864 -31.12338 -3.810134 -9.005089 -30.89372 -3.435135 -7.325836 -31.16083 -3.709654 -7.389175 -31.52571 -3.810135 -7.4757 -31.21438 -3.435135 -5.809647 -31.1156 -3.060135 -5.791267 -31.48427 -3.709654 -5.859879 -31.85294 -3.810135 -5.928497 -31.46068 -3.435135 -4.279625 -31.36112 -3.060135 -4.266083 -31.7327 -3.709654 -4.316628 -32.10427 -3.810135 -4.367172 -31.63204 -3.435135 -2.739403 -31.53193 -3.060135 -2.730736 -31.90553 -3.709654 -2.763085 -32.27913 -3.810135 -2.795441 -31.72802 -3.435135 -1.192658 -31.62761 -3.060135 -1.188881 -31.64795 -3.060135 0.355804 -32.00235 -3.709654 -1.202965 -32.37709 -3.810135 -1.217056 -31.74843 -3.435135 0.356933 -32.02293 -3.709654 0.360023 -32.39791 -3.810135 0.364235 -31.6932 -3.435135 1.90567 -31.5929 -3.060135 1.899643 -31.96722 -3.709654 1.92215 -32.34154 -3.810135 1.944656 -31.56245 -3.435135 3.449875 -31.46257 -3.060135 3.438957 -31.25729 -3.060135 4.97007 -31.83535 -3.709654 3.479698 -32.20813 -3.810135 3.520447 -31.35653 -3.435135 4.985855 -30.97754 -3.060135 6.489349 -31.62764 -3.709654 5.028961 -31.99799 -3.810135 5.087845 -31.07589 -3.435135 6.509956 -31.34458 -3.709654 6.566238 -31.71161 -3.810135 6.643127 -30.72122 -3.435135 8.018548 -30.624 -3.060135 7.993172 -30.1975 -3.060135 9.477944 -30.98684 -3.709654 8.087876 -31.34969 -3.810135 8.182579 -30.29337 -3.435135 9.508034 -29.69905 -3.060135 10.94014 -30.55529 -3.709654 9.590249 -30.91308 -3.810135 9.702546 -29.79334 -3.435135 10.97488 -30.05093 -3.709654 11.06976 -30.40282 -3.810135 11.19939 -29.22233 -3.435135 12.41556 -29.12985 -3.060135 12.37627 -28.49125 -3.060136 13.78293 -29.47499 -3.709654 12.52291 -29.82013 -3.810135 12.66956 -28.58171 -3.435136 13.82668 -28.82883 -3.709655 13.94623 -28.44319 -3.810136 15.5159 -29.16641 -3.810136 14.10953 -27.87299 -3.435136 15.20486 -27.78478 -3.060136 15.15674 -28.11399 -3.709655 15.33632 -27.09787 -3.435136 16.54681 -27.01212 -3.060136 16.49444 -27.33217 -3.709655 16.68987 -27.65221 -3.810136 16.88531 -26.25819 -3.435136 17.84934 -26.1751 -3.060136 17.79285 -26.48523 -3.709655 18.00366 -26.79536 -3.810136 18.21448 -74.08695 -3.960358 52.87382 -73.11118 -4.47307 52.95871 -73.01886 -4.990323 52.86639 -73.11476 -3.060137 51.90164 -73.04372 -3.435137 51.97269 -72.937 -3.999869 52.78453 -72.8496 -3.709656 52.1668 -72.58444 -3.810137 52.43197 -26.56847 5.789866 -17.19987 -27.37609 5.789865 -15.88297 -28.11849 5.789865 -14.52824 -28.7939 5.789865 -13.13888 -29.40072 5.789865 -11.71824 -29.93749 5.789865 -10.26967 -30.40293 5.789865 -8.796638 -30.79595 5.789865 -7.30265 -31.1156 5.789865 -5.791267 -31.36112 5.789865 -4.266082 -31.53193 5.789865 -2.730736 -31.62761 5.789865 -1.188881 -31.64795 5.789865 0.355805 -31.5929 5.789865 1.899643 -31.46257 5.789865 3.438957 -31.25729 5.789865 4.97007 -30.97754 5.789865 6.48935 -30.624 5.789865 7.993172 -30.1975 5.789865 9.477944 -29.69905 5.789865 10.94014 -29.12985 5.789865 12.37627 -28.49125 5.789865 13.78293 -27.78478 5.789865 15.15674 -27.01212 5.789864 16.49444 -26.1751 5.789864 17.79285 25.56097 -3.060136 18.99453 25.69765 -3.060136 18.47585 25.77923 -3.435136 18.5345 25.78373 -3.523835 19.18586 26.3066 -3.810136 18.91366 26.3066 -3.709655 19.28866 26.3066 -3.435136 19.56318 25.80568 -3.060136 19.47185 26.00213 -3.709655 18.69476 25.93848 -3.143762 19.56173 25.69765 4.189864 18.47585 25.56097 4.189864 18.99453 25.80568 4.189864 19.47185 51.54957 -3.435133 -30.12611 51.6756 -3.060133 -30.32022 51.65005 -3.060133 -30.12611 50.90005 -3.810133 -30.12611 50.95116 -3.810133 -30.51433 51.27505 -3.709652 -30.12611 51.66351 -3.435133 -30.55135 51.79867 -3.435133 -30.72749 51.86972 -3.060133 -30.65643 51.75053 -3.060133 -30.50111 51.57854 -3.435133 -30.34622 51.42577 -3.709652 -30.68861 51.60455 -3.709652 -30.9216 51.33938 -3.810133 -31.18677 51.10101 -3.810133 -30.87611 51.31338 -3.709652 -30.41728 25.50222 -3.435134 -20.03226 25.19139 -3.060134 -19.80923 25.35606 -3.435134 -19.10928 25.27581 -3.060134 -19.04881 25.12934 -3.060134 -19.41744 25.19038 -3.343614 -19.61751 25.57529 -3.709653 -19.27451 25.65967 -3.709653 -19.80739 25.59128 -3.744516 -19.61751 25.87476 -3.810134 -19.50021 25.27581 4.189866 -19.04881 25.12934 4.189866 -19.41744 25.19139 4.189866 -19.80923 31.94077 -3.435133 -53.01179 31.6756 -3.060133 -52.74663 31.75053 -3.060133 -52.92752 31.86972 -3.060133 -53.08284 31.75053 -3.435133 -52.55252 31.65005 -3.060133 -52.55252 32.13488 -3.709651 -52.81767 32.02505 -3.709651 -52.55252 32.40005 -3.810133 -52.55252 50.90005 -3.435136 19.56318 51.27505 -3.060136 19.56318 51.54957 -3.435136 18.91366 51.65005 -3.060136 18.91366 51.54957 -3.060136 19.28866 50.90005 -3.810136 18.91366 51.27505 -3.709655 18.91366 50.90005 -3.709655 19.28866 51.45302 -3.165916 19.40917 51.00583 -3.613109 19.40917 51.33938 12.18987 -31.18677 51.10101 12.18987 -30.87611 51.60455 12.08938 -30.9216 51.57854 11.81487 -30.34622 51.54957 11.81487 -30.12611 51.65005 11.43987 -30.12611 51.6756 11.43987 -30.32022 51.66351 11.81487 -30.55135 51.75053 11.43987 -30.50111 51.86972 11.43987 -30.65643 51.79867 11.81487 -30.72749 51.31338 12.08938 -30.41728 51.27505 12.08938 -30.12611 50.90005 12.18987 -30.12611 50.95116 12.18987 -30.51433 51.42577 12.08938 -30.68861 81.7121 11.43987 -60.49881 31.75053 -3.435134 -24.85011 31.61198 -3.060134 -24.6142 31.65005 -3.060134 -24.85011 32.40005 -3.810134 -24.85011 32.32391 -3.810134 -24.3783 32.02505 -3.709653 -24.85011 31.58224 -3.435134 -24.34224 31.38786 -3.435134 -24.15343 31.54532 -3.709653 -23.92856 31.50164 -3.060134 -24.40224 31.70736 -3.435134 -24.5826 31.80244 -3.709653 -24.1783 31.76041 -3.810134 -23.62138 32.10323 -3.810134 -23.95438 31.96795 -3.709653 -24.49625 32.02505 12.08939 -52.55252 32.40005 12.18987 -52.55252 32.13488 12.08939 -52.81767 31.75053 11.43987 -52.92752 31.94077 11.81487 -53.01179 31.86972 11.43987 -53.08284 31.75053 11.81487 -52.55252 31.6756 11.43987 -52.74663 31.65005 11.43987 -52.55252 51.27505 11.43986 19.56318 50.90005 11.81486 19.56318 51.27505 12.08938 18.91366 50.90005 12.18986 18.91366 50.90005 12.08938 19.28866 51.65005 11.43986 18.91366 51.54957 11.81486 18.91366 51.54957 11.43986 19.28866 51.00583 11.99284 19.40917 51.45302 11.54564 19.40917 31.76041 12.18987 -23.62138 32.10323 12.18987 -23.95438 31.54532 12.08938 -23.92856 31.70736 11.81487 -24.5826 31.75053 11.81487 -24.85011 31.65005 11.43987 -24.85011 31.61198 11.43987 -24.6142 31.58224 11.81487 -24.34224 31.50164 11.43987 -24.40224 31.38786 11.81487 -24.15343 31.96795 12.08938 -24.49625 32.02505 12.08938 -24.85011 32.40005 12.18987 -24.85011 32.32391 12.18987 -24.3783 31.80244 12.08938 -24.1783 25.69765 11.43986 18.47585 25.56097 11.43986 18.99453 25.77923 11.81486 18.5345 25.93848 11.52349 19.56173 25.80568 11.43986 19.47185 26.3066 11.81486 19.56318 25.78373 11.90356 19.18586 26.3066 12.18986 18.91366 26.00213 12.08938 18.69476 26.3066 12.08938 19.28866 25.69765 5.789864 18.47585 25.56097 5.789864 18.99453 25.80568 5.789864 19.47185 25.19139 11.43987 -19.80923 25.50222 11.81487 -20.03226 25.27581 11.43987 -19.04881 25.35606 11.81487 -19.10928 25.12934 11.43987 -19.41744 25.59128 12.12425 -19.61751 25.87476 12.18987 -19.50021 25.65967 12.08938 -19.80739 25.57529 12.08938 -19.27451 25.19038 11.72335 -19.61751 25.27581 5.789866 -19.04881 25.12934 5.789866 -19.41744 25.19139 5.789866 -19.80923 26.17519 11.43987 -17.79279 27.19815 12.18986 17.60751 26.25829 11.81487 -17.84928 26.48532 12.08938 -18.00361 26.79545 12.18987 -18.21442 27.09797 11.81487 -16.54675 27.01221 11.43987 -16.49439 27.33226 12.08938 -16.68981 27.65231 12.18987 -16.88525 27.87309 11.81487 -15.20479 27.78488 11.43987 -15.15668 28.11408 12.08938 -15.33626 28.44329 12.18987 -15.51584 28.5818 11.81487 -13.82662 28.49135 11.43987 -13.78287 28.82892 12.08938 -13.94617 29.1665 12.18987 -14.10947 29.22243 11.81487 -12.41551 29.12995 11.43987 -12.37622 29.47509 12.08938 -12.52286 29.82023 12.18987 -12.66949 29.79343 11.81487 -10.97481 29.69915 11.43987 -10.94009 30.19759 11.43986 -9.47789 30.05103 12.08938 -11.06971 30.40292 12.18987 -11.19932 30.29346 11.81486 -9.50798 30.55538 12.08938 -9.590187 30.91317 12.18986 -9.702484 30.72132 11.81486 -8.018486 30.62409 11.43986 -7.99311 30.98694 12.08938 -8.087814 31.34978 12.18986 -8.182525 31.07599 11.81486 -6.509895 30.97764 11.43986 -6.489295 31.34467 12.08938 -6.566177 31.7117 12.18986 -6.643066 31.35662 11.81486 -4.985794 31.25739 11.43986 -4.970016 31.62773 12.08938 -5.0289 31.99808 12.18986 -5.087783 31.56255 11.81486 -3.449813 31.46267 11.43986 -3.438896 31.59299 11.43986 -1.899581 31.83545 12.08938 -3.479637 32.20822 12.18986 -3.520385 31.69329 11.81486 -1.905616 31.96731 12.08938 -1.922088 32.34164 12.18986 -1.944595 31.74852 11.81486 -0.356872 31.64805 11.43986 -0.355743 32.02302 12.08938 -0.359962 32.398 12.18986 -0.364173 31.72812 11.81486 1.192711 31.62771 11.43986 1.188942 32.00244 12.08938 1.203026 32.37718 12.18986 1.21711 31.63213 11.81486 2.739464 31.53202 11.43986 2.73079 31.36121 11.43986 4.266137 31.90563 12.08938 2.763146 32.27922 12.18986 2.795502 31.46078 11.81486 4.279686 31.73279 12.08938 4.316689 32.10437 12.18986 4.367234 31.21448 11.81486 5.809708 31.11569 11.43986 5.791321 30.79604 11.43986 7.302712 31.48436 12.08938 5.85994 31.85303 12.18986 5.928559 30.89381 11.81486 7.325898 30.40303 11.43986 8.7967 31.16093 12.08938 7.389237 31.52581 12.18986 7.475762 30.49955 11.81486 8.824625 30.76325 12.08938 8.900926 31.12348 12.18986 9.005151 30.03262 11.81486 10.30234 29.93758 11.43986 10.26973 29.40081 11.43986 11.7183 30.29229 12.08938 10.39141 30.647 12.18986 10.51309 29.49415 11.81486 11.7555 29.74916 12.08938 11.85714 29.47632 12.18986 13.4503 30.09751 12.18986 11.99598 28.88541 11.81486 13.18066 28.794 11.43986 13.13895 29.13516 12.08938 13.29462 28.7849 12.18986 14.87257 28.20785 11.81486 14.57442 28.11858 11.43986 14.52829 28.45174 12.08938 14.70043 27.4631 11.81486 15.93346 27.37619 11.43986 15.88303 27.70055 12.08938 16.07121 28.02491 12.18986 16.2594 26.65291 11.81486 17.25453 26.56857 11.43986 17.19993 26.88336 12.08938 17.40372 60.49889 11.43987 -81.71202 52.16682 -3.709651 -72.84963 52.43199 -3.810132 -72.58446 51.97271 -3.435132 -73.04373 51.90166 -3.060132 -73.11479 52.87384 -3.960352 -74.08696 52.78455 -3.999863 -72.93701 52.95873 -4.473064 -73.11121 52.86641 -4.990317 -73.01888 26.17519 -3.060134 -17.79279 26.65291 -3.435136 17.25453 26.56857 -3.060136 17.19993 26.88336 -3.709655 17.40372 27.19815 -3.810136 17.60751 27.4631 -3.435136 15.93346 27.37619 -3.060136 15.88303 27.70055 -3.709655 16.07121 28.02491 -3.810136 16.2594 28.20785 -3.435136 14.57442 28.11858 -3.060136 14.52829 28.45174 -3.709655 14.70043 28.7849 -3.810136 14.87257 28.88541 -3.435135 13.18066 28.794 -3.060135 13.13895 29.13516 -3.709654 13.29462 29.47632 -3.810135 13.45029 29.49415 -3.435135 11.7555 29.40081 -3.060135 11.7183 29.74916 -3.709654 11.85714 30.647 -3.810135 10.51309 30.09751 -3.810135 11.99598 30.03262 -3.435135 10.30234 29.93758 -3.060135 10.26973 30.29229 -3.709654 10.39141 30.49955 -3.435135 8.824624 30.40303 -3.060135 8.7967 30.76325 -3.709654 8.900925 31.12348 -3.810135 9.00515 30.89381 -3.435135 7.325897 30.79604 -3.060135 7.302711 31.16093 -3.709654 7.389236 31.52581 -3.810135 7.475761 31.21448 -3.435135 5.809708 31.11569 -3.060135 5.791321 31.48436 -3.709654 5.85994 31.85303 -3.810135 5.928558 31.46078 -3.435135 4.279686 31.36121 -3.060135 4.266136 31.73279 -3.709654 4.316689 32.10437 -3.810135 4.367233 31.63213 -3.435135 2.739464 31.53202 -3.060135 2.730789 31.90563 -3.709654 2.763145 32.27922 -3.810135 2.795501 31.72812 -3.435135 1.192711 31.62771 -3.060135 1.188942 32.00244 -3.709654 1.203026 32.37718 -3.810135 1.21711 31.74852 -3.435135 -0.356873 31.64805 -3.060135 -0.355744 32.02302 -3.709654 -0.359963 32.398 -3.810135 -0.364174 31.69329 -3.435135 -1.905617 31.59299 -3.060135 -1.899582 31.96731 -3.709654 -1.922089 32.34164 -3.810135 -1.944595 31.56255 -3.435135 -3.449814 31.46267 -3.060135 -3.438896 31.83545 -3.709654 -3.479637 31.99808 -3.810135 -5.087784 32.20822 -3.810135 -3.520386 31.35662 -3.435135 -4.985794 31.25739 -3.060135 -4.970016 31.62773 -3.709654 -5.0289 31.07599 -3.435135 -6.509895 30.97764 -3.060135 -6.489296 31.34467 -3.709654 -6.566177 31.7117 -3.810135 -6.643066 30.72132 -3.435135 -8.018486 30.62409 -3.060135 -7.993111 30.98694 -3.709654 -8.087815 31.34978 -3.810134 -8.182526 30.29346 -3.435134 -9.507981 30.19759 -3.060134 -9.47789 30.55538 -3.709653 -9.590188 30.91317 -3.810134 -9.702485 29.79343 -3.435134 -10.97482 29.69915 -3.060134 -10.94009 30.05103 -3.709653 -11.06971 30.40292 -3.810134 -11.19933 29.22243 -3.435134 -12.41551 29.12995 -3.060134 -12.37622 29.47509 -3.709653 -12.52286 29.1665 -3.810134 -14.10947 29.82023 -3.810134 -12.66949 28.5818 -3.435134 -13.82662 28.49135 -3.060134 -13.78287 28.82892 -3.709653 -13.94617 27.87309 -3.435134 -15.2048 27.78488 -3.060134 -15.15668 28.11408 -3.709653 -15.33626 28.44329 -3.810134 -15.51584 27.09797 -3.435134 -16.54675 27.01221 -3.060134 -16.49439 27.33226 -3.709653 -16.68981 27.65231 -3.810134 -16.88525 26.25829 -3.435134 -17.84928 26.48532 -3.709653 -18.00361 26.79545 -3.810134 -18.21442 74.08704 -3.960353 -52.87376 73.11128 -4.473065 -52.95865 73.01895 -4.990318 -52.86633 73.11486 -3.060133 -51.90158 73.04381 -3.435133 -51.97262 72.93709 -3.999864 -52.78447 72.8497 -3.709651 -52.16675 72.58454 -3.810133 -52.43191 26.56857 5.789864 17.19993 27.37619 5.789865 15.88303 28.11858 5.789865 14.52829 28.794 5.789865 13.13895 29.40081 5.789865 11.7183 29.93758 5.789865 10.26973 30.40303 5.789865 8.7967 30.79604 5.789865 7.302712 31.11569 5.789865 5.791321 31.36121 5.789865 4.266137 31.53202 5.789865 2.730789 31.62771 5.789865 1.188942 31.64805 5.789865 -0.355743 31.59299 5.789865 -1.899582 31.46267 5.789865 -3.438896 31.25739 5.789865 -4.970016 30.97764 5.789865 -6.489295 30.62409 5.789865 -7.99311 30.19759 5.789865 -9.47789 29.69915 5.789865 -10.94009 29.12995 5.789865 -12.37622 28.49135 5.789865 -13.78287 27.78488 5.789865 -15.15668 27.01221 5.789866 -16.49439 26.17519 5.789866 -17.79279 -81.45124 -13.41257 49.05036 -82.23551 -14.12682 49.70867 -85.48021 -7.573668 52.95337 -80.55699 -12.71286 48.5314 -79.57096 -12.04194 48.16236 -78.51322 -11.41345 47.95076 -77.40529 -10.84021 47.90089 -76.26975 -10.33387 48.01379 -75.12969 -9.904741 48.28713 -74.00833 -9.561563 48.71537 -72.9285 -9.311322 49.28977 -71.91219 -9.15911 49.99867 -70.98007 -9.108025 50.82761 -50.82753 -9.108026 70.98015 -49.70859 -14.12682 82.23558 -49.05028 -13.41257 81.45132 -48.53132 -12.71286 80.55707 -48.16229 -12.04194 79.57103 -47.95069 -11.41346 78.51329 -47.90082 -10.84021 77.40537 -48.01371 -10.33387 76.26982 -48.28705 -9.904742 75.12976 -48.71529 -9.561565 74.00841 -49.2897 -9.311323 72.92858 -49.99859 -9.159111 71.91226 81.45134 -13.41256 -49.05029 82.2356 -14.12682 -49.7086 85.4803 -7.573663 -52.95331 80.55709 -12.71286 -48.53134 79.57105 -12.04193 -48.16231 78.51331 -11.41345 -47.9507 77.40538 -10.8402 -47.90083 76.26984 -10.33386 -48.01373 75.12978 -9.904738 -48.28706 74.00843 -9.56156 -48.7153 72.92861 -9.311318 -49.28972 71.91229 -9.159106 -49.99861 70.98017 -9.108021 -50.82754 50.82762 -9.10802 -70.98009 49.70869 -14.12681 -82.23552 49.05038 -13.41256 -81.45127 48.53142 -12.71286 -80.55701 48.16238 -12.04193 -79.57097 47.95078 -11.41345 -78.51323 47.90091 -10.8402 -77.40531 48.0138 -10.33386 -76.26976 48.28715 -9.904736 -75.1297 48.71538 -9.561559 -74.00835 49.28979 -9.311316 -72.92853 49.99868 -9.159105 -71.9122 -107.1693 -10.81416 77.25879 -90.66133 5.532764 60.7508 -101.9882 -23.9206 69.46137 -100.6801 -23.9206 70.76952 -84.17206 -7.573668 54.26152 90.66144 5.53277 -60.75073 107.1694 -10.81416 -77.25873 84.17215 -7.573663 -54.26146 100.6801 -23.92059 -70.76946 101.9883 -23.92059 -69.46131 -78.02033 -2.640701 89.89981 -77.03363 -1.991773 89.57585 -75.96219 -1.722979 90.10441 -75.43364 -1.991773 91.17585 -75.75759 -2.640701 92.16255 -76.74428 -3.289629 92.4865 -77.81572 -3.558423 91.95793 -78.34429 -3.289629 90.88649 -92.16246 -2.6407 75.75766 -91.17577 -1.991773 75.43372 -90.10433 -1.722978 75.96228 -89.57578 -1.991773 77.03372 -89.89972 -2.6407 78.02041 -90.88642 -3.289628 78.34436 -91.95786 -3.558423 77.8158 -92.48642 -3.289628 76.74436 92.16257 -2.640694 -75.7576 91.17588 -1.991766 -75.43366 90.10443 -1.722971 -75.96221 89.57587 -1.991766 -77.03366 89.89981 -2.640694 -78.02034 90.88651 -3.289621 -78.3443 91.95795 -3.558416 -77.81574 92.48651 -3.289621 -76.7443 78.02043 -2.640693 -89.89974 77.03374 -1.991765 -89.57579 75.96229 -1.722971 -90.10434 75.43373 -1.991765 -91.1758 75.75769 -2.640693 -92.16248 76.74437 -3.289621 -92.48644 77.81582 -3.558415 -91.95787 78.34438 -3.289621 -90.88643 -61.46527 9.656622 81.61789 -71.8839 -10.00303 51.73143 -51.73135 -10.00303 71.88397 -81.61782 9.656623 61.46534 -50.84899 -13.9607 80.75968 -60.5829 5.698944 90.49359 -50.22909 -13.27346 79.99154 -59.96301 6.386188 89.72546 -49.77629 -12.6071 79.0985 -59.5102 7.052549 88.83242 -49.50431 -11.98187 78.10768 -59.23823 7.677783 87.84159 -49.42145 -11.41676 77.0492 -59.15537 8.242891 86.78311 -59.26412 8.730702 85.68912 -49.53021 -10.92895 75.9552 -59.5612 9.126394 84.59286 -49.82728 -10.53325 74.85894 -60.03756 9.417944 83.52764 -50.30364 -10.2417 73.79373 -60.67874 9.596496 82.52584 -50.94483 -10.06315 72.79193 -77.25872 -10.81417 107.1694 -67.5248 -30.47382 97.4355 -76.40052 -34.43149 96.55313 -86.13443 -14.77184 106.2871 -75.49256 -34.37136 97.33965 -85.22647 -14.71172 107.0736 -74.49076 -34.19281 97.98084 -84.22467 -14.53317 107.7147 -73.42554 -33.90126 98.4572 -83.15946 -14.24161 108.1911 -72.32929 -33.50557 98.75428 -82.0632 -13.84592 108.4882 -71.23529 -33.01776 98.86303 -80.96921 -13.35811 108.597 -70.17681 -32.45265 98.78017 -79.91072 -12.793 108.5141 -69.18599 -31.82742 98.5082 -78.91991 -12.16777 108.2421 -68.29294 -31.16106 98.05539 -78.02686 -11.50141 107.7893 -106.287 -14.77184 86.13451 -96.55306 -34.43149 76.40059 -98.05532 -31.16106 68.29302 -97.43543 -30.47382 67.52488 -107.7892 -11.50141 78.02693 -108.242 -12.16777 78.91998 -98.50812 -31.82742 69.18607 -108.514 -12.793 79.9108 -98.78009 -32.45265 70.17688 -108.5969 -13.35811 80.96929 -98.86295 -33.01776 71.23537 -98.7542 -33.50557 72.32936 -108.4881 -13.84592 82.06328 -98.45713 -33.90126 73.42562 -108.191 -14.24161 83.15953 -97.98076 -34.19281 74.49083 -107.7147 -14.53316 84.22475 -97.33957 -34.37136 75.49263 -107.0735 -14.71172 85.22655 -90.49352 5.698945 60.58298 -80.7596 -13.9607 50.84906 -72.79186 -10.06315 50.94491 -82.52576 9.596497 60.67882 -73.79366 -10.2417 50.30373 -83.52758 9.417945 60.03764 -74.85887 -10.53325 49.82736 -84.59278 9.126395 59.56127 -75.95513 -10.92895 49.53028 -85.68904 8.730703 59.2642 -77.04912 -11.41676 49.42153 -86.78304 8.242892 59.15544 -78.10761 -11.98186 49.50439 -87.84151 7.677784 59.23831 -79.09842 -12.6071 49.77636 -88.83234 7.052551 59.51028 -79.99147 -13.27346 50.22917 -89.72537 6.386189 59.96308 90.49361 5.698951 -60.58292 97.43552 -30.47381 -67.52483 80.7597 -13.9607 -50.849 71.88399 -10.00302 -51.73137 81.61791 9.656629 -61.46529 72.79195 -10.06315 -50.94485 82.52587 9.596503 -60.67877 73.79375 -10.2417 -50.30366 83.52767 9.417951 -60.03758 74.85897 -10.53325 -49.8273 84.59288 9.1264 -59.56122 75.95522 -10.92894 -49.53023 85.68914 8.730709 -59.26414 77.04921 -11.41675 -49.42146 86.78313 8.242897 -59.15538 78.1077 -11.98186 -49.50433 87.84162 7.677789 -59.23825 79.09851 -12.60709 -49.7763 88.83243 7.052556 -59.51022 79.99156 -13.27346 -50.22911 89.72548 6.386194 -59.96303 61.46536 9.65663 -81.61783 51.73144 -10.00302 -71.88391 50.84908 -13.9607 -80.75963 60.583 5.698952 -90.49353 50.22919 -13.27345 -79.99149 59.9631 6.386195 -89.72541 49.77638 -12.60709 -79.09844 59.51029 7.052557 -88.83235 49.50441 -11.98186 -78.10762 59.23833 7.677791 -87.84154 49.42155 -11.41675 -77.04914 59.15546 8.242898 -86.78305 49.5303 -10.92894 -75.95514 59.26422 8.73071 -85.68906 49.82738 -10.53325 -74.85889 59.56129 9.126401 -84.59281 50.30374 -10.2417 -73.79367 60.03766 9.417952 -83.52759 50.94493 -10.06315 -72.79187 60.67884 9.596504 -82.52579 77.25881 -10.81416 -107.1694 67.5249 -30.47381 -97.43544 86.13452 -14.77183 -106.287 85.22657 -14.71171 -107.0735 76.40061 -34.43148 -96.55307 75.49266 -34.37136 -97.33959 84.22476 -14.53316 -107.7147 74.49085 -34.19281 -97.98078 83.15955 -14.2416 -108.1911 73.42564 -33.90126 -98.45714 82.0633 -13.84591 -108.4881 72.32938 -33.50556 -98.75421 80.9693 -13.3581 -108.5969 71.23538 -33.01775 -98.86298 79.91082 -12.79299 -108.514 70.1769 -32.45264 -98.78011 78.92 -12.16776 -108.2421 69.18608 -31.82741 -98.50814 78.02695 -11.5014 -107.7892 68.29303 -31.16105 -98.05533 106.2871 -14.77184 -86.13445 96.55315 -34.43148 -76.40053 98.05541 -31.16105 -68.29296 107.7893 -11.5014 -78.02687 108.2421 -12.16776 -78.91992 98.50821 -31.82741 -69.18601 108.5141 -12.793 -79.91074 98.78018 -32.45264 -70.17682 108.597 -13.3581 -80.96923 98.86305 -33.01775 -71.23531 108.4882 -13.84591 -82.06322 98.75429 -33.50556 -72.3293 108.1911 -14.24161 -83.15947 98.45722 -33.90126 -73.42555 107.7148 -14.53316 -84.22469 97.98085 -34.19281 -74.49077 107.0736 -14.71171 -85.22649 97.33966 -34.37136 -75.49257 98.74367 -30.47381 -66.21668 99.40198 -31.18806 -67.00093 99.92093 -31.88776 -67.89519 100.29 -32.55869 -68.88123 100.5016 -33.18717 -69.93897 100.5514 -33.76042 -71.04689 100.4385 -34.26676 -72.18244 100.1652 -34.69588 -73.3225 99.73697 -35.03906 -74.44385 99.16255 -35.2893 -75.52367 98.45366 -35.44152 -76.53998 97.62473 -35.4926 -77.47211 67.00101 -31.18806 -99.40189 66.21675 -30.47381 -98.74358 67.89527 -31.88776 -99.92086 68.8813 -32.55869 -100.2899 69.93904 -33.18717 -100.5015 71.04697 -33.76042 -100.5514 72.18251 -34.26676 -100.4385 73.32257 -34.69588 -100.1651 74.44393 -35.03906 -99.7369 75.52375 -35.2893 -99.16248 76.54006 -35.44152 -98.45359 77.47219 -35.4926 -97.62465 -66.21666 -30.47382 98.74365 -67.00092 -31.18807 99.40196 -67.89517 -31.88777 99.92091 -68.8812 -32.5587 100.29 -69.93895 -33.18718 100.5016 -71.04688 -33.76042 100.5514 -72.18242 -34.26676 100.4385 -73.32248 -34.69589 100.1652 -74.44384 -35.03907 99.73695 -75.52365 -35.28931 99.16254 -76.53997 -35.44152 98.45365 -77.47208 -35.49261 97.62471 -97.62462 -35.49261 77.47216 -98.74356 -30.47382 66.21674 -99.40187 -31.18807 67.00099 -98.45357 -35.44152 76.54005 -99.92084 -31.88777 67.89525 -99.16246 -35.28931 75.52373 -100.2899 -32.5587 68.88128 -99.73686 -35.03907 74.4439 -100.5015 -33.18718 69.93903 -100.1651 -34.69589 73.32255 -100.5513 -33.76042 71.04695 -100.4384 -34.26676 72.1825 -26.56847 4.189866 -17.19987 -27.37609 4.189866 -15.88297 -28.11849 4.189866 -14.52824 -28.7939 4.189866 -13.13888 -29.40072 4.189866 -11.71824 -29.93749 4.189866 -10.26967 -30.40293 4.189866 -8.796638 -30.79595 4.189866 -7.30265 -31.1156 4.189866 -5.791267 -31.36112 4.189865 -4.266083 -31.53193 4.189865 -2.730736 -31.62761 4.189865 -1.188881 -31.64795 4.189865 0.355805 -31.5929 4.189865 1.899643 -31.46257 4.189865 3.438957 -31.25729 4.189865 4.97007 -30.97754 4.189865 6.489349 -30.624 4.189865 7.993172 -30.1975 4.189865 9.477944 -29.69905 4.189865 10.94014 -29.12985 4.189865 12.37627 -28.49125 4.189865 13.78293 -27.78478 4.189865 15.15674 -27.01212 4.189864 16.49444 -26.1751 4.189864 17.79285 23.34459 5.789866 -21.3718 23.34459 4.189866 -21.3718 22.26742 5.789866 -22.4919 22.26742 4.189866 -22.4919 21.13656 5.789866 -23.55779 21.13656 4.189866 -23.55779 19.95475 5.789866 -24.56686 19.95475 4.189866 -24.56686 18.72483 5.789866 -25.51672 18.72483 4.189866 -25.51672 17.44977 5.789866 -26.40508 17.44977 4.189866 -26.40508 16.13264 5.789866 -27.22977 16.13264 4.189866 -27.22977 14.77662 5.789866 -27.98882 14.77662 4.189867 -27.98882 13.38498 5.789866 -28.68039 13.38498 4.189867 -28.68039 11.96107 5.789866 -29.30281 11.96107 4.189867 -29.30281 10.50832 5.789866 -29.8546 10.50832 4.189867 -29.8546 9.030243 5.789866 -30.33441 9.030243 4.189867 -30.33441 7.530393 5.789866 -30.74109 7.530393 4.189867 -30.74109 6.012389 5.789866 -31.07365 6.012389 4.189867 -31.07365 4.479892 5.789866 -31.33131 4.479892 4.189867 -31.33131 2.936593 5.789866 -31.51344 2.936593 4.189867 -31.51344 1.386215 5.789866 -31.6196 1.386215 4.189867 -31.6196 -0.1675029 5.789866 -31.64952 -0.1675029 4.189867 -31.64952 -1.720818 5.789866 -31.60315 -1.720818 4.189867 -31.60315 -3.269985 5.789866 -31.48059 -3.269985 4.189867 -31.48059 -4.811268 5.789866 -31.28214 -4.811268 4.189867 -31.28214 -6.340952 5.789866 -31.00827 -6.340952 4.189867 -31.00827 -7.855349 5.789866 -30.65964 -7.855349 4.189867 -30.65964 -9.35081 5.789866 -30.23711 -9.35081 4.189867 -30.23711 -10.82373 5.789866 -29.74167 -10.82373 4.189867 -29.74167 -12.27055 5.789866 -29.17453 -12.27055 4.189867 -29.17453 -13.68779 5.789866 -28.53706 -13.68779 4.189867 -28.53706 -15.07203 5.789866 -27.8308 -15.07203 4.189867 -27.8308 -16.41994 5.789866 -27.05743 -16.41994 4.189866 -27.05743 -17.72826 5.789866 -26.21884 -17.72826 4.189866 -26.21884 -18.99385 4.189866 -25.31705 -18.99385 5.789866 -25.31705 -20.21364 4.189866 -24.35422 -20.21364 5.789866 -24.35422 -21.3847 5.789866 -23.33267 -21.3847 4.189866 -23.33267 -22.50421 5.789866 -22.25488 -22.50421 4.189866 -22.25488 -23.56946 5.789866 -21.12344 -23.56946 4.189866 -21.12344 -23.34449 5.789864 21.37185 -23.34449 4.189864 21.37185 -22.26732 5.789864 22.49196 -22.26732 4.189864 22.49196 -21.13646 5.789864 23.55784 -21.13646 4.189864 23.55784 -19.95465 5.789864 24.56693 -19.95465 4.189864 24.56693 -18.72474 5.789864 25.51679 -18.72474 4.189864 25.51679 -17.44967 5.789864 26.40514 -17.44967 4.189864 26.40514 -16.13255 5.789864 27.22983 -16.13255 4.189864 27.22983 -14.77653 5.789864 27.98888 -14.77653 4.189864 27.98888 -13.38488 5.789864 28.68044 -13.38488 4.189864 28.68044 -11.96097 5.789864 29.30287 -11.96097 4.189864 29.30287 -10.50823 5.789864 29.85465 -10.50823 4.189864 29.85465 -9.030148 5.789864 30.33447 -9.030148 4.189864 30.33447 -7.530298 4.189864 30.74115 -7.530298 5.789864 30.74115 -6.012295 5.789864 31.07372 -6.012295 4.189864 31.07372 -4.479795 5.789864 31.33138 -4.479795 4.189864 31.33138 -2.936499 4.189864 31.5135 -2.936499 5.789864 31.5135 -1.386122 5.789864 31.61966 -1.386122 4.189864 31.61966 0.167599 5.789864 31.64959 0.167599 4.189864 31.64959 1.720913 5.789864 31.60321 1.720913 4.189864 31.60321 3.27008 5.789864 31.48065 3.27008 4.189864 31.48065 4.811363 5.789864 31.2822 4.811363 4.189864 31.2822 6.341047 4.189864 31.00832 6.341047 5.789864 31.00832 7.855445 5.789864 30.6597 7.855445 4.189864 30.6597 9.350905 5.789864 30.23716 9.350905 4.189864 30.23716 10.82382 5.789864 29.74172 10.82382 4.189864 29.74172 12.27064 5.789864 29.17459 12.27064 4.189864 29.17459 13.68789 5.789864 28.53713 13.68789 4.189864 28.53713 15.07213 5.789864 27.83086 15.07213 4.189864 27.83086 16.42004 4.189864 27.0575 16.42004 5.789864 27.0575 17.72836 5.789864 26.21891 17.72836 4.189864 26.21891 18.99394 4.189864 25.31711 18.99394 5.789864 25.31711 20.21373 4.189864 24.35428 20.21373 5.789864 24.35428 21.38479 5.789864 23.33273 21.38479 4.189864 23.33273 22.5043 4.189864 22.25494 22.5043 5.789864 22.25494 23.56956 4.189864 21.12349 23.56956 5.789864 21.12349 26.56857 4.189864 17.19993 27.37619 4.189865 15.88303 28.11858 4.189865 14.52829 28.794 4.189865 13.13895 29.40081 4.189865 11.7183 29.93758 4.189865 10.26973 30.40303 4.189865 8.7967 30.79604 4.189865 7.302711 31.11569 4.189865 5.791321 31.36121 4.189865 4.266136 31.53202 4.189865 2.730789 31.62771 4.189865 1.188942 31.64805 4.189865 -0.355743 31.59299 4.189865 -1.899582 31.46267 4.189865 -3.438896 31.25739 4.189865 -4.970016 30.97764 4.189866 -6.489296 30.62409 4.189866 -7.993111 30.19759 4.189866 -9.47789 29.69915 4.189866 -10.94009 29.12995 4.189866 -12.37622 28.49135 4.189866 -13.78287 27.78488 4.189866 -15.15668 27.01221 4.189866 -16.49439 26.17519 4.189866 -17.79279 -20.67762 5.789866 -17.67764 -20.38053 5.789866 -16.37599 -20.67762 4.189866 -17.67764 -20.38053 4.189866 -16.37599 -19.54809 5.789865 -15.33215 -19.54809 4.189866 -15.33215 -18.34519 5.789865 -14.75285 -18.34519 4.189866 -14.75285 -17.01006 5.789865 -14.75285 -17.01006 4.189866 -14.75285 -15.80715 5.789865 -15.33215 -15.80715 4.189866 -15.33215 -14.97472 5.789866 -16.37599 -14.97472 4.189866 -16.37599 -14.67762 4.189866 -17.67764 -14.67762 5.789866 -17.67764 -14.97472 4.189866 -18.97929 -14.97472 5.789866 -18.97929 -15.80715 5.789866 -20.02313 -15.80715 4.189866 -20.02313 -17.01006 5.789866 -20.60243 -17.01006 4.189866 -20.60243 -18.34519 5.789866 -20.60243 -18.34519 4.189866 -20.60243 -19.54809 4.189866 -20.02313 -19.54809 5.789866 -20.02313 -20.38053 4.189866 -18.97929 -20.38053 5.789866 -18.97929 14.67772 5.789864 17.6777 14.97481 5.789864 18.97935 14.67772 4.189864 17.6777 14.97481 4.189864 18.97935 15.80725 5.789864 20.02319 15.80725 4.189864 20.02319 17.01016 5.789864 20.60249 17.01016 4.189864 20.60249 18.34528 5.789864 20.60249 18.34528 4.189864 20.60249 19.54819 5.789864 20.02319 19.54819 4.189864 20.02319 20.38062 5.789864 18.97935 20.38062 4.189864 18.97935 20.67772 4.189864 17.6777 20.67772 5.789864 17.6777 20.38062 4.189864 16.37605 20.38062 5.789864 16.37605 19.54819 5.789865 15.33221 19.54819 4.189865 15.33221 18.34528 5.789865 14.75291 18.34528 4.189865 14.75291 17.01016 5.789865 14.75291 17.01016 4.189865 14.75291 15.80725 4.189865 15.33221 15.80725 5.789865 15.33221 14.97481 4.189864 16.37605 14.97481 5.789864 16.37605 22.00005 5.789865 3.1e-5 22.29714 5.789865 1.301682 22.00005 4.189865 3.1e-5 22.29714 4.189865 1.301682 23.12958 5.789865 2.345528 23.12958 4.189865 2.345528 24.33249 5.789865 2.924813 24.33249 4.189865 2.924813 25.66761 5.789865 2.924813 25.66761 4.189865 2.924813 26.87052 5.789865 2.345528 26.87052 4.189865 2.345528 27.70295 5.789865 1.301682 27.70295 4.189865 1.301682 28.00005 4.189865 3.1e-5 28.00005 5.789865 3.1e-5 27.70295 4.189865 -1.30162 27.70295 5.789865 -1.30162 26.87052 5.789865 -2.345466 26.87052 4.189865 -2.345466 25.66761 5.789865 -2.924751 25.66761 4.189865 -2.924751 24.33249 5.789865 -2.924751 24.33249 4.189865 -2.924751 23.12958 4.189865 -2.345466 23.12958 5.789865 -2.345466 22.29714 4.189865 -1.30162 22.29714 5.789865 -1.30162 -27.99995 5.789865 3.1e-5 -27.70286 5.789865 1.301682 -27.99995 4.189865 3.1e-5 -27.70286 4.189865 1.301682 -26.87042 5.789865 2.345528 -26.87042 4.189865 2.345528 -25.66752 5.789865 2.924813 -25.66752 4.189865 2.924813 -24.33239 5.789865 2.924813 -24.33239 4.189865 2.924813 -23.12948 5.789865 2.345528 -23.12948 4.189865 2.345528 -22.29705 5.789865 1.301682 -22.29705 4.189865 1.301682 -21.99995 4.189865 3.1e-5 -21.99995 5.789865 3.1e-5 -22.29705 4.189865 -1.30162 -22.29705 5.789865 -1.30162 -23.12948 5.789865 -2.345466 -23.12948 4.189865 -2.345466 -24.33239 5.789865 -2.924751 -24.33239 4.189865 -2.924751 -25.66752 5.789865 -2.924751 -25.66752 4.189865 -2.924751 -26.87042 4.189865 -2.345466 -26.87042 5.789865 -2.345466 -27.70286 4.189865 -1.30162 -27.70286 5.789865 -1.30162 -20.67762 5.789864 17.6777 -20.38053 5.789864 18.97935 -20.67762 4.189864 17.6777 -20.38053 4.189864 18.97935 -19.54809 5.789864 20.02319 -19.54809 4.189864 20.02319 -18.34519 5.789864 20.60249 -18.34519 4.189864 20.60249 -17.01006 5.789864 20.60249 -17.01006 4.189864 20.60249 -15.80715 5.789864 20.02319 -15.80715 4.189864 20.02319 -14.97472 5.789864 18.97935 -14.97472 4.189864 18.97935 -14.67762 4.189864 17.6777 -14.67762 5.789864 17.6777 -14.97472 4.189864 16.37605 -14.97472 5.789864 16.37605 -15.80715 5.789865 15.33221 -15.80715 4.189865 15.33221 -17.01006 5.789865 14.75291 -17.01006 4.189865 14.75291 -18.34519 5.789865 14.75291 -18.34519 4.189865 14.75291 -19.54809 4.189865 15.33221 -19.54809 5.789865 15.33221 -20.38053 4.189864 16.37605 -20.38053 5.789864 16.37605 -15.99995 5.789865 3.1e-5 -15.94384 5.789865 1.338875 -15.99995 4.189865 3.1e-5 -15.94384 4.189865 1.338875 -15.77589 5.789865 2.668328 -15.77589 4.189865 2.668328 -15.49728 5.789865 3.979065 -15.49728 4.189865 3.979065 -15.10997 5.789865 5.261895 -15.10997 4.189865 5.261894 -14.61668 5.789865 6.507813 -14.61668 4.189865 6.507812 -14.02086 5.789865 7.708092 -14.02086 4.189865 7.708092 -13.32669 5.789865 8.854294 -13.32669 4.189865 8.854294 -12.53905 5.789865 9.938393 -12.53905 4.189865 9.938393 -11.66345 5.789865 10.95278 -11.66345 4.189865 10.95278 -10.70604 5.789865 11.89035 -10.70604 4.189865 11.89035 -9.673539 5.789865 12.74451 -9.673539 4.189865 12.74451 -8.573182 5.789865 13.50928 -8.573182 4.189865 13.50928 -7.412689 5.789865 14.17928 -7.412689 4.189865 14.17928 -6.200201 5.789865 14.74984 -6.200201 4.189865 14.74984 -4.944223 5.789865 15.21693 -4.944223 4.189865 15.21693 -3.653566 5.789865 15.57729 -3.653566 4.189865 15.57729 -2.33728 5.789865 15.82838 -2.33728 4.189865 15.82838 -1.004601 5.789865 15.96846 -1.004601 4.189865 15.96846 0.335127 4.189865 15.99652 0.335127 5.789865 15.99652 1.672503 5.789865 15.91238 1.672503 4.189865 15.91238 2.998149 5.789865 15.71663 2.998149 4.189865 15.71663 4.302765 5.789865 15.41063 4.302765 4.189865 15.41063 5.5772 5.789865 14.99654 5.5772 4.189865 14.99654 6.812516 5.789865 14.47726 6.812516 4.189865 14.47726 8.000048 4.189865 13.85644 8.000048 5.789865 13.85644 9.131465 4.189865 13.13842 9.131465 5.789865 13.13842 10.19883 4.189865 12.32824 10.19883 5.789865 12.32824 11.19466 4.189865 11.43159 11.19466 5.789865 11.43159 12.11197 4.189865 10.45476 12.11197 5.789865 10.45476 12.94432 4.189865 9.404595 12.94432 5.789865 9.404595 13.68588 5.789865 8.28846 13.68588 4.189865 8.28846 14.33144 5.789865 7.11419 14.33144 4.189865 7.114189 14.87647 5.789865 5.890023 14.87647 4.189865 5.890022 15.31716 5.789865 4.624535 15.31716 4.189865 4.624535 15.65041 5.789865 3.326615 15.65041 4.189865 3.326615 15.87388 4.189865 2.005364 15.87388 5.789865 2.005364 15.98601 4.189865 0.670036 15.98601 5.789865 0.670037 15.98601 4.189865 -0.669983 15.98601 5.789865 -0.669983 15.87388 5.789865 -2.005302 15.87388 4.189865 -2.005302 15.65041 4.189865 -3.326561 15.65041 5.789865 -3.326561 15.31716 5.789865 -4.624481 15.31716 4.189865 -4.624481 14.87647 4.189866 -5.889961 14.87647 5.789865 -5.889961 14.33144 5.789865 -7.114135 14.33144 4.189866 -7.114136 13.68588 4.189866 -8.288407 13.68588 5.789865 -8.288407 12.94432 5.789865 -9.404534 12.94432 4.189866 -9.404534 12.11197 4.189866 -10.4547 12.11197 5.789865 -10.4547 11.19466 4.189866 -11.43153 11.19466 5.789865 -11.43153 10.19883 5.789865 -12.32819 10.19883 4.189866 -12.32819 9.131465 5.789865 -13.13836 9.131465 4.189866 -13.13836 8.000048 5.789865 -13.85638 8.000048 4.189866 -13.85638 6.812516 5.789865 -14.4772 6.812516 4.189866 -14.4772 5.5772 5.789865 -14.99648 5.5772 4.189866 -14.99648 4.302765 5.789865 -15.41057 4.302765 4.189866 -15.41057 2.998149 5.789865 -15.71657 2.998149 4.189866 -15.71657 1.672503 5.789865 -15.91232 1.672503 4.189866 -15.91232 0.335127 5.789865 -15.99646 0.335127 4.189866 -15.99646 -1.004601 5.789865 -15.9684 -1.004601 4.189866 -15.9684 -2.33728 5.789865 -15.82833 -2.33728 4.189866 -15.82833 -3.653566 5.789865 -15.57723 -3.653566 4.189866 -15.57723 -4.944223 5.789865 -15.21687 -4.944223 4.189866 -15.21687 -6.200201 5.789865 -14.74978 -6.200201 4.189866 -14.74978 -7.412689 5.789865 -14.17923 -7.412689 4.189866 -14.17923 -8.573182 5.789865 -13.50922 -8.573182 4.189866 -13.50922 -9.673539 5.789865 -12.74445 -9.673539 4.189866 -12.74445 -10.70604 5.789865 -11.89029 -10.70604 4.189866 -11.89029 -11.66345 5.789865 -10.95272 -11.66345 4.189866 -10.95272 -12.53905 5.789865 -9.938332 -12.53905 4.189866 -9.938332 -13.32669 5.789865 -8.854233 -13.32669 4.189866 -8.854233 -14.02086 4.189866 -7.708031 -14.02086 5.789865 -7.70803 -14.61668 4.189866 -6.507759 -14.61668 5.789865 -6.507759 -15.10997 5.789865 -5.261833 -15.10997 4.189865 -5.261833 -15.49728 5.789865 -3.979011 -15.49728 4.189865 -3.979011 -15.77589 4.189865 -2.668274 -15.77589 5.789865 -2.668274 -15.94384 4.189865 -1.338814 -15.94384 5.789865 -1.338814 14.67772 5.789866 -17.67764 14.97481 5.789866 -16.37599 14.67772 4.189866 -17.67764 14.97481 4.189866 -16.37599 15.80725 5.789865 -15.33215 15.80725 4.189866 -15.33215 17.01016 5.789865 -14.75285 17.01016 4.189866 -14.75285 18.34528 5.789865 -14.75285 18.34528 4.189866 -14.75285 19.54819 5.789865 -15.33215 19.54819 4.189866 -15.33215 20.38062 5.789866 -16.37599 20.38062 4.189866 -16.37599 20.67772 4.189866 -17.67764 20.67772 5.789866 -17.67764 20.38062 4.189866 -18.97929 20.38062 5.789866 -18.97929 19.54819 5.789866 -20.02313 19.54819 4.189866 -20.02313 18.34528 5.789866 -20.60243 18.34528 4.189866 -20.60243 17.01016 5.789866 -20.60243 17.01016 4.189866 -20.60243 15.80725 4.189866 -20.02313 15.80725 5.789866 -20.02313 14.97481 4.189866 -18.97929 14.97481 5.789866 -18.97929</float_array>
          <technique_common>
            <accessor source="#obj1_002-mesh-positions-array" count="1966" stride="3">
              <param name="X" type="float"/>
              <param name="Y" type="float"/>
              <param name="Z" type="float"/>
            </accessor>
          </technique_common>
        </source>
        <source id="obj1_002-mesh-normals">
          <float_array id="obj1_002-mesh-normals-array" count="16341">0.6963652 0.1736412 -0.6963651 0.6963653 0.1736478 -0.6963633 0.6963654 0.1736484 -0.6963631 0.6963652 0.1736406 -0.6963652 -0.1227905 0.9848071 0.1227904 -0.1227894 0.9848076 0.1227877 -0.1227906 0.9848071 0.1227906 -0.1227893 0.9848076 0.1227874 -0.05509227 0.9779291 0.2015427 -0.5029694 0.7644979 0.4031932 0.2266851 0.9391341 -0.2581489 -0.1087012 0.9710968 0.2124971 0.209107 0.9374217 -0.278415 -0.2316549 0.9727968 -0.001550495 -0.6231073 0.7419303 0.2475414 -0.4603227 0.8740677 0.1552697 -0.2051587 0.9696482 -0.1330125 -0.4315115 0.8870835 -0.1639534 -0.5235235 0.8456277 -0.1041023 -0.2587516 0.8853631 -0.386238 -0.4869749 0.7935462 -0.3648833 -0.2606879 0.7971028 -0.5446734 -0.1945283 0.811422 -0.5511381 -0.4012404 0.6407068 -0.6545999 -0.1107586 0.7247804 -0.6800191 0.1442146 0.8491957 -0.5080049 -0.2695689 0.6331613 -0.7255614 -0.6294677 0.2644363 -0.7306463 -0.5781254 0.2119049 -0.7879514 -0.5781254 0.2119048 -0.7879514 -0.5781129 0.2119298 -0.7879539 -0.21314 0.5792676 -0.7867786 -0.213157 0.5792904 -0.7867572 -0.2131569 0.5792903 -0.7867573 -0.5781129 0.2119299 -0.7879539 0.2087592 0.7912664 -0.5747321 0.2087135 0.7912328 -0.5747951 0.2087135 0.7912328 -0.574795 -0.21314 0.5792675 -0.7867786 0.2087593 0.7912666 -0.574732 -0.5367671 0.1719116 -0.8260312 -0.5367869 0.1718631 -0.8260284 -0.5367859 0.1718658 -0.8260286 -0.1293869 0.478703 -0.8683909 -0.0614826 0.4101784 -0.9099305 0.5681248 0.2208501 -0.7927544 0.654054 0.1948681 -0.7309172 0.4444931 0.6371362 -0.6296693 0.6285231 0.1730199 -0.7583028 0.6141899 -0.341046 -0.711659 0.2194337 0.7804997 -0.5853794 0.2356963 0.7844331 -0.5736829 -0.1837639 0.5495361 -0.8150098 -0.1835672 0.5495995 -0.8150114 -0.1835779 0.5495961 -0.8150113 -0.5367661 0.1719143 -0.8260313 0.1914327 -0.3442447 -0.9191569 0.1279979 0.2554844 -0.9583029 -0.1837753 0.5495324 -0.8150097 0.09970521 0.6610798 -0.7436615 -0.5275162 0.158268 -0.8346725 0.04728412 -0.2326157 -0.9714186 0.1627375 0.627553 -0.7613763 -0.4395126 0.08470696 -0.8942335 0.174336 0.7893204 -0.5887107 -0.3092231 -0.208159 -0.9279283 -0.2668876 -0.0289666 -0.9632922 0.01454645 0.4027518 -0.9151937 0.2262607 0.595501 -0.7708338 0.3564047 0.6850503 -0.6353595 -0.2089354 -0.06407153 -0.9758284 0.05681085 0.3767582 -0.9245679 0.2319043 0.7510143 -0.6182217 -0.1967453 -0.2991074 -0.9337164 -0.1430771 -0.1007207 -0.9845732 0.1051953 0.3501211 -0.9307789 0.2901176 0.56515 -0.7722935 -0.08206838 -0.1326799 -0.9877555 0.1497657 0.3266119 -0.9332175 0.4016548 0.6644961 -0.6301733 0.2830815 0.7206891 -0.6328286 -0.07210171 -0.3683232 -0.9268978 0.1998264 0.3025956 -0.9319364 -0.01372897 -0.165591 -0.986099 0.3541077 0.5366563 -0.7659033 0.04899364 -0.1937409 -0.9798287 0.4505162 0.6460308 -0.6161813 0.2456703 0.2821094 -0.9273945 0.3310052 0.6960062 -0.6371899 0.06169062 -0.414505 -0.9079537 0.1181862 -0.2221848 -0.9678151 0.2964746 0.2612717 -0.9186076 0.418026 0.5099676 -0.7517895 0.1812878 -0.2454154 -0.9523162 0.5039659 0.6297276 -0.5911529 0.3426792 0.244286 -0.9071358 0.3765941 0.6760118 -0.6333916 0.3929261 0.2269826 -0.8911162 0.2015675 -0.4359681 -0.8770988 0.2499802 -0.2687208 -0.9302145 0.5651169 0.6150088 -0.5499154 0.4381603 0.2140136 -0.8730486 0.3117287 -0.2869758 -0.9057981 0.4817157 0.4853112 -0.7296733 0.4199407 0.6604138 -0.6224979 0.8366507 0.4770703 -0.2691088 0.3784413 -0.3045837 -0.8740772 0.3436465 -0.4315744 -0.8340569 0.4869691 0.20046 -0.850104 0.6906388 0.1514735 -0.7071589 0.3945692 0.650801 -0.6486704 0.9298527 0.3591936 0.07971101 0.4832469 -0.4000527 -0.7787364 0.8705628 0.1299591 -0.4745852 0.538523 0.1861088 -0.8218008 0.5417435 0.6426678 -0.5417492 0.5417352 0.6426876 -0.5417339 0.5417352 0.6426877 -0.5417339 0.5417435 0.6426678 -0.5417492 0.6963461 0.1737577 -0.6963551 0.6963562 0.1737336 -0.696351 0.6963562 0.1737336 -0.696351 0.6963461 0.1737578 -0.6963551 0.6644671 -0.3419906 -0.6644743 0.6644973 -0.3419032 -0.664489 0.6644974 -0.341903 -0.664489 0.664467 -0.3419908 -0.6644742 0.7116237 -0.3412241 -0.6141319 0.7116433 -0.3411498 -0.6141504 0.7116422 -0.3411539 -0.6141494 0.7971782 0.165 -0.5807599 0.8536763 0.1678385 -0.4930185 0.8987885 0.1818491 -0.398886 0.8139537 0.5643973 0.1376042 0.8220382 0.5305212 0.2068831 0.5547313 0.6425685 -0.528563 0.54699 0.655708 -0.5204316 0.7311841 0.1735002 -0.6597481 0.7311722 0.1734834 -0.6597657 0.7311728 0.1734844 -0.6597648 0.7116225 -0.3412283 -0.6141309 0.9425786 -0.1301234 0.3075929 0.9607508 0.195396 -0.1969226 0.7311848 0.1735012 -0.6597471 0.7008665 0.457799 -0.5469975 0.7233766 -0.3440695 -0.5986173 0.9787875 -0.1680746 0.1171584 0.7315768 0.4797742 -0.4843679 0.802942 -0.3324608 -0.4947261 0.9834918 -0.1601891 0.08416271 0.7538049 0.5044686 -0.4210579 0.8683887 -0.3114848 -0.3858479 0.5838284 0.6216391 -0.5222157 0.9133411 -0.4014994 -0.06787037 0.9062821 0.2432675 -0.34565 0.9511394 -0.2469504 -0.1853358 0.7675625 0.531897 -0.357678 0.9669428 -0.2237392 -0.1223212 0.9180166 0.2599453 -0.2994564 0.6362676 0.6932448 -0.3384898 0.6125959 0.6384287 -0.4659777 0.9290315 -0.3633854 0.06965291 0.9268162 0.2805789 -0.2495742 0.9791555 -0.195778 -0.0540896 0.7730358 0.5616793 -0.2948427 0.6330919 0.7155683 -0.2952231 0.9317066 0.3008233 -0.203539 0.985781 -0.1678141 0.008617162 0.6290982 0.657186 -0.415141 0.9304838 -0.3065999 0.2004907 0.9878389 -0.1356858 0.07592004 0.9332487 0.3244338 -0.1542388 0.7702955 0.5935375 -0.2331485 0.9850997 -0.1037947 0.1371324 0.621636 0.7417587 -0.2517198 0.9312521 0.3475583 -0.1094203 0.6363585 0.6779084 -0.368087 0.917874 -0.2324133 0.3217007 0.97702 -0.06789231 0.2020462 0.9253398 0.3740606 -0.061845 0.7593082 0.6272864 -0.1730976 0.9649603 -0.03296321 0.260317 0.6007582 0.7718673 -0.2081115 0.9164503 0.3996837 -0.01928484 0.6355282 0.7003618 -0.3249574 0.8912973 -0.1424027 0.4304772 0.9469031 0.005961656 0.3214639 0.9033706 0.428094 0.02563828 0.5671882 0.8071225 -0.1638622 0.8877507 0.4557167 0.0649687 0.7400703 0.6625788 -0.115262 0.9258492 0.04325187 0.3754099 0.6277956 0.7240591 -0.2856768 0.3567318 0.9311555 0.07544529 0.8509634 -0.03830426 0.5238264 0.8982107 0.08445763 0.431375 0.8677228 0.4855659 0.1062224 0.7592408 0.5992857 0.2537915 0.7867839 0.579231 0.2132198 0.7867839 0.5792309 0.21322 0.7867932 0.5792357 0.2131726 0.7867934 0.5792357 0.2131721 0.7429358 0.5941306 0.3083102 0.7306905 0.4815317 0.4839614 0.6318981 0.7382254 0.2360684 0.531992 0.74026 0.4110958 0.5309194 0.6227337 0.5747411 0.3988419 0.869858 0.2902967 0.3412057 0.8200048 0.4595333 0.2342954 0.9353427 0.2650277 0.2515617 0.9518287 0.1753252 0.03873902 0.9281936 0.3700757 0.109017 0.9904089 0.08488595 0.3406639 0.9276364 -0.1530978 4.29816e-4 0.9730142 0.2307448 -0.3170335 0.7554371 0.5734149 0.2581199 0.9391443 -0.2266766 -0.2015668 0.9779248 0.05508136 -0.4031903 0.764499 0.5029701 -0.2124908 0.9710981 0.1087026 0.40558 0.8191519 -0.4055798 0.4055823 0.8191509 -0.4055799 0.4055811 0.8191509 -0.4055811 0.4055798 0.8191528 -0.4055782 0.4055786 0.8191527 -0.4055798 0.4055794 0.8191518 -0.4055808 0.4055808 0.8191513 -0.4055804 0.4055799 0.8191519 -0.4055798 0.4055821 0.8191496 -0.4055827 0.4055821 0.8191515 -0.4055788 0.4055786 0.8191519 -0.4055811 0.4055792 0.8191524 -0.4055798 0.4055798 0.8191524 -0.4055792 0.4055796 0.8191525 -0.405579 0.4055803 0.8191551 -0.4055732 0.4055776 0.8191536 -0.405579 0.4055789 0.8191534 -0.405578 0.4055787 0.819152 -0.4055808 0.4055805 0.8191528 -0.4055773 0.4055814 0.8191488 -0.4055851 0.4055732 0.8191536 -0.4055835 0.4055863 0.8191507 -0.4055761 0.4055822 0.8191525 -0.4055766 0.4055835 0.8191511 -0.405578 0.4055896 0.8191471 -0.4055799 0.4055768 0.8191526 -0.4055817 0.4055737 0.8191534 -0.4055831 0.4055848 0.8191508 -0.4055774 0.4055837 0.8191494 -0.4055812 0.4055777 0.8191549 -0.4055763 0.405578 0.8191529 -0.4055799 0.4055814 0.8191505 -0.4055815 0.4055791 0.8191527 -0.4055793 0.4055746 0.8191543 -0.4055806 0.4055798 0.8191519 -0.4055801 0.4055797 0.8191528 -0.4055782 0.4055781 0.8191533 -0.405579 0.4055796 0.8191516 -0.4055809 0.4055787 0.8191527 -0.4055796 0.4055795 0.8191525 -0.4055794 0.4055813 0.8191514 -0.4055796 0.40558 0.8191524 -0.405579 0.4055829 0.8191497 -0.4055815 0.4055762 0.819155 -0.4055774 0.4055793 0.8191517 -0.4055813 0.4055767 0.8191526 -0.4055819 0.4055988 0.8191233 -0.4056191 0.4055737 0.8191584 -0.4055729 0.4056195 0.8191497 -0.4055449 0.4055838 0.8191516 -0.4055767 0.4056431 0.8191297 -0.4055618 0.4055795 0.8191523 -0.4055795 0.405572 0.8191642 -0.4055632 0.4055976 0.8191344 -0.4055976 0.3912902 0.8329322 -0.3913003 0.3912903 0.8329321 -0.3913004 0.391189 0.833033 -0.391187 0.3911877 0.8330344 -0.3911855 0.1959169 0.9608503 -0.1959166 0.1959167 0.9608504 -0.1959162 0.195917 0.9608503 -0.1959166 -0.6963651 0.1736388 0.6963658 -0.6963613 0.17364 0.6963693 -0.696361 0.17364 0.6963696 -0.6963654 0.1736388 0.6963654 0.1227894 0.9848069 -0.1227934 0.1227861 0.9848084 -0.1227847 0.1227897 0.9848068 -0.1227942 0.1227858 0.9848085 -0.1227839 0.05511969 0.977929 -0.2015358 0.5029265 0.7645442 -0.4031589 -0.2266914 0.9391358 0.2581375 0.1086925 0.9710987 -0.2124935 -0.2091498 0.9374098 0.2784229 0.231655 0.9727969 0.001527905 0.6230987 0.7419201 -0.2475939 0.4602379 0.8741148 -0.1552563 0.2051627 0.9696549 0.1329572 0.4315012 0.8871008 0.1638869 0.5235058 0.8456481 0.1040251 0.2587099 0.8853656 0.3862606 0.4869931 0.7935383 0.3648765 0.2605792 0.7971125 0.5447109 0.1945275 0.8114032 0.5511659 0.40122 0.6406743 0.6546443 0.1107577 0.7247662 0.6800344 -0.1442126 0.8491838 0.5080253 0.2694959 0.6331084 0.7256348 0.6294252 0.2645065 0.7306575 0.5780795 0.212001 0.7879593 0.5780015 0.2119606 0.7880273 0.5780017 0.2119607 0.7880272 0.5780797 0.2120011 0.787959 -0.2086702 0.7912421 0.5747981 -0.2087283 0.7912585 0.5747543 -0.2087281 0.7912585 0.5747544 0.2133151 0.5792116 0.7867723 0.2132256 0.5792183 0.7867917 0.2132253 0.5792183 0.7867916 0.2133153 0.5792115 0.7867723 -0.2086701 0.791242 0.5747982 0.5367752 0.1719765 0.8260125 0.5367434 0.1719669 0.8260352 0.5367451 0.1719673 0.8260339 0.1293939 0.47871 0.8683859 0.06150764 0.4101901 0.9099237 -0.5681205 0.2208871 0.7927473 -0.6540755 0.1948163 0.7309117 -0.444395 0.6372721 0.6296011 -0.6285467 0.1729004 0.7583104 -0.6141679 -0.3411437 0.7116312 -0.2194238 0.7804953 0.5853892 -0.235692 0.7844698 0.5736343 0.1835478 0.5495296 0.8150628 0.1837651 0.5495278 0.8150152 0.1837533 0.5495278 0.8150178 0.536777 0.1719771 0.8260111 -0.1913509 -0.3440778 0.9192363 -0.1281404 0.2553707 0.9583141 0.1835352 0.5495297 0.8150655 -0.09970647 0.6610615 0.7436776 0.527507 0.1583313 0.8346662 -0.04728412 -0.2326186 0.971418 -0.162778 0.6275606 0.7613614 0.4395198 0.08470839 0.8942297 -0.1742948 0.7893538 0.5886781 0.3093202 -0.2081424 0.9278997 0.2668877 -0.02896046 0.9632925 -0.0145958 0.4027411 0.9151976 -0.2262552 0.5955188 0.7708216 -0.3564594 0.6850678 0.6353101 0.2088454 -0.06411212 0.9758449 -0.05676984 0.3767402 0.9245778 -0.2318915 0.7510463 0.6181876 0.1967408 -0.2991769 0.9336949 0.1431152 -0.1007723 0.9845623 -0.1051221 0.3501248 0.9307857 -0.2901218 0.5651501 0.7722918 0.08206766 -0.1327428 0.9877471 -0.1496917 0.3266118 0.9332295 -0.4016302 0.6645373 0.6301456 -0.2830473 0.720693 0.6328396 0.07210087 -0.3683496 0.9268874 -0.1998246 0.302578 0.9319425 0.01372897 -0.1656578 0.9860878 -0.3540769 0.5366232 0.7659407 -0.04887998 -0.1936706 0.9798483 -0.4505732 0.6460177 0.6161534 -0.2457606 0.2820965 0.9273745 -0.3309673 0.6959835 0.6372345 -0.06169468 -0.4144406 0.9079829 -0.1182404 -0.2220984 0.9678283 -0.2964746 0.2612717 0.9186076 -0.4180656 0.5100046 0.7517425 -0.181218 -0.2453839 0.9523376 -0.5039315 0.6297168 0.5911936 -0.3425973 0.2442697 0.9071711 -0.3765974 0.6761108 0.633284 -0.3928659 0.2268698 0.8911715 -0.201509 -0.4359735 0.8771096 -0.2499973 -0.2687112 0.9302127 -0.5651654 0.6150976 0.5497664 -0.4381874 0.2138666 0.873071 -0.3119041 -0.2869065 0.9057596 -0.4817096 0.4853311 0.7296641 -0.4199243 0.66041 0.6225128 -0.83666 0.4770435 0.2691277 -0.3783861 -0.3046162 0.8740899 -0.3436375 -0.4316238 0.834035 -0.4869979 0.2005307 0.850071 -0.6906979 0.1515269 0.7070899 -0.3945555 0.6508051 0.6486746 -0.9298869 0.3590949 -0.07975822 -0.4832409 -0.4001079 0.7787117 -0.8705391 0.1299961 0.4746185 -0.5385223 0.1860432 0.8218161 -0.6644757 -0.3419957 0.6644629 -0.6644583 -0.3420324 0.6644614 -0.6644584 -0.3420323 0.6644615 -0.6963661 0.17368 0.6963545 -0.6963637 0.1736557 0.696363 -0.6963637 0.1736558 0.696363 -0.6644758 -0.3419956 0.6644629 -0.5416573 0.6428133 0.5416628 -0.5416839 0.6427608 0.5416983 -0.5416839 0.6427609 0.5416983 -0.6963661 0.17368 0.6963545 -0.5416572 0.6428133 0.5416627 -0.7971605 0.1651008 0.5807556 -0.853685 0.1678269 0.4930072 -0.8987723 0.1818683 0.3989139 -0.8139505 0.5644007 -0.1376098 -0.8220736 0.5304563 -0.2069086 -0.5547103 0.6426116 0.5285328 -0.5468975 0.6558298 0.5203753 -0.7116411 -0.3411395 0.6141586 -0.7116421 -0.3411383 0.6141582 -0.7116239 -0.3411599 0.6141672 -0.7311964 0.1733863 0.6597645 -0.7311938 0.1733886 0.6597667 -0.7311939 0.1733884 0.6597666 -0.7116228 -0.3411611 0.6141678 -0.9426605 -0.1300003 -0.3073944 -0.9608094 0.1953753 0.1966568 -0.7311965 0.1733862 0.6597644 -0.7008728 0.457753 0.5470281 -0.7233442 -0.3441839 0.5985905 -0.9787452 -0.1683371 -0.1171356 -0.7315791 0.4797757 0.4843627 -0.8029147 -0.332592 0.4946825 -0.9834645 -0.1603663 -0.08414345 -0.7537596 0.5045437 0.4210491 -0.8683432 -0.3116208 0.3858402 -0.5837727 0.6216732 0.5222375 -0.9133943 -0.4013741 0.06789642 -0.9062987 0.2432482 0.3456198 -0.9511443 -0.2468911 0.1853894 -0.7675633 0.5318976 0.3576752 -0.6362574 0.6932482 0.3385018 -0.9668995 -0.2239276 0.1223186 -0.9179948 0.2600457 0.2994361 -0.612607 0.6383728 0.4660397 -0.9290726 -0.3632795 -0.06965792 -0.9267891 0.2806907 0.249549 -0.9791336 -0.1958869 0.05409198 -0.773036 0.5616794 0.294842 -0.6331435 0.7155202 0.2952294 -0.9317296 0.3007458 0.2035483 -0.9857473 -0.1680118 -0.008616864 -0.6291691 0.6571375 0.4151103 -0.9305266 -0.3064718 -0.2004877 -0.9878526 -0.1355844 -0.07592111 -0.9332411 0.3244517 0.1542473 -0.7703059 0.5935255 0.2331446 -0.9850736 -0.1040357 -0.137137 -0.6217378 0.7416709 0.2517269 -0.9311701 0.3477782 0.1094203 -0.636342 0.6778974 0.3681358 -0.9179002 -0.2322978 -0.3217098 -0.9770165 -0.06789642 -0.2020617 -0.9253544 0.3740257 0.06183922 -0.7592965 0.6272983 0.1731058 -0.9649593 -0.03296321 -0.2603212 -0.6007109 0.7719054 0.2081074 -0.9164755 0.3996257 0.01928794 -0.6355603 0.7002999 0.325028 -0.8913128 -0.1422833 -0.4304847 -0.9469104 0.005850553 -0.3214446 -0.9033707 0.4280942 -0.02563273 -0.567039 0.8072234 0.1638814 -0.8877241 0.4557695 -0.06496208 -0.7400413 0.6626056 0.1152938 -0.9258492 0.04325187 -0.3754099 -0.6277558 0.7240799 0.2857114 -0.3566451 0.9311893 -0.0754373 -0.8509256 -0.03842419 -0.5238792 -0.898211 0.084297 -0.431406 -0.8677033 0.4855991 -0.1062297 -0.7592352 0.5992812 -0.253819 -0.7867832 0.5792305 -0.2132234 -0.7867788 0.5792484 -0.2131913 -0.7867833 0.5792304 -0.2132235 -0.7867787 0.5792487 -0.2131909 -0.7432571 0.5940914 -0.3076111 -0.7316721 0.4829615 -0.4810448 -0.6319715 0.7381832 -0.2360034 -0.5307728 0.7411704 -0.4110311 -0.5292643 0.6206973 -0.5784584 -0.3988122 0.8696141 -0.2910676 -0.3409055 0.8193698 -0.4608869 -0.2331203 0.9357208 -0.2647293 -0.2501493 0.9518827 -0.1770446 -0.03938394 0.9282146 -0.3699551 -0.1100088 0.9903095 -0.08476555 -0.341077 0.9275421 0.1527487 -9.95469e-4 0.972905 -0.2312031 0.3163769 0.755338 -0.5739077 -0.2581393 0.9391314 0.2267079 0.2015298 0.9779334 -0.05506503 0.4031502 0.7645474 -0.5029287 0.2124991 0.9710943 -0.1087204 -0.4055724 0.8191539 0.4055834 -0.4055967 0.8191455 0.4055764 -0.4055844 0.8191503 0.4055787 -0.4055795 0.8191527 0.4055789 -0.405564 0.8191744 0.4055504 -0.4055786 0.819153 0.405579 -0.405579 0.8191522 0.4055802 -0.4055898 0.8191511 0.4055718 -0.4055312 0.8191634 0.4056057 -0.4055531 0.8191651 0.4055804 -0.4056057 0.8191398 0.4055789 -0.4055795 0.8191521 0.40558 -0.4055833 0.819151 0.4055785 -0.405576 0.8191536 0.4055804 -0.4055769 0.8191536 0.4055796 -0.4055807 0.8191519 0.4055795 -0.4055801 0.8191521 0.4055797 -0.4055776 0.8191531 0.4055801 -0.405576 0.8191528 0.405582 -0.4055773 0.8191525 0.4055815 -0.4055836 0.8191507 0.4055787 -0.4055728 0.8191577 0.4055755 -0.4055801 0.8191522 0.4055793 -0.405586 0.8191482 0.4055815 -0.4055798 0.819152 0.4055802 -0.4055808 0.8191521 0.4055787 -0.4055773 0.8191533 0.4055799 -0.4055814 0.8191506 0.4055813 -0.4055714 0.8191556 0.4055812 -0.4055806 0.8191531 0.4055768 -0.4055768 0.8191525 0.4055821 -0.4055805 0.8191522 0.4055789 -0.4055756 0.8191554 0.4055772 -0.4055846 0.8191494 0.4055805 -0.4055815 0.8191512 0.4055801 -0.4055795 0.8191512 0.405582 -0.4055832 0.8191506 0.4055795 -0.4055793 0.8191502 0.405584 -0.4055807 0.8191512 0.4055807 -0.4055802 0.8191516 0.4055804 -0.4055883 0.8191482 0.4055794 -0.4055804 0.819152 0.4055793 -0.4055828 0.8191513 0.4055786 -0.4055815 0.8191518 0.4055785 -0.4055799 0.8191518 0.4055802 -0.4055809 0.8191514 0.4055799 -0.4055792 0.8191531 0.4055783 -0.4055787 0.8191522 0.4055805 -0.4055803 0.8191527 0.4055781 -0.4055812 0.8191503 0.4055818 -0.4055763 0.8191529 0.4055815 -0.4055808 0.8191518 0.4055793 -0.4055787 0.8191518 0.4055817 -0.4055783 0.8191526 0.4055801 -0.3911479 0.8330662 0.3911575 -0.3911479 0.8330662 0.3911575 -0.3912293 0.8329968 0.3912237 -0.3912303 0.8329959 0.3912246 -0.1959207 0.9608487 0.1959205 -0.1959193 0.9608494 0.195919 -0.1959193 0.9608493 0.195919 -0.1959207 0.9608487 0.1959205 -0.1476377 0 -0.9890416 -0.1476386 0 -0.9890414 -0.1476472 0 -0.9890402 -0.147648 0 -0.98904 -0.4300739 0 -0.9027937 -0.430074 0 -0.9027937 -0.4300739 0 -0.9027938 -0.430074 0 -0.9027937 -0.6750189 0 -0.7378005 -0.6750191 0 -0.7378003 -0.6750188 0 -0.7378006 -0.6750192 0 -0.7378003 0 0 -1 0 0 -1 0 0 -1 0 0 -1 0.3547111 0 0.9349761 0.3547159 0 0.9349743 0.3547119 0 0.9349757 -0.1334574 0 0.9910545 -0.1334573 0 0.9910546 -0.1334574 0 0.9910545 0.3547167 0 0.9349739 -0.5894179 0 0.8078284 -0.5894213 0 0.8078258 -0.5894185 0 0.8078279 -0.1334573 0 0.9910546 -0.5894219 0 0.8078254 0.5735735 0 0.8191542 0.5735766 0 0.819152 0.5735766 0 0.8191521 0.5735765 0 0.8191521 0.5735732 0 0.8191543 0.5735679 0 0.8191581 0.5735681 0 0.819158 0.5735765 0 0.819152 0.1476691 0 0.9890369 0.1476788 0 0.9890354 0.14767 0 0.9890367 0.1476797 0 0.9890353 0.4300739 0 0.9027937 0.4300743 0 0.9027936 0.4300739 0 0.9027938 0.675019 0 0.7378004 0 0 1 0 0 1 0 0 1 0 0 1 -0.3547301 0 -0.9349688 -0.354731 0 -0.9349685 -0.354735 0 -0.9349669 -0.3547359 0 -0.9349666 0.1334583 0 -0.9910544 0.1334627 0 -0.9910539 0.1334574 0 -0.9910545 0.1334637 0 -0.9910538 0.5894246 0 -0.8078235 0.5894244 0 -0.8078236 0.5894246 0 -0.8078235 0.5894244 0 -0.8078235 -0.5735771 0 -0.8191516 -0.5735764 0 -0.8191521 -0.5735766 0 -0.8191521 -0.5735765 0 -0.8191521 -0.5735775 0 -0.8191513 -0.5735783 0 -0.8191508 -0.5735781 0 -0.8191509 0.9380691 -0.2427375 0.2471943 0.2042704 -0.2533767 -0.9455549 0.3278195 0.3994956 -0.8561177 0.3667067 -0.8986361 -0.2407894 0.3636103 -0.6587018 -0.6587105 0.8654508 -0.2326881 -0.4436793 0.7488972 -0.6572979 0.0843361 0.4098547 -0.89842 -0.1576727 0.6687314 -0.3671182 -0.6465467 0.4303249 -0.5400753 -0.7232837 0.8909217 -0.4507856 0.05523419 0.9669898 0 0.254815 0.9669899 0 0.254815 0.8898754 0 -0.4562037 0.8898755 0 -0.4562037 0.9669899 0 0.254815 0.3575943 0 -0.9338771 0.3575943 0 -0.9338771 -0.2586653 -0.9653667 -0.03405278 -0.2586631 -0.9653671 -0.03405529 -0.2586627 -0.9653672 -0.03405576 -0.7667604 -0.2567508 -0.5883517 -0.7667664 -0.256753 -0.5883428 -0.7667527 -0.2567479 -0.5883628 -0.7667461 -0.2567453 -0.5883726 -0.892906 -0.2567506 -0.3698624 -0.89291 -0.2567617 -0.3698447 -0.8929136 -0.2567716 -0.3698291 -0.9582118 -0.2567434 -0.1261473 -0.9582013 -0.256774 -0.1261648 -0.9582061 -0.2567597 -0.1261566 -0.9582162 -0.2567303 -0.1261399 -0.8929027 -0.2567416 -0.3698766 -0.5633887 -0.7040655 -0.4323021 -0.5633927 -0.7040603 -0.4323054 -0.5633856 -0.7040694 -0.4322996 -0.2069862 -0.9653658 -0.1588264 -0.2069873 -0.9653655 -0.1588264 -0.2069794 -0.9653672 -0.1588264 -0.2069929 -0.9653642 -0.1588264 -0.5633807 -0.7040758 -0.4322956 -0.7040623 -0.7040623 -0.09269702 -0.7040625 -0.7040625 -0.09269297 -0.7040619 -0.7040619 -0.09270244 -0.241039 -0.9653664 -0.0998401 -0.2410321 -0.9653679 -0.09984219 -0.2410379 -0.9653667 -0.0998404 -0.7040629 -0.7040629 -0.09268641 -0.6560898 -0.7040579 -0.2717512 -0.656089 -0.7040625 -0.2717412 -0.6560904 -0.7040544 -0.271759 -0.6560913 -0.7040487 -0.2717713 -0.2410461 -0.9653649 -0.09983789 -0.2586601 -0.9653678 -0.0340588 0.8997761 -0.2502 -0.3574956 0.7452944 -0.2501944 0.6180123 0.2582271 -0.96227 -0.08576315 0.1306818 -0.9656993 0.2243822 0.7387047 -0.6630033 -0.1214168 0.9825687 -0.1017364 0.1555911 0.6600518 -0.6606708 0.3575552 0.6600584 -0.6649328 0.3495529 0.6602997 -0.6645824 0.3497636 0.7065716 -0.7065735 -0.03886598 0.9049556 -0.3575943 -0.2306117 0.6599975 -0.6599944 0.3589021 0.7852005 -0.344989 0.5142401 0.9293339 0 -0.3692404 0.9293354 0 -0.369237 0.9293353 0 -0.3692369 0.9293339 0 -0.3692405 0.9876936 0 0.1564021 0.9876933 0 0.1564036 0.9876933 0 0.1564037 0.9876935 0 0.1564021 0.7697771 0 0.6383127 0.7697772 0 0.6383127 0.2573444 -0.9604222 0.1065974 0.6785948 -0.6786008 0.2810874 0.6785948 -0.6786009 0.2810875 0.6785968 -0.6785968 0.2810921 0.6785933 -0.6786036 0.2810841 0.9582107 -0.2567505 0.1261408 0.8628494 -0.3574137 0.3574164 0.8628516 -0.3574123 0.3574125 0.8628557 -0.3574098 0.357405 0.8628416 -0.3574185 0.3574306 0.7667747 -0.2567402 0.5883376 -0.250563 -0.9351131 -0.250563 -0.9351183 -0.2505469 -0.2505596 -0.2505755 -0.2505755 -0.9351064 -0.6268507 -0.6268543 -0.4627224 -0.6268475 -0.6268606 -0.4627182 -0.6268504 -0.626855 -0.4627219 0.1581469 -0.6982126 -0.698204 -0.3653178 -0.8562044 -0.3653178 -0.6981976 0.1581283 -0.6982233 -0.4305452 -0.4305434 -0.7932612 -0.4305465 -0.4305419 -0.7932612 -0.4305472 -0.4305412 -0.7932612 -0.6268528 -0.6268501 -0.4627251 -0.8561966 -0.3653413 -0.3653125 -0.4305443 -0.4305443 -0.7932612 -0.7667631 0.2567397 -0.5883529 -0.7667515 0.2567552 -0.5883613 -0.7667412 0.2567688 -0.5883688 -0.2586631 0.9653671 -0.03405529 -0.2586653 0.9653667 -0.03405278 -0.2586627 0.9653672 -0.03405576 -0.9582117 0.2567434 -0.1261474 -0.9582162 0.2567303 -0.1261399 -0.9582061 0.2567597 -0.1261567 -0.9582013 0.256774 -0.126165 -0.8929048 0.2567599 -0.3698588 -0.8929098 0.2567567 -0.3698489 -0.8929142 0.2567539 -0.3698402 -0.8929008 0.2567624 -0.3698667 -0.7667725 0.2567274 -0.5883461 -0.7040622 0.7040622 -0.09269833 -0.7040617 0.7040617 -0.09270554 -0.7040625 0.7040625 -0.09269279 -0.7040631 0.7040631 -0.09268397 -0.2586601 0.9653678 -0.0340588 -0.2069862 0.9653656 -0.1588273 -0.2069794 0.9653671 -0.1588274 -0.2069873 0.9653654 -0.1588273 -0.5633885 0.7040653 -0.4323025 -0.5633854 0.7040692 -0.4323003 -0.5633927 0.7040603 -0.4323054 -0.2069929 0.9653642 -0.1588271 -0.2410371 0.9653671 -0.09983736 -0.2410379 0.9653659 -0.09984701 -0.2410373 0.9653669 -0.09983891 -0.5633804 0.7040754 -0.4322968 -0.6560895 0.7040594 -0.2717481 -0.6560865 0.7040598 -0.2717544 -0.6560816 0.7040604 -0.2717645 -0.2410364 0.9653683 -0.09982758 -0.6560934 0.7040589 -0.2717398 -0.7933372 0 -0.6087825 -0.7933372 0 -0.6087826 -0.7933293 0 -0.6087927 -0.7933292 0 -0.6087929 -0.923886 0 -0.3826681 -0.9238891 0 -0.3826605 -0.9238859 0 -0.3826681 -0.9238891 0 -0.3826605 -0.9914429 0 -0.1305413 -0.9914433 0 -0.1305387 -0.9914429 0 -0.1305414 -0.9914433 0 -0.1305386 -0.1830113 0.9659267 -0.1830097 -0.1959322 0.960893 -0.1956915 -0.4996369 0.7070999 -0.5003726 -0.414103 0.8105409 -0.4141767 -0.6830083 0.2588416 -0.6830086 -0.6411302 0.4252575 -0.6388336 0.9544009 -0.2557321 0.1540136 0.954401 -0.2557337 0.1540106 0.954401 -0.2557361 0.1540061 0.6735753 -0.255727 0.6934697 0.6735743 -0.2557229 0.6934721 0.673576 -0.2557301 0.6934678 0.6735771 -0.2557346 0.6934651 0.8575166 -0.2557315 0.446393 0.8575187 -0.2557266 0.4463916 0.857522 -0.2557195 0.4463896 0.8575137 -0.255738 0.4463949 0.9544007 -0.2557299 0.1540176 0.4958255 -0.7025533 0.5104665 0.4958268 -0.7025541 0.5104642 0.4958251 -0.702553 0.5104673 0.182506 -0.9650843 0.1878937 0.1825059 -0.9650843 0.1878938 0.1825035 -0.9650846 0.1878944 0.1825079 -0.965084 0.1878932 0.4958235 -0.702552 0.5104701 0.2585935 -0.9650847 0.04172754 0.2586004 -0.9650827 0.04172903 0.258594 -0.9650845 0.0417276 0.7025479 -0.7025479 0.1133716 0.7025478 -0.7025478 0.1133722 0.702548 -0.702548 0.11337 0.2585882 -0.9650861 0.04172635 0.2323419 -0.9650848 0.1209488 0.2323351 -0.9650867 0.1209473 0.2323426 -0.9650846 0.120949 0.7025477 -0.7025477 0.1133742 0.6312308 -0.7025484 0.3285931 0.6312264 -0.7025551 0.3285873 0.6312323 -0.7025461 0.3285952 0.232351 -0.9650824 0.1209509 0.6312377 -0.702538 0.3286022 0.9582107 0.2567505 0.1261408 0.766772 0.2567456 0.5883387 0.8628506 0.3574154 0.357412 0.8628391 0.3574297 0.3574251 0.8628481 0.3574185 0.3574148 0.8628552 0.3574096 0.3574066 0.6785945 0.6786006 0.2810888 0.6785968 0.6785968 0.2810921 0.2573443 0.9604218 0.106602 0.6785928 0.6786031 0.2810865 0.7933639 0 0.6087478 0.793364 0 0.6087476 0.7933482 0 0.6087682 0.7933481 0 0.6087684 0.9238722 0 0.3827013 0.9238784 0 0.3826863 0.9238784 0 0.3826861 0.9238722 0 0.3827014 0.991445 0 0.1305249 0.9914457 0 0.1305195 0.9914458 0 0.1305195 0.9914451 0 0.130525 -0.9351183 0.2505469 -0.2505596 -0.2505629 0.9351127 -0.2505645 -0.2505755 0.2505755 -0.9351064 -0.6981933 -0.1581273 -0.6982277 -0.8561966 0.3653413 -0.3653125 -0.4305453 0.4305435 -0.793261 -0.430544 0.4305395 -0.793264 -0.4305462 0.4305462 -0.7932592 0.1581695 0.6982115 -0.6982 -0.6268519 0.6268537 -0.4627217 -0.6268514 0.6268546 -0.4627209 -0.6268481 0.6268613 -0.4627165 -0.6268543 0.6268488 -0.4627249 -0.3653184 0.8562058 -0.3653136 -0.4305434 0.4305374 -0.7932654 -0.2588286 0 -0.9659234 -0.2588286 0 -0.9659233 -0.7070994 0 -0.7071142 -0.7070994 0 -0.7071143 -0.9659271 0 -0.2588147 -0.965927 0 -0.2588146 -0.2588227 0.9659249 0 -0.2588227 0.9659249 0 -0.2588164 0.9659266 0 -0.7071055 0.7071082 0 -0.7071053 0.7071082 0 -0.7071054 0.7071082 0 -0.2588163 0.9659266 0 -0.9659237 0.2588273 0 -0.9659301 0.2588037 0 -0.96593 0.2588035 0 -0.9659237 0.2588275 0 0.6735731 0.2557271 0.6934717 0.6735799 0.2557249 0.6934659 0.6735901 0.2557214 0.6934573 0.2585934 0.9650846 0.04172956 0.2585934 0.9650846 0.0417295 0.2585934 0.9650846 0.04172956 0.954401 0.2557321 0.1540127 0.9544011 0.25573 0.1540154 0.9544008 0.2557337 0.1540107 0.9544007 0.255736 0.1540077 0.8575178 0.2557289 0.4463924 0.8575193 0.255725 0.4463914 0.8575217 0.2557194 0.4463901 0.4958271 0.7025493 0.5104704 0.4958232 0.7025516 0.5104709 0.4958282 0.7025486 0.5104703 0.8575156 0.255734 0.4463936 0.6735638 0.2557303 0.6934796 0.702548 0.702548 0.1133694 0.7025483 0.7025483 0.1133657 0.7025479 0.7025479 0.1133706 0.7025476 0.7025476 0.113375 0.2585934 0.9650846 0.04172962 0.182506 0.9650843 0.1878937 0.1825034 0.9650843 0.1878961 0.1825058 0.9650842 0.1878939 0.182508 0.9650843 0.1878919 0.2323416 0.9650852 0.1209468 0.2323421 0.9650847 0.120949 0.2323415 0.9650852 0.1209465 0.4958314 0.7025467 0.5104698 0.6312315 0.7025479 0.3285927 0.6312327 0.7025483 0.3285897 0.6312312 0.7025478 0.3285938 0.6312297 0.7025473 0.3285974 0.2323409 0.9650856 0.1209439 0.6967497 0 0.7173143 0.8870099 0 0.4617504 0.88701 0 0.4617504 0.9872303 0 0.1593003 0.9872298 0 0.159303 0.9872302 0 0.1593003 0.9872298 0 0.159303 0.9380685 0.2427397 0.2471942 0.4098564 0.8984189 -0.1576747 0.7488972 0.6572979 0.08433556 0.8654508 0.2326881 -0.4436793 0.3636065 0.6587029 -0.6587116 0.366705 0.8986372 -0.2407876 0.8909217 0.4507856 0.05523419 0.3278195 -0.3994956 -0.8561177 0.2042697 0.2533759 -0.9455552 0.430326 0.5400763 -0.7232822 0.6687365 0.3671157 -0.6465429 0.9669898 0 0.2548149 0.9669896 0 0.2548161 0.9669895 0 0.2548161 0.9669899 0 0.2548149 0.8898757 0 -0.4562033 0.8898765 0 -0.4562016 0.8898766 0 -0.4562015 0.8898755 0 -0.4562034 0.3575932 0 -0.9338775 0.3575933 0 -0.9338775 0.3575933 0 -0.9338774 0 0.9659254 -0.2588207 0 0.965927 -0.2588149 0 0.965927 -0.258815 0 0.7070976 -0.707116 0 0.7071007 -0.707113 0 0.7071006 -0.707113 0 0.9659255 -0.2588208 0 0.7070976 -0.707116 0 0.2588332 -0.9659221 0 0.2588332 -0.9659221 0 0.2588332 -0.9659221 0 0.2588332 -0.965922 0.8997756 0.2502046 -0.3574934 0.7452958 0.2501949 0.6180104 0.6600494 0.6606728 0.357556 0.6602755 0.664602 0.349772 0.6600589 0.6649332 0.3495514 0.9825688 0.1017364 0.1555903 0.7387028 0.6630058 -0.1214156 0.9049556 0.3575943 -0.2306117 0.7851999 0.3449887 0.514241 0.1306818 0.9656993 0.2243822 0.2582271 0.96227 -0.08576315 0.7065726 0.7065726 -0.03886413 0.6599998 0.6599916 0.3589032 0.9293341 0 -0.36924 0.9293342 0 -0.3692401 0.9293341 0 -0.36924 0.9293342 0 -0.36924 0.9876936 0 0.1564022 0.9876935 0 0.1564021 0.9876935 0 0.1564021 0.7697762 0 0.6383139 0.7978086 0.2587414 0.544568 0.7978085 0.2587451 0.5445665 0.7978086 0.2587406 0.5445684 0.2138272 0.9659066 0.1459534 0.2137949 0.9659097 0.1459808 0.2138273 0.9659066 0.1459538 0.7853634 0.2587524 -0.5623626 0.7853641 0.2587537 -0.562361 0.785364 0.2587534 -0.5623613 0.7853632 0.2587521 -0.5623629 0.2105308 0.9659046 -0.1506823 0.2176169 0.965898 -0.1402999 0.2104936 0.965906 -0.1507252 0.5750015 0.7070003 -0.4117328 0.5750027 0.7070003 -0.4117313 0.5750026 0.7070003 -0.4117315 0.2104938 0.9659059 -0.1507254 0.5750014 0.7070003 -0.411733 0.8118681 0.2587509 -0.5233718 0.8118695 0.2587461 -0.5233723 0.8118678 0.258752 -0.5233718 0.8118697 0.258745 -0.5233724 0.5944025 0.707006 -0.3831816 0.5944078 0.7070003 -0.383184 0.5944013 0.7070074 -0.3831812 0.594409 0.706999 -0.3831846 0.2177235 0.9658682 -0.1403397 0.2242977 0.9658682 -0.1295736 0.8364376 0.2587518 -0.4831354 0.8364404 0.2587464 -0.4831334 0.8364398 0.2587474 -0.4831338 0.8364371 0.2587528 -0.4831357 0.8590199 0.2587397 -0.4417449 0.8590198 0.2587408 -0.4417447 0.8590209 0.2587347 -0.4417459 0.2242259 0.9659017 -0.1294471 0.230206 0.9659136 -0.1183903 0.6123909 0.7070062 -0.3537226 0.6123957 0.7070017 -0.3537234 0.6123899 0.7070072 -0.3537224 0.6123968 0.7070007 -0.3537235 0.8590211 0.2587335 -0.4417462 0.6289215 0.7070058 -0.3234201 0.6289246 0.7070029 -0.3234205 0.628924 0.7070034 -0.3234204 0.2301635 0.9659287 -0.1183493 0.2356467 0.965932 -0.1069867 0.628921 0.7070064 -0.32342 0.87955 0.2587496 -0.3993002 0.8795512 0.2587414 -0.3993027 0.8795497 0.2587514 -0.3992996 0.8979872 0.2587429 -0.3559092 0.8979879 0.2587401 -0.3559092 0.8979837 0.2587549 -0.3559091 0.8795515 0.2587396 -0.3993032 0.2357002 0.9659181 -0.1069944 0.2406912 0.9659014 -0.09540593 0.6439594 0.7070004 -0.292347 0.6439579 0.7070018 -0.292347 0.6439597 0.7070001 -0.292347 0.6439576 0.7070021 -0.292347 0.897983 0.2587577 -0.3559091 0.2406849 0.9659053 -0.09538286 0.2449784 0.9659246 -0.08351826 0.6574615 0.7069949 -0.2605816 0.6574593 0.7069982 -0.2605782 0.657462 0.7069941 -0.2605823 0.6574587 0.706999 -0.2605774 0.9142841 0.2587433 -0.3116676 0.9142811 0.2587555 -0.3116659 0.9142847 0.2587406 -0.3116679 0.9142805 0.2587583 -0.3116655 0.6693855 0.7070043 -0.2281841 0.6693921 0.7069963 -0.2281898 0.669384 0.7070062 -0.2281828 0.2449418 0.9659364 -0.08348929 0.2487333 0.9659289 -0.07150655 0.6693936 0.7069944 -0.228191 0.9284002 0.2587519 -0.2666845 0.9284017 0.2587475 -0.2666837 0.9283999 0.2587528 -0.2666847 0.928402 0.2587465 -0.2666835 0.6797245 0.7070017 -0.1952521 0.6797218 0.707005 -0.1952493 0.6797251 0.7070009 -0.1952528 0.2504313 0.9659253 -0.06536459 0.2533212 0.9659256 -0.05306708 0.2504315 0.9659252 -0.06536465 0.6797212 0.7070058 -0.1952486 0.9403079 0.2587507 -0.2210636 0.9403088 0.2587462 -0.2210652 0.9403077 0.2587517 -0.2210632 0.9403089 0.2587451 -0.2210656 0.6884423 0.7070015 -0.1618523 0.6884382 0.707006 -0.1618503 0.6884389 0.7070052 -0.1618507 0.688443 0.7070007 -0.1618527 0.2533216 0.9659256 -0.05306732 0.9499717 0.2587602 -0.1749202 0.9499757 0.2587452 -0.1749207 0.9499708 0.2587637 -0.17492 0.9499766 0.2587418 -0.1749208 0.6955199 0.7070015 -0.1280662 0.6955193 0.7070021 -0.128067 0.6955191 0.7070021 -0.1280671 0.2546101 0.9659072 -0.04687297 0.6955201 0.7070014 -0.1280661 0.2566027 0.9659042 -0.03441321 0.7009422 0.7069995 -0.09397739 0.7009443 0.7069976 -0.09397596 0.7009448 0.7069973 -0.09397566 0.9573796 0.2587443 -0.1283581 0.9573766 0.2587565 -0.128356 0.9573802 0.2587415 -0.1283586 0.957376 0.2587593 -0.1283556 0.2572882 0.9659255 -0.028122 0.258353 0.9659258 -0.01553362 0.2572886 0.9659253 -0.02812206 0.7009418 0.707 -0.09397768 0.9625033 0.2587409 -0.08149003 0.9625018 0.258746 -0.08149081 0.9625022 0.258745 -0.08149069 0.9625036 0.2587399 -0.08148986 0.7046909 0.7070017 -0.05966192 0.7046875 0.7070049 -0.05966216 0.7046868 0.7070057 -0.05966222 0.2583528 0.9659258 -0.01553356 0.7046915 0.707001 -0.05966186 0.9653325 0.2587431 -0.03442662 0.9653293 0.2587555 -0.03442668 0.9653333 0.2587402 -0.03442662 0.9653285 0.2587583 -0.03442674 0.2587048 0.9659125 -0.009217798 0.2589033 0.9658973 0.003398537 0.7067638 0.7070005 -0.02520555 0.7067661 0.7069982 -0.02520632 0.7067657 0.7069986 -0.0252062 0.7067633 0.7070009 -0.02520537 0.9658628 0.2587421 0.0127182 0.9658606 0.2587501 0.01271826 0.9658632 0.2587403 0.0127182 0.7071467 0.7070056 0.009311139 0.707152 0.7070003 0.009312093 0.7071532 0.7069991 0.009312272 0.9658602 0.2587519 0.01271831 0.2590081 0.9658692 0.003424942 0.2584479 0.965893 0.01598078 0.7071456 0.7070068 0.00931096 0.9640895 0.2587509 0.05982935 0.9640906 0.2587468 0.05983018 0.9640892 0.2587518 0.05982917 0.9640908 0.2587458 0.05983036 0.2583991 0.9659051 0.01604551 0.2573023 0.9659073 0.02861541 0.7058548 0.7070009 0.0438047 0.7058563 0.7069993 0.04380488 0.7058561 0.7069995 0.04380488 0.7058545 0.7070011 0.0438047 0.9600238 0.2587416 0.1068043 0.9600223 0.2587471 0.1068041 0.9600241 0.2587403 0.1068044 0.960022 0.2587485 0.1068041 0.2572916 0.9659096 0.0286327 0.2555905 0.9659097 0.04113525 0.7028773 0.707 0.07819622 0.7028805 0.7069969 0.07819575 0.7028799 0.7069975 0.07819586 0.7028767 0.7070006 0.07819634 0.9536694 0.2587404 0.1535199 0.9536688 0.2587424 0.1535196 0.9536689 0.258742 0.1535196 0.9536694 0.25874 0.1535199 0.2556091 0.9659059 0.04110801 0.2533062 0.9658996 0.05361104 0.6982183 0.7070064 0.1123979 0.6982231 0.7070015 0.1123986 0.6982172 0.7070075 0.1123977 0.6982241 0.7070004 0.1123988 0.9450396 0.2587513 0.1998702 0.9450418 0.2587436 0.1998695 0.9450414 0.258745 0.1998696 0.9450391 0.2587528 0.1998702 0.6919082 0.7070003 0.146334 0.6919029 0.7070057 0.146333 0.6919038 0.7070048 0.1463332 0.6919092 0.7069993 0.1463342 0.2518369 0.9659254 0.05971807 0.2486212 0.965926 0.07193505 0.2518372 0.9659254 0.05971813 0.9341635 0.2587427 0.2457457 0.9341601 0.2587544 0.2457459 0.9341607 0.2587522 0.2457459 0.9341641 0.2587405 0.2457456 0.2486207 0.9659261 0.07193505 0.6839433 0.7070007 0.1799212 0.6839426 0.707001 0.1799228 0.6839427 0.7070009 0.1799225 0.6839434 0.7070007 0.1799208 0.9210573 0.2587527 0.2910336 0.9210563 0.2587531 0.2910362 0.9210566 0.2587531 0.2910357 0.9210575 0.2587527 0.2910332 0.2448154 0.9659259 0.08397996 0.2404265 0.9659256 0.09582769 0.2448156 0.9659259 0.08397948 0.6743497 0.7069998 0.2130816 0.6743544 0.7069953 0.2130822 0.6743535 0.7069961 0.2130821 0.6743489 0.7070007 0.2130815 0.9057623 0.2587404 0.3356313 0.9057604 0.2587435 0.3356337 0.9057607 0.2587429 0.3356333 0.9057625 0.2587398 0.3356308 0.6631482 0.7070006 0.2457329 0.663148 0.7070015 0.2457311 0.6631481 0.7070013 0.2457314 0.2404265 0.9659255 0.09582811 0.6631484 0.7070004 0.2457332 0.8883051 0.2587412 0.3794299 0.8883046 0.2587445 0.3794289 0.8883047 0.2587439 0.3794291 0.8883052 0.2587406 0.3794301 0.2380892 0.9659033 0.1017081 0.2328107 0.9659152 0.1131688 0.6503636 0.7070063 0.2777938 0.6503705 0.7069986 0.2777972 0.6503692 0.707 0.2777965 0.6503623 0.7070078 0.2777931 0.8687313 0.2587511 0.4223195 0.8687318 0.2587479 0.4223204 0.8687318 0.2587485 0.4223203 0.8687312 0.2587517 0.4223193 0.2327591 0.9659284 0.1131614 0.2269583 0.9659313 0.1243656 0.6360389 0.707 0.3092015 0.636036 0.7070038 0.3091989 0.6360366 0.7070031 0.3091994 0.6360394 0.7069993 0.309202 0.847091 0.2587411 0.4642091 0.8470903 0.2587469 0.4642071 0.8470904 0.2587458 0.4642074 0.8470911 0.2587401 0.4642094 0.2269621 0.965928 0.1243848 0.2206694 0.9659236 0.1352661 0.62019 0.7070044 0.3398664 0.6201976 0.7069967 0.3398688 0.6201962 0.7069981 0.3398683 0.6201886 0.7070059 0.339866 0.8234315 0.2587406 0.5049891 0.8234317 0.2587398 0.5049891 0.8234317 0.25874 0.5049891 0.8234314 0.2587407 0.5049891 0.7978085 0.2587459 0.5445661 0.5841062 0.7070063 0.3987006 0.5841092 0.707005 0.3986984 0.5841099 0.7070047 0.3986979 0.2206862 0.9659153 0.1352971 0.6028695 0.7070019 0.3697254 0.6028681 0.7070028 0.3697258 0.6028683 0.7070026 0.3697257 0.5841054 0.7070066 0.3987011 0.6028697 0.7070017 0.3697253 0.1484525 0.9659256 0.2120134 0.1484525 0.9659255 0.2120134 0.1484528 0.9659258 0.2120121 0.1484528 0.9659258 0.2120121 0.405579 0.7071085 0.5792265 0.4055772 0.707111 0.5792248 0.4055771 0.7071111 0.5792247 0.4055791 0.7071084 0.5792266 0.554032 0.2588164 0.7912412 0.5540362 0.2588097 0.7912405 0.5540363 0.2588095 0.7912405 0.5540319 0.2588166 0.7912413 0.2588186 0.9659259 0 0.2588187 0.965926 0 0.2588188 0.965926 0 0.7071058 0.7071078 0 0.7071115 0.7071021 0 0.7071114 0.7071022 0 0.9659229 0.25883 0 0.9659258 0.2588195 0 0.9659257 0.2588196 0 0.7071058 0.7071079 0 0.9659229 0.2588301 0 0.6830113 0.2588288 0.6830105 0.5003764 0.7071174 0.4996085 0.6387971 0.4252225 0.6411897 0.4142192 0.8105046 0.4141315 0.1830128 0.9659253 0.1830155 0.1956787 0.960896 0.1959308 0.2588186 -0.9659259 0 0.2588187 -0.965926 0 0.2588186 -0.9659259 0 0.2588187 -0.965926 0 0.7071114 -0.7071022 0 0.7071059 -0.7071077 0 0.7071058 -0.7071078 0 0.9659229 -0.2588301 0 0.9659258 -0.2588195 0 0.9659257 -0.2588196 0 0.7071115 -0.7071022 0 0.9659228 -0.2588301 0 0.1484525 -0.9659259 0.2120121 0.1484522 -0.9659261 0.212011 0.1484522 -0.9659261 0.212011 0.4055776 -0.7071118 0.5792236 0.4055781 -0.7071096 0.5792258 0.4055781 -0.7071096 0.5792257 0.1484525 -0.9659258 0.2120122 0.5540344 -0.2588069 0.7912425 0.5540325 -0.2588168 0.7912408 0.5540325 -0.2588165 0.7912408 0.4055775 -0.7071118 0.5792235 0.5540345 -0.2588066 0.7912427 0 -0.9659258 -0.2588194 0 -0.9659258 -0.2588193 0 -0.9659259 -0.2588193 0 -0.7070991 -0.7071145 0 -0.7071 -0.7071136 0 -0.7071 -0.7071136 0 -0.9659258 -0.2588194 0 -0.7070991 -0.7071146 0 -0.2588332 -0.9659221 0 -0.2588328 -0.9659222 0 -0.2588328 -0.9659222 0 -0.2588332 -0.9659221 -0.2588227 -0.9659249 0 -0.2588228 -0.9659249 0 -0.2588164 -0.9659266 0 -0.2588163 -0.9659266 0 -0.7071054 -0.7071082 0 -0.7071054 -0.7071082 0 -0.7071053 -0.7071082 0 -0.9659301 -0.2588036 0 -0.9659236 -0.2588275 0 -0.9659237 -0.2588273 0 -0.7071053 -0.7071082 0 -0.96593 -0.2588035 0 0.183013 -0.9659258 0.1830132 0.1830121 -0.9659261 0.1830124 0.1830121 -0.965926 0.1830124 0.6830094 -0.2588385 0.6830087 0.6830157 -0.2588016 0.6830164 0.6830156 -0.2588019 0.6830163 0.5000041 -0.7071023 0.5000025 0.4999958 -0.7071125 0.4999963 0.4999957 -0.7071126 0.4999962 0.5000041 -0.7071022 0.5000025 0.6830093 -0.2588389 0.6830086 0.791566 -0.2551838 0.5552518 0.4120359 -0.70204 0.5808324 0.4157178 -0.9066255 -0.07217371 0.5631646 -0.8232012 0.07201045 0.9447571 -0.3167613 0.08423995 0.9597486 0.205486 -0.1914631 0.7978078 -0.2587453 0.5445673 0.7978082 -0.2587434 0.5445676 0.7978084 -0.2587429 0.5445677 0.7978078 -0.2587457 0.5445672 0.2137984 -0.9659088 0.1459805 0.220689 -0.9659147 0.1352964 0.2138266 -0.9659069 0.1459525 0.5841067 -0.707007 0.3986986 0.5841095 -0.7070043 0.3986995 0.5841089 -0.7070047 0.3986993 0.2138262 -0.965907 0.1459524 0.5841062 -0.7070075 0.3986984 0.8234284 -0.2587519 0.5049883 0.8234287 -0.2587491 0.5049892 0.8234283 -0.2587525 0.504988 0.8234288 -0.2587485 0.5049895 0.6028744 -0.7069959 0.3697288 0.6028683 -0.7070032 0.3697249 0.6028758 -0.7069942 0.3697296 0.220669 -0.9659237 0.1352651 0.2269601 -0.9659285 0.1243835 0.6028668 -0.7070047 0.369724 0.8470907 -0.2587417 0.4642092 0.847089 -0.2587487 0.4642083 0.8470911 -0.2587401 0.4642094 0.8687336 -0.2587406 0.4223213 0.8687339 -0.2587398 0.4223214 0.8687327 -0.2587442 0.4223209 0.8470887 -0.2587503 0.4642081 0.2269585 -0.9659312 0.1243655 0.2327574 -0.9659289 0.1131604 0.6201945 -0.7069993 0.3398689 0.6201961 -0.7069981 0.3398684 0.6201941 -0.7069995 0.339869 0.6201965 -0.7069978 0.3398684 0.8687325 -0.258745 0.4223208 0.2328092 -0.9659157 0.1131668 0.2380865 -0.9659042 0.1017054 0.6360395 -0.707 0.3092004 0.6360399 -0.7069989 0.3092021 0.6360394 -0.7070002 0.3092 0.6360399 -0.7069987 0.3092026 0.8883047 -0.2587423 0.3794303 0.8883029 -0.2587523 0.3794276 0.8883032 -0.2587505 0.3794281 0.888305 -0.2587405 0.3794308 0.6503683 -0.707001 0.2777963 0.6503649 -0.7070044 0.2777954 0.6503642 -0.7070052 0.2777952 0.2382196 -0.9658681 0.1017369 0.2428713 -0.9658686 0.09006297 0.6503691 -0.7070001 0.2777965 0.9057599 -0.258749 0.335631 0.9057623 -0.2587378 0.335633 0.9057593 -0.2587516 0.3356305 0.9210593 -0.2587434 0.2910355 0.92106 -0.2587407 0.2910355 0.921056 -0.2587548 0.2910355 0.9057628 -0.2587352 0.3356336 0.2428988 -0.9658684 0.0899915 0.2469921 -0.9658683 0.07805985 0.6631482 -0.7070009 0.2457324 0.6631472 -0.7070019 0.2457321 0.6631484 -0.7070006 0.2457324 0.663147 -0.707002 0.2457321 0.9210554 -0.2587574 0.2910355 0.9341607 -0.2587531 0.2457454 0.9341608 -0.2587524 0.2457455 0.93416 -0.2587563 0.2457447 0.2470015 -0.9658682 0.07803207 0.2504937 -0.9658687 0.0659604 0.6743539 -0.7069956 0.2130827 0.6743503 -0.7069996 0.2130806 0.6743509 -0.7069989 0.213081 0.6743546 -0.7069948 0.2130832 0.9341598 -0.258757 0.2457444 0.683944 -0.7069999 0.1799215 0.6839439 -0.707 0.1799218 0.6839441 -0.707 0.1799215 0.2505158 -0.9658679 0.06588655 0.2534266 -0.9658678 0.0536127 0.6839439 -0.707 0.1799218 0.9450393 -0.2587519 0.1998701 0.9450405 -0.2587484 0.1998696 0.9450391 -0.2587528 0.1998702 0.9450407 -0.2587476 0.1998695 0.6919033 -0.7070052 0.1463333 0.6919081 -0.7070004 0.1463339 0.6919093 -0.7069994 0.146334 0.2533088 -0.9658988 0.05361193 0.255611 -0.9659054 0.04110884 0.6919023 -0.7070063 0.1463332 0.953669 -0.2587416 0.1535199 0.9536674 -0.2587481 0.1535193 0.9536694 -0.2587401 0.15352 0.6982225 -0.7070021 0.1123982 0.6982179 -0.7070068 0.1123975 0.6982169 -0.7070079 0.1123973 0.9536669 -0.2587495 0.1535191 0.2555885 -0.9659102 0.04113501 0.6982236 -0.707001 0.1123983 0.2572897 -0.9659101 0.0286324 0.9600237 -0.2587416 0.1068047 0.9600222 -0.2587475 0.1068043 0.9600241 -0.2587403 0.1068048 0.9600219 -0.2587488 0.1068042 0.2573052 -0.9659065 0.02861583 0.2584065 -0.9659039 0.01599824 0.7028772 -0.7070001 0.07819598 0.7028769 -0.7070004 0.07819551 0.702877 -0.7070004 0.07819563 0.7028772 -0.7070001 0.0781961 0.9640896 -0.2587504 0.05982935 0.9640913 -0.2587441 0.05983018 0.9640892 -0.2587518 0.05982917 0.9658626 -0.2587429 0.01271814 0.9658632 -0.2587403 0.01271808 0.9658595 -0.2587543 0.01271831 0.9640916 -0.2587426 0.05983036 0.7058501 -0.7070056 0.04380428 0.7058572 -0.7069985 0.04380536 0.7058485 -0.7070072 0.04380404 0.7058587 -0.7069969 0.04380559 0.2584412 -0.9658948 0.01598054 0.2590101 -0.9658685 0.003425061 0.9658588 -0.2587569 0.01271837 0.7071459 -0.7070065 0.009311437 0.7071443 -0.707008 0.009311139 0.7071446 -0.7070077 0.009311199 0.2589111 -0.9658954 0.003350555 0.2587156 -0.9659096 -0.009217858 0.7071462 -0.7070061 0.009311497 0.9653329 -0.2587417 -0.03442645 0.965331 -0.258749 -0.03442674 0.9653334 -0.2587401 -0.03442639 0.9653305 -0.2587506 -0.0344268 0.2587053 -0.9659122 -0.009235262 0.2580003 -0.9658982 -0.02183341 0.7067635 -0.7070009 -0.02520573 0.7067624 -0.7070018 -0.02520698 0.7067626 -0.7070016 -0.02520674 0.7067636 -0.7070007 -0.02520555 0.9625034 -0.2587407 -0.08149003 0.9625024 -0.258744 -0.08149069 0.9625036 -0.2587399 -0.08148986 0.9573797 -0.2587438 -0.128358 0.9573803 -0.2587413 -0.1283585 0.9573771 -0.2587547 -0.128356 0.7046871 -0.7070055 -0.05966132 0.7046952 -0.7069973 -0.05966299 0.704697 -0.7069954 -0.05966341 0.9625022 -0.2587447 -0.08149087 0.2581165 -0.9658674 -0.02181953 0.2566333 -0.9658967 -0.0343967 0.7046854 -0.7070072 -0.05966097 0.9573765 -0.2587572 -0.1283556 0.9499742 -0.258751 -0.1749201 0.949974 -0.258752 -0.17492 0.9499753 -0.2587466 -0.1749209 0.7009418 -0.7070002 -0.09397536 0.7009418 -0.707 -0.09397691 0.7009418 -0.7070002 -0.093975 0.2566111 -0.9659036 -0.03436541 0.2546101 -0.9659072 -0.04687213 0.7009418 -0.707 -0.09397721 0.9499755 -0.2587456 -0.174921 0.6955211 -0.7070001 -0.1280675 0.6955232 -0.7069982 -0.1280667 0.6955206 -0.7070005 -0.1280677 0.2545915 -0.9659115 -0.04688733 0.2519842 -0.965917 -0.05923289 0.6955236 -0.7069979 -0.1280664 0.9403075 -0.2587513 -0.2210647 0.940308 -0.2587494 -0.2210649 0.9403079 -0.2587498 -0.2210648 0.9403074 -0.2587516 -0.2210647 0.9284003 -0.2587518 -0.2666839 0.9284 -0.2587529 -0.2666839 0.9284016 -0.258747 -0.2666842 0.6884423 -0.7070016 -0.1618518 0.6884391 -0.7070049 -0.161851 0.6884396 -0.7070043 -0.1618511 0.6884429 -0.707001 -0.1618519 0.2519667 -0.9659207 -0.05924546 0.2487547 -0.9659242 -0.07149636 0.9284019 -0.2587459 -0.2666843 0.9142842 -0.2587429 -0.3116674 0.9142849 -0.2587404 -0.3116677 0.9142816 -0.2587541 -0.3116659 0.2487348 -0.9659285 -0.07150703 0.2449573 -0.9659363 -0.08344429 0.6797243 -0.707002 -0.1952513 0.6797199 -0.7070068 -0.1952494 0.6797208 -0.7070059 -0.1952498 0.6797252 -0.7070011 -0.1952517 0.914281 -0.2587566 -0.3116655 0.2449786 -0.9659245 -0.08351886 0.2406852 -0.9659051 -0.09538364 0.6693893 -0.707 -0.2281862 0.6693872 -0.7070016 -0.2281877 0.6693875 -0.7070013 -0.2281874 0.6693898 -0.7069997 -0.228186 0.8979847 -0.2587526 -0.3559082 0.8979834 -0.2587558 -0.3559092 0.8979837 -0.2587552 -0.355909 0.8979849 -0.258752 -0.355908 0.8795511 -0.2587422 -0.3993024 0.8795517 -0.2587394 -0.3993027 0.8795483 -0.258754 -0.399301 0.2406915 -0.9659014 -0.09540623 0.2357004 -0.9659179 -0.1069951 0.6574622 -0.7069946 -0.2605803 0.6574619 -0.7069953 -0.2605794 0.657462 -0.7069952 -0.2605795 0.6574622 -0.7069945 -0.2605805 0.8795476 -0.2587566 -0.3993006 0.2329886 -0.9659259 -0.1127105 0.2272135 -0.9659253 -0.1239457 0.2329886 -0.9659258 -0.1127107 0.6439599 -0.7069994 -0.2923482 0.6439614 -0.7069984 -0.2923477 0.6439611 -0.7069985 -0.2923478 0.6439597 -0.7069996 -0.2923483 0.85902 -0.2587406 -0.4417443 0.8590199 -0.2587387 -0.4417455 0.8590199 -0.2587391 -0.4417454 0.85902 -0.2587409 -0.441744 0.6289225 -0.7070054 -0.3234191 0.628929 -0.7069982 -0.3234221 0.6289278 -0.7069995 -0.3234216 0.2272139 -0.9659252 -0.1239461 0.6289213 -0.7070068 -0.3234186 0.8364409 -0.2587408 -0.4831354 0.8364413 -0.2587403 -0.4831351 0.8364413 -0.2587404 -0.4831351 0.6123912 -0.7070065 -0.3537213 0.612392 -0.7070054 -0.3537223 0.6123922 -0.7070052 -0.3537225 0.836441 -0.2587409 -0.4831355 0.2242967 -0.9658686 -0.1295716 0.2177228 -0.9658687 -0.1403374 0.6123911 -0.7070068 -0.3537211 0.7853631 -0.2587522 -0.5623631 0.7853637 -0.2587534 -0.5623615 0.7853639 -0.2587536 -0.5623612 0.8118681 -0.2587509 -0.5233719 0.8118696 -0.258745 -0.5233725 0.8118693 -0.258746 -0.5233724 0.8118678 -0.258752 -0.5233718 0.7853628 -0.258752 -0.5623634 0.2140493 -0.9659255 -0.1455023 0.2104939 -0.9659061 -0.1507246 0.2104936 -0.9659061 -0.1507245 0.5750017 -0.7070004 -0.4117323 0.5750023 -0.707 -0.4117321 0.5750025 -0.707 -0.4117321 0.2140495 -0.9659254 -0.1455024 0.5750015 -0.7070006 -0.4117324 0.5944066 -0.707001 -0.3831847 0.5944064 -0.7070006 -0.3831856 0.5944064 -0.7070007 -0.3831855 0.5944066 -0.707001 -0.3831846 0.1914517 0.2054756 -0.9597532 -0.5552754 -0.2551633 -0.7915562 -0.08423936 -0.3167545 -0.9447594 -0.07201695 -0.8231986 -0.5631676 -0.5807979 -0.7020835 -0.4120105 0.07216846 -0.9066242 -0.4157214 -0.1830106 -0.9659267 -0.1830107 -0.1830168 -0.9659242 -0.1830176 -0.1830168 -0.9659242 -0.1830176 -0.1830105 -0.9659267 -0.1830106 -0.6830114 -0.258825 -0.6830119 -0.6830135 -0.2588133 -0.683014 -0.6830135 -0.2588135 -0.683014 -0.5000048 -0.7070997 -0.5000053 -0.499999 -0.7071089 -0.4999981 -0.4999989 -0.707109 -0.499998 -0.5000048 -0.7070996 -0.5000054 -0.6830113 -0.258825 -0.6830118 0.8259345 0 0.5637661 0.8259349 0 0.5637656 0.8259345 0 0.5637663 0.825935 0 0.5637654 0.8524601 0 0.5227923 0.8524606 0 0.5227916 0.85246 1.36342e-7 0.5227924 0.8524607 0 0.5227915 0.8769541 0 0.4805741 0.8769541 0 0.4805742 0.8769542 0 0.4805742 0.8769541 0 0.4805743 0.89936 -1.48521e-7 0.437209 0.8993595 -7.25584e-7 0.4372099 0.8993602 0 0.4372088 0.8993594 -8.74105e-7 0.4372102 0.9196208 4.71502e-7 0.3928076 0.9196209 0 0.3928071 0.9196207 5.68014e-7 0.3928076 0.9196209 0 0.392807 0.9376935 -3.51452e-7 0.3474636 0.9376935 0 0.3474636 0.9376935 -4.2339e-7 0.3474636 0.9376935 0 0.3474636 0.9535309 -1.48521e-7 0.3012953 0.9535307 -7.25587e-7 0.3012957 0.953531 0 0.3012953 0.9535308 -8.74108e-7 0.3012958 0.9670966 0 0.2544099 0.9670966 0 0.2544098 0.9783585 0 0.2069171 0.9783585 0 0.2069171 0.9872896 0 0.1589321 0.9872896 0 0.1589321 0.9872896 0 0.1589321 0.9872896 0 0.1589322 0.9938684 0 0.1105701 0.9938684 0 0.11057 0.9938683 0 0.1105701 0.9938684 0 0.11057 0.99808 0 0.06193858 0.99808 0 0.06193858 0.99808 0 0.06193858 0.99808 0 0.06193858 0.9999134 8.74106e-7 0.01316654 0.9999133 7.25585e-7 0.01316654 0.9999134 1.4852e-7 0.01316654 0.9999134 0 0.01316654 0.9993647 0 -0.03564006 0.9993647 0 -0.03564006 0.9993647 0 -0.03564006 0.9964351 0 -0.08436262 0.9964352 0 -0.08436262 0.9964351 0 -0.08436268 0.9964351 0 -0.08436274 0.9911317 0 -0.1328837 0.9911317 0 -0.1328836 0.9911317 0 -0.1328837 0.9911317 0 -0.1328836 0.9834671 0 -0.1810871 0.9834672 0 -0.1810871 0.9834671 0 -0.1810871 0.9834672 0 -0.181087 0.9734597 0 -0.2288587 0.9734597 0 -0.2288587 0.9734597 0 -0.2288588 0.9611328 3.2697e-7 -0.2760867 0.961133 0 -0.2760863 0.9611327 3.93897e-7 -0.2760868 0.9611329 0 -0.2760861 0.9465166 -1.59682e-7 -0.3226552 0.9465167 6.625e-7 -0.322655 0.9465166 -3.71288e-7 -0.3226552 0.9465166 8.74106e-7 -0.322655 0.9296452 3.72113e-7 -0.368456 0.9296452 -6.19016e-7 -0.3684562 0.9296452 6.27202e-7 -0.3684559 0.9296451 -8.74105e-7 -0.3684563 0.9105589 0 -0.4133796 0.9105587 0 -0.41338 0.9105589 0 -0.4133794 0.9105586 0 -0.4133802 0.8893037 0 -0.4573172 0.8893037 0 -0.4573172 0.8893037 0 -0.4573171 0.8893037 0 -0.4573172 0.8659288 0 -0.5001674 0.8659285 0 -0.5001679 0.8659289 0 -0.5001673 0.8659284 0 -0.500168 0.840492 0 -0.5418241 0.8404917 0 -0.5418246 0.840492 0 -0.5418239 0.8404916 0 -0.5418248 0.8130524 0 -0.5821906 0.8130524 0 -0.5821906 0.8130524 0 -0.5821906 0.8130525 0 -0.5821906 0 1 0 0 1 0 0 1 0 0 1 0 0 1 -4.35256e-7 0 1 2.24253e-6 0 1 -1.26351e-6 0 1 0 0 1 1.17599e-6 0 1 0 0 1 0 0 1 -4.90815e-7 0 1 -4.51944e-7 0 1 -1.99154e-7 0 1 2.94215e-7 0 1 3.76335e-7 2.78801e-7 1 5.32758e-7 1.30583e-7 1 2.61583e-7 0 1 0 0 1 -5.94932e-7 0 1 -2.16778e-7 0 1 0 0 1 0 0 1 1.2063e-7 0 1 2.97745e-7 0 1 0 0 1 0 0 1 0 0 1 0 0 1 0 0 1 0 0 1 4.23065e-7 0 1 4.24303e-7 0 1 -1.07238e-6 0 1 -6.71878e-7 -0.7071068 0 -0.7071068 -0.7071069 0 -0.7071067 -0.7071069 0 -0.7071067 -0.707107 -3.18094e-7 -0.7071067 -0.7071066 4.94118e-7 -0.7071071 -1 0 0 1 0 0 -0.9380666 -0.2427472 -0.2471939 -0.3667008 -0.8986386 0.2407888 -0.3636036 -0.6587107 0.6587052 -0.8654485 -0.2326841 0.4436857 -0.7489034 -0.6572908 -0.0843358 -0.4098525 -0.8984207 0.1576744 -0.8909217 -0.4507856 -0.05523419 -0.2042651 -0.2533587 0.9455608 -0.3278093 0.3995611 0.8560911 -0.6687503 -0.3671029 0.6465359 -0.4303258 -0.540076 0.7232826 -0.9669898 0 -0.254815 -0.9669899 0 -0.254815 -0.8898723 0 0.4562098 -0.8898737 0 0.456207 -0.8898738 0 0.4562068 -0.8898721 0 0.45621 -0.3575943 0 0.9338771 -0.3575943 0 0.9338771 -0.3575943 0 0.9338771 0.9582054 -0.256768 0.126146 0.9582098 -0.2567499 0.1261486 0.9582138 -0.2567339 0.1261509 0.258669 -0.9653655 0.03405606 0.2586705 -0.9653652 0.03405678 0.2586708 -0.965365 0.03405696 0.7667604 -0.2567508 0.5883517 0.7667658 -0.2567565 0.588342 0.7667534 -0.2567437 0.5883638 0.7667474 -0.2567374 0.5883744 0.8929106 -0.2567456 0.3698546 0.8929113 -0.256742 0.3698554 0.8929119 -0.2567389 0.3698561 0.8929101 -0.2567484 0.3698539 0.9582017 -0.2567825 0.1261438 0.5633848 -0.7040644 0.4323088 0.5633854 -0.7040595 0.4323161 0.5633845 -0.7040682 0.4323032 0.2069845 -0.9653656 0.1588291 0.2069849 -0.9653656 0.1588292 0.2069822 -0.9653663 0.1588286 0.2069868 -0.965365 0.1588296 0.5633838 -0.7040742 0.4322943 0.7040627 -0.7040627 0.09269106 0.7040628 -0.7040628 0.09268951 0.7040625 -0.7040625 0.09269303 0.2410445 -0.9653649 0.0998407 0.241047 -0.9653645 0.09983897 0.2410449 -0.9653648 0.09984046 0.7040629 -0.7040629 0.09268707 0.656085 -0.7040601 0.2717569 0.6560859 -0.7040591 0.2717577 0.6560844 -0.704061 0.2717564 0.241042 -0.9653654 0.09984254 0.6560833 -0.7040623 0.2717555 0.2586725 -0.9653646 0.03405779 -0.7452939 -0.2502066 -0.6180079 -0.8997758 -0.250185 0.3575067 -0.738705 -0.6630032 0.1214159 -0.9825664 -0.1017504 -0.1555962 -0.6600403 -0.6606807 -0.3575582 -0.660066 -0.6649263 -0.349551 -0.6602345 -0.6646376 -0.3497818 -0.785201 -0.3450034 -0.5142298 -0.9049497 -0.3576132 0.2306055 -0.2582204 -0.9622718 0.0857625 -0.1306889 -0.9656994 -0.2243772 -0.6599984 -0.6599984 -0.3588933 -0.7065774 -0.7065677 0.03886687 -0.9293295 0 0.3692519 -0.9293308 0 0.3692484 -0.9293308 0 0.3692483 -0.9293294 0 0.369252 -0.9876924 0 -0.1564098 -0.9876925 0 -0.1564082 -0.9876925 0 -0.1564081 -0.9876924 0 -0.1564098 -0.7697796 0 -0.6383099 -0.7697796 0 -0.6383098 -0.8628528 -0.3574094 -0.3574128 -0.8628528 -0.3574106 -0.3574115 -0.8628527 -0.3574152 -0.3574069 -0.7667535 -0.2567311 -0.5883693 -0.9582097 -0.2567512 -0.126147 -0.8628527 -0.3574069 -0.3574153 -0.6785969 -0.6785956 -0.281095 -0.6785969 -0.6785956 -0.281095 -0.6785928 -0.6786031 -0.2810865 -0.6786026 -0.6785849 -0.281107 -0.2573535 -0.9604192 -0.1066035 0.2505589 -0.2505589 0.9351153 0.9351183 -0.2505469 0.2505596 0.250563 -0.9351131 0.250563 0.6981969 0.1582605 0.698194 0.8562183 -0.3653039 0.3652991 0.4305424 -0.4305424 0.7932633 0.4305413 -0.4305413 0.7932644 0.4305441 -0.4305441 0.7932615 0.6268525 -0.6268575 0.4627155 0.6268556 -0.6268556 0.462714 0.6268529 -0.6268572 0.4627153 -0.1581916 -0.6982076 0.698199 0.4305449 -0.4305449 0.7932606 0.6268506 -0.6268587 0.4627165 0.3652916 -0.8562257 0.365294 0.2069861 0.9653651 0.1588299 0.2069847 0.9653649 0.158833 0.2069845 0.9653649 0.1588336 0.9582074 0.2567605 0.126146 0.9582071 0.2567619 0.1261445 0.9582075 0.2567588 0.1261479 0.9582077 0.2567574 0.1261495 0.8929101 0.2567474 0.3698544 0.8929111 0.2567428 0.3698553 0.8929119 0.2567389 0.3698561 0.7667599 0.2567507 0.5883524 0.7667488 0.2567379 0.5883724 0.766754 0.2567439 0.588363 0.7667646 0.2567561 0.5883438 0.8929094 0.256751 0.3698536 0.7040626 0.7040626 0.09269255 0.7040622 0.7040622 0.0926972 0.7040628 0.7040628 0.09268897 0.2586739 0.9653642 0.03405588 0.2586742 0.9653641 0.03405594 0.2586725 0.9653646 0.0340557 0.2586753 0.9653639 0.03405612 0.7040632 0.7040632 0.09268331 0.563385 0.7040646 0.4323084 0.5633848 0.7040687 0.4323019 0.5633851 0.7040592 0.432317 0.2410446 0.9653651 0.09983944 0.241047 0.9653643 0.09984052 0.2410449 0.965365 0.09983962 0.5633847 0.7040753 0.4322914 0.6560814 0.7040638 0.2717559 0.6560703 0.7040761 0.2717512 0.65609 0.7040545 0.2717595 0.6561036 0.7040396 0.2717653 0.2410421 0.9653658 0.09983837 0.2069827 0.9653646 0.1588374 0.7933402 0 0.6087787 0.7933401 0 0.6087787 0.9238784 0 0.3826861 0.9238784 0 0.3826861 0.991445 0 0.130525 0.991445 0 0.130525 0.9238785 0 0.3826861 0.9914451 0 0.130525 0.1830117 0.9659265 0.1830102 0.1959272 0.9608958 0.195683 0.4996417 0.7070931 0.5003774 0.4141002 0.8105361 0.4141889 0.6830111 0.2588233 0.6830127 0.6411251 0.4252722 0.6388288 -0.9544048 -0.2557211 -0.1540074 -0.9544037 -0.255727 -0.1540042 -0.9544022 -0.2557356 -0.1539995 -0.2585934 -0.9650846 -0.04172819 -0.2585917 -0.965085 -0.04172831 -0.2585918 -0.9650851 -0.04172831 -0.6735883 -0.2557346 -0.6934542 -0.6735986 -0.2557432 -0.693441 -0.6735807 -0.2557283 -0.6934639 -0.4958356 -0.702552 -0.5104586 -0.495832 -0.7025542 -0.5104589 -0.4958479 -0.7025439 -0.5104576 -0.6735694 -0.2557189 -0.6934783 -0.8575168 -0.2557249 -0.4463967 -0.8575165 -0.2557245 -0.4463972 -0.8575164 -0.255724 -0.446398 -0.857517 -0.2557253 -0.446396 -0.9544062 -0.2557132 -0.1540117 -0.1825081 -0.9650835 -0.1878955 -0.1825078 -0.9650836 -0.1878954 -0.1825035 -0.9650847 -0.1878936 -0.1825116 -0.9650825 -0.187897 -0.4958218 -0.7025608 -0.5104597 -0.7025481 -0.7025481 -0.1133683 -0.7025481 -0.7025481 -0.1133685 -0.7025482 -0.7025482 -0.1133678 -0.2323452 -0.9650838 -0.1209509 -0.2323444 -0.9650839 -0.1209515 -0.2323453 -0.9650837 -0.1209508 -0.702548 -0.702548 -0.1133691 -0.6312258 -0.7025542 -0.3285903 -0.6312233 -0.7025586 -0.3285857 -0.6312268 -0.7025527 -0.3285919 -0.6312297 -0.7025473 -0.3285974 -0.2323462 -0.9650837 -0.1209502 -0.2585898 -0.9650856 -0.04172849 -0.2573449 0.9604213 -0.106606 -0.7667523 0.2567369 -0.5883684 -0.6785992 0.6785936 -0.2810941 -0.6785992 0.6785936 -0.2810941 -0.678591 0.6786064 -0.2810832 -0.6786109 0.6785754 -0.2811097 -0.8628518 0.3574128 -0.3574115 -0.8628501 0.3574154 -0.357413 -0.8628512 0.3574137 -0.357412 -0.8628538 0.3574096 -0.3574096 -0.9582096 0.2567512 -0.1261473 -0.7933432 0 -0.6087747 -0.7933275 0 -0.6087953 -0.7933276 0 -0.6087951 -0.9238818 0 -0.3826779 -0.9238818 0 -0.3826779 -0.7933434 0 -0.6087745 -0.9914451 0 -0.130525 0.2505589 0.2505589 0.9351153 0.2505633 0.9351142 0.2505586 0.9351183 0.2505469 0.2505596 -0.1581919 0.6982089 0.6981974 0.365293 0.8562234 0.3652979 0.4305405 0.4305422 0.7932644 0.4305413 0.4305413 0.7932644 0.4305391 0.4305436 0.7932643 0.6981955 -0.1582602 0.6981955 0.6268539 0.6268572 0.4627141 0.6268548 0.6268548 0.4627161 0.626854 0.6268569 0.4627143 0.4305385 0.4305444 0.7932643 0.6268533 0.6268587 0.4627128 0.8562183 0.3653039 0.3652991 0.2588183 0 0.9659261 0.2588185 0 0.9659261 0.2588085 0 0.9659287 0.2588083 0 0.9659287 0.7071101 0 0.7071035 0.7071049 0 0.7071088 0.7071048 0 0.7071089 0.7071102 0 0.7071034 0.9659271 0 0.2588147 0.965927 0 0.2588146 0.2588227 0.9659249 0 0.2588163 0.9659266 0 0.2588164 0.9659266 0 0.7071053 0.7071083 0 0.7071053 0.7071083 0 0.7071053 0.7071082 0 0.2588227 0.9659249 0 0.9659301 0.2588037 0 0.9659236 0.2588275 0 0.9659236 0.2588273 0 0.7071053 0.7071083 0 0.96593 0.2588036 0 -0.1825094 0.9650827 -0.1878986 -0.1825085 0.965083 -0.1878978 -0.1825086 0.9650829 -0.1878978 -0.9544035 0.2557252 -0.1540089 -0.9544015 0.2557301 -0.1540132 -0.954405 0.2557217 -0.1540057 -0.9544072 0.2557164 -0.1540008 -0.8575164 0.2557255 -0.4463969 -0.8575173 0.255721 -0.4463979 -0.8575185 0.2557143 -0.4463992 -0.6735884 0.2557346 -0.6934541 -0.6735694 0.2557189 -0.6934783 -0.6735807 0.2557283 -0.6934638 -0.6735987 0.2557432 -0.6934409 -0.8575152 0.2557317 -0.4463956 -0.7025482 0.7025482 -0.1133666 -0.7025482 0.7025482 -0.1133669 -0.7025483 0.7025483 -0.1133664 -0.2585919 0.9650852 -0.04172682 -0.2585917 0.9650851 -0.04172664 -0.2585898 0.9650857 -0.04172503 -0.2585934 0.9650846 -0.04172819 -0.7025483 0.7025483 -0.113366 -0.4958345 0.7025512 -0.5104606 -0.4958347 0.7025536 -0.5104572 -0.4958344 0.7025442 -0.5104703 -0.2323448 0.9650838 -0.1209515 -0.2323445 0.9650841 -0.1209502 -0.2323449 0.9650837 -0.1209516 -0.4958349 0.702562 -0.5104454 -0.631226 0.7025543 -0.3285899 -0.6312236 0.7025588 -0.3285849 -0.6312268 0.7025527 -0.3285915 -0.6312297 0.7025473 -0.3285974 -0.2323454 0.9650834 -0.1209532 -0.1825075 0.9650834 -0.1878969 -0.6967406 0 -0.7173231 -0.6967317 0 -0.7173318 -0.6967406 0 -0.7173233 -0.88701 0 -0.4617504 -0.8870099 0 -0.4617504 -0.6967316 0 -0.717332 -0.9872307 0 -0.1592975 -0.9872307 0 -0.1592975 -0.938067 0.2427462 -0.2471938 -0.3278093 -0.3995611 0.8560911 -0.2042595 0.2533598 0.9455617 -0.4098541 0.8984193 0.1576785 -0.7489034 0.6572908 -0.0843358 -0.8654467 0.2326856 0.4436886 -0.3636023 0.6587084 0.6587084 -0.3667034 0.8986396 0.2407814 -0.6687528 0.3671029 0.6465332 -0.4303287 0.5400743 0.723282 -0.8909217 0.4507856 -0.05523419 -0.9669898 0 -0.2548149 -0.9669896 0 -0.2548161 -0.9669895 0 -0.2548161 -0.9669899 0 -0.2548149 -0.8898734 0 0.4562076 -0.8898724 0 0.4562095 -0.8898723 0 0.4562097 -0.8898735 0 0.4562075 -0.3575974 0 0.9338759 -0.3575935 0 0.9338774 -0.3575933 0 0.9338774 -0.3575977 0 0.9338759 0 0.9659253 0.258821 0 0.9659253 0.2588208 0 0.7071105 0.7071031 0 0.7071107 0.707103 0 0.9659254 0.258821 0 0.7071105 0.7071031 0 0.2588133 0.9659274 0 0.2588149 0.965927 0 0.2588149 0.965927 0 0.2588133 0.9659274 -0.7452941 0.2502036 -0.6180089 -0.8997738 0.2501906 0.3575078 -0.130689 0.9656999 -0.2243754 -0.2582248 0.9622707 0.08576238 -0.6600788 0.6606518 -0.3575406 -0.6603922 0.6645314 -0.349686 -0.660064 0.664929 -0.3495495 -0.9825661 0.1017512 -0.1555978 -0.7387069 0.6630007 0.1214178 -0.6600007 0.6599965 -0.3588924 -0.785201 0.3450034 -0.5142298 -0.7065762 0.7065689 0.03886437 -0.9049499 0.3576133 0.2306049 -0.9293297 0 0.369251 -0.9293306 0 0.3692488 -0.9293306 0 0.3692489 -0.9876924 0 -0.1564093 -0.9876925 0 -0.1564083 -0.9876925 0 -0.1564084 -0.9293298 0 0.3692512 -0.7697786 0 -0.638311 -0.7697787 0 -0.638311 -0.9876923 0 -0.1564094 -0.7697786 0 -0.638311 -0.7853644 0.2587448 0.5623646 -0.7853658 0.2587392 0.5623651 -0.7853662 0.258738 0.5623652 -0.2138299 0.9659057 -0.145956 -0.217266 0.9659259 -0.1406514 -0.2138298 0.9659058 -0.1459553 -0.7853641 0.2587461 0.5623645 -0.2105334 0.9659039 0.1506828 -0.2175918 0.9658979 0.1403396 -0.2104908 0.965907 0.1507226 -0.5749995 0.7070015 0.4117338 -0.5750011 0.7070005 0.4117332 -0.5750008 0.7070007 0.4117332 -0.2104905 0.9659071 0.1507223 -0.5749992 0.7070016 0.4117338 -0.8118738 0.2587322 0.5233725 -0.8118703 0.2587474 0.5233702 -0.8118745 0.2587287 0.5233729 -0.8118695 0.2587509 0.5233698 -0.5944039 0.7070053 0.3831808 -0.5944067 0.7070019 0.3831827 -0.5944033 0.707006 0.3831804 -0.2176243 0.9658913 0.1403348 -0.2242989 0.9658679 0.129573 -0.5944074 0.7070012 0.3831831 -0.8364422 0.2587488 0.4831289 -0.8364431 0.2587353 0.4831345 -0.836442 0.2587519 0.4831276 -0.8364433 0.2587322 0.4831357 -0.2242043 0.965901 0.129491 -0.2302078 0.9659128 0.1183931 -0.6123951 0.7070016 0.3537244 -0.6123898 0.707008 0.3537211 -0.6123964 0.7070002 0.3537252 -0.6123886 0.7070094 0.3537204 -0.8590183 0.2587416 0.4417468 -0.8590176 0.2587471 0.4417452 -0.8590185 0.2587404 0.4417473 -0.8590174 0.2587482 0.4417448 -0.2301427 0.965928 0.1183949 -0.2356472 0.9659315 0.1069893 -0.6289271 0.7070009 0.32342 -0.6289265 0.7070016 0.3234198 -0.6289272 0.7070007 0.32342 -0.6289263 0.7070017 0.3234198 -0.8795499 0.2587421 0.3993052 -0.8795492 0.2587497 0.3993017 -0.8795494 0.2587484 0.3993023 -0.87955 0.2587407 0.3993058 -0.6439618 0.7069968 0.2923504 -0.6439576 0.707002 0.2923474 -0.6439566 0.7070032 0.2923466 -0.2356941 0.9659199 0.1069919 -0.2406851 0.9659032 0.09540319 -0.6439628 0.7069956 0.2923511 -0.8979876 0.2587414 0.3559091 -0.8979863 0.2587468 0.3559085 -0.8979879 0.2587401 0.3559092 -0.9142813 0.2587531 0.3116679 -0.9142813 0.2587521 0.3116682 -0.9142805 0.2587569 0.3116668 -0.8979859 0.258748 0.3559083 -0.6574569 0.7070006 0.2605775 -0.6574579 0.7069995 0.2605779 -0.6574581 0.7069993 0.260578 -0.2406808 0.9659064 0.09538197 -0.2449747 0.9659256 0.08351737 -0.6574567 0.7070008 0.2605774 -0.9142802 0.2587578 0.3116665 -0.2449538 0.9659374 0.08344376 -0.2487323 0.9659292 0.07150691 -0.6693921 0.7069963 0.2281897 -0.6693856 0.7070038 0.2281854 -0.6693868 0.7070025 0.2281861 -0.6693933 0.7069949 0.2281905 -0.9284034 0.2587411 0.266684 -0.9284022 0.2587471 0.2666825 -0.9284036 0.2587398 0.2666843 -0.9284018 0.2587483 0.2666821 -0.6797219 0.7070046 0.1952506 -0.6797283 0.7069984 0.1952507 -0.6797271 0.7069995 0.1952507 -0.2487709 0.9659233 0.07145065 -0.2519605 0.9659255 0.05919408 -0.6797206 0.7070057 0.1952506 -0.9403076 0.2587516 0.2210642 -0.9403089 0.2587458 0.2210651 -0.9403087 0.2587469 0.2210649 -0.9403073 0.2587527 0.221064 -0.2519761 0.9659221 0.0591818 -0.2545734 0.9659164 0.04688352 -0.6884425 0.7070012 0.1618525 -0.6884432 0.7070009 0.1618514 -0.6884431 0.7070009 0.1618516 -0.6884424 0.7070013 0.1618528 -0.6955195 0.7070019 0.1280661 -0.695516 0.7070053 0.1280664 -0.6955152 0.7070061 0.1280665 -0.9499744 0.2587499 0.1749209 -0.949977 0.2587401 0.174921 -0.9499737 0.2587522 0.1749209 -0.9499775 0.2587379 0.174921 -0.2545955 0.9659088 0.04691857 -0.2565956 0.9659062 0.03441178 -0.6955203 0.7070012 0.128066 -0.9573777 0.2587516 0.1283574 -0.9573783 0.2587493 0.1283568 -0.9573776 0.2587521 0.1283575 -0.9625014 0.2587489 0.08148854 -0.9625005 0.2587517 0.08148843 -0.9625045 0.2587367 0.08148908 -0.9573785 0.2587488 0.1283567 -0.7009413 0.7070006 0.09397608 -0.7009396 0.7070023 0.09397631 -0.7009417 0.7070003 0.09397602 -0.2566348 0.9658963 0.03439646 -0.2581159 0.9658676 0.02181941 -0.7009392 0.7070026 0.09397637 -0.9625053 0.2587339 0.08148914 -0.7046914 0.7070012 0.05966144 -0.7046896 0.7070028 0.0596621 -0.70469 0.7070026 0.05966198 -0.2580018 0.9658977 0.02183336 -0.2587053 0.9659122 0.009235262 -0.7046917 0.7070009 0.05966132 -0.9653333 0.2587401 0.03442782 -0.9653334 0.2587395 0.03442794 -0.9653335 0.2587397 0.03442794 -0.9653333 0.2587402 0.03442782 -0.2587143 0.96591 0.009218037 -0.2589098 0.9658955 -0.003398299 -0.7067595 0.7070047 0.02520614 -0.7067635 0.7070009 0.02520561 -0.7067586 0.7070056 0.02520632 -0.7067643 0.707 0.02520549 -0.9658583 0.2587586 -0.01271814 -0.9658647 0.2587345 -0.01271837 -0.9658569 0.2587641 -0.01271808 -0.9658663 0.2587291 -0.01271843 -0.2590112 0.9658683 -0.00342518 -0.2584396 0.9658953 -0.01598048 -0.7071509 0.7070015 -0.009311258 -0.7071533 0.706999 -0.009311854 -0.7071529 0.7069994 -0.009311735 -0.7071503 0.7070019 -0.009311139 -0.9640893 0.2587512 -0.05983054 -0.9640914 0.2587435 -0.05983018 -0.9640889 0.2587529 -0.0598306 -0.9600182 0.2587629 -0.1068024 -0.9600179 0.258764 -0.1068025 -0.9600196 0.2587581 -0.1068023 -0.9640918 0.2587418 -0.05983006 -0.2583974 0.9659056 -0.01604533 -0.2572999 0.9659078 -0.02861517 -0.7058511 0.7070046 -0.04380428 -0.7058565 0.7069991 -0.04380494 -0.7058556 0.7070001 -0.04380482 -0.7058501 0.7070056 -0.04380416 -0.9600199 0.2587571 -0.1068023 -0.7028821 0.7069952 -0.0781961 -0.7028777 0.7069997 -0.07819545 -0.702883 0.7069942 -0.07819622 -0.2572866 0.965911 -0.02863204 -0.2555921 0.9659113 -0.04108715 -0.7028768 0.7070006 -0.07819533 -0.9536685 0.2587431 -0.1535202 -0.9536645 0.2587577 -0.1535204 -0.9536653 0.258755 -0.1535204 -0.9536692 0.2587404 -0.1535202 -0.9450396 0.2587522 -0.1998687 -0.9450399 0.2587515 -0.1998685 -0.9450384 0.2587555 -0.1998701 -0.2556111 0.9659054 -0.04110836 -0.2533081 0.965899 -0.05361139 -0.6982184 0.7070062 -0.1123984 -0.6982246 0.7070001 -0.1123981 -0.6982235 0.7070013 -0.1123982 -0.6982172 0.7070074 -0.1123985 -0.9450382 0.2587563 -0.1998704 -0.934161 0.2587518 -0.2457456 -0.9341608 0.2587528 -0.2457451 -0.9341617 0.2587472 -0.2457476 -0.2534265 0.9658679 -0.05361258 -0.2505162 0.9658679 -0.06588679 -0.6919097 0.7069988 -0.1463345 -0.6919128 0.7069954 -0.1463358 -0.691909 0.7069995 -0.1463342 -0.6919136 0.7069947 -0.146336 -0.9341619 0.2587462 -0.245748 -0.2504966 0.9658678 -0.06596064 -0.2470045 0.9658674 -0.07803279 -0.6839415 0.7070021 -0.1799225 -0.6839389 0.7070047 -0.1799219 -0.6839395 0.7070043 -0.179922 -0.683942 0.7070016 -0.1799226 -0.9210572 0.2587509 -0.2910355 -0.9210592 0.2587449 -0.2910348 -0.9210588 0.258746 -0.2910349 -0.9210568 0.2587521 -0.2910356 -0.9057572 0.2587607 -0.3356293 -0.9057565 0.2587635 -0.3356286 -0.9057596 0.2587484 -0.3356322 -0.2469925 0.9658682 -0.07806015 -0.2428992 0.9658683 -0.08999234 -0.6743452 0.7070052 -0.213078 -0.6743476 0.7070024 -0.2130798 -0.6743472 0.7070028 -0.2130795 -0.6743448 0.7070057 -0.2130776 -0.9057602 0.2587456 -0.3356328 -0.2404271 0.9659255 -0.09582751 -0.2380944 0.9659018 -0.101709 -0.2404275 0.9659254 -0.09582769 -0.6631482 0.7070014 -0.2457305 -0.6631458 0.7070031 -0.2457321 -0.6631463 0.7070028 -0.2457318 -0.6631487 0.707001 -0.2457302 -0.8883048 0.2587413 -0.3794306 -0.8883042 0.2587435 -0.3794304 -0.8883044 0.2587432 -0.3794304 -0.8883049 0.2587409 -0.3794306 -0.2328157 0.9659138 -0.1131696 -0.2299418 0.9659254 -0.1188058 -0.6503674 0.7070015 -0.277797 -0.6503655 0.7070036 -0.2777963 -0.6503658 0.7070032 -0.2777965 -0.6503678 0.7070011 -0.2777971 -0.8687305 0.2587503 -0.4223217 -0.868734 0.2587395 -0.4223212 -0.8687334 0.2587415 -0.4223212 -0.6360394 0.7070009 -0.3091984 -0.6360339 0.7070059 -0.3091983 -0.6360327 0.707007 -0.3091983 -0.8687299 0.2587523 -0.4223218 -0.2299422 0.9659253 -0.1188062 -0.6360406 0.7069998 -0.3091984 -0.8470895 0.2587524 -0.4642055 -0.8470889 0.2587528 -0.4642063 -0.847089 0.2587527 -0.4642061 -0.6201953 0.7069968 -0.3398725 -0.6201919 0.7070022 -0.3398677 -0.6201912 0.7070034 -0.3398666 -0.8470895 0.2587524 -0.4642054 -0.2238686 0.9659261 -0.1298838 -0.2238684 0.9659261 -0.129884 -0.6201961 0.7069956 -0.3398737 -0.7978098 0.2587413 -0.5445663 -0.7978091 0.2587423 -0.5445671 -0.7978088 0.2587425 -0.5445672 -0.8234287 0.2587515 -0.5049881 -0.8234273 0.2587533 -0.5049895 -0.8234276 0.258753 -0.5049893 -0.823429 0.2587512 -0.5049878 -0.79781 0.2587411 -0.5445662 -0.5841096 0.7070019 -0.3987033 -0.5841044 0.7070096 -0.3986973 -0.5841032 0.7070112 -0.3986961 -0.2172661 0.9659259 -0.1406508 -0.6028711 0.7070006 -0.3697251 -0.6028735 0.7069984 -0.3697256 -0.602873 0.7069987 -0.3697255 -0.5841107 0.7070003 -0.3987046 -0.6028707 0.707001 -0.3697249 -0.1484525 0.9659267 -0.2120084 -0.1484543 0.9659251 -0.2120142 -0.1484543 0.9659252 -0.212014 -0.1484524 0.9659267 -0.2120082 -0.4055818 0.7070986 -0.5792366 -0.4055804 0.7071087 -0.5792253 -0.4055804 0.7071091 -0.5792248 -0.4055819 0.7070982 -0.5792371 -0.5540295 0.2588275 -0.7912393 -0.5540286 0.2588423 -0.7912352 -0.5540286 0.2588428 -0.791235 -0.5540297 0.258827 -0.7912395 -0.2588186 0.9659259 0 -0.2588187 0.965926 0 -0.2588186 0.9659259 0 -0.2588187 0.965926 0 -0.9659285 0.2588091 0 -0.9659229 0.2588301 0 -0.9659229 0.2588299 0 -0.7071058 0.7071078 0 -0.7071114 0.7071022 0 -0.7071114 0.7071022 0 -0.7071058 0.7071078 0 -0.9659286 0.2588089 0 -0.6830143 0.2588134 -0.6830133 -0.5003817 0.707107 -0.4996176 -0.6387946 0.4252302 -0.6411871 -0.414178 0.8105466 -0.4140903 -0.183016 0.9659241 -0.1830188 -0.1956736 0.9608981 -0.1959254 -0.2588209 -0.9659253 0 -0.258821 -0.9659254 0 -0.2588187 -0.9659259 0 -0.2588187 -0.965926 0 -0.7071102 -0.7071034 0 -0.7071056 -0.7071079 0 -0.7071057 -0.7071079 0 -0.7071102 -0.7071033 0 -0.9659229 -0.2588299 0 -0.9659285 -0.2588091 0 -0.9659286 -0.2588089 0 -0.9659229 -0.2588301 0 -0.1484552 -0.9659245 -0.2120164 -0.1484514 -0.9659264 -0.2120108 -0.1484515 -0.9659262 -0.2120109 -0.1484553 -0.9659245 -0.2120167 -0.5540297 -0.258842 -0.7912346 -0.5540307 -0.258825 -0.7912394 -0.5540307 -0.2588256 -0.7912392 -0.4055813 -0.7071033 -0.5792312 -0.405581 -0.7071034 -0.5792313 -0.405581 -0.7071034 -0.5792313 -0.4055814 -0.7071033 -0.5792313 -0.5540296 -0.2588426 -0.7912343 0 -0.9659258 0.2588194 0 -0.9659258 0.2588195 0 -0.7071092 0.7071045 0 -0.7071097 0.7071039 0 -0.7071097 0.707104 0 -0.2588149 0.965927 0 -0.2588145 0.9659271 0 -0.2588145 0.9659271 0 -0.7071091 0.7071046 0 -0.2588149 0.965927 0.2588164 -0.9659266 0 0.2588163 -0.9659266 0 0.2588227 -0.9659249 0 0.2588227 -0.9659249 0 0.7071054 -0.7071082 0 0.7071053 -0.7071083 0 0.7071053 -0.7071082 0 0.7071053 -0.7071082 0 0.9659237 -0.2588273 0 0.9659301 -0.2588036 0 0.96593 -0.2588035 0 0.9659237 -0.2588275 0 -0.183013 -0.9659258 -0.1830132 -0.1830129 -0.9659257 -0.1830132 -0.1830202 -0.9659231 -0.18302 -0.1830204 -0.9659231 -0.1830201 -0.4999998 -0.7071066 -0.5000005 -0.4999999 -0.7071071 -0.4999996 -0.5 -0.7071071 -0.4999996 -0.683007 -0.2588487 -0.6830072 -0.6830163 -0.2588007 -0.6830162 -0.6830163 -0.2588003 -0.6830163 -0.683007 -0.2588492 -0.6830071 -0.7915567 -0.2551899 -0.5552623 -0.4119982 -0.7020416 -0.5808572 -0.4157242 -0.9066227 0.0721718 -0.5631669 -0.8231997 -0.07201033 -0.9447629 -0.3167446 -0.08423835 -0.9597513 0.2054634 0.191474 -0.7853652 -0.258741 0.5623652 -0.785364 -0.2587451 0.5623651 -0.7853655 -0.2587401 0.5623653 -0.797809 -0.258741 -0.5445677 -0.7978088 -0.2587425 -0.5445672 -0.7978088 -0.2587422 -0.5445674 -0.797809 -0.2587408 -0.5445678 -0.2137957 -0.9659097 -0.1459791 -0.2206869 -0.9659153 -0.1352955 -0.2138292 -0.9659061 -0.1459542 -0.58411 -0.7070025 -0.3987017 -0.5841032 -0.7070112 -0.3986963 -0.5841044 -0.7070096 -0.3986973 -0.2138292 -0.9659062 -0.145954 -0.5841112 -0.7070009 -0.3987026 -0.8234273 -0.2587603 -0.5049858 -0.8234294 -0.2587471 -0.5049892 -0.823427 -0.2587633 -0.504985 -0.8234298 -0.2587441 -0.5049899 -0.6028746 -0.7069959 -0.3697285 -0.6028696 -0.7070028 -0.3697234 -0.6028758 -0.7069942 -0.3697296 -0.6028685 -0.7070043 -0.3697223 -0.2206659 -0.9659247 -0.1352635 -0.2269578 -0.9659292 -0.1243826 -0.8470886 -0.2587535 -0.4642064 -0.8470869 -0.2587613 -0.4642053 -0.8470872 -0.2587599 -0.4642056 -0.8470889 -0.2587521 -0.4642066 -0.2269544 -0.9659324 -0.1243633 -0.2327338 -0.9659297 -0.1132023 -0.62019 -0.7070048 -0.3398655 -0.620195 -0.7069984 -0.3398697 -0.6201889 -0.7070063 -0.3398646 -0.6201961 -0.706997 -0.3398706 -0.8687321 -0.2587422 -0.4223234 -0.8687317 -0.2587478 -0.4223208 -0.8687323 -0.2587409 -0.4223241 -0.8687316 -0.2587491 -0.4223202 -0.6360341 -0.7070055 -0.3091987 -0.6360373 -0.7070025 -0.3091992 -0.6360367 -0.707003 -0.309199 -0.2328135 -0.9659145 -0.1131694 -0.2380934 -0.9659021 -0.1017096 -0.6360336 -0.7070061 -0.3091986 -0.8883029 -0.2587509 -0.3794285 -0.8883044 -0.2587438 -0.3794299 -0.8883026 -0.2587525 -0.3794282 -0.8883048 -0.2587422 -0.3794303 -0.2404255 -0.965926 -0.09582668 -0.2448152 -0.9659259 -0.08398061 -0.2404255 -0.9659259 -0.09582668 -0.6503679 -0.707001 -0.2777972 -0.6503682 -0.7070005 -0.2777979 -0.6503678 -0.7070011 -0.2777971 -0.6503683 -0.7070003 -0.277798 -0.9057568 -0.258761 -0.3356299 -0.9057589 -0.2587502 -0.3356324 -0.9057564 -0.2587634 -0.3356294 -0.9057595 -0.2587478 -0.335633 -0.6631488 -0.7070001 -0.2457327 -0.6631504 -0.7069987 -0.2457326 -0.6631508 -0.7069984 -0.2457325 -0.6631484 -0.7070004 -0.2457328 -0.2448152 -0.9659259 -0.0839805 -0.6743491 -0.7070007 -0.2130804 -0.6743478 -0.7070025 -0.213079 -0.6743474 -0.7070029 -0.2130786 -0.9210616 -0.2587338 -0.2910368 -0.9210566 -0.2587557 -0.2910333 -0.9210628 -0.2587288 -0.2910376 -0.9210554 -0.2587606 -0.2910326 -0.2470022 -0.9658679 -0.07803213 -0.2504934 -0.9658687 -0.06596034 -0.6743494 -0.7070003 -0.2130808 -0.9341634 -0.2587425 -0.2457464 -0.9341607 -0.2587511 -0.2457471 -0.9341639 -0.2587404 -0.2457463 -0.6839378 -0.7070062 -0.1799206 -0.6839431 -0.7070006 -0.1799228 -0.6839443 -0.7069993 -0.1799232 -0.9341602 -0.2587531 -0.2457472 -0.2505149 -0.9658681 -0.06588703 -0.2534252 -0.9658682 -0.05361306 -0.6839366 -0.7070075 -0.1799201 -0.9450396 -0.2587518 -0.1998693 -0.9450394 -0.2587525 -0.1998693 -0.9450396 -0.2587516 -0.1998693 -0.9450393 -0.2587527 -0.1998693 -0.2533064 -0.9658995 -0.05361151 -0.255609 -0.965906 -0.04110842 -0.6919087 -0.7069998 -0.1463342 -0.6919068 -0.7070017 -0.1463344 -0.6919092 -0.7069993 -0.1463342 -0.6919063 -0.7070021 -0.1463344 -0.9536662 -0.2587518 -0.1535195 -0.9536664 -0.2587508 -0.1535204 -0.9536662 -0.258752 -0.1535193 -0.9536665 -0.2587506 -0.1535206 -0.2555869 -0.9659107 -0.04113477 -0.2572886 -0.9659104 -0.02863222 -0.6982228 -0.7070018 -0.1123989 -0.6982181 -0.7070066 -0.1123974 -0.698219 -0.7070057 -0.1123977 -0.6982236 -0.7070009 -0.1123992 -0.9600182 -0.2587632 -0.1068028 -0.9600194 -0.2587587 -0.1068026 -0.9600192 -0.2587596 -0.1068027 -0.9600179 -0.258764 -0.1068029 -0.7028824 -0.7069948 -0.07819592 -0.7028779 -0.7069995 -0.07819557 -0.7028835 -0.7069938 -0.07819598 -0.2573032 -0.965907 -0.02861571 -0.2583988 -0.9659051 -0.01604557 -0.7028768 -0.7070005 -0.07819545 -0.7058543 -0.7070013 -0.04380518 -0.7058524 -0.7070032 -0.04380428 -0.705852 -0.7070037 -0.04380404 -0.9640889 -0.2587524 -0.0598306 -0.9640898 -0.2587494 -0.05982989 -0.9640897 -0.25875 -0.05983 -0.9640888 -0.258753 -0.05983072 -0.2584447 -0.9658939 -0.01598083 -0.2590102 -0.9658685 -0.003425121 -0.7058547 -0.7070009 -0.04380542 -0.9658602 -0.2587515 -0.0127182 -0.9658607 -0.2587494 -0.01271831 -0.9658601 -0.258752 -0.01271814 -0.9658609 -0.2587489 -0.01271837 -0.2589098 -0.9658957 -0.003350794 -0.258712 -0.9659106 0.0092175 -0.7071475 -0.7070048 -0.009311497 -0.7071632 -0.7069891 -0.009311378 -0.7071604 -0.7069919 -0.009311378 -0.7071446 -0.7070077 -0.009311556 -0.9653307 -0.2587499 0.03442758 -0.9653332 -0.2587403 0.03442788 -0.9653301 -0.2587521 0.03442752 -0.9653339 -0.2587381 0.03442794 -0.258701 -0.9659133 0.009235084 -0.257998 -0.9658988 0.0218333 -0.7067593 -0.707005 0.02520602 -0.7067617 -0.7070025 0.02520596 -0.7067613 -0.707003 0.02520596 -0.7067589 -0.7070054 0.02520602 -0.9625011 -0.2587499 0.08148854 -0.9625034 -0.258741 0.08148896 -0.9625005 -0.2587519 0.08148849 -0.9625039 -0.2587389 0.08148902 -0.7046914 -0.7070011 0.05966216 -0.7046907 -0.7070019 0.05966162 -0.7046905 -0.7070021 0.05966156 -0.2572844 -0.9659265 0.02812159 -0.2556082 -0.9659258 0.04064255 -0.2572835 -0.9659268 0.02812159 -0.7046916 -0.7070009 0.05966228 -0.9573801 -0.2587428 0.1283577 -0.9573769 -0.2587548 0.1283568 -0.9573807 -0.2587401 0.1283579 -0.9573763 -0.2587575 0.1283566 -0.7009423 -0.7069995 0.09397655 -0.7009429 -0.7069991 0.09397596 -0.700943 -0.706999 0.09397584 -0.2556083 -0.9659259 0.04064249 -0.7009422 -0.7069997 0.09397667 -0.9499744 -0.2587503 0.17492 -0.9499765 -0.2587419 0.1749211 -0.9499761 -0.2587434 0.1749209 -0.949974 -0.2587518 0.1749199 -0.2545636 -0.9659166 0.04693043 -0.6955158 -0.7070056 0.1280666 -0.695523 -0.7069984 0.1280669 -0.6955216 -0.7069997 0.1280668 -0.6955144 -0.7070069 0.1280665 -0.2519749 -0.9659225 0.0591818 -0.9403097 -0.2587434 0.2210652 -0.9403062 -0.2587565 0.2210646 -0.9403067 -0.258754 0.2210647 -0.9403103 -0.258741 0.2210653 -0.6884429 -0.707001 0.1618519 -0.688443 -0.707001 0.1618518 -0.6884429 -0.707001 0.1618519 -0.2519618 -0.9659252 0.05919396 -0.2487599 -0.9659228 0.07149708 -0.688443 -0.707001 0.1618518 -0.9284012 -0.2587488 0.2666838 -0.9284056 -0.2587332 0.266684 -0.9284048 -0.258736 0.2666839 -0.9284005 -0.2587517 0.2666838 -0.2487333 -0.9659289 0.07150661 -0.2449551 -0.965937 0.08344376 -0.6797219 -0.7070049 0.1952494 -0.6797275 -0.706999 0.1952512 -0.6797265 -0.7070001 0.1952509 -0.6797208 -0.7070059 0.1952491 -0.9142818 -0.2587526 0.3116665 -0.914281 -0.2587543 0.3116675 -0.9142811 -0.258754 0.3116673 -0.9142819 -0.2587523 0.3116663 -0.2449706 -0.9659268 0.08351612 -0.2406782 -0.9659072 0.09538102 -0.6693876 -0.7070015 0.2281866 -0.6693874 -0.7070018 0.2281866 -0.6693875 -0.7070018 0.2281866 -0.6693876 -0.7070015 0.2281866 -0.8979878 -0.2587413 0.3559088 -0.8979861 -0.2587473 0.3559086 -0.8979863 -0.2587462 0.3559086 -0.6574566 -0.7070012 0.2605766 -0.6574558 -0.707002 0.2605764 -0.6574556 -0.7070022 0.2605764 -0.897988 -0.2587402 0.3559089 -0.2382102 -0.9659261 0.1012067 -0.2329877 -0.9659262 0.1127098 -0.23821 -0.9659262 0.1012066 -0.6574568 -0.707001 0.2605767 -0.879551 -0.2587409 0.3993033 -0.8795503 -0.2587426 0.3993039 -0.8795505 -0.2587423 0.3993037 -0.6439627 -0.7069965 0.2923495 -0.6439585 -0.7070004 0.292349 -0.6439576 -0.7070013 0.2923489 -0.8795512 -0.2587406 0.3993033 -0.2329877 -0.9659261 0.1127099 -0.6439636 -0.7069956 0.2923495 -0.8590187 -0.2587423 0.4417457 -0.8590167 -0.2587516 0.4417445 -0.859017 -0.2587499 0.4417447 -0.8590191 -0.2587406 0.4417459 -0.2301843 -0.9659132 0.1184348 -0.2242053 -0.9659007 0.1294917 -0.6289265 -0.7070007 0.3234218 -0.6289291 -0.7069984 0.3234216 -0.6289287 -0.7069988 0.3234217 -0.628926 -0.7070011 0.3234218 -0.8364427 -0.2587404 0.4831327 -0.8364408 -0.2587425 0.4831346 -0.8364412 -0.2587422 0.4831343 -0.6123923 -0.7070059 0.353721 -0.6123963 -0.7070009 0.3537238 -0.6123973 -0.7069997 0.3537244 -0.836443 -0.25874 0.4831323 -0.2242974 -0.9658685 0.1295722 -0.2177232 -0.9658685 0.1403379 -0.6123913 -0.707007 0.3537204 -0.8118688 -0.2587493 0.5233718 -0.8118735 -0.2587344 0.5233718 -0.8118726 -0.2587371 0.5233718 -0.8118678 -0.258752 0.5233718 -0.7853638 -0.258746 0.5623651 -0.2140485 -0.9659258 0.1455015 -0.2104905 -0.965907 0.150723 -0.2104908 -0.9659069 0.1507231 -0.5749997 -0.7070016 0.4117332 -0.5750008 -0.7070006 0.4117332 -0.5750011 -0.7070004 0.4117333 -0.2140488 -0.9659258 0.1455016 -0.5944081 -0.7070002 0.3831837 -0.5944054 -0.7070028 0.3831832 -0.5944059 -0.7070023 0.3831833 -0.5749994 -0.7070018 0.4117331 -0.5944086 -0.7069997 0.3831838 -0.1914482 0.2054644 0.9597562 0.5552735 -0.2551873 0.7915496 0.08424609 -0.3167422 0.944763 0.07201606 -0.8231999 0.5631659 0.5808499 -0.7020409 0.4120097 -0.07217723 -0.906618 0.4157336 0.1830106 -0.9659267 0.1830106 0.1830131 -0.9659258 0.1830125 0.1830132 -0.9659258 0.1830125 0.1830105 -0.9659267 0.1830106 0.500005 -0.7070996 0.5000053 0.4999997 -0.7071068 0.5000004 0.4999997 -0.7071068 0.5000004 0.5000051 -0.7070995 0.5000053 0.6830081 -0.2588444 0.6830077 0.683018 -0.2587897 0.6830186 0.683018 -0.2587893 0.6830186 0.6830081 -0.2588449 0.6830076 -0.8259348 0 -0.5637657 -0.8259345 0 -0.5637661 -0.8259349 0 -0.5637655 -0.8259345 0 -0.5637663 -0.8524615 0 -0.5227902 -0.8524611 0 -0.5227907 -0.8524615 -1.3632e-7 -0.52279 -0.8524611 0 -0.5227909 -0.8769547 0 -0.4805732 -0.8769544 0 -0.4805738 -0.8769548 0 -0.4805731 -0.8769542 0 -0.480574 -0.8993585 0 -0.4372119 -0.8993588 0 -0.4372115 -0.8993585 0 -0.437212 -0.8993588 0 -0.4372114 -0.9196215 2.54102e-7 -0.3928058 -0.9196215 0 -0.3928059 -0.9196215 3.06114e-7 -0.3928058 -0.9196214 0 -0.3928058 -0.9376935 3.51468e-7 -0.3474637 -0.9376934 0 -0.347464 -0.9376935 4.23411e-7 -0.3474636 -0.9376933 0 -0.3474642 -0.9535304 0 -0.3012969 -0.9535304 0 -0.3012968 -0.9535304 0 -0.3012969 -0.9535305 0 -0.3012968 -0.9670966 0 -0.2544099 -0.9670966 0 -0.2544098 -0.9783587 0 -0.206916 -0.9783588 0 -0.206916 -0.9872896 0 -0.1589322 -0.9872895 0 -0.1589322 -0.9872896 0 -0.1589322 -0.9872896 0 -0.1589323 -0.9938685 0 -0.1105687 -0.9938685 0 -0.1105687 -0.9938685 0 -0.1105687 -0.9938685 0 -0.1105687 -0.9980799 0 -0.06194007 -0.9980799 0 -0.06194007 -0.99808 0 -0.06194013 -0.9980799 0 -0.06194013 -0.9999134 0 -0.01316654 -0.9999134 0 -0.01316654 -0.9999134 0 -0.01316654 -0.9993647 1.36811e-6 0.03564131 -0.9993646 2.80039e-7 0.03564131 -0.9993647 1.64815e-6 0.03564131 -0.9993647 0 0.03564131 -0.9964353 0 0.08436143 -0.9964353 0 0.08436143 -0.9964353 0 0.08436149 -0.9964353 0 0.08436149 -0.9911318 0 0.132883 -0.9911318 0 0.132883 -0.9911318 0 0.132883 -0.9911318 0 0.1328829 -0.9834671 0 0.1810871 -0.9834671 0 0.1810872 -0.9834671 0 0.1810871 -0.9834671 0 0.1810873 -0.9734597 0 0.2288585 -0.9734597 0 0.2288587 -0.9734597 0 0.2288585 -0.9734597 0 0.2288587 -0.961133 -3.26949e-7 0.276086 -0.961133 0 0.2760863 -0.961133 -3.93873e-7 0.2760859 -0.9611328 0 0.2760863 -0.9465167 1.59698e-7 0.322655 -0.9465166 -6.62496e-7 0.3226552 -0.9465166 3.71308e-7 0.322655 -0.9465166 -8.74106e-7 0.3226552 -0.9296452 2.04968e-7 0.3684561 -0.929645 0 0.3684566 -0.9296452 2.46923e-7 0.368456 -0.929645 0 0.3684567 -0.9105584 1.78258e-7 0.4133806 -0.9105582 0 0.413381 -0.9105585 2.14746e-7 0.4133805 -0.9105581 0 0.4133811 -0.8893027 0 0.4573192 -0.889303 7.17598e-7 0.4573187 -0.8893026 0 0.4573193 -0.889303 8.74106e-7 0.4573185 -0.8659303 0 0.5001647 -0.8659305 0 0.5001644 -0.8659303 0 0.5001648 -0.840492 0 0.541824 -0.8404917 0 0.5418246 -0.840492 0 0.5418241 -0.8659306 0 0.5001643 -0.8404916 0 0.5418248 -0.8130524 0 0.5821906 -0.8130524 0 0.5821906 -0.8130525 0 0.5821906 -0.8130524 0 0.5821906 0 1 0 0 1 2.56444e-7 0 1 4.75014e-7 0 1 -4.23829e-7 0 1 0 0 1 4.10828e-7 0 1 3.13715e-7 0 1 2.39642e-7 0 1 0 0 1 0 0 1 1.21469e-7 0 1 0 0 1 -1.61609e-7 0 1 0 0 1 0 0 1 0 0 1 0 0 1 0 0 1 2.31561e-7 0 1 0 0 1 0 0 1 -1.22614e-7 0 1 1.67871e-7 0 1 0 2.78802e-7 1 6.97792e-7 0 1 0 0 1 1.98986e-7 0 1 7.4723e-7 0 1 2.43388e-7 0 1 2.68962e-7 0 1 -2.76647e-7 1.30583e-7 1 2.48534e-7 0 1 -3.45629e-6 0 1 -3.45629e-7 0 1 0 0 1 1.27466e-6 0 1 0 0 1 1.57713e-7 0.7071072 -2.70265e-6 0.7071064 0.7071068 0 0.7071068 0.7071068 0 0.7071068 0.707107 -9.44432e-7 0.7071067 0.7071077 -6.42356e-6 0.7071059 0.6856033 0.2447336 -0.6856046 0.6856033 0.2447338 -0.6856045 0.6856017 0.2447488 -0.6856008 0.6856017 0.244749 -0.6856008 0.6272112 -0.4617495 -0.627211 0.6272113 -0.4617499 -0.6272106 0.6272113 -0.4617499 -0.6272106 0.2514885 -0.9346161 -0.2514882 0.2514811 -0.9346198 -0.2514817 0.2514886 -0.9346161 -0.2514883 0.2514811 -0.9346199 -0.2514817 -0.6639811 0.04092013 -0.7466289 -0.6639811 0.04092013 -0.7466289 -0.6639808 0.04092031 -0.7466291 -0.6639808 0.04092031 -0.7466291 -0.6124622 0.09037464 -0.7853168 -0.5680575 0.1223752 -0.8138397 -0.4599675 0.2001689 -0.8650795 -0.3810504 0.2559074 -0.8884325 -0.3435068 0.2758688 -0.897719 -0.2187053 0.343244 -0.9134285 -0.1144579 0.3983429 -0.9100672 -0.09121453 0.4071798 -0.908782 0.1097701 0.4856269 -0.8672468 0.04024064 0.4585646 -0.8877496 0.2747411 0.533677 -0.7998164 0.1697329 0.5029456 -0.8474884 0.2955244 0.5375665 -0.789739 0.5251767 0.5731093 -0.6290749 0.4350707 0.5643049 -0.701622 0.4156577 0.5605254 -0.7162681 0.4955136 0.5698407 -0.6555516 0.5139793 0.5712893 -0.6398859 0.548361 0.5730533 -0.6090241 0.5286753 0.5693382 -0.6295686 0.579226 0.5735805 -0.5792261 0.579226 0.5735804 -0.5792261 0.5792257 0.5735811 -0.5792256 0.5792257 0.5735812 -0.5792255 0.7466325 0.04091918 0.6639772 0.8143669 0.1213201 0.567528 0.759105 0.05622798 0.6485354 0.8652305 0.1998692 0.4598135 0.8416461 0.1638982 0.5145573 0.8982342 0.2748317 0.3429911 0.9131067 0.3438934 0.2190287 0.8932232 0.2630708 0.3646179 0.9094155 0.4059032 0.09058725 0.8875473 0.4589734 -0.04004102 0.911992 0.3804711 0.1533378 0.8467956 0.5043435 -0.1690413 0.7899831 0.5370751 -0.2957654 0.8610116 0.4929906 -0.1249775 0.6295703 0.5693342 -0.5286775 0.6090191 0.5730551 -0.5483646 0.7156264 0.5618205 -0.4150141 0.7326154 0.5593362 -0.3878372 0.6555453 0.5698422 -0.4955203 0.6397104 0.5713874 -0.5140888 0.6290655 0.5730946 -0.5252042 0.707107 -2.01322e-7 0.7071067 0.7071074 -2.22353e-6 0.7071062 0.7071071 -8.68026e-7 0.7071066 0.7071068 0 0.7071068 -0.6856012 0.2447488 0.6856012 -0.6856039 0.2447339 0.6856038 -0.6856012 0.2447486 0.6856012 -0.6272116 -0.4617497 0.6272103 -0.6272111 -0.46175 0.6272107 -0.685604 0.2447337 0.6856039 -0.2514835 -0.9346187 0.2514836 -0.2514912 -0.9346144 0.251492 -0.2514836 -0.9346187 0.2514837 -0.2514913 -0.9346143 0.2514922 0.6639864 0.04091441 0.7466245 0.6639862 0.04091435 0.7466247 0.6639889 0.04091495 0.7466222 0.6639891 0.04091501 0.7466221 0.611553 0.09121155 0.7859285 0.5681014 0.1224961 0.8137909 0.460021 0.200279 0.8650255 0.3821449 0.25531 0.8881341 0.3435139 0.2758609 0.8977187 0.218698 0.3432369 0.9134329 0.1143568 0.3983823 0.9100626 0.09121435 0.4071827 0.9087806 -0.1080371 0.4849712 0.8678312 -0.0402407 0.4585543 0.8877549 -0.2753726 0.533709 0.7995779 -0.1697859 0.5028353 0.8475431 -0.2955718 0.5374905 0.7897729 -0.5252015 0.5731 0.6290627 -0.435784 0.5643848 0.7011149 -0.4156727 0.5604759 0.7162982 -0.4954913 0.5698429 0.6555666 -0.514021 0.5713604 0.6397888 -0.548368 0.5730497 0.6090211 -0.5286712 0.5693415 0.6295691 -0.579226 0.5735803 0.5792261 -0.579226 0.5735803 0.5792263 -0.5792258 0.5735809 0.5792258 -0.5792257 0.573581 0.5792257 -0.7466292 0.04091918 -0.6639808 -0.8143681 0.1213253 -0.5675252 -0.7591193 0.05624639 -0.648517 -0.8652243 0.1998764 -0.4598221 -0.8416667 0.1639332 -0.5145125 -0.8982292 0.2748392 -0.3429983 -0.9131008 0.3439048 -0.2190352 -0.8932328 0.2631103 -0.3645659 -0.9094109 0.4059129 -0.09059035 -0.8875414 0.4589855 0.040035 -0.9119878 0.3804827 -0.1533334 -0.8467994 0.5043388 0.1690364 -0.7899801 0.5370809 0.2957629 -0.8610289 0.4929798 0.1249017 -0.6295695 0.5693354 0.5286772 -0.6090174 0.5730535 0.5483682 -0.7156239 0.5618253 0.4150121 -0.7326453 0.5593302 0.3877893 -0.6555605 0.5698305 0.4955135 -0.6398435 0.571305 0.5140146 -0.629077 0.5730884 0.5251971 -0.7071064 -2.8573e-7 -0.7071073 -0.7071013 -4.20005e-6 -0.7071124 -0.7071048 -1.58946e-6 -0.7071089 -0.7071071 0 -0.7071066 -0.7071071 0 -0.7071065 -0.7071052 0 -0.7071084 -0.707107 -5.70997e-7 -0.7071066 -0.7071053 0 -0.7071083 -0.7071071 -5.94885e-7 -0.7071065 0.579226 0.5735829 -0.5792236 0.5792277 0.5735771 -0.5792276 0.5792271 0.573579 -0.5792264 0.5792295 0.5735756 -0.5792273 0.5792296 0.5735756 -0.5792273 -0.5792269 -0.573577 0.5792286 -0.5792273 -0.5735759 0.5792291 -0.5792269 -0.5735769 0.5792287 -0.5792278 -0.5735754 0.5792293 -0.5792288 -0.5735743 0.5792294 -0.4055801 0.8191523 0.4055789 -0.4055799 0.8191519 0.4055798 -0.4055801 0.8191523 0.405579 -0.4055799 0.8191519 0.4055798 0.7071057 4.61577e-6 0.7071079 0.7071067 1.33309e-6 0.707107 0.7071056 4.75909e-6 0.7071079 0.7071067 1.18977e-6 0.7071069 0.5792254 -0.5735797 -0.5792274 0.5792293 -0.573576 -0.5792272 0.5792257 -0.5735794 -0.5792273 0.5792294 -0.5735756 -0.5792273 0.5792295 -0.573575 -0.5792278 0.4055814 0.8191506 -0.4055814 0.4055795 0.8191527 -0.4055791 0.4055815 0.8191505 -0.4055815 0.4055794 0.8191527 -0.405579 -0.5792282 0.573576 0.5792282 -0.5792248 0.5735771 0.5792306 -0.5792257 0.5735768 0.57923 -0.5792292 0.5735759 0.5792275 -0.5792297 0.5735757 0.5792271 0.4316256 -0.2194948 0.8749408 0.431623 -0.2194946 0.8749423 0.4316207 -0.2194944 0.8749433 0.431618 -0.2194942 0.8749448 -0.2645381 -0.5299155 0.8057352 -0.264544 -0.5299151 0.8057335 -0.2645312 -0.5299159 0.8057371 -0.2645509 -0.5299147 0.8057316 -0.8057382 -0.5299127 0.2645347 -0.8057381 -0.529913 0.2645347 -0.8057385 -0.5299122 0.2645348 -0.8057378 -0.5299134 0.2645345 -0.8749444 -0.2195012 -0.4316152 -0.8749426 -0.2195024 -0.431618 -0.8749464 -0.2194998 -0.4316118 -0.8749406 -0.2195038 -0.4316214 -0.4316216 0.2194991 -0.8749418 -0.4316188 0.2194976 -0.8749436 -0.4316249 0.2195007 -0.8749397 -0.4316154 0.2194959 -0.8749455 0.2645459 0.529914 -0.8057337 0.2645462 0.5299119 -0.8057348 0.2645454 0.5299163 -0.8057323 0.2645467 0.5299096 -0.8057363 0.8057325 0.5299169 -0.2645437 0.8057326 0.5299163 -0.2645443 0.8057323 0.5299175 -0.2645429 0.8057329 0.5299158 -0.264545 0.8749419 0.2194893 0.4316262 0.8749419 0.2194893 0.4316262 0.874942 0.2194893 0.4316262 0.8749418 0.2194893 0.4316262 0.4316197 -0.219495 0.8749438 0.4316155 -0.219499 0.8749448 0.4316174 -0.2194972 0.8749443 -0.2645415 -0.5299178 0.8057326 -0.2645373 -0.5299135 0.8057368 -0.2645393 -0.5299155 0.8057349 0.4316133 -0.2195011 0.8749454 -0.8057349 -0.5299171 0.2645357 -0.8057382 -0.5299125 0.2645353 -0.8057367 -0.5299146 0.2645355 -0.2645351 -0.5299112 0.8057391 -0.8749424 -0.2195128 -0.4316132 -0.8749423 -0.2195067 -0.4316167 -0.8749423 -0.2195095 -0.4316151 -0.8057398 -0.52991 0.264535 -0.4316256 0.2194948 -0.8749408 -0.4316186 0.2194994 -0.8749431 -0.4316218 0.2194973 -0.8749421 -0.8749421 -0.2195034 -0.4316187 0.2645466 0.529911 -0.8057355 0.2645455 0.5299158 -0.8057327 0.264546 0.5299135 -0.8057339 -0.4316148 0.2195019 -0.8749445 0.8057292 0.5299205 -0.2645465 0.805733 0.5299157 -0.2645446 0.8057312 0.529918 -0.2645455 0.2645448 0.5299183 -0.8057312 0.874943 0.2194958 0.4316207 0.8749414 0.2194924 0.4316258 0.8749422 0.2194939 0.4316234 0.8057351 0.5299131 -0.2645435 0.8749405 0.2194905 0.4316285 -0.4316198 -0.2195013 -0.8749421 -0.4316219 -0.219499 -0.8749417 -0.4316236 -0.2194971 -0.8749412 -0.4316257 -0.2194948 -0.8749407 0.2645376 -0.5299173 -0.8057343 0.2645362 -0.5299155 -0.8057358 0.2645391 -0.5299193 -0.8057323 0.2645346 -0.5299135 -0.8057377 0.8057336 -0.5299161 -0.2645416 0.8057348 -0.5299149 -0.2645407 0.8057323 -0.5299175 -0.2645426 0.8057361 -0.5299134 -0.2645398 0.8749405 -0.2194982 0.4316244 0.8749414 -0.219497 0.4316234 0.8749396 -0.2194996 0.4316256 0.8749424 -0.2194957 0.4316222 0.4316238 0.2194961 0.8749414 0.4316236 0.2194979 0.874941 0.431624 0.219494 0.8749418 0.4316235 0.2195 0.8749406 -0.2645364 0.5299218 0.8057316 -0.2645402 0.5299199 0.8057316 -0.2645321 0.529924 0.8057317 -0.2645446 0.5299178 0.8057315 -0.8057351 0.5299175 0.2645342 -0.8057339 0.5299185 0.2645364 -0.8057367 0.5299164 0.2645318 -0.8057323 0.5299196 0.2645389 -0.8749442 0.2194949 -0.4316189 -0.8749449 0.2194927 -0.4316182 -0.8749431 0.2194974 -0.4316196 -0.874946 0.2194903 -0.4316176 -0.4316256 -0.2195072 -0.8749377 -0.4316257 -0.2195019 -0.874939 -0.4316258 -0.2194973 -0.8749402 -0.4316259 -0.2194918 -0.8749414 0.2645406 -0.5299172 -0.8057332 0.2645374 -0.5299146 -0.8057361 0.2645444 -0.5299205 -0.8057299 0.2645336 -0.5299114 -0.8057394 0.8057321 -0.5299184 -0.2645421 0.8057345 -0.5299165 -0.2645385 0.8057293 -0.5299206 -0.2645461 0.8057373 -0.5299142 -0.2645345 0.8749423 -0.2194926 0.4316239 0.8749411 -0.2194952 0.4316248 0.8749435 -0.2194897 0.4316228 0.8749398 -0.2194981 0.431626 0.4316203 0.2194942 0.8749436 0.4316233 0.2194948 0.874942 0.4316169 0.2194936 0.8749455 0.4316267 0.2194954 0.8749401 -0.2645294 0.5299199 0.8057352 -0.2645356 0.5299202 0.805733 -0.2645221 0.5299197 0.8057377 -0.2645428 0.5299204 0.8057305 -0.8057368 0.5299128 0.2645386 -0.8057375 0.529912 0.2645382 -0.805736 0.5299137 0.2645391 -0.8057382 0.5299111 0.2645377 -0.8749436 0.2194976 -0.4316185 -0.8749433 0.2194989 -0.4316186 -0.8749439 0.219496 -0.4316185 -0.8749428 0.2195004 -0.4316185 -0.5792281 -0.5735765 0.5792279 -0.5792281 -0.5735765 0.5792279 -0.5792278 -0.5735764 0.5792282 -0.5792283 -0.5735765 0.5792276 -0.7548921 -0.04999399 -0.6539409 -0.7549014 -0.04999351 -0.6539301 -0.7548924 -0.04999399 -0.6539406 -0.8329313 -0.1484495 -0.533093 -0.832924 -0.1484553 -0.5331029 -0.8329311 -0.1484497 -0.5330933 -0.7549017 -0.04999351 -0.6539298 -0.8856469 -0.2424039 -0.3960684 -0.8856511 -0.2424046 -0.3960584 -0.8856471 -0.2424039 -0.396068 -0.8329238 -0.1484555 -0.5331032 -0.9114607 -0.3289864 -0.246997 -0.9114584 -0.3289936 -0.2469961 -0.9114606 -0.3289866 -0.246997 -0.8856511 -0.2424046 -0.396058 -0.9114583 -0.3289939 -0.2469961 -0.9095771 -0.4055774 -0.09042429 -0.9095757 -0.4055804 -0.09042501 -0.9095771 -0.4055773 -0.09042423 -0.9095757 -0.4055805 -0.09042501 -0.8800542 -0.4698489 0.06889492 -0.880056 -0.4698457 0.0688948 -0.8800541 -0.4698491 0.06889492 -0.8800562 -0.4698457 0.0688948 -0.8237913 -0.5198423 0.2261237 -0.8237972 -0.5198341 0.2261211 -0.8237912 -0.5198426 0.2261238 -0.8237974 -0.5198338 0.226121 -0.7425049 -0.5540305 0.3764793 -0.7425051 -0.5540307 0.3764785 -0.7425049 -0.5540305 0.3764793 -0.7425052 -0.5540308 0.3764785 -0.6386532 -0.5713931 0.515395 -0.6386503 -0.5713945 0.5153971 -0.6386533 -0.5713931 0.5153949 -0.6386502 -0.5713945 0.5153972 -0.707107 0 -0.7071067 -0.707107 0 -0.7071067 -0.7071069 0 -0.7071067 -0.7071071 -1.76669e-7 -0.7071066 0.5153949 0.5713933 -0.6386531 0.5153886 0.5713953 -0.6386564 0.5153948 0.5713934 -0.6386532 0.3764795 0.5540329 -0.7425031 0.3764868 0.5540316 -0.7425004 0.3764798 0.5540328 -0.742503 0.5153884 0.5713955 -0.6386566 0.2261095 0.5198387 -0.8237975 0.226117 0.5198373 -0.8237963 0.2261097 0.5198387 -0.8237975 0.376487 0.5540316 -0.7425003 0.06888836 0.4698451 -0.8800568 0.06890475 0.4698491 -0.8800535 0.06888896 0.4698452 -0.8800567 0.2261173 0.5198372 -0.8237963 -0.09041321 0.4055781 -0.9095779 -0.09042918 0.4055806 -0.9095753 -0.09041368 0.4055782 -0.9095779 0.06890529 0.4698492 -0.8800534 -0.247007 0.3289875 -0.9114575 -0.246968 0.3289942 -0.9114657 -0.2470058 0.3289877 -0.9114578 -0.09042972 0.4055806 -0.9095752 -0.3960756 0.2423986 -0.8856451 -0.3960614 0.242404 -0.8856499 -0.3960751 0.2423987 -0.8856452 -0.2469667 0.3289944 -0.911466 -0.5330907 0.1484543 -0.832932 -0.5331028 0.1484531 -0.8329244 -0.5330911 0.1484542 -0.8329317 -0.3960609 0.2424042 -0.88565 -0.6539331 0.04998928 -0.7548992 -0.6539318 0.04999732 -0.7548996 -0.6539331 0.04998952 -0.7548991 -0.5331032 0.1484531 -0.8329242 -0.6539318 0.04999762 -0.7548997 0.5792282 0.5735762 -0.5792279 0.5792281 0.5735765 -0.5792279 0.5792279 0.5735768 -0.5792278 0.7549022 0.0499891 0.6539296 0.7548957 0.04999321 0.6539367 0.754895 0.04999363 0.6539375 0.7548974 0.04999113 0.653935 0.7548976 0.04999101 0.6539347 0.8329336 0.1484488 0.5330897 0.8329254 0.1484596 0.5330997 0.8329339 0.1484485 0.5330893 0.8329252 0.1484599 0.5331 0.8856497 0.2423985 0.3960654 0.8856458 0.2424075 0.3960683 0.8856498 0.2423981 0.3960653 0.8856458 0.2424078 0.3960684 0.9114606 0.3289917 0.2469901 0.9114607 0.3289906 0.2469913 0.9114606 0.3289917 0.2469901 0.9095769 0.4055772 0.09042781 0.909578 0.4055736 0.09043198 0.9095769 0.4055771 0.09042793 0.9114607 0.3289906 0.2469913 0.8800541 0.4698491 -0.06889575 0.8800559 0.469846 -0.06889587 0.8800542 0.4698489 -0.06889575 0.9095781 0.4055735 0.09043216 0.8237965 0.5198354 -0.2261207 0.8237967 0.5198355 -0.2261198 0.8237966 0.5198354 -0.2261207 0.880056 0.4698458 -0.06889587 0.7425029 0.5540311 -0.3764826 0.7425012 0.554034 -0.3764817 0.7425028 0.5540312 -0.3764826 0.8237967 0.5198355 -0.2261197 0.638657 0.571393 -0.5153904 0.6386522 0.5713959 -0.5153931 0.6386568 0.5713931 -0.5153905 0.7425011 0.5540341 -0.3764817 0.638652 0.5713961 -0.5153933 0.7071032 0 0.7071104 0.7071033 0 0.7071103 0.7070996 0 0.7071141 0.7071072 -8.84242e-7 0.7071065 0.707106 0 0.7071076 0.7071074 -1.07079e-6 0.7071063 -0.5153951 -0.5713935 0.6386529 -0.5153936 -0.5713968 0.6386512 -0.515395 -0.5713936 0.6386528 -0.3764803 -0.5540298 0.742505 -0.3764679 -0.5540359 0.7425067 -0.3764799 -0.55403 0.742505 -0.5153934 -0.5713968 0.6386511 -0.2261333 -0.5198351 0.8237933 -0.2261202 -0.5198385 0.8237948 -0.2261328 -0.5198352 0.8237933 -0.3764675 -0.5540361 0.7425068 -0.06889677 -0.469849 0.8800541 -0.06889617 -0.4698449 0.8800565 -0.06889677 -0.4698489 0.8800541 -0.2261197 -0.5198386 0.8237949 0.09042137 -0.4055811 0.9095758 0.09042948 -0.4055806 0.9095751 0.09042161 -0.405581 0.9095758 -0.06889617 -0.4698447 0.8800565 0.2469912 -0.328989 0.9114612 0.2470093 -0.3289873 0.911457 0.2469918 -0.328989 0.9114611 0.09042972 -0.4055807 0.9095751 0.3960608 -0.2424041 0.8856502 0.3960636 -0.2424049 0.8856486 0.3960608 -0.2424041 0.8856501 0.2470099 -0.3289872 0.9114569 0.5331028 -0.1484529 0.8329244 0.5330963 -0.1484516 0.8329289 0.5331026 -0.1484529 0.8329247 0.3960638 -0.2424049 0.8856486 0.533096 -0.1484515 0.8329291 0.6539422 -0.04998934 0.7548912 0.6539282 -0.04998952 0.7549033 0.6539427 -0.04998934 0.7548908 0.6539278 -0.04998952 0.7549036 0.4055856 -0.8191494 -0.4055797 0.4055813 -0.8191656 -0.405551 0.4055811 -0.8191525 -0.4055776 0.4055795 -0.8191521 -0.4055799 0.4055862 -0.8191517 -0.4055742 0.4055585 -0.8191657 -0.4055737 0.4055852 -0.8191417 -0.4055954 0.4055738 -0.8191547 -0.4055806 0.4055845 -0.8191522 -0.4055748 0.4055802 -0.8191518 -0.4055799 0.4055777 -0.8191529 -0.4055803 0.4055735 -0.8191559 -0.4055783 0.4055769 -0.8191534 -0.4055802 0.4055778 -0.8191531 -0.4055798 0.4055809 -0.8191516 -0.4055795 0.4055806 -0.8191519 -0.4055795 0.4055811 -0.8191515 -0.4055798 0.4055807 -0.8191515 -0.40558 0.4056104 -0.8191388 -0.4055762 0.4055851 -0.8191581 -0.4055624 0.4055715 -0.8191546 -0.405583 0.4055657 -0.8191573 -0.4055836 0.40558 -0.8191518 -0.4055804 0.4055773 -0.819155 -0.4055765 0.4055767 -0.8191527 -0.4055818 0.4055598 -0.819168 -0.4055674 0.4055794 -0.8191525 -0.4055793 0.4055912 -0.8191415 -0.4055901 0.4055709 -0.819159 -0.4055747 0.405559 -0.8191609 -0.4055829 0.4055786 -0.8191567 -0.4055715 0.4055851 -0.8191472 -0.4055843 0.4055761 -0.8191561 -0.4055755 0.4055739 -0.8191542 -0.4055817 0.4055824 -0.8191503 -0.4055807 0.4055794 -0.8191525 -0.4055792 0.4055793 -0.8191526 -0.4055794 0.4055797 -0.8191521 -0.4055799 0.4055795 -0.8191519 -0.4055805 0.4055814 -0.8191503 -0.4055816 0.4055771 -0.8191546 -0.4055774 0.4055801 -0.8191522 -0.4055795 0.4055812 -0.8191508 -0.4055808 0.405579 -0.8191532 -0.4055783 0.405579 -0.8191523 -0.4055801 0.4055837 -0.8191494 -0.4055811 0.4055813 -0.8191514 -0.4055794 0.4055804 -0.8191525 -0.4055782 0.4055792 -0.8191518 -0.4055809 0.4055818 -0.819153 -0.4055761 0.4055817 -0.819152 -0.405578 0.405597 -0.8191518 -0.4055629 0.4055784 -0.8191515 -0.4055823 0.4055701 -0.8191478 -0.4055983 0.4055902 -0.819168 -0.4055371 0.4055854 -0.8191597 -0.405559 0.4055548 -0.8191392 -0.4056308 -0.707095 0 -0.7071186 -0.7070949 0 -0.7071188 -0.7071105 -3.1547e-7 -0.7071031 -0.7071068 -4.05734e-7 -0.7071067 -0.7071073 -1.03559e-6 -0.7071064 -0.7071068 -2.67698e-7 -0.7071068 0.5153889 -0.5713959 -0.6386556 0.5154008 -0.5713911 -0.6386505 0.5153893 -0.5713958 -0.6386554 0.3764794 -0.5540328 -0.7425033 0.3764785 -0.5540356 -0.7425016 0.3764794 -0.5540328 -0.7425033 0.5154012 -0.5713909 -0.6386503 0.2261257 -0.519833 -0.8237966 0.2261252 -0.519836 -0.8237948 0.2261257 -0.5198332 -0.8237966 0.3764785 -0.5540357 -0.7425016 0.06888008 -0.4698461 -0.8800569 0.06889623 -0.4698488 -0.8800542 0.06888061 -0.4698462 -0.8800569 0.2261252 -0.5198361 -0.8237948 -0.09042137 -0.4055811 -0.9095757 -0.09041321 -0.4055813 -0.9095764 -0.09042114 -0.4055811 -0.9095758 0.06889677 -0.4698489 -0.8800541 -0.2470071 -0.3289876 -0.9114574 -0.2470071 -0.3289877 -0.9114574 -0.09041297 -0.4055813 -0.9095764 -0.3960677 -0.2424032 -0.8856472 -0.3960682 -0.2423993 -0.8856481 -0.3960677 -0.242403 -0.8856473 -0.2470071 -0.3289877 -0.9114575 -0.5330904 -0.1484584 -0.8329315 -0.533091 -0.1484545 -0.8329319 -0.5330904 -0.1484583 -0.8329315 -0.3960682 -0.2423992 -0.8856482 -0.6539352 -0.0499894 -0.7548974 -0.6539376 -0.04998958 -0.7548952 -0.6539353 -0.0499894 -0.7548973 -0.533091 -0.1484543 -0.8329318 -0.6539377 -0.04998964 -0.754895 0.5792279 -0.5735765 -0.5792282 0.5792279 -0.5735765 -0.5792281 0.5792279 -0.5735765 -0.5792282 0.7548983 -0.04998964 0.653934 0.7548972 -0.04998546 0.6539356 0.7548984 -0.04998952 0.653934 0.8329287 -0.1484533 0.5330962 0.8329299 -0.1484535 0.5330943 0.8329287 -0.1484533 0.5330962 0.7548972 -0.04998534 0.6539356 0.8856477 -0.2424041 0.3960662 0.8856493 -0.2424023 0.3960638 0.8856478 -0.2424041 0.3960661 0.8329299 -0.1484535 0.5330943 0.9114595 -0.3289913 0.2469944 0.9114589 -0.3289899 0.2469986 0.9114596 -0.3289913 0.2469946 0.8856494 -0.2424023 0.3960637 0.9095757 -0.4055804 0.09042423 0.9095755 -0.4055812 0.09042328 0.9095757 -0.4055805 0.09042418 0.9114589 -0.3289899 0.2469987 0.8800576 -0.4698425 -0.06889533 0.8800577 -0.4698423 -0.06889742 0.8800578 -0.4698425 -0.06889545 0.9095755 -0.4055812 0.09042322 0.8237906 -0.5198423 -0.2261264 0.823799 -0.5198321 -0.2261195 0.8237909 -0.519842 -0.2261261 0.8800576 -0.4698422 -0.06889748 0.7425005 -0.5540357 -0.3764805 0.7425059 -0.5540295 -0.3764791 0.7425007 -0.5540354 -0.3764804 0.8237992 -0.5198317 -0.2261192 0.6386459 -0.5713982 -0.5153985 0.6386605 -0.5713894 -0.5153901 0.6386464 -0.571398 -0.5153982 0.742506 -0.5540293 -0.376479 0.638661 -0.5713891 -0.5153898 0.707107 -2.1412e-7 0.7071067 0.707107 -3.15888e-7 0.7071067 0.7071069 1.76669e-7 0.7071067 0.707107 -7.06677e-7 0.7071067 -0.5153884 0.5713955 0.6386566 -0.5153884 0.5713955 0.6386564 -0.5153905 0.5713977 0.6386529 -0.5153905 0.5713977 0.6386528 -0.3764774 0.5540336 0.7425037 -0.3764865 0.5540312 0.7425008 -0.3764771 0.5540336 0.7425038 -0.3764868 0.5540311 0.7425007 -0.2261267 0.5198382 0.823793 -0.2261412 0.519831 0.8237937 -0.2261263 0.5198385 0.823793 -0.2261416 0.5198307 0.8237937 -0.06888842 0.4698435 0.8800578 -0.06889665 0.4698457 0.8800559 -0.06888812 0.4698435 0.8800578 -0.06889694 0.4698458 0.8800559 0.09042102 0.4055846 0.9095742 0.09041333 0.405578 0.909578 0.09042125 0.4055849 0.9095741 0.09041309 0.4055777 0.9095781 0.2469991 0.3289883 0.9114594 0.2469987 0.3289918 0.9114581 0.2469991 0.3289882 0.9114594 0.2469987 0.328992 0.9114581 0.3960679 0.242403 0.8856472 0.3960757 0.2423989 0.8856449 0.3960676 0.2424031 0.8856473 0.3960759 0.2423988 0.8856448 0.5330962 0.1484538 0.8329286 0.5330788 0.1484596 0.8329386 0.5330967 0.1484536 0.8329282 0.5330783 0.1484597 0.832939 0.6539305 0.0499897 0.7549014 0.653935 0.04998946 0.7548974 0.6539303 0.0499897 0.7549014 0.6539352 0.0499894 0.7548974 -0.5792278 0.5735765 0.5792282 -0.5792278 0.5735766 0.5792281 -0.5792278 0.5735765 0.5792281 -0.5792279 0.5735766 0.579228 -0.7549019 0.04998511 -0.6539301 -0.7548972 0.04998987 -0.6539351 -0.7548967 0.04999041 -0.6539357 -0.7548987 0.04999798 -0.6539329 -0.7548989 0.04999732 -0.6539328 -0.83293 0.1484579 -0.5330927 -0.8329253 0.1484598 -0.5330997 -0.8329303 0.1484578 -0.5330924 -0.8329252 0.1484599 -0.5331 -0.8856476 0.2424 -0.3960691 -0.8856476 0.2424058 -0.3960655 -0.8856475 0.2423998 -0.3960692 -0.8856475 0.242406 -0.3960654 -0.9114568 0.3289932 -0.2470018 -0.9114598 0.3289874 -0.2469985 -0.9114568 0.3289934 -0.2470019 -0.9114599 0.3289873 -0.2469984 -0.9095746 0.4055843 -0.0904181 -0.9095773 0.4055781 -0.09041953 -0.9095745 0.4055846 -0.09041804 -0.9095773 0.4055778 -0.09041959 -0.8800576 0.4698426 0.06889599 -0.880056 0.4698457 0.06889587 -0.8800576 0.4698425 0.06889599 -0.880056 0.4698458 0.06889587 -0.823794 0.5198389 0.2261222 -0.8237966 0.5198356 0.2261198 -0.8237938 0.519839 0.2261223 -0.8237967 0.5198355 0.2261197 -0.7425032 0.5540314 0.3764817 -0.7425026 0.5540309 0.3764834 -0.7425032 0.5540314 0.3764817 -0.7425026 0.5540309 0.3764835 -0.638657 0.571393 0.5153904 -0.4055782 -0.8191562 0.4055732 -0.4055804 -0.8191518 0.4055798 -0.4056029 -0.8191479 0.405565 -0.4055776 -0.8191535 0.405579 -0.4055866 -0.8191604 0.4055562 -0.4055822 -0.8191501 0.4055814 -0.4055826 -0.819153 0.405575 -0.4055787 -0.819152 0.4055808 -0.4055806 -0.8191515 0.4055801 -0.405537 -0.8191531 0.4056205 -0.4055829 -0.8191497 0.4055814 -0.4055836 -0.8191504 0.4055794 -0.4055805 -0.8191529 0.4055774 -0.4055797 -0.8191528 0.4055783 -0.4055805 -0.8191516 0.4055799 -0.4055811 -0.8191514 0.4055799 -0.405577 -0.8191528 0.4055812 -0.4055755 -0.8191533 0.4055819 -0.4056074 -0.8191416 0.4055732 -0.4055736 -0.8191618 0.4055663 -0.4055784 -0.8191486 0.4055881 -0.4055927 -0.8191431 0.4055852 -0.4055821 -0.8191515 0.4055787 -0.4055835 -0.819152 0.4055762 -0.4056441 -0.8191241 0.4055719 -0.4055783 -0.8191475 0.4055907 -0.405581 -0.8191498 0.4055832 -0.4055776 -0.8191535 0.4055792 -0.4055799 -0.8191515 0.4055811 -0.4055721 -0.8191633 0.405565 -0.4055592 -0.8191668 0.4055706 -0.4055778 -0.8191533 0.4055793 -0.4055797 -0.8191597 0.4055645 -0.4055459 -0.8191705 0.4055763 -0.4055805 -0.819152 0.4055795 -0.4055796 -0.8191524 0.4055793 -0.405579 -0.8191514 0.4055819 -0.4055805 -0.8191522 0.4055786 -0.4055811 -0.8191524 0.405578 -0.4055816 -0.8191503 0.4055814 -0.4055793 -0.8191526 0.4055793 -0.4055789 -0.8191515 0.4055818 -0.4055819 -0.8191508 0.4055804 -0.4055804 -0.8191519 0.4055795 -0.4055792 -0.8191543 0.4055758 -0.4055814 -0.8191519 0.4055786 -0.4055815 -0.8191519 0.4055783 -0.4055808 -0.8191508 0.4055813 -0.4055779 -0.8191587 0.4055684 -0.4055905 -0.8191428 0.4055877 -0.405529 -0.8191667 0.4056011 -0.4055764 -0.8191547 0.405578 -0.4056227 -0.8191012 0.4056397 -0.4055809 -0.8191509 0.405581 -0.4055825 -0.8191478 0.4055857 -0.4055902 -0.819138 0.4055978 -0.4055826 -0.8191521 0.4055771 0.7071063 0 0.7071074 0.7071062 0 0.7071075 0.7071067 0 0.7071068 0.7071069 0 0.7071067 0.7466242 -0.04091471 0.6639867 0.746625 -0.04091691 0.6639857 0.7466241 -0.04091447 0.6639869 0.7466248 -0.04091876 0.6639858 0.7466248 -0.04091882 0.6639858 0.814073 -0.1219205 0.5678209 0.8140737 -0.1219279 0.5678183 0.8140738 -0.1219281 0.5678182 0.814073 -0.1219203 0.567821 0.8649436 -0.2004453 0.4601024 0.864946 -0.2004433 0.4600991 0.864946 -0.2004433 0.4600989 0.8649436 -0.2004454 0.4601026 0.8982044 -0.2748883 0.343024 0.8982068 -0.2748847 0.3430203 0.8982069 -0.2748846 0.3430202 0.8982043 -0.2748884 0.343024 0.9131876 -0.3437274 0.2189518 0.9131873 -0.3437308 0.2189477 0.9131873 -0.3437309 0.2189476 0.9131876 -0.3437273 0.218952 0.9095739 -0.4055864 0.09041637 0.9095751 -0.4055839 0.09041631 0.9095751 -0.4055838 0.09041631 0.9095738 -0.4055866 0.09041637 0.8874477 -0.4591746 -0.03994071 0.8874525 -0.4591659 -0.03993481 0.8874527 -0.4591656 -0.03993463 0.8874476 -0.4591749 -0.03994089 0.8472607 -0.5034116 -0.1694881 0.8472554 -0.5034173 -0.1694974 0.8472553 -0.5034174 -0.1694977 0.8472608 -0.5034114 -0.1694878 0.7898129 -0.5374138 -0.2956047 0.7898151 -0.5374112 -0.2956035 0.7898151 -0.5374111 -0.2956035 0.7898129 -0.5374138 -0.2956047 0.7162943 -0.5604697 -0.4156878 0.716296 -0.5604688 -0.4156861 0.7162961 -0.5604688 -0.415686 0.7162942 -0.5604697 -0.4156879 0.6281996 -0.572117 -0.527302 0.6282016 -0.5721147 -0.5273023 0.6282016 -0.5721146 -0.5273023 0.6281995 -0.5721172 -0.5273021 -0.5678159 -0.1219204 -0.8140765 -0.5678365 -0.1219181 -0.8140625 -0.5678359 -0.1219182 -0.814063 -0.6639873 -0.0409156 -0.7466236 -0.6639902 -0.04091763 -0.746621 -0.6639903 -0.04091769 -0.7466208 -0.6639872 -0.04091554 -0.7466237 -0.4601036 -0.2004454 -0.864943 -0.4601106 -0.2004469 -0.864939 -0.4601104 -0.2004469 -0.8649391 -0.5678153 -0.1219205 -0.8140771 -0.3430282 -0.274883 -0.8982043 -0.3430181 -0.2748858 -0.8982073 -0.3430184 -0.2748857 -0.8982073 -0.4601033 -0.2004453 -0.8649431 -0.218948 -0.3437329 -0.9131865 -0.2189503 -0.3437298 -0.9131871 -0.2189502 -0.3437299 -0.913187 -0.3430285 -0.2748829 -0.8982043 -0.09041142 -0.4055851 -0.9095749 -0.09041482 -0.4055814 -0.9095762 -0.0904147 -0.4055815 -0.9095761 -0.218948 -0.343733 -0.9131864 0.03994482 -0.459174 -0.8874478 0.03994047 -0.4591711 -0.8874496 0.03994065 -0.4591712 -0.8874495 -0.09041136 -0.4055853 -0.9095748 0.169484 -0.503411 -0.8472618 0.1694914 -0.503414 -0.8472586 0.1694911 -0.5034139 -0.8472588 0.03994494 -0.4591742 -0.8874478 0.2955966 -0.5374135 -0.7898161 0.295615 -0.5374123 -0.7898101 0.2956144 -0.5374123 -0.7898102 0.1694838 -0.5034109 -0.8472619 0.4156852 -0.5604691 -0.7162963 0.4156743 -0.5604714 -0.7163007 0.4156746 -0.5604714 -0.7163006 0.295596 -0.5374136 -0.7898163 0.5272951 -0.5721209 -0.628202 0.5273146 -0.5721087 -0.6281965 0.527314 -0.5721091 -0.6281967 0.4156855 -0.560469 -0.7162961 0.5272945 -0.5721212 -0.6282021 -0.7071066 0 -0.7071071 -0.7071069 0 -0.7071068 -0.7071066 0 -0.707107 -0.7071063 -1.66014e-7 -0.7071073 -0.4055794 -0.8191514 0.4055818 -0.4055759 -0.8191528 0.4055823 -0.4055801 -0.8191528 0.405578 -0.4055806 -0.8191524 0.4055783 -0.4055808 -0.8191524 0.4055781 -0.4055798 -0.8191528 0.4055785 -0.4055786 -0.8191525 0.4055804 -0.4055778 -0.8191542 0.4055774 -0.4055759 -0.8191543 0.4055789 -0.4055764 -0.8191526 0.4055823 -0.4055769 -0.8191529 0.4055809 -0.4055778 -0.8191533 0.4055793 -0.4055764 -0.8191538 0.4055801 -0.4055786 -0.8191514 0.4055824 -0.4055816 -0.8191497 0.4055828 -0.4055806 -0.8191506 0.4055817 -0.405579 -0.819152 0.4055807 -0.4055814 -0.8191513 0.4055796 -0.4055808 -0.8191509 0.4055812 -0.4055797 -0.8191516 0.4055811 -0.4055796 -0.8191537 0.405577 -0.4055808 -0.8191537 0.4055755 -0.4055783 -0.8191528 0.4055796 -0.405579 -0.8191529 0.405579 -0.4055784 -0.8191529 0.4055794 -0.4055773 -0.8191544 0.4055775 -0.4055797 -0.8191521 0.40558 -0.4055778 -0.8191542 0.4055777 -0.4055808 -0.8191519 0.4055792 -0.4055801 -0.8191528 0.4055779 -0.4055806 -0.8191514 0.4055803 -0.405579 -0.819153 0.4055786 -0.4055845 -0.8191493 0.4055809 -0.405577 -0.8191546 0.4055775 -0.4055811 -0.8191516 0.4055795 -0.4055798 -0.8191524 0.4055792 -0.4055813 -0.8191515 0.4055796 -0.4055755 -0.8191542 0.4055799 -0.40558 -0.8191528 0.4055781 -0.4055801 -0.8191519 0.4055799 -0.4055793 -0.8191504 0.4055836 -0.405581 -0.8191503 0.4055822 -0.4055809 -0.8191511 0.4055808 -0.4055817 -0.8191512 0.4055797 -0.4055798 -0.8191521 0.4055797 -0.405584 -0.819152 0.4055758 -0.4055792 -0.8191522 0.4055801 -0.4055796 -0.8191512 0.4055814 -0.4055793 -0.8191528 0.4055789 -0.4055794 -0.8191528 0.4055787 -0.4055788 -0.8191529 0.4055793 -0.4055805 -0.8191528 0.4055778 -0.4055787 -0.819153 0.4055792 -0.405582 -0.8191516 0.4055786 -0.4055805 -0.8191525 0.4055783 -0.4055815 -0.8191522 0.4055778 -0.4055771 -0.819154 0.4055786 -0.4055797 -0.8191514 0.4055815 -0.4055788 -0.8191539 0.4055772 -0.4055776 -0.8191537 0.4055789 -0.4055747 -0.8191549 0.4055793 -0.4055798 -0.8191515 0.4055811 -0.4055753 -0.819155 0.4055784 -0.4055775 -0.8191535 0.4055795 -0.4055793 -0.8191527 0.4055792 -0.4055787 -0.8191527 0.4055799 -0.4055771 -0.8191525 0.405582 -0.4055786 -0.8191522 0.4055808 -0.4055796 -0.8191524 0.4055792 -0.4055783 -0.8191536 0.4055784 -0.4055777 -0.8191536 0.405579 -0.4055792 -0.8191533 0.4055778 -0.4055814 -0.8191527 0.4055771 -0.4055785 -0.8191538 0.4055775 -0.4055776 -0.819154 0.4055781 -0.4055787 -0.8191532 0.4055786 -0.4055799 -0.8191524 0.4055791 -0.4055792 -0.8191524 0.4055798 -0.4055791 -0.8191524 0.40558 -0.4055803 -0.8191518 0.40558 -0.4055803 -0.8191516 0.4055805 -0.4055793 -0.8191522 0.4055799 -0.4055797 -0.8191519 0.4055802 -0.4055803 -0.8191521 0.4055792 -0.405581 -0.8191516 0.4055795 -0.4055799 -0.8191524 0.4055792 -0.4055787 -0.819153 0.4055794 -0.4055811 -0.819152 0.4055785 0.405578 -0.8191528 -0.4055801 0.4055796 -0.8191518 -0.4055806 0.4055792 -0.8191526 -0.4055792 0.4055814 -0.8191515 -0.4055795 0.405578 -0.8191536 -0.4055786 0.4055809 -0.8191509 -0.405581 0.4055782 -0.8191528 -0.4055801 0.4055805 -0.8191516 -0.4055801 0.4055815 -0.8191514 -0.4055797 0.4055795 -0.8191516 -0.4055809 0.4055786 -0.8191525 -0.4055801 0.4055761 -0.8191538 -0.4055799 0.4055798 -0.8191526 -0.4055786 0.4055809 -0.8191516 -0.4055796 0.4055792 -0.819152 -0.4055805 0.405578 -0.8191533 -0.405579 0.4055804 -0.819153 -0.4055776 0.4055784 -0.8191535 -0.4055784 0.4055804 -0.8191521 -0.4055791 0.4055799 -0.8191527 -0.4055783 0.405578 -0.8191533 -0.4055792 0.4055783 -0.8191523 -0.4055807 0.4055802 -0.8191519 -0.4055796 0.4055802 -0.8191516 -0.4055802 0.4055802 -0.8191525 -0.4055782 0.4055753 -0.8191551 -0.4055781 0.4055802 -0.8191521 -0.4055792 0.4055771 -0.8191529 -0.4055808 0.4055808 -0.8191518 -0.4055793 0.4055781 -0.819154 -0.4055777 0.4055733 -0.8191558 -0.4055787 0.4055791 -0.8191515 -0.4055817 0.4055799 -0.8191522 -0.4055793 0.4055791 -0.8191523 -0.4055799 0.4055783 -0.8191522 -0.405581 0.4055809 -0.8191509 -0.4055809 0.4055799 -0.8191528 -0.4055782 0.4055781 -0.8191534 -0.405579 0.405581 -0.8191512 -0.4055805 0.4055819 -0.8191518 -0.4055783 0.4055773 -0.8191534 -0.4055796 0.4055789 -0.8191525 -0.4055799 0.4055801 -0.8191513 -0.4055812 0.4055834 -0.8191518 -0.4055767 0.4055796 -0.8191522 -0.4055798 0.4055807 -0.8191521 -0.4055787 0.4055775 -0.8191515 -0.4055831 0.4055762 -0.8191522 -0.4055832 0.4055793 -0.8191526 -0.4055792 0.4055815 -0.8191519 -0.4055786 0.4055772 -0.8191539 -0.4055789 0.4055826 -0.8191521 -0.4055768 0.4055785 -0.8191541 -0.4055773 0.4055808 -0.8191524 -0.4055783 0.4055765 -0.8191548 -0.4055779 0.4055819 -0.8191508 -0.4055805 0.4055784 -0.819154 -0.4055772 0.4055827 -0.8191505 -0.4055803 0.4055768 -0.8191541 -0.4055787 0.4055817 -0.8191512 -0.4055797 0.405581 -0.8191522 -0.4055784 0.4055817 -0.8191515 -0.4055792 0.4055795 -0.8191532 -0.4055779 0.4055811 -0.8191507 -0.4055813 0.4055795 -0.8191533 -0.4055775 0.4055812 -0.8191508 -0.405581 0.4055801 -0.8191521 -0.4055794 0.4055824 -0.8191518 -0.4055779 0.4055797 -0.8191521 -0.4055798 0.4055833 -0.8191511 -0.4055783 0.4055801 -0.8191545 -0.4055749 0.4055796 -0.8191539 -0.4055765 0.4055789 -0.8191517 -0.4055815 0.4055799 -0.8191514 -0.4055811 0.4055806 -0.8191522 -0.4055787 0.4055782 -0.8191525 -0.4055806 0.4055839 -0.8191509 -0.4055784 0.4055851 -0.8191494 -0.4055799 0.4055824 -0.8191496 -0.4055822 0.4055798 -0.8191506 -0.4055827 0.4055824 -0.8191509 -0.4055795 0.4055808 -0.8191512 -0.4055805 0.4055823 -0.8191512 -0.4055795 0.4055821 -0.8191508 -0.4055801 0.4055775 -0.8191528 -0.4055809 0.4055834 -0.8191521 -0.4055761 0.4055776 -0.8191528 -0.4055804 0.4055814 -0.8191516 -0.4055792 0.707107 0 0.7071067 0.7071071 0 0.7071065 0.5678144 -0.1219279 0.8140764 0.5678064 -0.1219256 0.8140824 0.5678067 -0.1219257 0.8140823 0.6639788 -0.04091596 0.7466312 0.6639918 -0.04091757 0.7466195 0.6639921 -0.04091763 0.7466192 0.6639783 -0.0409159 0.7466316 0.5678147 -0.1219279 0.8140763 0.4601085 -0.2004399 0.8649417 0.4601173 -0.2004404 0.8649368 0.4601176 -0.2004404 0.8649367 0.4601082 -0.2004399 0.8649418 0.3430117 -0.2748889 0.8982089 0.3430162 -0.2748876 0.8982076 0.3430163 -0.2748876 0.8982076 0.3430115 -0.274889 0.898209 0.2189483 -0.3437332 0.9131863 0.2189521 -0.3437302 0.9131866 0.2189522 -0.3437301 0.9131866 0.2189481 -0.3437333 0.9131863 0.09041202 -0.4055818 0.9095764 0.09043085 -0.4055829 0.909574 0.09043151 -0.405583 0.909574 0.09041142 -0.4055818 0.9095764 -0.03994494 -0.4591682 0.8874509 -0.0399391 -0.4591689 0.8874508 -0.03993892 -0.4591689 0.8874508 -0.03994512 -0.4591681 0.8874509 -0.1694977 -0.5034158 0.8472563 -0.1694899 -0.5034179 0.8472565 -0.1694897 -0.503418 0.8472566 -0.169498 -0.5034157 0.8472563 -0.2955962 -0.5374144 0.7898157 -0.2955879 -0.5374133 0.7898194 -0.2955877 -0.5374133 0.7898196 -0.2955964 -0.5374144 0.7898156 -0.4156872 -0.5604703 0.7162941 -0.4157027 -0.5604622 0.7162914 -0.4157032 -0.560462 0.7162913 -0.4156866 -0.5604705 0.7162942 -0.5273083 -0.5721163 0.6281951 -0.5273022 -0.5721174 0.6281992 -0.527302 -0.5721174 0.6281993 -0.5273085 -0.5721162 0.628195 -0.7466236 -0.04092061 -0.663987 -0.7466281 -0.04092109 -0.6639819 -0.7466232 -0.04092055 -0.6639876 -0.746625 -0.04091894 -0.6639856 -0.7466248 -0.04091882 -0.6639858 -0.814071 -0.1219117 -0.5678258 -0.8140689 -0.1219249 -0.5678258 -0.8140689 -0.1219254 -0.5678258 -0.814071 -0.1219113 -0.5678257 -0.8649399 -0.2004479 -0.4601084 -0.8649451 -0.2004438 -0.4601003 -0.8649454 -0.2004437 -0.4601001 -0.8649398 -0.200448 -0.4601087 -0.8982059 -0.2748867 -0.3430214 -0.8982082 -0.2748898 -0.3430126 -0.8982083 -0.27489 -0.3430123 -0.9131858 -0.3437342 -0.2189488 -0.9131852 -0.3437348 -0.2189504 -0.9131852 -0.3437348 -0.2189504 -0.8982058 -0.2748866 -0.3430217 -0.9095751 -0.4055835 -0.09041696 -0.9095769 -0.4055774 -0.09042704 -0.9095767 -0.4055776 -0.09042668 -0.9131859 -0.3437342 -0.2189487 -0.8874523 -0.4591664 0.03993386 -0.8874467 -0.4591763 0.03994327 -0.8874469 -0.4591761 0.03994297 -0.9095751 -0.4055837 -0.09041666 -0.8472531 -0.503418 0.1695067 -0.8472571 -0.5034146 0.169497 -0.847257 -0.5034148 0.1694974 -0.8874526 -0.4591661 0.03993356 -0.7898246 -0.5374032 0.2955923 -0.7898142 -0.5374172 0.2955951 -0.7898145 -0.5374167 0.2955949 -0.847253 -0.5034182 0.169507 -0.7162931 -0.5604724 0.4156861 -0.7162974 -0.5604692 0.4156832 -0.7162973 -0.5604692 0.4156832 -0.789825 -0.5374028 0.2955922 -0.6281874 -0.5721196 0.5273138 -0.6281942 -0.5721149 0.527311 -0.6281939 -0.572115 0.527311 -0.716293 -0.5604725 0.4156862 -0.6281871 -0.5721197 0.5273139 -0.7071073 -1.86548e-7 -0.7071064 -0.7071075 0 -0.7071062 -0.7071064 -8.84242e-7 -0.7071073 -0.7071061 -1.07079e-6 -0.7071075 0.5792282 -0.5735764 -0.5792279 0.5792284 -0.5735762 -0.5792278 0.5792282 -0.5735765 -0.5792279 0.5792279 -0.5735766 -0.5792279 -0.5792281 -0.5735763 0.5792279 -0.5792281 -0.5735765 0.5792279 -0.5792279 -0.5735766 0.5792279 0.8259347 0 0.563766 0.8259347 0 0.563766 0.8524605 0 0.5227919 0.876954 0 0.4805744 0.876954 0 0.4805744 0.89936 0 0.4372091 0.8993596 0 0.4372099 0.89936 0 0.4372089 0.8993595 0 0.43721 0.919621 0 0.3928069 0.9196208 0 0.3928076 0.9196211 0 0.3928068 0.9196206 0 0.3928077 0.9376935 0 0.3474636 0.9376935 0 0.3474637 0.9535309 0 0.3012953 0.9535307 0 0.3012958 0.9535309 0 0.3012953 0.9535307 0 0.3012959 0.9670965 0 0.2544098 0.9670966 0 0.2544098 0.9783585 0 0.2069172 0.9783585 0 0.2069171 0.9872896 0 0.1589322 0.9872896 0 0.1589322 0.9872896 0 0.1589322 0.9872896 0 0.1589322 0.9938684 0 0.11057 0.9938684 0 0.11057 0.99808 0 0.06193858 0.99808 0 0.06193858 0.99808 0 0.06193858 0.9999133 0 0.01316654 0.9999134 0 0.01316654 0.9999133 -2.39891e-7 0.01316654 0.9999134 -2.76899e-7 0.01316654 0.9993647 0 -0.03564006 0.9993647 -5.90156e-7 -0.03564006 0.9993647 0 -0.03564006 0.9993647 -6.812e-7 -0.03564006 0.9964351 0 -0.08436268 0.9911317 0 -0.1328836 0.9911317 0 -0.1328836 0.9911317 0 -0.1328836 0.9911317 0 -0.1328836 0.9834671 0 -0.1810872 0.9834671 0 -0.1810871 0.9834671 0 -0.1810872 0.9834671 0 -0.1810871 0.9734597 0 -0.2288586 0.9734597 0 -0.2288586 0.9611328 0 -0.2760866 0.9611328 0 -0.2760865 0.9611328 0 -0.2760866 0.9611328 0 -0.2760864 0.9465166 0 -0.3226552 0.9465166 0 -0.3226552 0.9465166 0 -0.3226552 0.9296452 0 -0.3684563 0.9296452 0 -0.3684559 0.9296451 0 -0.3684563 0.9296452 0 -0.3684558 0.9105588 0 -0.4133798 0.9105588 0 -0.4133797 0.9105588 0 -0.4133797 0.8893039 0 -0.457317 0.8893036 0 -0.4573175 0.8893039 0 -0.4573169 0.8893036 0 -0.4573175 0.8659287 0 -0.5001675 0.8659284 0 -0.5001679 0.8659287 0 -0.5001674 0.840492 0 -0.5418241 0.8404917 0 -0.5418245 0.840492 0 -0.541824 0.8404917 0 -0.5418246 0.8130524 0 -0.5821907 0.8130522 0 -0.5821907 0 -1 0 0 -1 0 0 -1 0 0 -1 0 0 -1 0 0 -1 0 0 -1 -3.98809e-7 0 -1 0 0 -1 -4.98528e-7 0 -1 -1.88838e-7 -1.28719e-7 -1 -2.36282e-7 0 -1 0 0 -1 1.67871e-7 0 -1 0 0 -1 0 -8.74548e-7 -1 -2.57439e-7 0 -1 0 0 -1 0 0 -1 -1.39989e-7 0 -1 0 0 -1 0 0 -1 -1.86222e-7 0 -1 0 0 -1 0 0 -1 0 0 -1 0 0 -1 0 0 -1 0 0 -1 0 0 -1 -1.67482e-7 0 -1 -2.97916e-7 1.53837e-7 -1 -2.13313e-7 0 -1 -1.27641e-7 0 -1 0 0 -1 1.73188e-7 0 -1 0 0 -1 0 0 -1 0 0 -1 -3.41415e-7 0.7539397 0 -0.6569437 0.7539391 0 -0.6569443 0.7539402 0 -0.656943 0.7207844 0 -0.6931595 0.7207835 0 -0.6931602 0.7207852 0 -0.6931585 0.6858943 0 -0.7277013 0.6858942 0 -0.7277013 0.6858941 0 -0.7277014 0.6858943 0 -0.7277013 0.6493427 0 -0.760496 0.6493426 0 -0.7604961 0.6493428 0 -0.7604959 0.6112329 0 -0.7914508 0.6112328 0 -0.7914509 0.6112331 0 -0.7914506 0.5716519 0 -0.8204963 0.5716519 0 -0.8204964 0.5716521 0 -0.8204963 0.5306862 0 -0.8475685 0.5306863 0 -0.8475683 0.5306861 0 -0.8475686 0.4884453 0 -0.8725945 0.4884454 0 -0.8725945 0.4884453 0 -0.8725945 0.4884452 0 -0.8725947 0.4450256 0 -0.8955178 0.4450268 0 -0.8955173 0.4450256 0 -0.895518 0.4450244 0 -0.8955184 0.4005284 0 -0.9162845 0.400527 0 -0.916285 0.4005284 0 -0.9162843 0.4005299 0 -0.9162837 0.3550732 0 -0.9348385 0.3550731 0 -0.9348385 0.3550733 0 -0.9348385 0.3087585 0 -0.9511406 0.3087584 0 -0.9511405 0.3087586 0 -0.9511405 0.2616964 0 -0.9651502 0.2616949 0 -0.9651507 0.2616965 0 -0.9651502 0.261698 0 -0.9651498 0.2140052 0 -0.9768325 0.2140051 0 -0.9768326 0.2140054 0 -0.9768325 0.1658031 0 -0.986159 0.165803 0 -0.986159 0.1658032 0 -0.986159 0.1171989 0 -0.9931085 0.1171989 0 -0.9931085 0.117199 0 -0.9931085 0.06831109 0 -0.9976641 0.06831252 0 -0.997664 0.06831103 0 -0.9976642 0.06830954 0 -0.9976642 0.01925444 0 -0.9998147 0.01925444 0 -0.9998146 0.01925444 0 -0.9998147 -0.02983897 0 -0.9995548 -0.02983748 0 -0.9995548 -0.02983903 0 -0.9995548 -0.02984052 0 -0.9995547 -0.07886648 0 -0.9968852 -0.07886493 0 -0.9968854 -0.07886654 0 -0.9968852 -0.07886803 0 -0.9968851 -0.1277053 0 -0.9918122 -0.1277053 0 -0.9918122 -0.1277053 0 -0.9918122 -0.1762313 0 -0.9843488 -0.1762312 0 -0.9843488 -0.1762298 0 -0.9843491 -0.1762326 0 -0.9843485 -0.2243441 0 -0.97451 -0.224344 0 -0.97451 -0.2243427 0 -0.9745104 -0.2243455 0 -0.9745098 -0.2718991 0 -0.9623258 -0.2718991 0 -0.9623258 -0.2718978 0 -0.9623262 -0.2719004 0 -0.9623255 -0.3188119 0 -0.9478181 -0.3188119 0 -0.9478181 -0.3188133 0 -0.9478176 -0.3188105 0 -0.9478185 -0.364952 0 -0.9310263 -0.3649519 0 -0.9310264 -0.3649507 0 -0.9310269 -0.3649532 0 -0.9310259 -0.4102091 0 -0.9119915 -0.410208 0 -0.9119921 -0.4102103 0 -0.911991 -0.4544813 0 -0.8907563 -0.4544814 0 -0.8907563 -0.4544811 0 -0.8907564 -0.4976554 0 -0.8673749 -0.4976553 0 -0.867375 -0.4976541 0 -0.8673756 -0.4976567 0 -0.8673743 -0.5396313 0 -0.8419016 -0.5396313 0 -0.8419016 -0.5396299 0 -0.8419024 -0.5803031 0 -0.8144006 -0.580303 0 -0.8144007 -0.5396326 0 -0.8419007 -0.5803034 0 -0.8144004 -0.6195794 0 -0.7849341 -0.6195793 0 -0.7849342 -0.6195795 0 -0.784934 -0.6573622 0 -0.7535748 -0.6573624 0 -0.7535747 -0.6573621 0 -0.753575 -0.6935564 0 -0.7204024 -0.6935557 0 -0.7204031 -0.6935564 0 -0.7204024 -0.6935571 0 -0.7204018 -0.7280833 0 -0.6854887 -0.728084 0 -0.685488 -0.7280833 0 -0.6854888 -0.7280825 0 -0.6854895 -0.7608534 0 -0.6489239 -0.7608538 0 -0.6489233 -0.7608528 0 -0.6489245 -0.7539384 0 0.6569452 -0.7539378 0 0.6569458 -0.7539384 0 0.6569452 -0.753939 0 0.6569446 -0.7207859 0 0.6931578 -0.7207857 0 0.693158 -0.7207861 0 0.6931576 -0.6858915 0 0.7277039 -0.6858913 0 0.7277041 -0.6858916 0 0.7277038 -0.6493455 0 0.7604936 -0.6493455 0 0.7604935 -0.6112369 0 0.7914477 -0.6112377 0 0.7914472 -0.6112362 0 0.7914482 -0.5716467 0 0.8205 -0.5716466 0 0.8204999 -0.5306873 0 0.8475677 -0.5306885 0 0.847567 -0.5306872 0 0.8475678 -0.5306861 0 0.8475686 -0.4884459 0 0.8725943 -0.4884458 0 0.8725943 -0.4884459 0 0.8725942 -0.4450218 0 0.8955198 -0.4450219 0 0.8955197 -0.4450217 0 0.8955198 -0.4450216 0 0.8955199 -0.4005309 0 0.9162834 -0.4005308 0 0.9162834 -0.4005296 0 0.916284 -0.4005321 0 0.9162827 -0.3550702 0 0.9348397 -0.3550702 0 0.9348397 -0.3087584 0 0.9511406 -0.3087584 0 0.9511405 -0.3087584 0 0.9511406 -0.2617006 0 0.9651491 -0.2617006 0 0.9651491 -0.2617007 0 0.9651491 -0.3087584 0 0.9511405 -0.2617007 0 0.9651491 -0.2140096 0 0.9768316 -0.2140095 0 0.9768316 -0.2140081 0 0.9768319 -0.214011 0 0.9768313 -0.1658042 0 0.9861588 -0.1658043 0 0.9861588 -0.1658057 0 0.9861584 -0.1171945 0 0.9931091 -0.1171929 0 0.9931092 -0.1171945 0 0.9931091 -0.1658027 0 0.986159 -0.117196 0 0.9931089 -0.06831103 0 0.9976641 -0.06831109 0 0.9976641 -0.06831252 0 0.997664 -0.06830954 0 0.9976642 -0.01925897 0 0.9998145 -0.01925903 0 0.9998145 -0.01926052 0 0.9998146 -0.01925748 0 0.9998146 0.02984511 0 0.9995546 0.02984517 0 0.9995546 0.02984666 0 0.9995545 0.02984362 0 0.9995546 0.07886493 0 0.9968854 0.07886493 0 0.9968854 0.07886487 0 0.9968854 0.07886499 0 0.9968854 0.1277068 0 0.9918121 0.1277067 0 0.9918121 0.1277052 0 0.9918122 0.1762356 0 0.984348 0.1762356 0 0.9843481 0.1277083 0 0.9918118 0.1762357 0 0.984348 0.2243394 0 0.9745111 0.2243393 0 0.9745111 0.2243394 0 0.9745111 0.2719033 0 0.9623246 0.2719032 0 0.9623246 0.2719035 0 0.9623246 0.318812 0 0.947818 0.318812 0 0.9478181 0.3188104 0 0.9478186 0.3188135 0 0.9478175 0.3649478 0 0.931028 0.3649477 0 0.931028 0.3649477 0 0.9310281 0.3649478 0 0.931028 0.4102088 0 0.9119918 0.4102087 0 0.9119917 0.4102073 0 0.9119923 0.41021 0 0.9119911 0.4544811 0 0.8907564 0.454481 0 0.8907565 0.4976571 0 0.867374 0.4976569 0 0.867374 0.4976571 0 0.8673739 0.4544813 0 0.8907563 0.4976572 0 0.8673738 0.539628 0 0.8419036 0.5396279 0 0.8419037 0.5803064 0 0.8143984 0.5803051 0 0.8143993 0.5803062 0 0.8143984 0.5396281 0 0.8419036 0.5803075 0 0.8143976 0.6195789 0 0.7849345 0.6195788 0 0.7849345 0.619579 0 0.7849344 0.657362 0 0.753575 0.6573621 0 0.753575 0.6573628 0 0.7535744 0.6935589 0 0.7204 0.6935579 0 0.7204009 0.6935589 0 0.7204 0.6573612 0 0.7535756 0.6935599 0 0.7203991 0.7280834 0 0.6854887 0.7280825 0 0.6854895 0.7280842 0 0.6854878 0.7608511 0 0.6489265 0.7608513 0 0.6489263 0.7608509 0 0.6489268 -0.8259347 0 -0.563766 -0.8259347 0 -0.563766 -0.8524613 0 -0.5227905 -0.852461 0 -0.5227908 -0.8524614 0 -0.5227904 -0.852461 0 -0.5227909 -0.8769544 0 -0.4805735 -0.8769544 0 -0.4805735 -0.8993588 0 -0.4372116 -0.8993587 0 -0.4372116 -0.8993587 0 -0.4372116 -0.9196215 0 -0.3928058 -0.9196214 0 -0.3928062 -0.9196215 0 -0.3928058 -0.9196213 0 -0.3928062 -0.9376935 0 -0.3474636 -0.9376935 0 -0.3474637 -0.9535304 0 -0.3012967 -0.9535304 0 -0.301297 -0.9535306 0 -0.3012966 -0.9535304 0 -0.301297 -0.9670966 0 -0.2544096 -0.9670965 0 -0.2544099 -0.9670966 0 -0.2544096 -0.9670965 0 -0.25441 -0.9783588 0 -0.2069162 -0.9783587 0 -0.2069162 -0.9872896 0 -0.1589321 -0.9872896 0 -0.1589322 -0.9872896 0 -0.1589321 -0.9872896 0 -0.1589322 -0.9938685 0 -0.1105688 -0.9938685 0 -0.1105688 -0.99808 0 -0.06194013 -0.99808 0 -0.06194013 -0.9999134 0 -0.01316654 -0.9999134 0 -0.01316654 -0.9999134 -3.5025e-7 -0.01316654 -0.9999133 -4.04283e-7 -0.01316654 -0.9993647 0 0.03564131 -0.9993647 -5.90156e-7 0.03564131 -0.9993647 0 0.03564131 -0.9993647 -6.81199e-7 0.03564131 -0.9964352 0 0.08436149 -0.9964353 0 0.08436149 -0.9964353 0 0.08436149 -0.9964352 0 0.08436149 -0.9911319 0 0.132883 -0.9834671 0 0.1810871 -0.9834671 0 0.181087 -0.9834671 0 0.1810871 -0.9834672 0 0.181087 -0.9734597 0 0.2288585 -0.9734597 0 0.2288587 -0.9734597 0 0.2288585 -0.9734597 0 0.2288587 -0.961133 0 0.2760861 -0.9611329 0 0.2760863 -0.961133 0 0.2760861 -0.9611329 0 0.2760863 -0.9465166 0 0.3226552 -0.9465166 0 0.3226552 -0.9465166 0 0.3226552 -0.9296451 0 0.3684563 -0.9296451 0 0.3684563 -0.9105585 0 0.4133803 -0.9105583 0 0.4133807 -0.9105585 0 0.4133802 -0.9105583 0 0.4133808 -0.8893026 0 0.4573193 -0.8893028 0 0.4573189 -0.8893026 0 0.4573194 -0.8893028 0 0.4573189 -0.8659304 0 0.5001647 -0.8130524 0 0.5821907 0 -1 0 0 -1 0 0 -1 0 0 -1 0 0 -1 0 0 -1 1.80889e-7 0 -1 0 0 -1 -2.2955e-7 0 -1 0 0 -1 -4.95367e-7 0 -1 -3.62822e-7 0 -1 4.098e-7 0 -1 -3.342e-7 0 -1 -1.39003e-7 0 -1 0 0 -1 -1.29378e-7 0 -1 0 0 -1 0 0 -1 0 0 -1 0 0 -1 0 0 -1 0 0 -1 0 0 -1 2.54039e-7 -3.38361e-7 -1 -1.5184e-7 0 -1 0 0 -1 0 0 -1 -1.40747e-6 0 -1 -5.53623e-7 0 -1 0 0 -1 0 0 -1 0 0 -1 0 0.9749274 0 -0.2225229 0.9749274 0 -0.222523 0.7818329 0 -0.6234882 0.7818328 0 -0.6234881 0.7818328 0 -0.6234883 0.7818328 0 -0.6234881 0.4338858 0 -0.900968 0.4338858 0 -0.900968 0.4338859 0 -0.9009678 0.4338856 0 -0.900968 -0.4338858 0 -0.900968 -0.4338858 0 -0.900968 -0.4338859 0 -0.9009678 -0.4338856 0 -0.900968 -0.7818328 0 -0.6234881 -0.7818328 0 -0.6234882 -0.781833 0 -0.6234879 -0.7818327 0 -0.6234884 -0.974928 0 0.2225203 -0.9749282 0 0.2225203 -0.9749282 0 -0.2225203 -0.974928 0 -0.2225203 -0.9749282 0 -0.2225202 -0.9749282 0 0.2225202 -0.7818307 0 0.6234909 -0.7818306 0 0.623491 -0.781831 0 0.6234906 -0.7818303 0 0.6234913 -0.4338858 0 0.900968 -0.4338855 0 0.9009681 -0.4338868 0 0.9009674 -0.4338843 0 0.9009687 0.781831 0 0.6234906 0.7818306 0 0.623491 0.7818307 0 0.6234909 0.4338854 0 0.9009681 0.4338858 0 0.9009679 0.433884 0 0.9009688 0.4338872 0 0.9009672 0.7818303 0 0.6234913 0.9749274 0 0.222523 0.9749274 0 0.2225229 0.9749279 0 -0.2225212 0.9749279 0 -0.2225211 0.974928 0 -0.2225211 0.9749279 0 -0.222521 0.781832 0 -0.6234892 0.781832 0 -0.6234892 0.7818316 0 -0.6234897 0.7818325 0 -0.6234886 0.4338856 0 -0.900968 0.4338861 0 -0.9009678 0.4338843 0 -0.9009687 0.4338874 0 -0.9009671 -0.4338858 0 -0.9009679 -0.4338855 0 -0.900968 -0.433887 0 -0.9009673 -0.4338843 0 -0.9009687 -0.7818328 0 -0.6234881 -0.9749279 0 0.2225217 -0.9749279 0 0.2225217 -0.9749277 0 -0.2225219 -0.9749277 0 -0.2225218 -0.9749277 0 -0.2225221 -0.9749278 0 -0.2225216 -0.9749278 0 0.2225216 -0.7818311 0 0.6234905 -0.781831 0 0.6234905 -0.4338849 0 0.9009683 -0.4338848 0 0.9009684 -0.4338856 0 0.900968 -0.4338842 0 0.9009687 0.7818304 0 0.6234912 0.7818304 0 0.6234913 0.4338851 0 0.9009683 0.4338853 0 0.9009682 0.4338845 0 0.9009686 0.4338859 0 0.9009678 0.974928 0 0.222521 0.974928 0 0.222521 0.9749279 0 0.222521 0.974928 0 0.2225208 0.9749278 0 -0.2225216 0.9749279 0 -0.2225217 0.9749278 0 -0.2225217 0.7818329 0 -0.6234881 0.781833 0 -0.6234881 0.7818329 0 -0.6234881 0.781833 0 -0.623488 0.4338809 0 -0.9009703 0.4338809 0 -0.9009703 -0.4338809 0 -0.9009703 -0.4338809 0 -0.9009703 -0.781833 0 -0.6234881 -0.7818329 0 -0.6234881 -0.781833 0 -0.623488 -0.7818329 0 -0.6234881 -0.9749278 0 0.2225217 -0.9749279 0 0.2225217 -0.9749279 0 -0.2225217 -0.9749278 0 -0.2225217 -0.9749278 0 -0.2225216 -0.9749278 0 0.2225216 -0.7818329 0 0.6234881 -0.781833 0 0.6234881 -0.7818329 0 0.6234881 -0.781833 0 0.623488 -0.4338809 0 0.9009703 -0.4338809 0 0.9009703 0.7818329 0 0.6234881 0.781833 0 0.6234881 0.7818329 0 0.6234881 0.4338809 0 0.9009703 0.4338809 0 0.9009703 0.781833 0 0.623488 0.9749279 0 0.2225217 0.9749278 0 0.2225217 0.9749278 0 0.2225216 0.9749275 0 -0.222523 0.9749274 0 -0.222523 0.9749274 0 -0.2225231 -0.9749281 0 0.2225204 -0.9749282 0 0.2225203 -0.9749282 0 -0.2225203 -0.9749281 0 -0.2225204 -0.9749281 0 -0.2225202 -0.9749281 0 0.2225202 0.9749274 0 0.222523 0.9749274 0 0.2225231 0.9749275 0 0.222523 0.9749274 0 -0.2225232 0.9749275 0 -0.2225232 0.9749274 0 -0.2225232 0.9749274 0 -0.222523 0.7818327 0 -0.6234883 0.7818322 0 -0.6234889 0.7818334 0 -0.6234875 0.4338855 0 -0.900968 0.4338858 0 -0.9009679 0.4338842 0 -0.9009687 0.4338872 0 -0.9009672 -0.974928 0 -0.2225205 -0.974928 0 -0.2225204 -0.974928 0 -0.2225207 0.781831 0 0.6234905 0.7818311 0 0.6234905 0.4338848 0 0.9009684 0.4338849 0 0.9009683 0.4338842 0 0.9009687 0.4338856 0 0.900968 0.9749274 0 0.222523 0.9749274 0 0.222523 0.9749276 0 0.2225229 0.9991229 0 -0.0418756 0.9991229 0 -0.04187566 0.9991229 0 -0.04187566 0.9991229 0 -0.04187566 0.9921147 0 -0.1253337 0.9921147 0 -0.1253337 0.9921147 0 -0.1253337 0.9781475 0 -0.207912 0.9781475 0 -0.2079121 0.9781475 0 -0.2079122 0.9781475 0 -0.2079122 0.9573194 4.40343e-7 -0.2890325 0.9573194 3.5143e-7 -0.2890325 0.9573193 7.91773e-7 -0.2890325 0.9573193 0 -0.2890325 0.9297766 4.84602e-7 -0.3681247 0.9297766 7.46013e-7 -0.3681247 0.9297765 -5.48604e-7 -0.3681246 0.9297764 1.77922e-6 -0.3681247 0.8957126 0 -0.4446336 0.8957126 0 -0.4446336 0.8957127 0 -0.4446335 0.8957126 0 -0.4446337 0.8553638 0 -0.518028 0.8553637 0 -0.518028 0.8553638 0 -0.5180279 0.8553637 0 -0.5180281 0.8090165 0 -0.587786 0.8090165 0 -0.587786 0.8090165 0 -0.5877861 0.8090166 0 -0.587786 0.7569952 0 -0.6534205 0.7569952 0 -0.6534205 0.7569953 0 -0.6534203 0.7569952 0 -0.6534207 0.6996649 0 -0.7144712 0.6996648 0 -0.7144713 0.6996652 0 -0.7144709 0.6996645 0 -0.7144716 0.6374225 0 -0.7705145 0.6374225 0 -0.7705145 0.6374229 0 -0.7705142 0.637422 0 -0.7705149 0.5707148 0 -0.8211484 0.5707149 0 -0.8211483 0.5707147 0 -0.8211484 0.570715 0 -0.8211483 0.4999964 0 -0.8660274 0.499997 0 -0.8660272 0.4999971 0 -0.8660271 0.4999976 0 -0.8660268 0.4257816 0 -0.9048261 0.4257814 0 -0.9048261 0.4257814 0 -0.9048261 0.4257814 0 -0.9048261 0.3485714 0 -0.9372822 0.3485721 0 -0.937282 0.3485723 0 -0.9372819 0.3485729 0 -0.9372817 0.2689197 0 -0.9631627 0.2689205 0 -0.9631625 0.2689207 0 -0.9631624 0.2689214 0 -0.9631621 0.1873781 0 -0.9822879 0.1873781 0 -0.982288 0.1873781 0 -0.9822879 0.1045325 0 -0.9945215 0.1045325 0 -0.9945215 0.1045325 0 -0.9945215 0.02094131 0 -0.9997807 0.02094131 0 -0.9997808 0.02094131 0 -0.9997808 0.1045324 0 -0.9945215 0.02094131 0 -0.9997807 -0.06279385 0 -0.9980266 -0.06279385 0 -0.9980266 -0.06279385 0 -0.9980266 -0.06279385 0 -0.9980266 -0.1460773 0 -0.9892733 -0.146078 0 -0.9892731 -0.1460782 0 -0.9892731 -0.1460789 0 -0.989273 -0.2283534 0 -0.9735783 -0.228354 0 -0.9735782 -0.2283543 0 -0.9735782 -0.2283549 0 -0.973578 -0.3090146 0 -0.9510574 -0.3090145 0 -0.9510574 -0.3090144 0 -0.9510574 -0.3090144 0 -0.9510574 -0.3875166 0 -0.9218628 -0.3875158 0 -0.9218632 -0.3875156 0 -0.9218633 -0.4632968 0 -0.8862032 -0.463296 0 -0.8862036 -0.4632962 0 -0.8862035 -0.3875147 0 -0.9218636 -0.5358266 0 -0.8443282 -0.535826 0 -0.8443285 -0.5358262 0 -0.8443284 -0.4632954 0 -0.886204 -0.5358257 0 -0.8443287 -0.6691286 0 -0.7431467 -0.6691288 0 -0.7431465 -0.6691287 0 -0.7431465 -0.6046018 0 -0.7965279 -0.6046018 0 -0.7965281 -0.6046023 0 -0.7965275 -0.6046012 0 -0.7965284 -0.669129 0 -0.7431463 -0.783693 0 -0.6211485 -0.7836929 0 -0.6211485 -0.7289698 0 -0.6845459 -0.7289698 0 -0.6845459 -0.7289695 0 -0.6845462 -0.72897 0 -0.6845457 -0.832922 0 -0.5533905 -0.832922 0 -0.5533906 -0.8329219 0 -0.5533905 -0.8329219 0 -0.5533906 -0.8763067 1.63979e-7 -0.4817537 -0.8763067 1.30869e-7 -0.4817537 -0.8763066 2.94848e-7 -0.4817538 -0.8763068 0 -0.4817535 -0.9135449 9.45411e-7 -0.4067378 -0.913545 1.11377e-6 -0.4067378 -0.9135449 2.79968e-7 -0.4067379 -0.9135451 1.77922e-6 -0.4067376 -0.9443768 0 -0.3288653 -0.9443768 0 -0.3288655 -0.944377 0 -0.3288652 -0.9685831 0 -0.2486904 -0.9685831 0 -0.2486905 -0.9685831 0 -0.2486904 -0.996493 0 -0.08367747 -0.9964929 0 -0.08367753 -0.9964929 0 -0.08367753 -0.9859961 0 -0.1667686 -0.9859961 0 -0.1667686 -0.9859961 0 -0.1667686 -0.9859962 0 -0.1667684 -0.996493 0 -0.08367753 -0.9964929 0 0.083678 -0.9964929 0 0.083678 -0.9964929 0 0.08367806 -0.9859963 0 0.1667676 -0.9859963 0 0.1667675 -0.9859963 0 0.1667675 -0.9964929 0 0.08367806 -0.9859963 0 0.1667675 -0.9685831 0 0.2486905 -0.9685831 0 0.2486904 -0.9685831 0 0.2486904 -0.9443764 0 0.3288667 -0.9443762 0 0.3288671 -0.9443763 0 0.328867 -0.9685831 0 0.2486904 -0.9443762 0 0.3288674 -0.9135457 0 0.4067363 -0.9135459 -1.9855e-7 0.4067358 -0.9135459 -2.48784e-7 0.4067357 -0.8763069 0 0.4817533 -0.876307 0 0.4817534 -0.8763069 0 0.4817534 -0.9135462 -4.47334e-7 0.4067353 -0.8763068 0 0.4817535 -0.8329202 0 0.5533932 -0.8329202 0 0.5533931 -0.8329202 0 0.5533933 -0.8329203 0 0.5533931 -0.72897 0 0.6845457 -0.7289701 0 0.6845457 -0.7836928 0 0.6211488 -0.7836925 0 0.621149 -0.783693 0 0.6211485 -0.6691319 0 0.7431437 -0.6691319 0 0.7431437 -0.604598 0 0.7965308 -0.604598 0 0.7965309 -0.6045982 0 0.7965306 -0.6045978 0 0.796531 -0.5358264 0 0.8443282 -0.5358263 0 0.8443283 -0.535827 0 0.8443279 -0.5358257 0 0.8443287 -0.4632956 0 0.8862038 -0.4632955 0 0.8862039 -0.4632958 0 0.8862038 -0.4632954 0 0.886204 -0.3875158 0 0.9218631 -0.387516 0 0.921863 -0.3875152 0 0.9218634 -0.3875166 0 0.9218628 -0.3090147 0 0.9510573 -0.3090147 0 0.9510573 -0.3090148 0 0.9510573 -0.3090146 0 0.9510574 -0.2283542 0 0.9735782 -0.2283543 0 0.9735781 -0.2283534 0 0.9735783 -0.2283551 0 0.9735779 -0.1460833 0 0.9892724 -0.1460835 0 0.9892724 -0.1460825 0 0.9892725 -0.1460842 0 0.9892722 -0.06278759 0 0.9980269 -0.06278777 0 0.9980269 -0.06278681 0 0.998027 -0.06278854 0 0.9980269 0.02094054 0 0.9997807 0.02094036 0 0.9997807 0.02094131 0 0.9997807 0.02093958 0 0.9997808 0.1045263 0 0.9945222 0.1045265 0 0.9945222 0.1045255 0 0.9945222 0.1045273 0 0.9945221 0.1873841 0 0.9822868 0.1873843 0 0.9822867 0.1873834 0 0.9822869 0.187385 0 0.9822866 0.2689208 0 0.9631624 0.2689206 0 0.9631624 0.2689216 0 0.9631621 0.2689197 0 0.9631627 0.3485724 0 0.9372819 0.3485723 0 0.9372819 0.3485733 0 0.9372816 0.3485714 0 0.9372822 0.4257757 0 0.9048288 0.4257764 0 0.9048284 0.4257766 0 0.9048284 0.4257773 0 0.904828 0.5000018 0 0.8660243 0.5000014 0 0.8660247 0.5000011 0 0.8660248 0.5000007 0 0.866025 0.570715 0 0.8211483 0.5707151 0 0.8211482 0.5707152 0 0.8211481 0.6374222 0 0.7705149 0.6374222 0 0.7705149 0.6374223 0 0.7705147 0.637422 0 0.7705149 0.6996651 0 0.7144709 0.699665 0 0.7144711 0.6996656 0 0.7144705 0.6996645 0 0.7144716 0.7569951 0 0.6534206 0.756995 0 0.6534208 0.7569953 0 0.6534203 0.7569947 0 0.6534211 0.8090165 0 0.587786 0.8090165 0 0.5877861 0.8090166 0 0.587786 0.8957114 0 0.4446359 0.8957113 0 0.4446361 0.8957114 0 0.4446361 0.8553639 -5.05077e-7 0.5180278 0.8553639 -4.0309e-7 0.5180278 0.8553638 -9.08167e-7 0.5180279 0.8553639 0 0.5180277 0.8957113 0 0.4446362 0.9297773 0 0.3681226 0.9297773 0 0.3681226 0.9573189 0 0.289034 0.9573189 0 0.289034 0.9573189 0 0.289034 0.9573189 0 0.2890341 0.9921148 0 0.1253331 0.9921147 0 0.1253331 0.9781476 0 0.2079121 0.9781476 0 0.2079121 0.9781475 0 0.2079121 0.9781475 0 0.207912 0.9991229 0 0.0418756 0.9991229 0 0.0418756 0.9991229 0 0.04187566 0.9991229 0 0.0418756 0.974928 0 -0.2225208 0.974928 0 -0.222521 0.974928 0 -0.222521 0.7818322 0 -0.623489 0.7818322 0 -0.623489 0.7818321 0 -0.6234891 0.7818322 0 -0.6234889 0.4338861 0 -0.9009677 0.4338861 0 -0.9009677 0.4338862 0 -0.9009677 -0.9749279 0 0.2225216 -0.9749279 0 0.2225216 -0.9749279 0 -0.2225216 -0.9749279 0 -0.2225216 -0.9749279 0 -0.2225217 -0.9749279 0 -0.2225215 -0.9749279 0 0.2225215 0.7818303 0 0.6234914 0.78183 0 0.6234917 0.78183 0 0.6234917 0.4338856 0 0.900968 0.4338861 0 0.9009678 0.4338843 0 0.9009687 0.4338874 0 0.9009671 0.7818297 0 0.6234921 0 1 1.5519e-6 0 1 6.45909e-7 0 1 1.03621e-6 0 1 4.12386e-6 0 1 -1.09643e-6 0 1 3.53559e-7 0 1 -1.94405e-7 0 1 0 0 1 0 0 1 -1.41383e-7 0 1 -2.96724e-7 0 1 0 0 1 0 0 1 0 0 1 0 0 1 -2.18645e-7 0 1 0 0 1 0 0 1 0 0 1 5.4324e-7 0 1 0 0 1 5.00149e-7 0 1 1.97752e-7 0 1 0 0 1 1.61122e-7 0 1 0 0 1 0 0 1 0 0 1 0 0 1 0 0 1 0 0 1 1.37772e-7 0 1 3.27701e-7 0 1 0 0 1 -1.30577e-7 0 1 1.51421e-7 0 1 0 0 1 0 0 1 -1.55254e-7 0 1 0 0 1 0 0 1 0 0 1 -1.24648e-7 0 1 -2.74983e-7 0 1 2.31094e-7 0 1 0 0 1 -1.97341e-7 0 1 0 0 1 0 0 1 0 0 1 2.57825e-7 1.66456e-7 1 1.20421e-7 0 1 3.85508e-7 0 1 2.45984e-7 0 1 1.77748e-7 0 1 0 0 1 0 0 1 -1.23861e-7 -1.40198e-7 1 3.94454e-7 0 1 0 0 1 0 0 1 0 0 1 0 0 1 0 0 1 2.39895e-7 0 1 0 0 1 0 0 1 0 0 1 0 0 1 5.25497e-7 0 1 -2.90798e-7 0 1 1.27388e-7 0 1 0 0 1 0 0 1 0 0 1 0 0 1 0 0 1 0 0 1 0 0 1 0 0 1 0 0 1 0 0 1 0 0 1 0 0 1 0 0 1 0 0 1 2.90797e-7 0 1 0 0 1 0 0 1 0 0 1 0 0 1 0 0 1 0 0 1 -5.25501e-7 0 1 0 0 1 0 0 1 0 0 1 -2.39896e-7 0 1 0 0 1 0 0 1 0 0 1 2.53129e-7 0 1 0 0 1 0 0 1 4.3067e-7 0 1 -2.70058e-7 0 1 0 0 1 0 0 1 0 0 1 9.05663e-7 0 1 5.17004e-7 -1.25621e-7 1 0 0 1 0 0 1 0 0 1 3.50523e-7 0 1 0 0 1 1.34271e-7 0 1 0 0 1 0 0 1 0 0 1 0 0 1 0 1.31991e-7 1 0 0 1 -1.83886e-7 0 1 2.58786e-7 0 1 0 0 1 0 0 1 -1.5287e-7 0 1 2.35088e-7 0 1 0 0 1 0 0 1 1.34156e-7 0 1 3.49492e-7 0 1 0 -1.66455e-7 1 3.72818e-7 0 1 -1.22992e-7 0 1 3.42986e-7 0 1 -2.63104e-7 0 1 -1.588e-7 0 1 1.39269e-7 0 1 0 -2.0557e-7 1 6.2753e-7 0 1 0 0 1 6.02039e-7 0 1 0 0 1 -1.7531e-7 0 1 -3.25115e-7 0 1 -1.96375e-7 0 1 2.81028e-7 0 1 1.47327e-7 0 1 0 0 1 0 0 1 0 0 1 -5.09122e-7 1.40198e-7 1 3.67724e-7 0 1 4.07737e-7 0 1 0 0 1 0 0 1 0 0 1 0 0 1 -1.99465e-6 0 1 4.30811e-6 0 1 -1.4167e-6 0 1 -1.39273e-6 0 1 -2.16891e-6 0 1 -2.4328e-7 0 1 1.37901e-7 0 1 -3.06905e-7 0 1 2.66192e-7 0 1 0 0 1 0 0 1 0 0 1 0 0 1 0 -1.25621e-7 1 5.80073e-7 0 1 2.39653e-7 0 1 0 0 1 0 0 1 0 0 1 0 0 1 0 0 1 2.28967e-7 0 1 -1.32457e-7 0 1 -3.65026e-7 0 1 0 0 1 4.60242e-7 0 1 0 0 1 -1.67456e-7 0 1 0 0 1 0 0 1 0 0 1 0 0 1 0 0 1 0 0 1 -4.60242e-7 0 1 1.32457e-7 0 1 1.67457e-7 0 1 0 0 1 0 0 1 -1.67447e-7 0 1 1.50584e-7 0 1 -2.28967e-7 0 1 1.49221e-7 0 1 3.65028e-7 0 1 0 0 1 -2.78693e-7 0 1 0 0 1 0 0 1 0 0 1 0 0 1 0 0 1 0 0 1 0 2.05569e-7 1 -2.05915e-7 0 1 3.81243e-7 0 1 1.7531e-7 0 1 0 0 1 0 0 1 0 0 1 0 0 1 0 0 1 -4.01481e-7 0 1 0 0 1 0 -1.31991e-7 1 0 0 1 0 0 1 3.24193e-7 0 1 0 0 1 0 0 1 0 0 1 1.24518e-7 0 1 0 0 1 0 0 1 0 0 1 0 0 1 0 0 1 1.71986e-7 0 1 0 0 1 0 0 1 0 0 1 1.51441e-7 0 1 0 0 1 0 0 1 2.44639e-7 0 1 0 0 1 1.92431e-7 0 1 0 0 1 0 0 1 0 0 1 2.18571e-7 0 1 -2.05164e-7 0 1 0 0 1 0 0 1 0 0 1 -4.61527e-7 0 1 0 0 1 4.21827e-7 0 1 0 0 1 0 0 1 0 0 1 1.66028e-7 0 1 0 0 1 0 0 1 2.25892e-7 0 1 -1.22167e-7 0 1 0 0 1 0 0 1 0 0 1 -1.03101e-6 0 1 -1.28707e-7 0 1 0 0 1 -5.18093e-7 0 1 -7.75979e-7 0 1 -3.22949e-7 0 -1 2.60281e-5 0 -1 5.22256e-7 0 -1 2.15006e-5 0 -1 6.77269e-7 0 -1 -3.94864e-6 0 -1 0 0 -1 -3.20104e-7 0 -1 0 0 -1 0 0 -1 0 0 -1 0 0 -1 0 0 -1 1.67711e-7 0 -1 -1.23672e-7 0 -1 0 0 -1 0 0 -1 0 0 -1 0 0 -1 0 0 -1 -3.08314e-7 0 -1 -8.64653e-7 0 -1 -5.71599e-7 0 -1 0 0 -1 -3.72048e-7 0 -1 0 0 -1 0 0 -1 0 0 -1 -2.84111e-7 0 -1 0 0 -1 -1.98034e-7 0 -1 0 0 -1 0 0 -1 0 0 -1 0 0 -1 0 0 -1 0 0 -1 0 0 -1 0 1.46858e-7 -1 -3.05855e-7 0 -1 0 0 -1 -1.67447e-7 0 -1 0 -1.5382e-7 -1 0 0 -1 1.5374e-7 0 -1 -2.65645e-7 -1.66456e-7 -1 -1.75852e-7 0 -1 -2.12908e-7 0 -1 0 0 -1 0 0 -1 -1.8457e-7 0 -1 0 0 -1 0 1.40198e-7 -1 0 0 -1 0 -1.46864e-7 -1 -2.74022e-7 0 -1 0 0 -1 0 0 -1 0 0 -1 -5.87263e-7 0 -1 -1.6407e-7 0 -1 -1.76553e-7 0 -1 -1.52568e-7 0 -1 -3.24091e-7 0 -1 -2.00903e-7 0 -1 0 0 -1 0 0 -1 0 0 -1 0 0 -1 0 0 -1 0 0 -1 0 0 -1 0 0 -1 0 0 -1 -2.93084e-7 0 -1 0 0 -1 0 0 -1 0 0 -1 0 0 -1 0 0 -1 0 0 -1 0 0 -1 0 0 -1 0 0 -1 0 0 -1 0 0 -1 0 0 -1 0 0 -1 0 0 -1 0 0 -1 0 0 -1 0 0 -1 0 0 -1 -4.92273e-7 0 -1 0 0 -1 0 -2.31537e-7 -1 -4.31373e-7 0 -1 0 0 -1 0 0 -1 -1.77439e-7 0 -1 -2.40386e-7 0 -1 -1.51596e-7 0 -1 -1.75715e-7 0 -1 -1.16229e-6 0 -1 1.51639e-7 0 -1 0 0 -1 0 0 -1 -4.61304e-7 0 -1 0 0 -1 0 0 -1 0 0 -1 -1.58866e-7 0 -1 -2.78269e-7 0 -1 -1.32982e-7 0 -1 0 0 -1 0 0 -1 0 0 -1 0 0 -1 0 0 -1 0 0 -1 -2.27924e-6 0 -1 -2.52943e-7 -1.31991e-7 -1 0 0 -1 -1.40768e-7 0 -1 0 0 -1 1.47328e-7 0 -1 0 0 -1 0 0 -1 -1.72895e-7 0 -1 0 0 -1 1.70603e-7 0 -1 1.28386e-7 0 -1 -2.3298e-7 0 -1 0 0 -1 0 2.0557e-7 -1 0 0 -1 1.50274e-7 0 -1 0 0 -1 0 0 -1 1.2468e-7 0 -1 0 0 -1 0 0 -1 -1.4204e-7 0 -1 0 0 -1 8.98202e-7 0 -1 0 0 -1 0 0 -1 0 0 -1 4.36103e-7 0 -1 0 0 -1 0 0 -1 -9.3509e-7 0 -1 -1.51596e-7 0 -1 -2.40389e-7 0 -1 0 0 -1 1.89058e-7 0 -1 0 0 -1 -4.69467e-7 0 -1 2.72097e-7 0 -1 0 0 -1 -3.13817e-7 0 -1 0 4.36837e-7 -1 0 0 -1 0 1.25621e-7 -1 -3.97368e-7 1.63087e-7 -1 -1.57689e-7 0 -1 1.5167e-7 0 -1 -2.10442e-7 0 -1 -1.58016e-7 0 -1 -2.09039e-7 0 -1 -2.48745e-7 0 -1 0 0 -1 0 0 -1 0 0 -1 0 0 -1 0 0 -1 0 0 -1 0 0 -1 0 0 -1 0 0 -1 -2.19192e-7 0 -1 2.04816e-7 0 -1 0 0 -1 0 0 -1 -1.31312e-7 0 -1 -2.46185e-7 0 -1 0 0 -1 -1.90369e-7 0 -1 0 0 -1 0 0 -1 0 0 -1 0 0 -1 -2.17724e-7 1.66128e-7 -1 -7.13735e-7 0 -1 -1.47428e-7 0 -1 0 0 -1 0 0 -1 0 0 -1 0 0 -1 0 0 -1 0 0 -1 0 0 -1 0 0 -1 0 0 -1 0 0 -1 0 0 -1 0 0 -1 0 0 -1 0 0 -1 0 0 -1 0 0 -1 0 0 -1 0 0 -1 1.29715e-7 0 -1 0 0 -1 0 0 -1 -2.91489e-7 0 -1 0 0 -1 0 0 -1 0 0 -1 0 0 -1 -1.45946e-7 0 -1 0 0 -1 0 0 -1 0 0 -1 0 0 -1 1.81512e-7 0 -1 -2.92155e-7 0 -1 0 0 -1 0 -2.10864e-7 -1 -2.70235e-7 0 -1 0 0 -1 0 0 -1 -1.37665e-7 0 -1 0 0 -1 -1.2701e-7 1.50802e-7 -1 0 0 -1 0 1.21843e-7 -1 0 0 -1 0 0 -1 -1.72482e-7 0 -1 0 0 -1 0 0 -1 -1.52935e-7 0 -1 0 0 -1 0 -1.62264e-7 -1 -1.57156e-7 0 -1 0 0 -1 -3.09377e-7 -4.51606e-7 -1 0 0 -1 1.60885e-7 0 -1 0 0 -1 0 0 -1 0 0 -1 0 0 -1 0 0 -1 0 0 -1 0 0 -1 0 0 -1 0 0 -1 0 0 -1 -1.61462e-7 0 -1 0 0 -1 0 0 -1 4.6812e-7</float_array>
          <technique_common>
            <accessor source="#obj1_002-mesh-normals-array" count="5447" stride="3">
              <param name="X" type="float"/>
              <param name="Y" type="float"/>
              <param name="Z" type="float"/>
            </accessor>
          </technique_common>
        </source>
        <vertices id="obj1_002-mesh-vertices">
          <input semantic="POSITION" source="#obj1_002-mesh-positions"/>
        </vertices>
        <triangles material="Default_OBJ_001-material" count="3980">
          <input semantic="VERTEX" source="#obj1_002-mesh-vertices" offset="0"/>
          <input semantic="NORMAL" source="#obj1_002-mesh-normals" offset="1"/>
          <p>0 0 1 1 2 2 0 0 3 3 1 1 4 4 5 5 6 6 7 7 5 5 4 4 8 8 9 8 10 8 11 9 9 9 8 9 10 10 12 10 13 10 9 11 12 11 10 11 13 12 14 12 10 12 10 13 14 13 8 13 8 14 14 14 11 14 14 15 15 15 11 15 14 16 16 16 15 16 17 17 18 17 16 17 16 18 18 18 15 18 17 19 19 19 18 19 19 20 20 20 18 20 19 21 21 21 20 21 19 22 22 22 21 22 22 23 23 23 21 23 22 24 24 24 23 24 24 25 25 25 23 25 25 26 26 26 23 26 26 27 27 27 23 27 28 28 29 29 27 30 28 31 26 32 25 33 28 28 27 30 26 34 30 35 25 36 24 37 30 38 28 31 25 33 31 39 30 35 24 37 32 40 29 41 28 42 33 43 32 43 34 43 35 44 33 44 36 44 37 45 38 45 39 45 40 46 41 46 37 46 42 47 41 47 40 47 43 48 41 48 42 48 44 49 41 49 43 49 45 50 30 50 31 50 45 51 31 51 34 51 46 52 28 53 30 54 46 55 32 40 28 42 46 56 34 56 32 56 46 57 45 57 34 57 46 52 30 54 45 58 47 59 34 59 36 59 47 60 33 60 34 60 47 61 36 61 33 61 48 62 36 62 49 62 48 63 35 63 36 63 50 64 48 64 49 64 51 65 52 65 35 65 51 66 35 66 48 66 51 67 48 67 50 67 53 68 49 68 54 68 53 69 50 69 49 69 53 70 52 70 51 70 53 71 51 71 50 71 55 72 53 72 54 72 56 73 57 73 52 73 56 74 52 74 53 74 56 75 53 75 55 75 58 76 54 76 59 76 58 77 57 77 56 77 58 78 56 78 55 78 58 79 55 79 54 79 60 80 58 80 59 80 61 81 62 81 57 81 61 82 58 82 60 82 61 83 57 83 58 83 63 84 59 84 64 84 63 85 62 85 61 85 63 86 60 86 59 86 63 87 61 87 60 87 65 88 63 88 64 88 66 89 67 89 62 89 66 90 62 90 63 90 66 91 63 91 65 91 68 92 64 92 69 92 68 93 67 93 66 93 68 94 65 94 64 94 68 95 66 95 65 95 70 96 68 96 69 96 71 97 68 97 70 97 71 98 72 98 67 98 71 99 67 99 68 99 73 100 70 100 69 100 73 101 71 101 70 101 73 102 72 102 71 102 73 103 69 103 39 103 74 104 73 104 39 104 74 105 39 105 38 105 75 106 72 106 73 106 75 107 38 107 72 107 75 108 73 108 74 108 75 109 74 109 38 109 76 110 38 110 37 110 76 111 37 111 41 111 77 112 41 112 38 112 77 113 76 113 41 113 77 114 38 114 76 114 42 115 78 116 79 117 42 115 40 118 78 116 43 119 79 120 80 121 43 119 42 122 79 120 44 123 80 124 81 125 44 123 43 126 80 124 82 127 81 128 80 129 83 130 82 130 84 130 85 131 83 131 86 131 87 132 85 132 88 132 5 133 89 133 90 133 7 134 89 134 5 134 91 135 79 135 78 135 91 136 78 136 84 136 92 137 80 138 79 139 92 140 82 127 80 129 92 141 84 141 82 141 92 142 91 142 84 142 92 137 79 139 91 143 93 144 84 144 86 144 93 145 83 145 84 145 93 146 86 146 83 146 94 147 86 147 88 147 94 148 85 148 86 148 94 149 88 149 85 149 95 150 88 150 96 150 95 151 87 151 88 151 97 152 95 152 96 152 98 153 99 153 87 153 98 154 95 154 97 154 98 155 87 155 95 155 100 156 96 156 101 156 100 157 99 157 98 157 100 158 98 158 97 158 100 159 97 159 96 159 102 160 100 160 101 160 103 161 104 161 99 161 103 162 100 162 102 162 103 163 99 163 100 163 105 164 101 164 106 164 105 165 102 165 101 165 105 166 103 166 102 166 105 167 104 167 103 167 107 168 105 168 106 168 108 169 109 169 104 169 108 170 104 170 105 170 108 171 105 171 107 171 110 172 106 172 111 172 110 173 109 173 108 173 110 174 107 174 106 174 110 175 108 175 107 175 112 176 110 176 111 176 113 177 114 177 109 177 113 178 109 178 110 178 113 179 110 179 112 179 115 180 111 180 116 180 115 181 114 181 113 181 115 182 112 182 111 182 115 183 113 183 112 183 117 184 115 184 116 184 118 185 119 185 114 185 118 186 114 186 115 186 118 187 115 187 117 187 120 188 117 188 116 188 120 189 118 189 117 189 120 190 116 190 90 190 120 191 119 191 118 191 121 192 120 192 90 192 121 193 90 193 89 193 122 194 89 194 119 194 122 195 119 195 120 195 122 196 120 196 121 196 122 197 121 197 89 197 4 198 6 199 3 200 4 198 3 200 0 201 1 202 123 202 2 202 123 203 124 203 2 203 123 204 125 204 124 204 126 205 127 205 125 205 125 206 127 206 124 206 126 207 128 207 127 207 128 208 129 208 127 208 128 209 130 209 129 209 128 210 131 210 130 210 131 211 132 211 130 211 131 212 133 212 132 212 133 213 134 213 132 213 134 214 135 214 132 214 135 215 136 215 132 215 133 216 137 216 134 216 134 217 138 217 135 217 135 218 138 218 136 218 137 219 138 219 134 219 3 220 123 221 1 222 3 220 125 223 123 221 3 220 126 224 125 223 3 220 128 225 126 224 3 220 131 226 128 225 3 220 133 227 131 226 139 228 133 227 3 220 139 228 3 220 140 229 141 230 140 229 3 220 142 231 133 227 139 228 13 232 133 227 142 231 6 233 5 234 90 235 6 233 143 236 144 237 6 233 144 237 141 230 116 238 6 233 90 235 111 239 6 233 116 238 106 240 6 233 111 239 101 241 6 233 106 240 96 242 6 233 101 241 19 243 17 244 16 245 88 246 6 233 96 242 86 247 6 233 88 246 22 248 19 243 16 245 84 249 6 233 86 247 145 250 13 232 142 231 146 251 142 231 147 252 146 251 145 250 142 231 148 253 13 232 145 250 24 254 22 248 16 245 24 254 14 255 13 232 24 254 16 245 14 255 24 254 13 232 148 253 78 256 6 233 84 249 78 256 149 257 143 236 78 256 143 236 6 233 150 258 24 254 148 253 151 259 149 257 78 256 151 259 146 251 147 252 151 259 147 252 149 257 152 260 24 254 150 258 31 261 24 254 152 260 31 261 152 260 153 262 31 261 153 262 154 263 40 264 151 259 78 256 40 264 31 261 154 263 40 264 154 263 151 259 39 265 40 264 37 266 39 265 31 261 40 264 36 267 34 268 31 261 54 269 49 270 36 267 54 269 36 267 31 261 59 271 69 272 64 273 59 271 39 265 69 272 59 271 31 261 39 265 59 271 54 269 31 261 3 220 6 233 141 230 137 274 133 275 13 276 137 274 13 276 12 277 137 278 12 279 155 279 156 280 137 278 155 279 157 281 158 282 159 283 157 281 160 284 158 282 161 285 162 286 163 287 164 288 162 286 161 285 165 289 166 289 167 289 168 290 166 290 165 290 167 291 169 291 170 291 166 292 169 292 167 292 170 293 171 293 167 293 167 294 171 294 165 294 165 295 171 295 168 295 171 296 172 296 168 296 171 297 173 297 172 297 174 298 175 298 173 298 173 299 175 299 172 299 174 300 176 300 175 300 176 301 177 301 175 301 176 302 178 302 177 302 176 303 179 303 178 303 179 304 180 304 178 304 179 305 181 305 180 305 181 306 182 306 180 306 182 307 183 307 180 307 183 308 184 308 180 308 185 309 184 310 183 311 186 312 185 309 183 311 187 313 182 314 181 315 187 316 183 317 182 318 187 316 186 319 183 317 188 320 187 313 181 315 189 321 185 322 186 323 190 324 189 324 191 324 192 325 190 325 193 325 194 326 195 326 196 326 197 327 198 327 194 327 199 328 198 328 197 328 200 329 198 329 199 329 201 330 198 330 200 330 202 331 187 331 188 331 202 332 188 332 191 332 203 333 186 334 187 335 203 336 189 321 186 323 203 337 191 337 189 337 203 338 202 338 191 338 203 333 187 335 202 339 204 340 191 340 193 340 204 341 190 341 191 341 204 342 193 342 190 342 205 343 193 343 206 343 205 344 192 344 193 344 207 345 205 345 206 345 208 346 209 346 192 346 208 347 192 347 205 347 208 348 205 348 207 348 210 349 206 349 211 349 210 350 207 350 206 350 210 351 209 351 208 351 210 352 208 352 207 352 212 353 210 353 211 353 213 354 214 354 209 354 213 355 209 355 210 355 213 356 210 356 212 356 215 357 211 357 216 357 215 358 214 358 213 358 215 359 213 359 212 359 215 360 212 360 211 360 217 361 215 361 216 361 218 362 219 362 214 362 218 363 215 363 217 363 218 364 214 364 215 364 220 365 216 365 221 365 220 366 219 366 218 366 220 367 217 367 216 367 220 368 218 368 217 368 222 369 220 369 221 369 223 370 224 370 219 370 223 371 219 371 220 371 223 372 220 372 222 372 225 373 221 373 226 373 225 374 224 374 223 374 225 375 222 375 221 375 225 376 223 376 222 376 227 377 225 377 226 377 228 378 225 378 227 378 228 379 229 379 224 379 228 380 224 380 225 380 230 381 227 381 226 381 230 382 228 382 227 382 230 383 229 383 228 383 230 384 226 384 196 384 231 385 230 385 196 385 231 386 196 386 195 386 232 387 229 387 230 387 232 388 195 388 229 388 232 389 230 389 231 389 232 390 231 390 195 390 233 391 195 391 194 391 233 392 194 392 198 392 234 393 198 393 195 393 234 394 233 394 198 394 234 395 195 395 233 395 235 396 201 397 200 398 236 399 200 400 199 401 236 402 235 396 200 398 237 403 199 404 197 405 237 406 236 399 199 401 238 407 237 403 197 405 239 408 240 408 241 408 242 409 239 409 243 409 244 410 242 410 245 410 162 411 246 411 247 411 164 412 246 412 162 412 248 413 237 413 238 413 248 414 238 414 241 414 249 415 240 416 235 417 249 418 236 419 237 420 249 415 235 417 236 421 249 422 241 422 240 422 249 423 248 423 241 423 249 418 237 420 248 424 250 425 241 425 243 425 250 426 239 426 241 426 250 427 243 427 239 427 251 428 243 428 245 428 251 429 242 429 243 429 251 430 245 430 242 430 252 431 245 431 253 431 252 432 244 432 245 432 254 433 252 433 253 433 255 434 256 434 244 434 255 435 252 435 254 435 255 436 244 436 252 436 257 437 253 437 258 437 257 438 254 438 253 438 257 439 256 439 255 439 257 440 255 440 254 440 259 441 257 441 258 441 260 442 261 442 256 442 260 443 257 443 259 443 260 444 256 444 257 444 262 445 258 445 263 445 262 446 259 446 258 446 262 447 260 447 259 447 262 448 261 448 260 448 264 449 262 449 263 449 265 450 266 450 261 450 265 451 261 451 262 451 265 452 262 452 264 452 267 453 263 453 268 453 267 454 266 454 265 454 267 455 264 455 263 455 267 456 265 456 264 456 269 457 267 457 268 457 270 458 271 458 266 458 270 459 266 459 267 459 270 460 267 460 269 460 272 461 268 461 273 461 272 462 271 462 270 462 272 463 269 463 268 463 272 464 270 464 269 464 274 465 272 465 273 465 275 466 276 466 271 466 275 467 271 467 272 467 275 468 272 468 274 468 277 469 274 469 273 469 277 470 275 470 274 470 277 471 273 471 247 471 277 472 276 472 275 472 278 473 277 473 247 473 278 474 247 474 246 474 279 475 246 475 276 475 279 476 276 476 277 476 279 477 277 477 278 477 279 478 278 478 246 478 157 479 163 480 160 481 161 482 163 480 157 479 158 483 280 483 159 483 280 484 281 484 159 484 280 485 282 485 281 485 283 486 284 486 282 486 282 487 284 487 281 487 283 488 285 488 284 488 285 489 286 489 284 489 285 490 287 490 286 490 285 491 288 491 287 491 288 492 289 492 287 492 288 493 290 493 289 493 290 494 291 494 289 494 291 495 292 495 289 495 292 496 293 496 289 496 290 497 294 497 291 497 291 498 295 498 292 498 292 499 295 499 293 499 294 500 295 500 291 500 226 501 221 502 216 503 197 504 194 505 196 506 188 507 193 508 191 509 188 507 206 510 193 508 188 507 211 511 206 510 188 507 216 503 211 511 188 507 196 506 226 501 188 507 226 501 216 503 188 507 197 504 196 506 296 512 297 513 188 507 298 514 197 504 188 507 298 514 188 507 297 513 299 515 197 504 298 514 238 516 197 504 299 515 181 517 300 518 296 512 181 517 296 512 188 507 301 519 300 518 181 517 173 520 176 521 174 522 173 520 179 523 176 521 173 520 181 517 179 523 171 524 181 517 173 520 163 525 241 526 238 516 163 525 243 527 241 526 163 525 245 528 243 527 163 525 253 529 245 528 163 525 258 530 253 529 163 525 263 531 258 530 163 525 268 532 263 531 163 525 273 533 268 532 247 534 273 533 163 525 170 535 181 517 171 524 170 535 302 536 301 519 170 535 301 519 181 517 303 537 238 516 299 515 162 538 247 534 163 525 304 539 303 537 299 515 304 539 299 515 305 540 306 541 238 516 303 537 306 541 163 525 238 516 307 542 304 539 305 540 307 542 305 540 302 536 307 542 302 536 170 535 308 543 163 525 306 541 309 544 163 525 308 543 160 545 309 544 310 546 160 545 310 546 311 547 290 548 307 542 170 535 290 548 311 547 307 542 290 548 160 545 311 547 280 549 158 550 160 545 288 551 160 545 290 548 282 552 280 549 160 545 283 553 282 552 160 545 285 554 160 545 288 551 285 554 283 553 160 545 160 545 163 525 309 544 294 555 290 556 170 557 294 555 170 557 169 558 294 559 169 560 312 561 313 562 294 559 312 561 314 563 315 564 316 565 316 565 315 564 317 566 317 567 318 568 319 569 315 570 318 568 317 567 319 571 320 572 321 573 318 574 320 572 319 571 322 575 314 576 316 576 322 575 316 576 323 577 324 576 323 577 325 576 326 578 327 576 322 575 326 578 322 575 323 577 326 578 323 577 324 576 328 579 329 580 330 581 330 582 331 583 332 584 329 580 331 585 330 581 332 586 333 587 334 588 331 583 333 589 332 584 333 587 335 590 334 588 336 591 337 592 338 593 339 594 337 592 336 591 340 595 336 591 329 596 340 595 339 594 336 591 328 597 340 595 329 596 341 598 339 594 340 595 342 599 343 600 344 601 343 600 345 602 344 601 344 603 346 604 347 605 345 604 346 604 344 603 347 606 348 606 349 606 346 606 348 606 347 606 350 607 343 608 342 608 350 607 342 608 351 609 352 608 351 609 353 608 354 610 355 608 350 607 354 610 350 607 351 609 354 610 351 609 352 608 356 611 357 612 358 613 358 613 357 612 359 614 359 615 360 616 361 617 357 618 360 616 359 615 361 619 362 620 363 621 360 622 362 620 361 619 364 623 365 624 366 625 367 626 365 624 364 623 368 627 367 626 364 623 358 628 364 623 356 629 358 628 368 627 364 623 369 625 367 626 368 627 370 630 371 630 372 630 373 631 374 631 325 631 373 632 325 632 375 632 376 633 377 633 378 633 376 634 378 634 374 634 376 635 375 635 371 635 376 636 370 636 379 636 376 637 379 637 377 637 376 638 373 638 375 638 376 639 374 639 373 639 376 640 371 640 370 640 380 641 372 642 371 641 381 643 371 644 375 643 381 645 380 641 371 641 382 646 375 647 325 646 382 644 381 643 375 643 323 647 382 646 325 646 383 648 384 649 385 650 386 651 387 652 388 653 386 651 388 653 389 654 390 655 389 656 391 657 390 658 391 659 392 660 390 658 392 660 393 661 390 655 386 662 389 656 394 663 395 664 387 665 394 666 396 667 395 668 394 666 397 669 396 667 394 663 387 665 386 670 398 671 393 672 385 673 398 674 384 675 397 676 398 671 390 677 393 672 398 678 394 679 386 680 398 678 386 680 390 681 398 674 397 676 394 682 398 683 385 650 384 649 399 684 400 684 401 684 338 685 402 685 403 685 404 686 405 686 406 686 404 687 407 687 405 687 408 688 406 688 400 688 408 689 399 689 403 689 408 690 402 691 407 692 408 693 404 693 406 693 408 694 400 694 399 694 408 690 407 692 404 695 408 696 403 696 402 696 399 697 409 698 410 699 399 697 401 700 409 698 403 701 410 702 411 703 403 701 399 704 410 702 338 705 411 705 336 706 338 705 403 706 411 705 412 707 413 707 414 707 415 708 412 709 414 710 416 711 412 709 415 708 417 712 415 712 418 712 417 713 416 714 415 715 419 716 416 714 417 713 420 717 416 717 419 717 421 718 422 718 423 718 424 719 425 719 426 719 324 720 427 720 428 720 429 721 423 722 425 723 429 724 427 724 421 724 429 725 421 725 423 725 430 726 424 726 428 726 430 727 427 728 429 729 430 730 429 721 425 723 430 731 425 731 424 731 430 727 428 732 427 728 431 733 432 734 433 735 434 736 435 737 436 738 437 739 438 740 439 741 437 739 439 741 440 742 441 743 440 744 432 745 441 743 437 746 440 744 441 747 432 734 431 733 442 748 436 749 438 750 442 748 438 750 437 751 442 752 434 736 436 738 443 753 444 754 445 755 443 756 431 757 444 758 443 753 445 755 446 759 443 760 446 761 434 762 443 756 441 763 431 757 443 764 437 765 441 766 443 760 434 762 442 767 443 764 442 768 437 765 433 769 432 770 388 771 388 771 432 770 389 772 389 773 440 774 391 775 432 776 440 774 389 773 391 777 439 778 392 779 440 780 439 778 391 777 313 781 445 781 444 781 294 782 313 782 444 782 295 783 444 783 431 783 295 784 294 784 444 784 447 785 431 785 433 785 447 786 295 786 431 786 448 787 449 788 450 789 451 790 452 791 337 792 451 790 337 792 453 793 454 794 453 795 449 796 454 794 451 797 453 795 454 798 449 788 448 787 455 799 456 800 452 801 455 802 457 803 456 804 455 802 458 805 457 803 455 799 452 801 451 806 459 807 460 808 461 809 459 810 448 811 460 812 459 807 461 809 462 813 459 814 462 815 458 816 459 810 454 817 448 811 459 818 455 819 451 820 459 814 458 816 455 821 459 818 451 820 454 822 463 823 464 823 465 823 466 824 467 824 468 824 466 825 468 826 464 827 466 825 464 827 463 828 469 829 463 829 470 830 469 831 470 831 471 831 469 829 466 832 463 829 468 833 467 834 420 835 468 833 420 835 419 836 464 837 419 838 417 839 464 837 468 840 419 838 465 841 417 842 418 843 465 841 464 844 417 842 472 845 473 845 474 845 475 846 476 846 477 846 326 847 478 847 479 847 480 848 478 848 472 848 480 849 472 849 474 849 480 850 479 851 478 852 481 853 475 853 479 853 481 854 474 855 476 856 481 854 480 857 474 855 481 858 476 858 475 858 481 859 479 851 480 850 326 860 324 861 428 860 478 862 428 863 424 862 478 861 326 860 428 860 472 864 424 865 426 864 472 863 478 862 424 862 473 865 472 864 426 864 436 866 435 867 477 868 436 869 476 870 474 871 436 866 477 868 476 872 438 871 436 869 474 871 439 873 474 874 473 875 439 873 438 876 474 874 482 877 483 878 339 879 484 880 485 881 486 882 487 883 488 884 489 885 487 883 489 885 490 886 491 887 490 888 483 889 491 890 482 891 492 892 491 887 487 893 490 888 491 894 483 878 482 877 493 895 486 896 488 897 493 895 488 897 487 898 493 899 484 880 486 882 494 900 492 901 495 902 494 900 495 902 496 903 494 904 496 905 484 906 494 907 491 890 492 892 494 908 493 909 487 910 494 908 487 910 491 911 494 904 484 906 493 912 339 913 483 913 337 913 337 913 483 913 453 913 453 914 490 914 449 915 483 915 490 914 453 914 449 916 489 917 450 918 490 919 489 917 449 916 497 920 498 920 499 920 500 921 501 921 502 921 500 922 502 922 498 922 500 923 497 923 503 923 500 924 504 924 505 924 500 925 505 925 501 925 500 926 498 926 497 926 506 927 503 927 327 927 506 928 327 928 504 928 506 929 504 929 500 929 506 930 500 930 503 930 497 931 507 932 508 933 497 931 499 934 507 932 503 935 508 936 509 937 503 935 497 938 508 936 327 939 509 940 322 941 327 939 503 939 509 940 477 942 501 943 505 944 475 945 505 946 504 947 475 948 477 942 505 944 479 949 475 945 504 947 326 950 504 951 327 952 326 950 479 953 504 951 510 954 511 954 512 954 513 955 341 955 514 955 515 956 516 957 513 958 515 959 514 959 511 959 515 960 510 960 517 960 515 961 511 961 510 961 515 962 513 962 514 962 518 963 519 963 516 963 518 964 517 964 519 964 518 965 515 965 517 965 518 966 516 957 515 956 520 967 521 968 512 969 520 967 512 969 511 970 522 701 511 971 514 972 522 701 520 973 511 971 340 974 514 974 341 974 340 974 522 974 514 974 498 975 523 976 499 977 501 978 524 979 502 980 525 981 510 982 512 983 525 981 512 983 526 984 527 985 528 986 519 987 527 988 517 989 510 990 527 985 519 987 517 991 527 988 510 990 525 992 529 993 526 994 530 995 529 993 525 996 526 994 531 997 525 998 529 999 531 997 527 1000 525 998 531 1001 532 1002 528 986 531 1001 528 986 527 985 533 1003 529 1004 530 1005 533 1003 530 1005 534 1006 533 1007 534 1008 535 1009 536 1010 537 1011 532 1002 536 1012 529 1013 533 1014 536 1010 532 1002 531 1001 536 1012 531 1015 529 1013 538 1016 533 1007 535 1009 539 1017 536 1018 533 1019 539 1020 540 1021 537 1011 539 1017 533 1019 538 1022 539 1020 537 1011 536 1010 541 1023 535 1024 542 1025 541 1026 542 1027 543 1028 541 1023 538 1029 535 1024 544 1030 545 1031 540 1021 544 1030 540 1021 539 1020 544 1032 538 1033 541 1034 544 1032 539 1035 538 1033 546 1036 541 1026 543 1028 547 1037 548 1038 545 1031 547 1039 541 1040 546 1041 547 1039 544 1042 541 1040 547 1037 545 1031 544 1030 549 1043 543 1044 550 1045 549 1043 546 1046 543 1044 551 1047 546 1048 549 1049 551 1050 548 1038 547 1037 551 1050 552 1051 548 1038 551 1047 547 1052 546 1048 553 1053 550 1054 554 1055 553 1053 549 1056 550 1054 555 1057 549 1058 553 1059 555 1060 556 1061 557 1062 555 1060 557 1062 552 1051 555 1057 551 1063 549 1058 555 1060 552 1051 551 1050 558 1064 554 1065 559 1066 558 1064 553 1067 554 1065 560 1068 555 1069 553 1070 560 1068 553 1070 558 1071 560 1072 556 1061 555 1060 561 1073 559 1074 562 1075 561 1073 558 1076 559 1074 561 1077 560 1078 558 1079 563 1080 556 1061 560 1072 563 1081 560 1078 561 1077 563 1080 564 1082 556 1061 565 1083 563 1084 561 1085 565 1086 562 1087 566 1088 565 1086 561 1089 562 1087 567 1090 564 1082 563 1080 567 1090 568 1091 569 1092 567 1090 569 1092 564 1082 567 1093 563 1084 565 1083 570 1094 565 1095 566 1096 570 1094 566 1096 571 1097 570 1098 567 1099 565 1100 572 1101 568 1091 567 1090 572 1102 567 1099 570 1098 573 1103 571 1104 574 1105 573 1103 570 1106 571 1104 575 1107 576 1108 568 1091 575 1107 568 1091 572 1101 575 1109 572 1110 570 1111 575 1109 570 1111 573 1112 577 1113 574 1114 578 1115 577 1116 575 1117 573 1118 577 1113 573 1119 574 1114 579 1120 580 1121 576 1108 579 1120 576 1108 575 1107 579 1122 575 1117 577 1116 581 1123 578 1124 582 1125 581 1123 577 1126 578 1124 583 1127 584 1128 580 1121 583 1127 580 1121 579 1120 583 1129 579 1130 577 1131 583 1129 577 1131 581 1132 585 1133 582 1134 586 1135 585 1133 581 1136 582 1134 587 1137 588 1138 584 1128 587 1139 583 1140 581 1141 587 1137 584 1128 583 1127 587 1139 581 1141 585 1142 589 1143 585 1144 586 1145 589 1143 586 1145 590 1146 591 1147 592 1148 588 1138 591 1147 588 1138 587 1137 591 1149 585 1150 589 1151 591 1149 587 1152 585 1150 593 1153 589 1154 590 1155 593 1153 590 1155 594 1156 595 1157 591 1158 589 1159 595 1157 589 1159 593 1160 595 1161 596 1162 597 1163 595 1161 597 1163 592 1148 595 1161 592 1148 591 1147 598 1164 593 1165 594 1166 598 1164 594 1166 599 1167 600 1168 596 1162 595 1161 600 1169 595 1170 593 1171 600 1169 593 1171 598 1172 601 1173 598 1174 599 1175 601 1173 599 1175 602 1176 603 1177 604 1178 605 1179 603 1177 605 1179 596 1162 603 1177 596 1162 600 1168 603 1180 600 1181 598 1182 603 1180 598 1182 601 1183 606 1184 601 1185 602 1186 606 1184 602 1186 607 1187 608 1188 603 1189 601 1190 608 1191 604 1178 603 1177 608 1188 601 1190 606 1192 609 1193 606 1194 607 1195 609 1193 607 1195 610 1196 611 1197 612 1198 604 1178 611 1197 604 1178 608 1191 611 1199 608 1200 606 1201 611 1199 606 1201 609 1202 613 1203 609 1204 610 1205 613 1203 610 1205 614 1206 615 1207 616 1208 612 1198 615 1207 612 1198 611 1197 615 1209 611 1210 609 1211 615 1209 609 1211 613 1212 617 1213 613 1214 614 1215 617 1213 614 1215 618 1216 619 1217 620 1218 616 1208 619 1217 616 1208 615 1207 619 1219 615 1220 613 1221 619 1219 613 1221 617 1222 621 1223 617 1224 618 1225 621 1223 618 1225 523 1226 621 1227 523 976 498 975 622 1228 498 1229 502 1230 622 1231 524 979 620 1218 622 1231 620 1218 619 1217 622 1232 619 1233 617 1234 622 1228 621 1235 498 1229 622 1232 617 1234 621 1236 622 1231 502 980 524 979 516 1237 519 1238 495 1239 516 1237 495 1239 492 1240 513 1241 492 1242 482 1243 513 1241 516 1244 492 1242 341 1245 482 1246 339 1247 341 1245 513 1248 482 1246 486 1249 485 1250 471 1251 486 1252 470 1253 463 1254 486 1249 471 1251 470 1251 488 1255 463 1256 465 1257 488 1258 486 1252 463 1254 489 1259 488 1255 465 1257 623 1260 467 1260 466 1260 166 1261 466 1261 469 1261 166 1262 623 1262 466 1262 169 1263 166 1263 469 1263 312 1264 469 1264 471 1264 312 1265 169 1265 469 1265 413 1266 461 1267 460 1268 414 1269 413 1266 460 1268 415 1270 460 1271 448 1272 415 1273 448 1274 450 1275 415 1270 414 1276 460 1271 418 1277 415 1273 450 1275 457 1278 405 1279 407 1280 456 1281 407 1282 402 1283 456 1284 457 1278 407 1280 452 1285 402 1286 338 1287 452 1288 456 1281 402 1283 337 1289 452 1285 338 1287 377 1290 422 1291 421 1292 378 1293 421 1294 427 1295 378 1296 377 1290 421 1292 374 1297 378 1293 427 1295 325 1298 427 1299 324 1300 325 1298 374 1301 427 1299 423 1302 422 1303 383 1304 423 1302 383 1304 385 1305 425 1306 385 1307 393 1308 425 1309 393 1310 392 1311 425 1306 423 1312 385 1307 426 1313 425 1309 392 1311 624 1314 413 1315 412 1316 625 1314 624 1314 412 1316 626 1317 416 1318 420 1319 626 1320 412 1321 416 1322 626 1320 625 1323 412 1321 627 1324 626 1317 420 1319 627 1325 628 1325 626 1325 626 1326 629 1326 625 1326 625 1327 629 1327 624 1327 628 1328 629 1328 626 1328 628 1329 630 1329 629 1329 628 1330 631 1330 630 1330 632 1331 370 1332 372 1333 633 1334 370 1332 632 1331 634 1335 635 1336 377 1337 634 1338 379 1339 370 1340 634 1335 377 1337 379 1341 634 1338 370 1340 633 1342 636 1343 632 1344 637 1345 636 1343 633 1346 632 1344 638 1347 633 1348 636 1349 638 1350 639 1351 635 1336 638 1347 634 1352 633 1348 638 1350 635 1336 634 1335 640 1353 637 1354 641 1355 640 1356 641 1357 642 1358 640 1353 636 1359 637 1354 643 1360 644 1361 639 1351 643 1362 636 1363 640 1364 643 1360 639 1351 638 1350 643 1362 638 1365 636 1363 645 1366 640 1356 642 1358 646 1367 647 1368 644 1361 646 1369 640 1370 645 1371 646 1367 644 1361 643 1360 646 1369 643 1372 640 1370 648 1373 645 1374 642 1375 648 1373 642 1375 649 1376 648 1377 646 1378 645 1379 650 1380 651 1381 647 1368 650 1380 647 1368 646 1367 650 1382 646 1378 648 1377 652 1383 649 1384 653 1385 652 1386 653 1387 654 1388 652 1383 648 1389 649 1384 655 1390 656 1391 651 1381 655 1392 648 1393 652 1394 655 1390 651 1381 650 1380 655 1392 650 1395 648 1393 657 1396 652 1386 654 1388 657 1397 654 1398 658 1399 659 1400 656 1391 655 1390 659 1400 660 1401 656 1391 659 1402 655 1403 652 1404 659 1402 652 1404 657 1405 661 1406 657 1397 658 1399 662 1407 657 1408 661 1409 662 1410 660 1401 659 1400 662 1410 663 1411 660 1401 662 1407 659 1412 657 1408 664 1413 658 1414 665 1415 664 1413 661 1416 658 1414 664 1417 662 1418 661 1419 666 1420 667 1421 663 1411 666 1422 662 1418 664 1417 666 1420 663 1411 662 1410 668 1423 665 1424 669 1425 668 1426 666 1427 664 1428 668 1423 664 1429 665 1424 670 1430 667 1421 666 1420 670 1431 666 1427 668 1426 670 1430 671 1432 667 1421 672 1433 669 1434 673 1435 672 1433 668 1436 669 1434 674 1437 671 1432 670 1430 674 1437 675 1438 671 1432 674 1439 670 1440 668 1441 674 1439 668 1441 672 1442 676 1443 673 1444 677 1445 676 1446 677 1447 678 1448 676 1443 672 1449 673 1444 679 1450 672 1451 676 1452 679 1450 674 1453 672 1451 679 1454 680 1455 675 1438 679 1454 675 1438 674 1437 681 1456 676 1446 678 1448 682 1457 679 1458 676 1459 682 1460 683 1461 680 1455 682 1457 676 1459 681 1462 682 1460 680 1455 679 1454 684 1463 678 1464 685 1465 684 1463 681 1466 678 1464 686 1467 687 1468 683 1461 686 1467 683 1461 682 1460 686 1469 682 1470 681 1471 686 1469 681 1471 684 1472 688 1473 685 1474 689 1475 688 1476 689 1477 690 1478 688 1479 686 1480 684 1481 688 1473 684 1482 685 1474 691 1483 692 1484 687 1468 691 1483 687 1468 686 1467 691 1485 686 1480 688 1479 693 1486 688 1476 690 1478 693 1487 690 1488 694 1489 695 1490 688 1491 693 1492 695 1493 696 1494 692 1484 695 1493 692 1484 691 1483 695 1490 691 1495 688 1491 697 1496 693 1487 694 1489 698 1497 693 1498 697 1499 698 1500 696 1494 695 1493 698 1500 699 1501 696 1494 698 1497 695 1502 693 1498 700 1503 697 1504 694 1505 700 1503 694 1505 701 1506 700 1507 701 1508 702 1509 703 1510 698 1511 697 1512 703 1510 697 1512 700 1513 703 1514 704 1515 699 1501 703 1514 699 1501 698 1500 705 1516 700 1507 702 1509 705 1517 702 1518 706 1519 707 1520 708 1521 704 1515 707 1522 703 1523 700 1524 707 1520 704 1515 703 1514 707 1522 700 1524 705 1525 709 1526 705 1517 706 1519 710 1527 711 1528 708 1521 710 1529 707 1530 705 1531 710 1527 708 1521 707 1520 710 1529 705 1531 709 1532 712 1533 709 1534 706 1535 712 1533 706 1535 713 1536 712 1537 713 1538 714 1539 715 1540 716 1541 711 1528 715 1542 710 1543 709 1544 715 1540 711 1528 710 1527 715 1542 709 1544 712 1545 717 1546 712 1537 714 1539 718 1547 719 1548 720 1549 718 1547 720 1549 716 1541 718 1547 716 1541 715 1540 718 1550 715 1551 712 1552 718 1550 712 1552 717 1553 721 1554 717 1555 714 1556 721 1554 714 1556 722 1557 723 1558 718 1559 717 1560 723 1561 719 1548 718 1547 723 1558 717 1560 721 1562 724 1563 721 1564 722 1565 724 1566 723 1567 721 1568 724 1563 722 1565 725 1569 726 1570 727 1571 719 1548 726 1570 719 1548 723 1561 726 1572 723 1567 724 1566 728 1573 401 1574 400 1575 728 1576 724 1577 725 1578 728 1576 725 1578 729 1579 728 1573 729 1580 401 1574 730 1581 406 1582 405 1583 730 1584 400 1585 406 1586 730 1581 405 1583 731 1587 730 1581 731 1587 727 1571 730 1581 727 1571 726 1570 730 1584 728 1588 400 1585 730 1589 726 1590 724 1591 730 1589 724 1591 728 1592 732 1593 733 1593 734 1593 735 1594 736 1594 732 1594 732 1595 737 1595 733 1595 736 1596 737 1596 732 1596 736 1597 738 1597 737 1597 738 1598 739 1598 737 1598 395 1599 739 1600 738 1601 395 1599 396 1602 739 1600 387 1603 736 1604 735 1605 387 1606 738 1607 736 1608 387 1606 395 1609 738 1607 388 1610 387 1603 735 1605 507 1611 523 1612 740 1613 499 1614 523 1612 507 1611 740 1615 618 1616 741 1617 523 1618 618 1616 740 1615 741 1619 614 1620 742 1621 618 1622 614 1620 741 1619 742 1623 610 1624 743 1625 614 1626 610 1624 742 1623 743 1627 607 1628 744 1629 610 1630 607 1628 743 1627 744 1631 602 1632 745 1633 607 1634 602 1632 744 1631 745 1635 599 1636 746 1637 602 1638 599 1636 745 1635 746 1639 594 1640 747 1639 599 1640 594 1640 746 1639 747 1641 590 1641 748 1642 594 1642 590 1641 747 1641 748 1643 586 1644 749 1645 590 1646 586 1644 748 1643 749 1647 582 1648 750 1649 586 1650 582 1648 749 1647 582 1651 578 1652 750 1653 750 1653 578 1652 751 1654 578 1655 574 1656 751 1657 751 1657 574 1656 752 1658 752 1659 571 1660 753 1661 574 1660 571 1660 752 1659 571 1662 566 1663 753 1664 753 1664 566 1663 754 1665 754 1666 562 1667 755 1668 566 1669 562 1667 754 1666 755 1670 559 1671 756 1672 562 1673 559 1671 755 1670 756 1674 554 1675 757 1675 559 1676 554 1675 756 1674 757 1677 550 1678 758 1679 554 1680 550 1678 757 1677 758 1681 543 1682 759 1683 550 1684 543 1682 758 1681 759 1685 542 1686 760 1687 543 1688 542 1686 759 1685 760 1689 535 1690 761 1691 542 1692 535 1690 760 1689 761 1693 534 1694 762 1695 535 1696 534 1694 761 1693 762 1697 530 1698 763 1699 534 1700 530 1698 762 1697 763 1701 526 1702 764 1703 530 1704 526 1702 763 1701 764 1705 512 1706 521 1707 526 1708 512 1706 764 1705 471 1709 313 1710 312 1711 445 1712 313 1710 471 1709 446 1713 445 1712 471 1709 485 1714 434 1715 446 1713 485 1714 435 1716 434 1715 485 1714 446 1713 471 1709 484 1717 435 1716 485 1714 496 1718 435 1716 484 1717 528 1719 495 1720 519 1719 532 1721 495 1720 528 1719 537 1722 495 1720 532 1721 540 1723 495 1720 537 1722 545 1724 496 1718 495 1720 545 1724 495 1720 540 1723 548 1725 435 1716 496 1718 548 1725 496 1718 545 1724 552 1726 435 1716 548 1725 557 1727 435 1716 552 1726 556 1728 435 1716 557 1727 564 1729 435 1716 556 1728 569 1730 435 1716 564 1729 477 1731 568 1732 576 1733 477 1731 569 1730 568 1732 477 1731 435 1716 569 1730 580 1734 477 1731 576 1733 584 1735 477 1731 580 1734 588 1736 477 1731 584 1735 592 1737 477 1731 588 1736 597 1738 477 1731 592 1737 596 1739 477 1731 597 1738 605 1740 477 1731 596 1739 604 1741 477 1731 605 1740 612 1719 477 1731 604 1741 616 1742 477 1731 612 1719 620 1743 477 1731 616 1742 524 1719 477 1731 620 1743 501 1719 477 1731 524 1719 735 1744 433 1745 388 1746 447 1747 735 1744 732 1748 447 1747 433 1745 735 1744 439 1749 473 1749 426 1749 439 1749 426 1749 392 1749 489 1750 465 1750 418 1750 489 1750 418 1750 450 1750 765 1751 766 1751 767 1751 768 1752 769 1752 770 1752 768 1753 770 1753 771 1753 768 1754 772 1754 765 1754 768 1755 767 1755 773 1755 768 1756 773 1756 769 1756 768 1757 765 1757 767 1757 774 1758 771 1758 353 1758 774 1759 353 1759 772 1759 774 1760 772 1760 768 1760 774 1761 768 1761 771 1761 775 1762 766 1763 765 1762 776 1763 775 1762 765 1762 777 1764 765 1765 772 1766 777 1764 776 1767 765 1765 351 1768 772 1768 353 1769 351 1768 777 1770 772 1768 778 1771 779 1772 780 1773 781 1774 782 1775 783 1776 784 1777 785 1778 786 1779 784 1777 786 1779 787 1780 788 1781 787 1782 779 1783 788 1781 784 1784 787 1782 788 1785 779 1772 778 1771 789 1786 790 1787 785 1788 789 1789 791 1790 790 1791 789 1789 792 1792 791 1790 789 1786 785 1788 784 1793 793 1794 778 1795 783 1796 793 1797 782 1798 792 1799 793 1794 788 1800 778 1795 793 1801 789 1802 784 1803 793 1797 792 1799 789 1804 793 1801 784 1803 788 1805 793 1806 783 1776 782 1775 794 1807 795 1807 366 1807 796 1808 797 1808 798 1808 799 1809 800 1809 796 1809 799 1810 798 1810 795 1810 799 1811 794 1812 801 1813 799 1814 795 1814 794 1814 799 1815 796 1815 798 1815 802 1816 803 1816 800 1816 802 1817 801 1817 803 1817 802 1818 799 1811 801 1813 802 1819 800 1819 799 1819 798 1820 804 1821 805 1822 798 1820 797 1823 804 1821 795 1824 805 1825 806 1826 795 1824 798 1827 805 1825 366 1828 806 1828 364 1829 366 1828 795 1829 806 1828 807 1830 808 1831 809 1832 807 1833 809 1833 810 1833 811 1834 812 1834 808 1834 811 1835 808 1831 807 1830 813 1836 811 1837 807 1838 814 1839 811 1837 813 1836 815 1840 814 1840 813 1840 816 1841 817 1841 352 1841 818 1842 819 1842 820 1842 821 1843 822 1843 823 1843 824 1844 820 1844 817 1844 824 1845 818 1845 820 1845 824 1846 817 1847 816 1848 825 1849 822 1850 818 1851 825 1852 816 1852 823 1852 825 1853 824 1846 816 1848 825 1849 818 1851 824 1854 825 1855 823 1855 822 1855 826 1856 827 1857 828 1858 829 1859 830 1860 831 1861 829 1859 831 1861 832 1862 833 1863 832 1864 834 1865 833 1866 834 1867 835 1868 833 1866 835 1868 836 1869 833 1863 829 1870 832 1864 837 1871 838 1872 830 1873 837 1874 839 1875 838 1876 837 1874 840 1877 839 1875 837 1871 830 1873 829 1878 841 1879 836 1880 828 1881 841 1882 827 1883 840 1884 841 1879 833 1885 836 1880 841 1886 837 1887 829 1888 841 1886 829 1888 833 1889 841 1882 840 1884 837 1890 841 1891 828 1858 827 1857 786 1892 835 1893 787 1893 787 839 834 1894 779 1895 835 1893 834 1892 787 1893 779 844 832 1896 780 1897 834 1894 832 1898 779 1895 832 1896 831 1899 780 1897 156 1900 826 1900 828 1900 137 1901 156 1901 828 1901 138 1902 828 1902 836 1902 138 1903 137 1903 828 1903 842 1904 836 1904 835 1904 842 1905 138 1905 836 1905 843 1906 844 1907 845 1908 846 1909 847 1910 848 1911 849 1912 850 1913 365 1914 849 1915 851 1916 850 1917 849 1912 365 1914 852 1918 853 1919 852 1920 844 1921 853 1919 849 1922 852 1920 853 1923 844 1907 843 1906 854 1924 855 1925 851 1926 854 1924 856 1927 855 1925 854 1928 851 1916 849 1915 857 1929 843 1930 848 1931 857 1932 847 1933 856 1934 857 1929 853 1935 843 1930 857 1936 854 1937 849 1938 857 1936 849 1938 853 1939 857 1932 856 1934 854 1940 857 1941 848 1911 847 1910 858 1942 859 1942 860 1942 861 1943 862 1943 863 1943 864 1944 860 1945 862 1946 864 1944 858 1947 860 1945 865 1948 864 1949 862 1950 865 1948 862 1950 861 1951 866 1952 864 1952 865 1952 863 1953 810 1954 809 1955 861 1956 809 1957 808 1956 861 1958 863 1953 809 1955 865 1959 808 1959 812 1959 865 1957 861 1956 808 1956 866 1959 865 1959 812 1959 867 1960 868 1960 354 1960 869 1961 870 1961 871 1961 872 1962 873 1962 874 1962 875 1963 871 1963 868 1963 875 1964 869 1964 871 1964 875 1965 868 1966 867 1967 876 1968 867 1968 874 1968 876 1969 873 1970 869 1971 876 1972 875 1965 867 1967 876 1969 869 1971 875 1973 876 1974 874 1974 873 1974 867 1975 354 1976 352 1977 867 1975 352 1977 817 1978 874 1979 817 1980 820 1981 874 1979 867 1982 817 1980 872 1983 820 1983 819 1984 872 1983 874 1984 820 1983 839 1985 870 1986 869 1987 838 1988 869 1989 873 1990 838 1991 839 1985 869 1987 830 1992 873 1993 872 1994 830 1995 838 1988 873 1990 831 1996 830 1992 872 1994 877 1997 878 1998 879 1999 880 2000 881 2001 882 2002 880 2000 882 2002 883 2003 884 2004 883 2005 885 2006 884 2007 885 2008 367 2009 884 2007 367 2009 886 2010 884 2004 880 2011 883 2005 887 2012 888 2013 881 2014 887 2015 889 2016 888 2017 887 2015 890 2018 889 2016 887 2012 881 2014 880 2019 891 2020 886 2021 879 2022 891 2023 878 2024 890 2025 891 2020 884 2026 886 2021 891 2027 887 2028 880 2029 891 2027 880 2029 884 2030 891 2023 890 2025 887 2031 891 2032 879 1999 878 1998 365 2033 367 2034 852 2035 852 2036 885 2037 844 2037 367 2034 885 2038 852 2035 844 2039 883 2040 845 2040 885 2037 883 2036 844 2037 883 2040 882 2039 845 2040 892 2041 893 2041 894 2041 895 2042 896 2042 355 2042 895 2043 355 2043 897 2043 898 2044 899 2044 900 2044 898 2045 900 2045 894 2045 898 2046 893 2046 896 2046 898 2047 897 2047 901 2047 898 2048 901 2048 899 2048 898 2049 896 2049 895 2049 898 2050 895 2050 897 2050 898 2051 894 2051 893 2051 893 2052 902 2053 903 2054 893 2052 892 2055 902 2053 896 2056 903 2057 904 2058 896 2056 893 2059 903 2057 355 2060 904 2061 350 2062 355 2060 896 2063 904 2061 870 2064 899 2065 901 2065 871 2066 901 2067 897 2067 871 2068 870 2064 901 2065 868 2069 871 2066 897 2067 354 2070 897 2071 355 2072 354 2070 868 2073 897 2071 905 2074 906 2074 369 2074 907 2075 908 2075 909 2075 910 2076 911 2076 912 2076 910 2077 913 2077 911 2077 914 2078 912 2079 906 2080 914 2081 905 2081 909 2081 914 2082 908 2082 913 2082 914 2078 910 2083 912 2079 914 2084 906 2084 905 2084 914 2085 913 2085 910 2085 914 2086 909 2086 908 2086 915 2087 907 2088 909 2089 916 2090 909 2091 905 2092 916 2093 915 2087 909 2089 917 2094 905 2095 369 2094 917 2096 916 2090 905 2092 368 2097 917 2094 369 2094 918 2098 908 2099 907 2100 899 2101 919 2102 900 2103 920 2104 908 2099 918 2098 921 2105 922 2106 911 2107 921 2108 913 2109 908 2110 921 2105 911 2107 913 2111 921 2108 908 2110 920 2112 923 2113 918 2114 924 2115 923 2113 920 2116 918 2114 925 2117 920 2118 923 2119 925 2120 926 2121 922 2106 925 2117 921 2122 920 2118 925 2120 922 2106 921 2105 927 2123 924 2124 928 2125 927 2123 923 2126 924 2124 929 2127 930 2128 926 2121 929 2129 923 2130 927 2131 929 2127 926 2121 925 2120 929 2129 925 2132 923 2130 931 2133 928 2134 932 2135 931 2133 927 2136 928 2134 933 2137 934 2138 930 2128 933 2139 927 2140 931 2141 933 2137 930 2128 929 2127 933 2139 929 2142 927 2140 935 2143 931 2144 932 2145 935 2143 932 2145 936 2146 935 2147 933 2148 931 2149 937 2150 938 2151 934 2138 937 2150 934 2138 933 2137 937 2152 933 2148 935 2147 939 2153 936 2154 940 2155 939 2156 940 2157 941 2158 939 2153 935 2159 936 2154 939 2160 937 2161 935 2162 942 2163 943 2164 938 2151 942 2163 938 2151 937 2150 942 2165 937 2161 939 2160 944 2166 939 2156 941 2158 945 2167 943 2164 942 2163 945 2167 946 2168 943 2164 945 2169 942 2170 939 2171 945 2169 939 2171 944 2172 947 2173 941 2174 948 2175 947 2173 944 2176 941 2174 949 2177 945 2178 944 2179 949 2180 950 2181 946 2168 949 2180 946 2168 945 2167 949 2177 944 2179 947 2182 951 2183 947 2184 948 2185 951 2183 948 2185 952 2186 953 2187 954 2188 950 2181 953 2189 949 2190 947 2191 953 2187 950 2181 949 2180 953 2189 947 2191 951 2192 955 2193 953 2194 951 2195 955 2196 952 2197 956 2198 955 2196 951 2199 952 2197 957 2200 958 2201 954 2188 957 2202 953 2194 955 2193 957 2200 954 2188 953 2187 959 2203 956 2204 960 2205 959 2206 960 2207 961 2208 959 2203 955 2209 956 2204 962 2210 955 2211 959 2212 962 2213 963 2214 958 2201 962 2213 958 2201 957 2200 962 2210 957 2215 955 2211 964 2216 959 2206 961 2208 965 2217 962 2218 959 2219 965 2220 966 2221 963 2214 965 2217 959 2219 964 2222 965 2220 963 2214 962 2213 967 2223 964 2224 961 2225 967 2223 961 2225 968 2226 969 2227 970 2228 966 2221 969 2227 966 2221 965 2220 969 2229 964 2230 967 2231 969 2229 965 2232 964 2230 971 2233 968 2234 972 2235 971 2233 967 2236 968 2234 973 2237 974 2238 970 2228 973 2237 970 2228 969 2227 973 2239 969 2240 967 2241 973 2239 967 2241 971 2242 975 2243 972 2244 976 2245 975 2246 976 2247 977 2248 975 2243 971 2249 972 2244 978 2250 979 2251 974 2238 978 2250 974 2238 973 2237 978 2252 973 2253 971 2254 978 2252 971 2254 975 2255 980 2256 975 2246 977 2248 981 2257 975 2258 980 2259 981 2260 982 2261 979 2251 981 2257 978 2262 975 2258 981 2260 979 2251 978 2250 983 2263 980 2264 977 2265 983 2263 977 2265 984 2266 983 2267 984 2268 985 2269 986 2270 982 2261 981 2260 986 2270 987 2271 982 2261 986 2272 981 2273 980 2274 986 2272 980 2274 983 2275 988 2276 983 2267 985 2269 988 2277 985 2278 989 2279 990 2280 987 2271 986 2270 990 2280 991 2281 987 2271 990 2282 983 2283 988 2284 990 2282 986 2285 983 2283 992 2286 988 2277 989 2279 993 2287 994 2288 991 2281 993 2287 991 2281 990 2280 993 2289 990 2290 988 2291 993 2289 988 2291 992 2292 995 2293 992 2294 989 2295 995 2293 989 2295 996 2296 995 2297 996 2298 997 2299 998 2300 999 2301 994 2288 998 2302 993 2303 992 2304 998 2300 994 2288 993 2287 998 2302 992 2304 995 2305 1000 2306 995 2297 997 2299 1001 2307 1002 2308 1003 2309 1001 2307 1003 2309 999 2301 1001 2307 999 2301 998 2300 1001 2310 998 2311 995 2312 1001 2310 995 2312 1000 2313 1004 2314 1000 2315 997 2316 1004 2314 997 2316 1005 2317 1006 2318 1007 2319 1002 2308 1006 2320 1001 2321 1000 2322 1006 2318 1002 2308 1001 2307 1006 2320 1000 2322 1004 2323 1008 2324 1004 2325 1005 2326 1008 2327 1006 2328 1004 2329 1008 2324 1005 2326 1009 2330 1010 2331 1007 2319 1006 2318 1010 2332 1006 2328 1008 2327 1011 2333 1008 2334 1009 2335 1011 2336 1010 2337 1008 2338 1011 2333 1009 2335 1012 2339 1013 2340 919 2102 1014 2341 1013 2340 1014 2341 1007 2319 1013 2340 1007 2319 1010 2331 1013 2342 1010 2337 1011 2336 1015 2343 892 2344 894 2345 1015 2346 1011 2347 1012 2348 1015 2346 1012 2348 1016 2349 1015 2343 1016 2350 892 2344 1017 2351 894 2352 900 2353 1017 2354 919 2102 1013 2340 1017 2355 1013 2356 1011 2357 1017 2351 1015 2358 894 2352 1017 2355 1011 2357 1015 2359 1017 2354 900 2103 919 2102 911 2360 877 2361 879 2362 912 2363 911 2360 879 2362 906 2364 879 2365 886 2366 906 2364 912 2367 879 2365 369 2368 886 2369 367 2370 369 2368 906 2371 886 2369 888 2372 889 2373 859 2374 888 2372 859 2374 858 2375 881 2376 864 2377 866 2378 881 2379 858 2380 864 2381 881 2379 888 2382 858 2380 882 2383 881 2376 866 2378 1018 2384 863 2384 862 2384 9 2385 862 2385 860 2385 9 2386 1018 2386 862 2386 12 2387 9 2387 860 2387 155 2388 860 2388 859 2388 155 2389 12 2389 860 2389 814 2390 815 2391 846 2392 814 2390 846 2392 848 2393 814 2394 848 2395 843 2396 811 2397 814 2394 843 2396 812 2398 843 2399 845 2400 812 2398 811 2401 843 2399 855 2402 803 2403 801 2404 851 2405 855 2402 801 2404 850 2406 794 2407 366 2408 850 2409 801 2410 794 2411 850 2409 851 2412 801 2410 365 2413 850 2406 366 2408 769 2414 821 2415 823 2415 770 2416 823 2417 816 2418 770 2414 769 2414 823 2415 771 2419 816 2420 352 2421 771 2422 770 2416 816 2418 353 2423 771 2419 352 2421 822 2424 821 2425 781 2426 822 2424 781 2426 783 2427 822 2428 783 2429 778 2430 818 2431 822 2428 778 2430 819 2432 778 2433 780 2434 819 2432 818 2435 778 2433 1019 2436 1020 2437 815 2438 1019 2436 815 2438 813 2439 1021 2440 813 2441 807 2442 1021 2440 1019 2440 813 2441 1022 2443 807 2444 810 2445 1022 2443 1021 2446 807 2444 1022 2447 1023 2447 1021 2447 1021 2448 1024 2448 1019 2448 1019 2449 1024 2449 1020 2449 1023 2450 1024 2450 1021 2450 1023 2451 1025 2451 1024 2451 1023 2452 1026 2452 1025 2452 796 2453 1027 2454 797 2455 1028 2456 767 2457 766 2458 1028 2456 766 2458 1029 2459 1030 2460 1031 2461 769 2462 1030 2463 773 2464 767 2465 1030 2460 769 2462 773 2466 1030 2463 767 2465 1028 2467 1032 2468 1029 2469 1033 2470 1032 2468 1028 2471 1029 2469 1034 2472 1028 2473 1032 2474 1034 2472 1030 2475 1028 2473 1034 2476 1035 2477 1031 2461 1034 2476 1031 2461 1030 2460 1036 2478 1032 2479 1033 2480 1036 2478 1033 2480 1037 2481 1038 2482 1039 2483 1035 2477 1038 2484 1032 2485 1036 2486 1038 2482 1035 2477 1034 2476 1038 2484 1034 2487 1032 2485 1040 2488 1037 2489 1041 2490 1040 2488 1036 2491 1037 2489 1042 2492 1038 2493 1036 2494 1042 2495 1043 2496 1039 2483 1042 2492 1036 2494 1040 2497 1042 2495 1039 2483 1038 2482 1044 2498 1041 2499 1045 2500 1044 2498 1040 2501 1041 2499 1046 2502 1047 2503 1048 2504 1046 2502 1048 2504 1043 2496 1046 2502 1043 2496 1042 2495 1046 2505 1040 2506 1044 2507 1046 2505 1042 2508 1040 2506 1049 2509 1045 2510 1050 2511 1049 2509 1044 2512 1045 2510 1049 2513 1046 2514 1044 2515 1051 2516 1046 2514 1049 2513 1051 2517 1047 2503 1046 2502 1052 2518 1051 2519 1049 2520 1052 2521 1050 2522 1053 2523 1052 2521 1049 2524 1050 2522 1054 2525 1055 2526 1047 2503 1054 2525 1047 2503 1051 2517 1054 2527 1051 2519 1052 2518 1056 2528 1053 2529 1057 2530 1056 2531 1054 2532 1052 2533 1056 2528 1052 2534 1053 2529 1058 2535 1059 2536 1055 2526 1058 2535 1055 2526 1054 2525 1058 2537 1054 2532 1056 2531 1060 2538 1057 2539 1061 2540 1060 2538 1056 2541 1057 2539 1062 2542 1063 2543 1059 2536 1062 2542 1059 2536 1058 2535 1062 2544 1056 2545 1060 2546 1062 2544 1058 2547 1056 2545 1064 2548 1061 2549 1065 2550 1064 2548 1060 2551 1061 2549 1066 2552 1067 2553 1063 2543 1066 2554 1062 2555 1060 2556 1066 2552 1063 2543 1062 2542 1066 2554 1060 2556 1064 2557 1068 2558 1064 2559 1065 2560 1068 2558 1065 2560 1069 2561 1070 2562 1064 2563 1068 2564 1070 2565 1071 2566 1067 2553 1070 2562 1066 2567 1064 2563 1070 2565 1067 2553 1066 2552 1072 2568 1070 2569 1068 2570 1072 2571 1068 2572 1069 2573 1072 2571 1069 2573 1073 2574 1074 2575 1075 2576 1071 2566 1074 2575 1071 2566 1070 2565 1074 2577 1070 2569 1072 2568 1076 2578 1073 2579 1077 2580 1076 2578 1072 2581 1073 2579 1078 2582 1075 2576 1074 2575 1078 2582 1079 2583 1075 2576 1078 2584 1074 2585 1072 2586 1078 2584 1072 2586 1076 2587 1080 2588 1077 2589 1081 2590 1080 2588 1076 2591 1077 2589 1082 2592 1079 2583 1078 2582 1082 2592 1083 2593 1079 2583 1082 2594 1078 2595 1076 2596 1082 2594 1076 2596 1080 2597 1084 2598 1081 2599 1085 2600 1084 2598 1080 2601 1081 2599 1084 2602 1082 2603 1080 2604 1086 2605 1087 2606 1088 2607 1086 2605 1088 2607 1083 2593 1086 2605 1083 2593 1082 2592 1086 2608 1082 2603 1084 2602 1089 2609 1085 2610 1090 2611 1089 2609 1084 2612 1085 2610 1089 2613 1086 2614 1084 2615 1091 2616 1087 2606 1086 2605 1091 2617 1086 2614 1089 2613 1092 2618 1089 2619 1090 2620 1092 2618 1090 2620 1093 2621 1094 2622 1087 2606 1091 2616 1094 2623 1091 2624 1089 2625 1094 2623 1089 2625 1092 2626 1094 2622 1095 2627 1087 2606 1096 2628 1092 2629 1093 2630 1096 2628 1093 2630 1097 2631 1098 2632 1092 2633 1096 2634 1098 2635 1099 2636 1095 2627 1098 2635 1095 2627 1094 2622 1098 2632 1094 2637 1092 2633 1100 2638 1096 2639 1097 2640 1100 2638 1097 2640 1101 2641 1102 2642 1103 2643 1099 2636 1102 2644 1098 2645 1096 2646 1102 2642 1099 2636 1098 2635 1102 2644 1096 2646 1100 2647 1104 2648 1100 2649 1101 2650 1104 2648 1101 2650 1105 2651 1106 2652 1107 2653 1103 2643 1106 2652 1103 2643 1102 2642 1106 2654 1102 2655 1100 2656 1106 2654 1100 2656 1104 2657 1108 2658 1104 2659 1105 2660 1108 2661 1106 2662 1104 2663 1108 2658 1105 2660 1109 2664 1110 2665 1111 2666 1112 2667 1110 2665 1112 2667 1107 2653 1110 2665 1107 2653 1106 2652 1110 2668 1106 2662 1108 2661 1113 2669 1108 2670 1109 2671 1113 2672 1110 2673 1108 2674 1113 2669 1109 2671 1114 2675 1115 2676 1111 2666 1110 2665 1115 2677 1110 2673 1113 2672 1116 2678 1113 2679 1114 2680 1116 2678 1114 2680 1117 2681 1118 2682 1119 2683 1111 2666 1118 2682 1111 2666 1115 2676 1118 2684 1115 2685 1113 2686 1118 2684 1113 2686 1116 2687 1120 2688 1116 2689 1117 2690 1120 2691 1118 2692 1116 2693 1120 2688 1117 2690 1121 2694 1122 2695 1123 2696 1119 2683 1122 2695 1119 2683 1118 2682 1122 2697 1118 2692 1120 2691 1124 2698 1120 2699 1121 2700 1124 2698 1121 2700 1027 2701 1124 2702 1027 2454 796 2453 1125 2703 800 2704 803 2705 1125 2706 796 2707 800 2708 1125 2703 803 2705 1126 2709 1125 2703 1126 2709 1123 2696 1125 2703 1123 2696 1122 2695 1125 2710 1122 2711 1120 2712 1125 2706 1124 2713 796 2707 1125 2710 1120 2712 1124 2714 1127 2715 1128 2715 1129 2715 1130 2716 1131 2716 1127 2716 1127 2717 1132 2717 1128 2717 1131 2718 1132 2718 1127 2718 1131 2719 1133 2719 1132 2719 1133 2720 1134 2720 1132 2720 790 2721 1134 2722 1133 2723 790 2721 791 2724 1134 2722 785 2725 1133 2726 1131 2727 785 2725 790 2728 1133 2726 786 2729 1131 2730 1130 2731 786 2729 785 2732 1131 2730 902 2733 1016 2734 1135 2735 892 2736 1016 2734 902 2733 1135 2737 1012 2738 1136 2739 1016 2740 1012 2738 1135 2737 1136 2741 1009 2742 1137 2743 1012 2744 1009 2742 1136 2741 1137 2745 1005 2746 1138 2747 1009 2748 1005 2746 1137 2745 1138 2749 997 2750 1139 2751 1005 2752 997 2750 1138 2749 1139 2753 996 2754 1140 2755 997 2756 996 2754 1139 2753 1140 2757 989 2758 1141 2759 996 2760 989 2758 1140 2757 1141 2761 985 2762 1142 2761 989 2762 985 2762 1141 2761 1142 2763 984 2763 1143 2764 985 2764 984 2763 1142 2763 1143 2765 977 2766 1144 2767 984 2768 977 2766 1143 2765 1144 2769 976 2770 1145 2771 977 2772 976 2770 1144 2769 976 2773 972 2774 1145 2775 1145 2775 972 2774 1146 2776 972 2777 968 2778 1146 2779 1146 2779 968 2778 1147 2778 1147 2780 961 2781 1148 2782 968 2783 961 2781 1147 2780 961 2784 960 2785 1148 2786 1148 2786 960 2785 1149 2787 1149 2788 956 2789 1150 2790 960 2791 956 2789 1149 2788 1150 2792 952 2793 1151 2794 956 2795 952 2793 1150 2792 1151 2796 948 2797 1152 2798 952 2799 948 2797 1151 2796 1152 2800 941 2801 1153 2802 948 2803 941 2801 1152 2800 1153 2804 940 2805 1154 2806 941 2807 940 2805 1153 2804 1154 2808 936 2809 1155 2810 940 2811 936 2809 1154 2808 1155 2812 932 2813 1156 2814 936 2815 932 2813 1155 2812 1156 2816 928 2817 1157 2818 932 2819 928 2817 1156 2816 1157 2820 924 2821 1158 2822 1158 2823 924 2824 1159 2825 928 2826 924 2821 1157 2820 924 2824 918 2827 1159 2825 1159 2828 907 2829 915 2830 918 2831 907 2829 1159 2828 870 2832 919 2833 899 2834 870 2832 1014 2835 919 2833 870 2832 1007 2836 1014 2835 870 2832 1002 2837 1007 2836 870 2832 1003 2838 1002 2837 870 2832 999 2839 1003 2838 870 2832 994 2840 999 2839 870 2832 991 2841 994 2840 870 2832 987 2842 991 2841 870 2832 982 2843 987 2842 870 2832 979 2844 982 2843 870 2832 974 2845 979 2844 970 2846 974 2845 870 2832 966 2847 970 2846 870 2832 963 2848 966 2847 870 2832 877 2849 934 1719 938 2850 877 2849 930 2851 934 1719 877 2849 926 2852 930 2851 877 2849 922 2853 926 2852 877 2849 911 2854 922 2853 878 2855 938 2850 943 2856 878 2855 877 2849 938 2850 839 2857 890 2858 878 2855 839 2857 889 2859 890 2858 839 2857 958 2860 963 2848 839 2857 954 2861 958 2860 839 2857 950 2862 954 2861 839 2857 946 2863 950 2862 839 2857 943 2856 946 2863 839 2857 878 2855 943 2856 839 2857 963 2848 870 2832 840 2864 889 2859 839 2857 827 2865 889 2859 840 2864 859 2866 889 2859 827 2865 859 2866 827 2865 826 2867 156 2868 155 2869 859 2866 156 2868 859 2866 826 2867 1130 2870 835 2871 786 2872 842 2873 1130 2870 1127 2874 842 2873 835 2871 1130 2870 831 1750 872 1750 819 1750 831 1750 819 1750 780 1750 882 1749 866 1749 812 1749 882 1749 812 1749 845 1749 734 2875 733 2876 631 2877 631 2877 733 2876 630 2878 630 2879 737 2880 629 2879 733 2881 737 2880 630 2879 629 2882 739 2883 624 2884 737 2885 739 2883 629 2882 1160 2886 1161 2887 1162 2888 1160 2886 1162 2888 159 2889 281 2890 1160 2890 159 2890 1163 2891 1160 2891 281 2891 1164 2892 1163 2892 281 2892 284 2893 1164 2893 281 2893 1165 2894 1164 2894 284 2894 1166 2895 1165 2895 284 2895 286 2896 1166 2896 284 2896 1167 2897 1166 2897 286 2897 1168 2898 286 2898 287 2898 1168 2899 1167 2899 286 2899 1169 2900 287 2900 289 2900 1169 2901 1168 2901 287 2901 1170 2902 1169 2902 289 2902 295 2903 447 2903 293 2903 1171 2904 289 2904 293 2904 1171 2905 1170 2905 289 2905 732 2906 1171 2906 293 2906 732 2907 293 2907 447 2907 1172 2908 732 2908 734 2908 1172 2909 1171 2909 732 2909 1172 2910 734 2911 631 2912 1172 2910 631 2912 1173 2913 184 2914 1174 2914 1175 2914 180 2915 1175 2915 1176 2915 180 2916 184 2916 1175 2916 178 2917 1176 2917 1177 2917 178 2918 180 2918 1176 2918 177 2919 1177 2919 1178 2919 177 2920 1178 2920 1179 2920 177 2921 178 2921 1177 2921 175 2922 1179 2922 1180 2922 175 2923 1180 2923 1181 2923 175 2924 177 2924 1179 2924 172 2925 1181 2925 1182 2925 172 2926 1182 2926 1183 2926 172 2927 175 2927 1181 2927 1173 2928 628 2928 1184 2928 631 2929 628 2929 1173 2929 168 2930 1183 2930 1184 2930 168 2931 172 2931 1183 2931 168 2932 1184 2932 628 2932 623 2933 168 2933 628 2933 166 2934 168 2934 623 2934 623 2935 628 2936 627 2937 467 2938 627 2937 420 2872 467 2938 623 2935 627 2937 1026 2939 1129 2940 1025 2941 1025 2942 1128 2943 1024 2942 1129 2940 1128 2944 1025 2941 1024 2945 1132 2946 1020 2947 1128 2943 1132 2943 1024 2942 1132 2946 1134 2948 1020 2947 1185 2949 1186 2950 1187 2951 1185 2949 1187 2951 2 2952 124 2953 1185 2953 2 2953 1188 2954 1185 2954 124 2954 1189 2955 1188 2955 124 2955 127 2956 1189 2956 124 2956 1190 2957 1189 2957 127 2957 1191 2958 1190 2958 127 2958 129 2959 1191 2959 127 2959 1192 2960 1191 2960 129 2960 1193 2961 129 2961 130 2961 1193 2962 1192 2962 129 2962 1194 2963 130 2963 132 2963 1194 2964 1193 2964 130 2964 1195 2965 1194 2965 132 2965 138 2966 842 2966 136 2966 1196 2967 132 2967 136 2967 1196 2968 1195 2968 132 2968 1127 2969 1196 2969 136 2969 1127 2970 136 2970 842 2970 1197 2971 1127 2971 1129 2971 1197 2972 1196 2972 1127 2972 1026 2973 1198 2974 1197 2975 1026 2973 1197 2975 1129 2976 27 2977 1199 2977 1200 2977 23 2978 1200 2978 1201 2978 23 2979 27 2979 1200 2979 21 2980 1201 2980 1202 2980 21 2981 23 2981 1201 2981 20 2982 1202 2982 1203 2982 20 2983 1203 2983 1204 2983 20 2984 21 2984 1202 2984 18 2985 1204 2985 1205 2985 18 2986 1205 2986 1206 2986 18 2987 20 2987 1204 2987 15 2988 1206 2988 1207 2988 15 2989 1207 2989 1208 2989 15 2990 18 2990 1206 2990 1198 2991 1023 2991 1209 2991 1026 2992 1023 2992 1198 2992 11 2993 1208 2993 1209 2993 11 2994 15 2994 1208 2994 11 2995 1209 2995 1023 2995 1018 2996 11 2996 1023 2996 9 2997 11 2997 1018 2997 1018 2998 1023 2999 1022 3000 863 3001 1022 3000 810 3002 863 3001 1018 2998 1022 3000 161 3003 157 3004 1210 3005 1210 3005 157 3004 1211 3006 161 3007 1210 3008 164 3009 1210 3008 1212 3010 164 3009 1210 3008 1213 3011 1212 3010 1214 3012 1211 3013 1162 3014 1162 3014 1211 3013 159 3015 1211 3013 157 3016 159 3015 1213 3017 1214 3018 1212 3019 1212 3019 1214 3018 1162 3020 4 3021 1215 3022 1216 3023 4 3021 0 3024 1215 3022 1217 3025 1215 3026 1187 3027 1187 3027 1215 3026 2 3028 1215 3026 0 3029 2 3028 1218 3030 1187 3031 1219 3032 1218 3030 1217 3033 1187 3031 4 3034 1216 3035 7 3036 1216 3035 1219 3037 7 3036 1216 3035 1218 3038 1219 3037 1220 3039 1221 3040 305 3041 305 3041 1221 3040 302 3042 302 3043 1222 3044 301 3045 1221 3046 1222 3044 302 3043 301 3047 1223 3048 300 3049 1222 3050 1223 3048 301 3047 300 3051 1224 3052 296 3053 1223 3054 1224 3052 300 3051 296 3055 1225 3056 297 3057 1224 3058 1225 3056 296 3055 297 3059 1226 3060 298 3061 1225 3062 1226 3060 297 3059 298 3063 1227 3064 299 3065 1226 3066 1227 3064 298 3063 299 3067 1220 3068 305 3069 1227 3070 1220 3068 299 3067 309 3071 1228 3072 310 3073 310 3074 1229 3075 311 3076 1228 3072 1229 3077 310 3073 311 3078 1230 3079 307 3080 1229 3075 1230 3081 311 3076 307 3082 1231 3083 304 3084 1230 3079 1231 3085 307 3080 304 3086 1232 3087 303 3088 1231 3083 1232 3089 304 3084 303 3090 1233 3091 306 3092 1232 3087 1233 3093 303 3088 306 3094 1234 3095 308 3096 1233 3091 1234 3097 306 3092 308 3098 1235 3099 309 3100 1234 3095 1235 3101 308 3096 1235 3099 1228 3102 309 3100 1236 3103 1237 3104 141 3105 141 3105 1237 3104 140 3106 140 3107 1238 3108 139 3109 1237 3110 1238 3108 140 3107 139 3111 1239 3112 142 3113 1238 3114 1239 3112 139 3111 142 3115 1240 3116 147 3117 1239 3118 1240 3116 142 3115 147 3119 1241 3120 149 3121 1240 3122 1241 3120 147 3119 149 3123 1242 3124 143 3125 1241 3126 1242 3124 149 3123 143 3127 1243 3128 144 3129 1242 3130 1243 3128 143 3127 144 3131 1236 3132 141 3133 1243 3134 1236 3132 144 3131 1244 3135 1245 3136 146 3137 146 3137 1245 3136 145 3138 145 3139 1246 3140 148 3141 1245 3142 1246 3140 145 3139 148 3143 1247 3144 150 3145 1246 3146 1247 3144 148 3143 150 3147 1248 3148 152 3149 1247 3150 1248 3148 150 3147 152 3151 1249 3152 153 3153 1248 3154 1249 3152 152 3151 153 3155 1250 3156 154 3157 1249 3158 1250 3156 153 3155 154 3159 1251 3160 151 3161 1250 3162 1251 3160 154 3159 151 3163 1244 3164 146 3165 1251 3166 1244 3164 151 3163 1252 3167 1253 3168 1254 3169 1252 3167 1255 3170 1253 3168 1256 3171 1257 3172 1258 3173 1258 3174 1259 3175 1260 3176 1257 3172 1259 3177 1258 3173 1260 3178 1261 3179 1262 3180 1259 3175 1261 3181 1260 3176 1262 3182 1263 3183 1264 3184 1261 3179 1263 3185 1262 3180 1263 3183 1265 3186 1264 3184 1264 3187 1266 3188 1267 3189 1265 3190 1266 3188 1264 3187 1267 3191 1268 3192 1269 3193 1266 3194 1268 3192 1267 3191 1269 3195 1270 3196 1271 3197 1268 3198 1270 3196 1269 3195 1271 3199 1272 3200 1273 3201 1270 3202 1272 3200 1271 3199 1273 3203 1252 3204 1254 3205 1272 3206 1252 3204 1273 3203 1274 3207 1256 3208 1275 3209 1274 3207 1257 3210 1256 3208 1276 3211 1277 3212 1278 3213 1278 3214 1279 3215 1280 3216 1277 3212 1279 3217 1278 3213 1280 3218 1281 3219 1282 3220 1279 3215 1281 3221 1280 3216 1282 3222 1283 3223 1284 3224 1281 3219 1283 3225 1282 3220 1284 3226 1285 3227 1286 3228 1283 3223 1285 3229 1284 3224 1286 3230 1287 3231 1288 3232 1285 3227 1287 3233 1286 3228 1288 3234 1289 3235 1290 3236 1287 3231 1289 3237 1288 3232 1290 3238 1291 3239 1292 3240 1289 3235 1291 3241 1290 3236 1292 3242 1293 3243 1275 3244 1291 3239 1293 3245 1292 3240 1293 3243 1274 3246 1275 3244 1294 3247 1277 3248 1295 3248 1295 3248 1277 3248 1276 3249 1213 3250 1296 3251 1297 3252 1210 3253 1298 3254 1213 3250 1213 3250 1298 3254 1296 3251 1296 3255 1299 3256 1300 3257 1298 3258 1299 3256 1296 3255 1300 3259 1301 3260 1302 3261 1299 3262 1301 3260 1300 3259 1302 3263 1303 3264 1304 3265 1304 3266 1303 3267 1305 3268 1301 3269 1303 3264 1302 3263 1305 3270 1306 3271 1307 3272 1303 3267 1306 3273 1305 3268 1307 3274 1308 3275 1309 3276 1306 3271 1308 3277 1307 3272 1309 3278 1310 3279 1311 3280 1308 3275 1310 3281 1309 3276 1311 3282 1312 3283 1295 3284 1310 3279 1312 3285 1311 3280 1312 3283 1294 3286 1295 3284 1313 3287 1211 3288 1214 3289 1214 3289 1297 3290 1314 3291 1214 3289 1213 3292 1297 3290 1314 3291 1313 3287 1214 3289 1253 3293 1255 3294 1315 3295 1315 3296 1316 3297 1317 3298 1255 3294 1316 3299 1315 3295 1317 3300 1318 3301 1319 3302 1316 3297 1318 3303 1317 3298 1319 3304 1320 3305 1321 3306 1318 3301 1320 3307 1319 3302 1321 3308 1322 3309 1323 3310 1320 3305 1322 3311 1321 3306 1323 3312 1324 3313 1325 3314 1322 3309 1324 3315 1323 3310 1325 3316 1326 3317 1327 3318 1324 3313 1326 3319 1325 3314 1327 3320 1328 3321 1329 3322 1326 3317 1328 3323 1327 3318 1328 3321 1330 3324 1329 3322 1329 3325 1313 3326 1314 3327 1330 3328 1313 3326 1329 3325 1293 3329 1291 3330 1289 3331 1277 3332 1281 3333 1279 3334 1277 3332 1283 3335 1281 3333 1277 3332 1285 3336 1283 3335 1277 3332 1287 3337 1285 3336 1277 3332 1289 3331 1287 3337 1274 3338 1289 3331 1277 3332 1274 3338 1293 3329 1289 3331 1226 3339 1274 3338 1277 3332 1226 3339 1225 3340 1274 3338 1224 3341 1274 3338 1225 3340 1227 3342 1226 3339 1277 3332 1294 3343 1227 3342 1277 3332 1257 3344 1224 3341 1223 3345 1257 3344 1223 3345 1222 3346 1257 3344 1274 3338 1224 3341 1261 3347 1259 3348 1257 3344 1263 3349 1261 3347 1257 3344 1265 3350 1263 3349 1257 3344 1266 3351 1265 3350 1257 3344 1272 3352 1266 3351 1257 3344 1272 3352 1268 3353 1266 3351 1272 3352 1270 3354 1268 3353 1210 3355 1299 3356 1298 3357 1210 3355 1301 3358 1299 3356 1210 3355 1303 3359 1301 3358 1210 3355 1306 3360 1303 3359 1210 3355 1308 3361 1306 3360 1210 3355 1310 3362 1308 3361 1210 3355 1312 3363 1310 3362 1210 3355 1294 3343 1312 3363 1252 3364 1272 3352 1257 3344 1252 3364 1222 3346 1221 3365 1252 3364 1257 3344 1222 3346 1233 3366 1227 3342 1294 3343 1234 3367 1294 3343 1210 3355 1234 3367 1233 3366 1294 3343 1232 3368 1227 3342 1233 3366 1232 3368 1220 3369 1227 3342 1235 3370 1234 3367 1210 3355 1231 3371 1220 3369 1232 3368 1231 3371 1221 3365 1220 3369 1228 3372 1235 3370 1210 3355 1211 3373 1228 3372 1210 3355 1211 3373 1230 3374 1229 3375 1211 3373 1229 3375 1228 3372 1255 3376 1211 3373 1313 3377 1255 3376 1221 3365 1231 3371 1255 3376 1230 3374 1211 3373 1255 3376 1231 3371 1230 3374 1255 3376 1252 3364 1221 3365 1316 3378 1255 3376 1313 3377 1328 3379 1313 3377 1330 3380 1322 3381 1318 3382 1316 3378 1322 3381 1320 3383 1318 3382 1322 3381 1326 3384 1324 3385 1322 3381 1328 3379 1326 3384 1322 3381 1316 3378 1313 3377 1322 3381 1313 3377 1328 3379 1331 3386 1215 3387 1217 3388 1217 3388 1332 3389 1333 3390 1217 3388 1218 3391 1332 3389 1333 3390 1331 3386 1217 3388 1334 3392 1335 3393 1336 3394 1336 3395 1337 3396 1338 3397 1335 3393 1337 3398 1336 3394 1338 3399 1339 3400 1340 3401 1337 3396 1339 3402 1338 3397 1340 3403 1341 3404 1342 3405 1339 3400 1341 3406 1340 3401 1342 3407 1343 3408 1344 3409 1341 3404 1343 3410 1342 3405 1344 3411 1345 3412 1346 3412 1343 3408 1345 3413 1344 3409 1346 3414 1347 3415 1348 3416 1345 3412 1347 3417 1346 3412 1348 3418 1349 3419 1350 3420 1347 3415 1349 3421 1348 3416 1350 3422 1351 3423 1333 3424 1349 3419 1351 3425 1350 3420 1351 3423 1331 3426 1333 3424 1352 3427 1334 3427 1353 3428 1352 3427 1335 3429 1334 3427 1354 3430 1355 3431 1356 3432 1356 3433 1357 3434 1358 3435 1355 3431 1357 3436 1356 3432 1358 3437 1359 3438 1360 3439 1357 3434 1359 3440 1358 3435 1360 3441 1361 3442 1362 3443 1359 3438 1361 3444 1360 3439 1362 3445 1363 3446 1364 3447 1361 3442 1363 3448 1362 3443 1364 3449 1365 3450 1366 3451 1363 3446 1365 3452 1364 3447 1366 3453 1367 3454 1368 3455 1365 3450 1367 3456 1366 3451 1368 3457 1369 3458 1370 3459 1367 3454 1369 3460 1368 3455 1370 3461 1371 3462 1353 3463 1369 3458 1371 3464 1370 3459 1371 3462 1352 3465 1353 3463 1372 3466 1354 3467 1373 3468 1372 3466 1355 3469 1354 3467 1374 3470 1375 3471 1376 3472 1376 3472 1375 3471 1377 3473 1377 3474 1378 3475 1379 3476 1375 3477 1378 3475 1377 3474 1379 3478 1380 3479 1381 3480 1378 3481 1380 3479 1379 3478 1381 3482 1382 3483 1383 3484 1380 3485 1382 3483 1381 3482 1383 3486 1384 3487 1385 3488 1382 3489 1384 3487 1383 3486 1385 3490 1386 3491 1387 3492 1384 3493 1386 3491 1385 3490 1387 3494 1388 3495 1389 3496 1386 3497 1388 3495 1387 3494 1389 3498 1390 3499 1391 3500 1388 3501 1390 3499 1389 3498 1391 3502 1372 3503 1373 3504 1390 3505 1372 3503 1391 3502 1392 3506 1374 3507 1393 3508 1393 3508 1374 3507 1376 3509 1218 3510 1394 3511 1332 3512 1216 3513 1395 3514 1218 3510 1218 3510 1395 3514 1394 3511 1394 3515 1396 3516 1397 3517 1395 3518 1396 3516 1394 3515 1397 3519 1398 3520 1399 3521 1396 3522 1398 3520 1397 3519 1399 3523 1400 3524 1401 3525 1398 3526 1400 3524 1399 3523 1401 3527 1402 3528 1403 3529 1400 3530 1402 3528 1401 3527 1403 3531 1404 3532 1405 3533 1402 3534 1404 3532 1403 3531 1405 3535 1406 3536 1407 3537 1404 3538 1406 3536 1405 3535 1407 3539 1408 3540 1409 3541 1406 3542 1408 3540 1407 3539 1409 3543 1392 3543 1393 3543 1408 3543 1392 3543 1409 3543 1380 3544 1384 3545 1382 3546 1388 3547 1386 3548 1384 3545 1375 3549 1380 3544 1378 3550 1375 3549 1384 3545 1380 3544 1372 3551 1375 3549 1374 3552 1372 3551 1390 3553 1388 3547 1372 3551 1388 3547 1384 3545 1372 3551 1384 3545 1375 3549 1248 3554 1372 3551 1249 3555 1250 3556 1372 3551 1374 3552 1250 3556 1249 3555 1372 3551 1251 3557 1250 3556 1374 3552 1355 3558 1248 3554 1247 3559 1355 3558 1247 3559 1246 3560 1355 3558 1372 3551 1248 3554 1359 3561 1357 3562 1355 3558 1402 3563 1406 3564 1404 3565 1402 3563 1408 3566 1406 3564 1363 3567 1359 3561 1355 3558 1363 3567 1361 3568 1359 3561 1400 3569 1408 3566 1402 3563 1365 3570 1363 3567 1355 3558 1398 3571 1408 3566 1400 3569 1367 3572 1365 3570 1355 3558 1371 3573 1369 3574 1367 3572 1216 3575 1396 3576 1395 3577 1216 3575 1398 3571 1396 3576 1216 3575 1408 3566 1398 3571 1216 3575 1392 3578 1408 3566 1352 3579 1367 3572 1355 3558 1352 3579 1371 3573 1367 3572 1352 3579 1246 3560 1245 3580 1352 3579 1355 3558 1246 3560 1241 3581 1374 3552 1392 3578 1241 3581 1251 3557 1374 3552 1242 3582 1392 3578 1216 3575 1242 3582 1241 3581 1392 3578 1240 3583 1251 3557 1241 3581 1240 3583 1244 3584 1251 3557 1243 3585 1242 3582 1216 3575 1239 3586 1244 3584 1240 3583 1239 3586 1245 3580 1244 3584 1236 3587 1243 3585 1216 3575 1215 3588 1236 3587 1216 3575 1215 3588 1238 3589 1237 3590 1215 3588 1237 3590 1236 3587 1335 3591 1352 3579 1245 3580 1335 3591 1245 3580 1239 3586 1335 3591 1239 3586 1238 3589 1335 3591 1238 3589 1215 3588 1331 3592 1335 3591 1215 3588 1349 3593 1331 3592 1351 3594 1339 3595 1337 3596 1335 3591 1347 3597 1335 3591 1331 3592 1347 3597 1331 3592 1349 3593 1343 3598 1341 3599 1339 3595 1343 3598 1339 3595 1335 3591 1345 3600 1343 3598 1335 3591 1345 3600 1335 3591 1347 3597 1187 3601 1186 3602 1410 3603 1219 3604 1187 3601 1410 3603 1411 3605 1219 3606 1410 3607 89 3608 7 3609 1219 3606 89 3608 1219 3606 1411 3605 119 3610 1411 3611 1412 3612 119 3610 89 3613 1411 3611 114 3614 1412 3615 1413 3616 114 3614 119 3617 1412 3615 109 3618 1413 3619 1414 3620 109 3618 114 3621 1413 3619 104 3622 1414 3623 1415 3624 104 3622 109 3625 1414 3623 99 3626 1415 3627 1416 3628 99 3626 104 3629 1415 3627 87 3630 1416 3631 1417 3632 87 3630 99 3633 1416 3631 85 3634 1417 3635 1418 3636 85 3634 87 3637 1417 3635 83 3638 1418 3639 1419 3640 83 3638 85 3641 1418 3639 82 3642 1419 3643 1420 3644 82 3642 83 3645 1419 3643 81 3646 1420 3647 1421 3648 81 3646 82 3649 1420 3647 1422 3650 32 3651 33 3652 1422 3653 29 3654 32 3655 1422 3653 1423 3656 29 3654 1424 3657 33 3658 35 3659 1424 3660 1422 3650 33 3652 1425 3661 35 3662 52 3663 1425 3664 1424 3657 35 3659 1426 3665 52 3666 57 3667 1426 3668 1425 3661 52 3663 1427 3669 57 3670 62 3671 1427 3672 1426 3665 57 3667 1428 3673 62 3674 67 3675 1428 3676 1427 3669 62 3671 1429 3677 67 3678 72 3679 1429 3680 1428 3673 67 3675 1430 3681 72 3682 38 3683 1430 3684 1429 3677 72 3679 1431 3685 38 3686 41 3687 1431 3688 1430 3681 38 3683 1432 3689 41 3690 44 3691 1432 3692 1431 3685 41 3687 1433 3693 1432 3689 44 3691 27 3694 29 3695 1423 3696 27 3694 1423 3696 1199 3697 1401 3698 1415 3699 1414 3700 1401 3698 1416 3701 1415 3699 1403 3702 1417 3703 1416 3701 1403 3702 1416 3701 1401 3698 1399 3704 1414 3700 1413 3705 1399 3704 1401 3698 1414 3700 1405 3706 1417 3703 1403 3702 1405 3706 1418 3707 1417 3703 1397 3708 1399 3704 1413 3705 1397 3708 1413 3705 1412 3709 1407 3710 1418 3707 1405 3706 1407 3710 1419 3711 1418 3707 1394 3712 1397 3708 1412 3709 1394 3712 1412 3709 1411 3713 1409 3714 1419 3711 1407 3710 1409 3714 1420 3715 1419 3711 1332 3716 1394 3712 1411 3713 1332 3716 1411 3713 1410 3717 1393 3718 1420 3715 1409 3714 1393 3718 1421 3719 1420 3715 1433 3720 1421 3719 1393 3718 1186 3721 1332 3716 1410 3717 1376 3722 1432 3723 1433 3720 1376 3722 1433 3720 1393 3718 1333 3724 1332 3716 1186 3721 1333 3724 1186 3721 1185 3725 1377 3726 1432 3723 1376 3722 1377 3726 1431 3727 1432 3723 1350 3728 1185 3725 1188 3729 1350 3728 1333 3724 1185 3725 1379 3730 1430 3731 1431 3727 1379 3730 1431 3727 1377 3726 1348 3732 1188 3729 1189 3733 1348 3732 1350 3728 1188 3729 1381 3734 1429 3735 1430 3731 1381 3734 1430 3731 1379 3730 1346 3736 1189 3733 1190 3737 1346 3736 1348 3732 1189 3733 1383 3738 1428 3739 1429 3735 1383 3738 1429 3735 1381 3734 1344 3740 1190 3737 1191 3741 1344 3740 1346 3736 1190 3737 1385 3742 1428 3739 1383 3738 1427 3743 1428 3739 1385 3742 1192 3744 1344 3740 1191 3741 1342 3745 1344 3740 1192 3744 1426 3746 1385 3742 1387 3747 1426 3746 1427 3743 1385 3742 1193 3748 1342 3745 1192 3744 1340 3749 1342 3745 1193 3748 1425 3750 1387 3747 1389 3751 1425 3750 1426 3746 1387 3747 1194 3752 1340 3749 1193 3748 1338 3753 1340 3749 1194 3752 1424 3754 1389 3751 1391 3755 1424 3754 1425 3750 1389 3751 1195 3756 1336 3757 1338 3753 1195 3756 1338 3753 1194 3752 1422 3758 1424 3754 1391 3755 1422 3758 1391 3755 1373 3759 1196 3760 1336 3757 1195 3756 1196 3760 1334 3761 1336 3757 1423 3762 1422 3758 1373 3759 1197 3763 1334 3761 1196 3760 1199 3764 1423 3762 1373 3759 1199 3764 1373 3759 1354 3765 1198 3766 1334 3761 1197 3763 1198 3766 1353 3767 1334 3761 1200 3768 1199 3764 1354 3765 1200 3768 1354 3765 1356 3769 1209 3770 1353 3767 1198 3766 1209 3770 1370 3771 1353 3767 1201 3772 1200 3768 1356 3769 1201 3772 1356 3769 1358 3773 1208 3774 1370 3771 1209 3770 1208 3774 1368 3775 1370 3771 1202 3776 1201 3772 1358 3773 1202 3776 1358 3773 1360 3777 1207 3778 1368 3775 1208 3774 1207 3778 1366 3779 1368 3775 1203 3780 1202 3776 1360 3777 1203 3780 1360 3777 1362 3781 1206 3782 1366 3779 1207 3778 1206 3782 1364 3783 1366 3779 1204 3784 1203 3780 1362 3781 1205 3785 1364 3783 1206 3782 1205 3785 1204 3784 1362 3781 1205 3785 1362 3781 1364 3783 1267 3786 1181 3787 1180 3788 1264 3789 1179 3790 1178 3791 1264 3789 1180 3788 1179 3790 1264 3789 1267 3786 1180 3788 1269 3792 1182 3793 1181 3787 1269 3792 1181 3787 1267 3786 1262 3794 1178 3791 1177 3795 1262 3794 1264 3789 1178 3791 1271 3796 1183 3797 1182 3793 1271 3796 1182 3793 1269 3792 1260 3798 1177 3795 1176 3799 1260 3798 1262 3794 1177 3795 1273 3800 1184 3801 1183 3797 1273 3800 1183 3797 1271 3796 1258 3802 1176 3799 1175 3803 1258 3802 1260 3798 1176 3799 1254 3804 1173 3805 1184 3801 1254 3804 1184 3801 1273 3800 1256 3806 1175 3803 1174 3807 1256 3806 1258 3802 1175 3803 1172 3808 1173 3805 1254 3804 1253 3809 1171 3810 1172 3808 1253 3809 1172 3808 1254 3804 1275 3811 1174 3807 1434 3812 1275 3811 1434 3812 1435 3813 1275 3811 1256 3806 1174 3807 1315 3814 1171 3810 1253 3809 1315 3814 1170 3815 1171 3810 1292 3816 1435 3813 1436 3817 1292 3816 1275 3811 1435 3813 1317 3818 1170 3815 1315 3814 1169 3819 1170 3815 1317 3818 1290 3820 1436 3817 1437 3821 1290 3820 1292 3816 1436 3817 1319 3822 1169 3819 1317 3818 1168 3823 1169 3819 1319 3822 1288 3824 1437 3821 1438 3825 1288 3824 1290 3820 1437 3821 1321 3826 1168 3823 1319 3822 1167 3827 1168 3823 1321 3826 1286 3828 1438 3825 1439 3829 1286 3828 1288 3824 1438 3825 1323 3830 1167 3827 1321 3826 1166 3831 1167 3827 1323 3830 1440 3832 1286 3828 1439 3829 1440 3832 1284 3833 1286 3828 1165 3834 1323 3830 1325 3835 1165 3834 1166 3831 1323 3830 1441 3836 1282 3837 1284 3833 1441 3836 1284 3833 1440 3832 1164 3838 1325 3835 1327 3839 1164 3838 1165 3834 1325 3835 1442 3840 1280 3841 1282 3837 1442 3840 1282 3837 1441 3836 1163 3842 1164 3838 1327 3839 1163 3842 1327 3839 1329 3843 1443 3844 1278 3845 1280 3841 1443 3844 1280 3841 1442 3840 1160 3846 1163 3842 1329 3843 1160 3846 1329 3843 1314 3847 1444 3848 1278 3845 1443 3844 1444 3848 1276 3849 1278 3845 1161 3850 1160 3846 1314 3847 1445 3851 1276 3849 1444 3848 1295 3852 1276 3849 1445 3851 1297 3853 1161 3850 1314 3847 1446 3854 1295 3852 1445 3851 1447 3855 1161 3850 1297 3853 1448 3856 1447 3855 1297 3853 1448 3856 1297 3853 1296 3857 1449 3858 1295 3852 1446 3854 1449 3858 1311 3859 1295 3852 1450 3860 1448 3856 1296 3857 1450 3860 1296 3857 1300 3861 1451 3862 1311 3859 1449 3858 1451 3862 1309 3863 1311 3859 1452 3864 1450 3860 1300 3861 1452 3864 1300 3861 1302 3865 1453 3866 1309 3863 1451 3862 1453 3866 1307 3867 1309 3863 1454 3868 1452 3864 1302 3865 1454 3868 1302 3865 1304 3869 1455 3870 1307 3867 1453 3866 1455 3870 1305 3871 1307 3867 1456 3872 1454 3868 1304 3869 1457 3873 1305 3871 1455 3870 1457 3873 1456 3872 1304 3869 1457 3873 1304 3869 1305 3871 184 3874 185 3875 1434 3874 184 3874 1434 3874 1174 2872 1435 3876 189 3877 190 3878 1435 3879 185 3880 189 3881 1435 3879 1434 3882 185 3880 1436 3883 1435 3876 190 3878 1437 3884 190 3885 192 3886 1437 3884 1436 3887 190 3885 1438 3888 192 3889 209 3890 1438 3888 1437 3891 192 3889 1439 3892 209 3893 214 3894 1439 3892 1438 3895 209 3893 1440 3896 214 3897 219 3898 1440 3896 1439 3899 214 3897 1441 3900 219 3901 224 3902 1441 3900 1440 3903 219 3901 1442 3904 224 3905 229 3906 1442 3904 1441 3907 224 3905 1443 3908 229 3909 195 3910 1443 3908 1442 3911 229 3909 1444 3912 195 3913 198 3914 1444 3912 1443 3915 195 3913 1445 3916 198 3917 201 3918 1445 3916 1444 3919 198 3917 1448 3920 1212 3921 1447 3922 246 3923 164 3924 1212 3921 246 3923 1212 3921 1448 3920 276 3925 1448 3926 1450 3927 276 3925 246 3928 1448 3926 271 3929 1450 3930 1452 3931 271 3929 276 3932 1450 3930 266 3933 1452 3934 1454 3935 266 3936 1454 3937 1456 3938 266 3933 271 3939 1452 3934 261 3940 1456 3941 1457 3942 261 3943 266 3936 1456 3938 256 3944 1457 3945 1455 3946 256 3947 261 3940 1457 3942 244 3948 1455 3949 1453 3950 244 3951 256 3944 1455 3946 242 3952 1453 3953 1451 3954 242 3955 244 3948 1453 3950 239 3956 1451 3957 1449 3958 239 3959 242 3952 1451 3954 240 3960 1449 3961 1446 3962 240 3963 239 3956 1449 3958 235 3964 240 3960 1446 3962 1162 3965 1161 3966 1447 3967 1212 3968 1162 3965 1447 3967 1433 3969 44 3970 81 3971 1433 3969 81 3971 1421 3972 235 3167 1446 3973 1445 3974 235 3167 1445 3974 201 3975 372 3976 1458 3976 632 3977 380 3977 1458 3976 372 3976 632 3978 1459 3978 637 3978 1458 3978 1459 3978 632 3978 637 3979 1460 3979 641 3980 1459 3980 1460 3979 637 3979 641 3981 1461 3982 642 3983 1460 3984 1461 3982 641 3981 642 3985 1462 3986 649 3987 1461 3988 1462 3986 642 3985 649 3989 1463 3989 653 3990 1462 3990 1463 3989 649 3989 653 3991 1464 3992 654 3993 1463 3994 1464 3992 653 3991 654 3995 1465 1640 658 1639 1464 3996 1465 1640 654 3995 658 3997 1466 3997 665 3998 1465 3998 1466 3997 658 3997 665 3999 1467 4000 669 4001 1466 4002 1467 4000 665 3999 669 4003 1468 4003 673 4004 1467 4004 1468 4003 669 4003 1468 4005 1469 4005 673 4006 673 4006 1469 4005 677 4007 1469 4008 1470 4009 677 4010 677 4010 1470 4009 678 4011 678 4012 1471 4013 685 4014 1470 4015 1471 4013 678 4012 1471 4016 1472 4016 685 4016 685 4016 1472 4016 689 4016 689 4017 1473 4018 690 4019 1472 4020 1473 4018 689 4017 690 4021 1474 4022 694 4023 1473 4024 1474 4022 690 4021 694 4025 1475 4025 701 4026 1474 4026 1475 4025 694 4025 701 4027 1476 4028 702 4029 1475 4030 1476 4028 701 4027 702 4031 1477 4031 706 4032 1476 4033 1477 4031 702 4031 706 4034 1478 4035 713 4036 1477 4037 1478 4035 706 4034 713 4038 1479 4039 714 4038 1478 4040 1479 4039 713 4038 714 4041 1480 4042 722 4043 1479 4044 1480 4042 714 4041 722 4045 1481 4046 725 4047 1480 1700 1481 4046 722 4045 725 4048 1482 4049 729 4050 1481 4051 1482 4049 725 4048 729 4052 409 1705 401 4053 1482 4052 409 1705 729 4052 739 4054 413 4055 624 4056 739 4054 396 4057 413 4055 396 4057 397 4058 413 4055 383 4059 461 4060 384 4061 384 4061 461 4060 397 4058 397 4058 461 4060 413 4055 383 4059 462 4062 461 4060 383 4059 458 4063 462 4062 457 4064 731 4065 405 4066 457 4064 727 4067 731 4065 457 4064 719 4068 727 4067 457 4064 720 4069 719 4068 458 4063 716 4070 457 4064 457 4064 716 4070 720 4069 383 4059 711 4071 458 4063 458 4063 711 4071 716 4070 383 4059 708 4072 711 4071 383 4059 704 4073 708 4072 383 4059 699 4074 704 4073 383 4059 696 4075 699 4074 383 4059 692 4076 696 4075 692 4076 422 4077 687 4078 687 4078 422 4077 683 4079 383 4059 422 4077 692 4076 422 4077 680 4080 683 4079 422 4077 675 4081 680 4080 422 4077 671 4082 675 4081 422 4077 667 4083 671 4082 422 4077 663 4084 667 4083 422 4077 660 4085 663 4084 422 4077 656 4086 660 4085 422 4077 651 4087 656 4086 422 4077 647 4088 651 4087 422 4077 644 4089 647 4088 422 4077 639 4090 644 4089 422 4077 635 4091 639 4090 422 4077 377 4092 635 4091 1483 4093 363 4094 362 4093 1483 4093 362 4093 1484 4095 1485 4096 1484 4096 1486 4097 1485 4096 1483 4098 1484 4096 1487 4099 1486 4100 1488 4101 1487 4099 1485 4102 1486 4100 1489 4103 1488 4103 1490 4104 1489 4103 1487 4105 1488 4103 1491 4106 1490 4106 1492 4107 1491 4106 1489 4108 1490 4106 1493 4109 1492 4109 1494 4110 1493 4109 1491 4111 1492 4109 1495 4112 1493 4113 1494 4112 1495 4112 1494 4112 1496 4114 1497 4115 1495 4116 1496 4117 1497 4115 1496 4117 1498 4118 1499 4119 1497 4120 1498 4121 1499 4119 1498 4121 1500 4122 1501 4123 1499 4124 1500 4125 1501 4123 1500 4125 1502 4126 1503 4127 1501 4128 1502 4127 1503 4127 1502 4127 1504 4129 1505 4130 1503 4131 1504 4130 1505 4130 1504 4130 1506 4132 1507 4133 1505 4134 1506 4135 1507 4133 1506 4135 1508 4136 1509 4137 1507 4138 1508 4137 1509 4137 1508 4137 1510 4139 1511 4140 1509 4141 1510 4140 1511 4140 1510 4140 1512 4142 1513 4143 1511 4144 1512 4143 1513 4143 1512 4143 1514 4145 1515 4146 1513 4147 1514 4148 1515 4146 1514 4148 1516 4149 1517 4150 1515 4151 1516 4150 1517 4150 1516 4150 1518 4152 1519 4153 1517 4154 1518 4155 1519 4153 1518 4155 1520 4156 1521 4157 1519 4158 1520 4159 1521 4157 1520 4159 1522 4160 1523 4161 1522 4161 1524 4162 1523 4161 1521 4163 1522 4161 1525 4164 1524 4165 1526 4166 1525 4164 1523 4167 1524 4165 1527 4168 1526 4169 1528 4170 1527 4168 1525 4171 1526 4169 1529 4172 1528 4173 1530 4174 1529 4172 1527 4175 1528 4173 1531 4176 1530 4177 1532 4178 1531 4176 1529 4179 1530 4177 1533 4180 1532 4181 1534 4182 1533 4180 1531 4183 1532 4181 1535 4184 1534 4184 1536 4185 1535 4184 1533 4186 1534 4184 1537 4187 1536 4187 1538 4188 1537 4187 1535 4189 1536 4187 1539 4190 1538 4191 1540 4192 1539 4190 1537 4193 1538 4191 1541 4194 1540 4195 1542 4196 1541 4197 1542 4198 1543 4197 1541 4194 1539 4199 1540 4195 1544 4200 1541 4197 1543 4197 1544 4201 1543 4202 1545 4201 1546 4203 1544 4201 1545 4201 1547 4204 1546 4205 1545 4204 1547 4204 1545 4204 1548 4206 1549 4207 1547 4208 1548 4209 1549 4207 1548 4209 1550 4210 1551 4211 1549 4212 1550 4213 1551 4211 1550 4213 1552 4214 320 4215 1551 4216 1552 4215 320 4215 1552 4215 321 4217 1553 4218 334 4219 335 4220 1553 4218 335 4220 1554 4221 1555 4222 1554 4222 1556 4223 1555 4222 1553 4224 1554 4222 1557 4225 1556 4225 1558 4226 1557 4225 1555 4227 1556 4225 1559 4228 1558 4228 1560 4229 1559 4228 1557 4229 1558 4228 1561 4230 1560 4230 1562 4231 1561 4230 1559 4232 1560 4230 1563 4233 1562 4233 1564 4234 1563 4233 1561 4234 1562 4233 1565 4235 1563 4236 1564 4237 1565 4235 1564 4237 1566 4238 1567 4239 1566 4239 1568 4240 1567 4239 1565 4241 1566 4239 1569 4242 1567 4243 1568 4244 1569 4242 1568 4244 1570 4245 1571 4246 1570 4247 1572 4248 1571 4246 1569 4249 1570 4247 1573 4250 1572 4250 1574 4251 1573 4250 1571 4251 1572 4250 1575 4252 1574 4253 1576 4254 1575 4255 1576 4256 1577 4257 1575 4252 1573 4258 1574 4253 1578 4259 1575 4255 1577 4257 1579 4260 1577 4261 1580 4262 1579 4260 1578 4263 1577 4261 1581 4264 1580 4265 1582 4266 1581 4267 1582 4268 1583 4269 1581 4264 1579 4270 1580 4265 1584 4271 1581 4267 1583 4269 1585 4272 1583 4273 1586 4274 1585 4272 1584 4275 1583 4273 1587 4276 1586 4277 1588 4278 1587 4276 1585 4279 1586 4277 1589 4280 1588 4281 1590 4282 1589 4280 1587 4283 1588 4281 1591 4284 1590 4285 1592 4286 1591 4284 1589 4287 1590 4285 1593 4288 1592 4289 1594 4290 1593 4291 1594 4292 1595 4291 1593 4288 1591 4293 1592 4289 1596 4294 1593 4291 1595 4291 1597 4295 1595 4295 1598 4296 1597 4295 1596 4297 1595 4295 1599 4298 1598 4298 1600 4299 1599 4298 1597 4300 1598 4298 1601 4301 1600 4302 1602 4303 1601 4301 1599 4304 1600 4302 1603 4305 1602 4306 1604 4307 1603 4305 1601 4308 1602 4306 1605 4309 1604 4310 1606 4311 1605 4309 1603 4312 1604 4310 1607 4313 1606 4313 1608 4314 1607 4315 1608 4316 1609 4317 1607 4313 1605 4318 1606 4313 1610 4319 1607 4315 1609 4317 1611 4320 1609 4320 1612 4321 1611 4322 1612 4323 1613 4324 1611 4320 1610 4325 1609 4320 1614 4326 1611 4322 1613 4324 1614 4327 1613 4328 1615 4327 1616 4329 1614 4327 1615 4327 1617 4330 1615 4331 1618 4332 1617 4333 1618 4334 1619 4335 1617 4330 1616 4336 1615 4331 1620 4337 1617 4333 1619 4335 1620 4338 1619 4339 1621 4338 1622 4340 1620 4338 1621 4338 348 4341 1622 4342 1621 4341 348 4341 1621 4341 349 4343 766 4344 1623 4344 1029 4345 775 4345 1623 4344 766 4344 1029 4346 1624 4347 1033 4348 1623 4349 1624 4347 1029 4346 1033 4350 1625 4350 1037 4351 1624 4351 1625 4350 1033 4350 1037 4352 1626 4353 1041 2746 1625 4354 1626 4353 1037 4352 1041 4355 1627 4356 1045 4357 1626 4358 1627 4356 1041 4355 1045 4359 1628 4359 1050 4360 1627 4360 1628 4359 1045 4359 1050 4361 1629 4362 1053 4363 1628 4364 1629 4362 1050 4361 1053 4365 1630 4366 1057 4367 1629 4368 1630 4366 1053 4365 1057 4369 1631 4369 1061 4370 1630 4370 1631 4369 1057 4369 1061 4371 1632 4372 1065 4373 1631 4374 1632 4372 1061 4371 1065 4375 1633 4375 1069 4376 1632 4376 1633 4375 1065 4375 1633 4377 1634 4378 1069 4378 1069 4378 1634 4378 1073 4377 1634 4379 1635 4380 1073 4381 1073 4381 1635 4380 1077 4382 1077 4383 1636 4384 1081 4385 1635 4386 1636 4384 1077 4383 1636 4387 1637 4388 1081 4389 1081 4389 1637 4388 1085 4390 1085 4391 1638 4391 1090 4391 1637 4391 1638 4391 1085 4391 1090 4392 1639 4393 1093 4394 1638 4395 1639 4393 1090 4392 1093 4396 1640 4397 1097 4398 1639 4399 1640 4397 1093 4396 1097 4400 1641 4401 1101 4402 1640 4403 1641 4401 1097 4400 1101 4404 1642 4404 1105 4405 1641 4406 1642 4404 1101 4404 1105 4407 1643 4407 1109 4408 1642 4408 1643 4407 1105 4407 1109 4409 1644 4410 1114 4411 1643 4412 1644 4410 1109 4409 1114 4413 1645 4414 1117 4415 1644 4416 1645 4414 1114 4413 1117 4417 1646 4417 1121 2820 1645 2820 1646 4417 1117 4417 1121 2823 1647 2823 1027 2823 1646 2823 1647 2823 1121 2823 1027 2829 804 2829 797 4418 1647 4418 804 2829 1027 2829 1075 4419 821 4420 1071 4421 1071 4421 821 4420 1067 4422 1067 4422 821 4420 1063 4423 1063 4423 821 4420 1059 4424 1059 4424 821 4420 1055 4425 1055 4425 821 4420 1047 4426 1047 4426 821 4420 1048 4427 1048 4427 821 4420 1043 4428 1043 4428 821 4420 1039 4429 1039 4429 821 4420 1035 4061 1035 4061 821 4420 1031 4061 1031 4061 821 4420 769 4061 1075 4419 1079 4430 821 4420 1079 4430 1083 4431 821 4420 1083 4431 1088 4432 821 4420 803 4061 855 4433 1126 4061 1126 4061 855 4433 1123 4061 1123 4061 855 4433 1119 4434 1119 4434 855 4433 1111 4435 1111 4435 855 4433 1112 4436 1112 4436 856 4437 1107 4438 855 4433 856 4437 1112 4436 856 4437 781 4439 1107 4438 846 4440 781 4439 847 4441 847 4441 781 4439 856 4437 1107 4438 781 4439 1103 4442 1103 4442 781 4439 1099 4443 1099 4443 781 4439 1095 4444 1095 4444 781 4439 1087 4445 1087 4445 781 4439 1088 4432 1088 4432 781 4439 821 4420 846 4440 782 4446 781 4439 846 4440 792 4447 782 4446 846 4440 815 4448 792 4447 792 4447 815 4448 791 4449 815 4448 1134 4450 791 4449 1020 4451 1134 4450 815 4448 1648 4452 1649 4453 1650 4453 1650 4453 1649 4453 1651 4452 1651 4454 1652 4455 1653 4456 1649 4457 1652 4455 1651 4454 1653 4458 1654 4459 1655 4460 1652 4461 1654 4459 1653 4458 1655 576 1656 576 1657 576 1654 576 1656 576 1655 576 1657 4462 1658 4463 1659 4464 1656 4465 1658 4463 1657 4462 1659 4466 1660 4467 1661 4468 1658 4469 1660 4467 1659 4466 1662 4470 1663 4471 1664 4471 1661 4472 1663 4472 1662 4473 1660 4474 1663 4472 1661 4472 1663 4471 1665 4475 1664 4471 1664 4476 1666 4477 1667 4478 1665 4479 1666 4477 1664 4476 1667 4480 1668 4481 1669 4482 1666 4483 1668 4481 1667 4480 1669 608 1670 608 1671 608 1668 608 1670 608 1669 608 1672 4484 1673 4485 1674 4486 1671 4487 1673 4488 1672 4489 1670 4490 1673 4488 1671 4487 1673 4485 1675 4491 1674 4486 1674 4492 1648 4492 1650 4493 1675 4493 1648 4492 1674 4492 1676 4494 1677 4495 1678 4496 1678 4496 1677 4495 1679 4497 1679 4498 1680 4499 1681 4500 1677 4501 1680 4499 1679 4498 1681 4502 1682 4503 1683 4504 1680 4505 1682 4503 1681 4502 1683 576 1684 576 1685 576 1682 576 1684 576 1683 576 1685 4506 1686 4507 1687 4508 1684 4509 1686 4507 1685 4506 1687 4467 1688 4467 1689 4510 1686 4469 1688 4467 1687 4467 1690 4511 1691 4512 1692 4512 1689 4513 1691 4514 1690 4515 1688 4516 1691 4514 1689 4513 1691 4512 1693 4517 1692 4512 1692 4518 1694 4518 1695 4519 1693 4519 1694 4518 1692 4518 1695 4520 1696 4521 1697 4522 1694 4523 1696 4521 1695 4520 1697 608 1698 608 1699 608 1696 608 1698 608 1697 608 1700 4524 1701 4525 1702 4525 1699 4526 1701 4527 1700 4528 1698 4529 1701 4527 1699 4526 1701 4525 1703 4524 1702 4525 1702 4530 1676 4531 1678 4532 1703 4533 1676 4531 1702 4530 1704 4534 1705 4535 1706 4535 1706 4535 1705 4535 1707 4536 1707 4537 1708 4538 1709 4539 1705 4540 1708 4538 1707 4537 1709 4541 1710 4541 1711 4542 1708 4542 1710 4541 1709 4541 1711 576 1712 576 1713 576 1710 576 1712 576 1711 576 1713 4543 1714 4543 1715 4544 1712 4544 1714 4543 1713 4543 1715 4545 1716 4546 1717 4547 1714 4548 1716 4546 1715 4545 1718 4549 1719 4550 1720 4550 1717 4551 1719 4551 1718 4552 1716 4553 1719 4551 1717 4551 1719 4550 1721 4554 1720 4550 1720 4555 1722 4556 1723 4557 1721 4558 1722 4556 1720 4555 1723 4559 1724 4559 1725 4560 1722 4560 1724 4559 1723 4559 1725 608 1726 608 1727 608 1724 608 1726 608 1725 608 1728 4561 1729 4562 1730 4563 1727 4564 1729 4564 1728 4565 1726 4565 1729 4564 1727 4564 1729 4562 1731 4566 1730 4563 1730 4567 1704 4567 1706 4568 1731 4569 1704 4567 1730 4567 1732 4570 1733 4571 1734 4571 1734 4571 1733 4571 1735 4572 1735 4537 1736 4538 1737 4539 1733 4540 1736 4538 1735 4537 1737 4541 1738 4541 1739 4542 1736 4542 1738 4541 1737 4541 1739 576 1740 576 1741 576 1738 576 1740 576 1739 576 1741 4543 1742 4543 1743 4544 1740 4544 1742 4543 1741 4543 1743 4545 1744 4546 1745 4547 1742 4548 1744 4546 1743 4545 1746 4573 1747 4471 1748 4574 1745 4575 1747 4472 1746 4576 1744 4577 1747 4472 1745 4575 1747 4471 1749 4578 1748 4574 1748 4555 1750 4556 1751 4557 1749 4558 1750 4556 1748 4555 1751 4559 1752 4559 1753 4560 1750 4560 1752 4559 1751 4559 1753 608 1754 608 1755 608 1752 608 1754 608 1753 608 1756 4561 1757 4562 1758 4563 1755 4564 1757 4564 1756 4565 1754 4565 1757 4564 1755 4564 1757 4562 1759 4566 1758 4563 1758 4579 1732 4579 1734 4580 1759 4581 1732 4579 1758 4579 1760 4582 1761 4583 1762 4584 1762 4584 1761 4583 1763 4585 1763 4586 1764 4455 1765 4587 1761 4588 1764 4455 1763 4586 1765 4589 1766 4590 1767 4591 1764 4592 1766 4590 1765 4589 1767 576 1768 576 1769 576 1766 576 1768 576 1767 576 1769 4506 1770 4507 1771 4508 1768 4509 1770 4507 1769 4506 1771 4467 1772 4467 1773 4510 1770 4469 1772 4467 1771 4467 1774 4470 1775 4471 1776 4471 1773 4593 1775 4594 1774 4595 1772 4474 1775 4594 1773 4593 1775 4471 1777 4475 1776 4471 1776 4518 1778 4518 1779 4519 1777 4519 1778 4518 1776 4518 1779 4520 1780 4521 1781 4522 1778 4523 1780 4521 1779 4520 1781 608 1782 608 1783 608 1780 608 1782 608 1781 608 1784 4596 1785 4597 1786 4597 1783 4598 1785 4599 1784 4600 1782 4601 1785 4599 1783 4598 1785 4597 1787 4596 1786 4597 1786 4602 1760 4492 1762 4603 1787 4604 1760 4492 1786 4602 1788 4605 1789 4606 1790 4607 1790 4607 1789 4606 1791 4608 1789 4609 1792 4610 1791 4610 1791 4610 1792 4610 1793 4611 1792 4612 1794 4613 1793 4614 1793 4614 1794 4613 1795 4615 1795 4616 1796 4617 1797 4618 1794 4619 1796 4617 1795 4616 1797 4620 1798 4621 1799 4622 1796 4623 1798 4621 1797 4620 1799 4624 1800 4625 1801 4626 1798 4627 1800 4625 1799 4624 1801 4628 1802 4629 1803 4630 1800 4631 1802 4629 1801 4628 1803 4632 1804 4633 1805 4634 1802 4635 1804 4633 1803 4632 1805 4636 1806 4637 1807 4638 1804 4639 1806 4637 1805 4636 1807 4640 1808 4641 1809 4642 1806 4643 1808 4641 1807 4640 1809 4644 1810 4645 1811 4646 1808 4647 1810 4645 1809 4644 1811 4648 1812 4649 1813 4650 1810 4651 1812 4649 1811 4648 1812 4652 1814 4653 1813 4654 1813 4654 1814 4653 1815 4655 1814 4656 1816 4657 1815 4658 1815 4658 1816 4657 1817 4659 1816 4660 1818 4661 1817 4662 1817 4662 1818 4661 1819 4663 1818 4664 1820 4665 1819 4666 1819 4666 1820 4665 1821 4667 1820 4668 1822 4669 1821 4669 1821 4669 1822 4669 1823 4670 1822 4671 1824 4672 1823 4673 1825 4674 1824 4675 1826 4676 1823 4673 1824 4672 1825 4677 1824 4675 1827 4678 1826 4676 1827 4679 1828 4680 1826 4681 1826 4681 1828 4680 1829 4682 1828 4683 1830 4684 1829 4685 1829 4685 1830 4684 1831 4686 1830 4687 1832 4688 1831 4689 1831 4689 1832 4688 1833 4690 1832 4691 1834 4692 1833 4693 1833 4693 1834 4692 1835 4694 1834 4695 1836 4696 1835 4697 1837 4698 1836 4699 1838 4700 1835 4697 1836 4696 1837 4701 1838 4702 1839 4703 1840 4704 1836 4699 1839 4705 1838 4700 1839 4703 1841 4706 1840 4704 1842 4707 1843 4708 1844 4709 1840 4710 1843 4711 1842 4712 1841 4713 1843 4711 1840 4710 1843 4708 1845 4714 1844 4709 1846 4715 1847 4716 1848 4716 1844 4717 1847 4718 1846 4719 1845 4720 1847 4718 1844 4717 1847 4716 1849 4715 1848 4716 1848 4721 1850 4722 1851 4723 1849 4724 1850 4722 1848 4721 1851 4725 1852 4726 1853 4727 1850 4728 1852 4726 1851 4725 1853 4729 1854 4730 1855 4731 1852 4732 1854 4730 1853 4729 1855 4733 1856 4733 1857 4734 1854 4735 1856 4733 1855 4733 1857 4736 1858 4736 1859 4737 1856 4738 1858 4736 1857 4736 1860 4739 1861 4740 1862 4741 1859 4742 1861 4743 1860 4744 1858 4745 1861 4743 1859 4742 1861 4740 1863 4746 1862 4741 1862 1749 1863 1749 1864 1749 1863 1749 1865 1749 1864 1749 1865 4747 1866 4748 1864 4749 1867 4750 1866 4751 1868 4752 1864 4749 1866 4748 1867 4753 1866 4751 1869 4754 1868 4752 1869 4755 1870 4756 1868 4757 1871 4758 1870 4759 1872 4760 1868 4757 1870 4756 1871 4761 1870 4759 1873 4762 1872 4760 1873 4763 1874 4764 1872 4765 1875 4766 1874 4767 1876 4768 1872 4765 1874 4764 1875 4769 1874 4767 1877 4770 1876 4768 1876 4771 1878 4772 1879 4773 1877 4774 1878 4772 1876 4771 1880 4775 1881 4776 1882 4776 1879 4777 1881 4777 1880 4778 1878 4779 1881 4777 1879 4777 1881 4776 1883 4775 1882 4776 1882 4780 1884 4780 1885 4781 1883 4781 1884 4780 1882 4780 1885 4782 1886 4783 1887 4784 1884 4785 1886 4783 1885 4782 1887 4786 1888 4787 1889 4788 1886 4789 1888 4787 1887 4786 1889 4790 1890 4791 1891 4792 1888 4793 1890 4791 1889 4790 1891 4794 1892 4795 1893 4796 1890 4797 1892 4795 1891 4794 1893 4798 1894 4799 1895 4800 1892 4801 1894 4799 1893 4798 1895 4802 1896 4803 1897 4804 1894 4805 1896 4803 1895 4802 1897 4806 1898 4807 1899 4808 1896 4809 1898 4807 1897 4806 1899 4810 1900 4811 1901 4812 1898 4813 1900 4811 1899 4810 1901 4814 1902 4815 1903 4816 1900 4817 1902 4815 1901 4814 1903 4818 1904 4819 1905 4820 1902 4821 1904 4819 1903 4818 1905 4822 1906 4823 1907 4824 1904 4825 1906 4823 1905 4822 1907 4826 1908 4827 1909 4828 1906 4829 1908 4827 1907 4826 1909 4830 1910 4831 1911 4832 1908 4833 1910 4831 1909 4830 1910 4834 1912 4835 1911 4836 1911 4836 1912 4835 1913 4837 1912 4838 1914 4839 1913 4840 1913 4840 1914 4839 1915 4841 1914 4842 1916 4843 1915 4843 1915 4843 1916 4843 1917 4844 1917 4845 1918 4846 1919 4847 1916 4848 1918 4846 1917 4845 1919 4849 1920 4850 1921 4851 1918 4852 1920 4850 1919 4849 1921 4853 1922 4854 1923 4855 1920 4856 1922 4854 1921 4853 1923 4857 1924 4857 1925 4858 1922 4859 1924 4857 1923 4857 1926 4860 1927 4861 1928 4862 1925 4863 1927 4864 1926 4865 1924 4866 1927 4864 1925 4863 1927 4861 1929 4867 1928 4862 1928 4868 1930 4869 1931 4868 1929 4868 1930 4869 1928 4868 1931 4870 1932 4871 1933 4872 1930 4873 1932 4871 1931 4870 1934 4874 1935 4875 1936 4875 1933 4876 1935 4877 1934 4878 1932 4879 1935 4877 1933 4876 1935 4875 1937 4874 1936 4875 1936 4880 1788 4881 1790 4882 1937 4883 1788 4881 1936 4880 1938 4884 1939 4885 1940 4886 1940 4886 1939 4885 1941 4497 1941 4887 1942 4888 1943 4889 1939 4890 1942 4888 1941 4887 1943 4891 1944 4892 1945 4893 1942 4460 1944 4892 1943 4891 1945 576 1946 576 1947 576 1944 576 1946 576 1945 576 1947 4462 1948 4463 1949 4464 1946 4465 1948 4463 1947 4462 1949 4466 1950 4467 1951 4468 1948 4469 1950 4467 1949 4466 1952 4511 1953 4894 1954 4895 1951 4896 1953 4897 1952 4898 1950 4899 1953 4897 1951 4896 1953 4894 1955 4900 1954 4895 1954 4476 1956 4477 1957 4478 1955 4479 1956 4477 1954 4476 1957 4480 1958 4481 1959 4482 1956 4483 1958 4481 1957 4480 1959 608 1960 608 1961 608 1958 608 1960 608 1959 608 1962 4901 1963 4902 1964 4903 1961 4904 1963 4905 1962 4906 1960 4907 1963 4905 1961 4904 1963 4902 1965 4908 1964 4903 1964 4530 1938 4531 1940 4532 1965 4533 1938 4531 1964 4530 522 4909 340 1719 328 4910 330 4911 522 4909 328 4910 520 4912 522 4909 330 4911 520 4912 330 4911 332 4913 521 4914 520 4912 332 4913 521 4914 332 4913 334 4915 1764 4916 1555 4917 1557 4918 1761 4919 1555 4917 1764 4916 1761 4919 334 4915 1553 4920 1761 4919 1553 4920 1555 4917 1766 4921 1764 4916 1557 4918 1766 4921 1557 4918 1559 4922 1766 4921 1559 4922 1561 4923 1760 4924 521 4914 334 4915 1760 4924 334 4915 1761 4919 1760 4924 764 4925 521 4914 1768 4926 1766 4921 1561 4923 1768 4926 1561 4923 1563 4927 1768 4926 1563 4927 1565 1719 1787 4928 762 4929 763 4930 1787 4928 763 4930 764 4925 1787 4928 764 4925 1760 4924 1770 1719 1768 4926 1565 1719 1770 1719 1565 1719 1567 1719 1770 1719 1567 1719 1569 1719 1785 4931 762 4929 1787 4928 1785 4931 760 4932 761 4933 1785 4931 761 4933 762 4929 1772 4934 1770 1719 1569 1719 1772 4934 1569 1719 1571 4935 1772 4934 1571 4935 1573 4936 1736 4937 754 4938 755 4939 1736 4937 755 4939 756 4940 1733 4941 753 4942 754 4938 1733 4941 754 4938 1736 4937 1738 4943 1736 4937 756 4940 1738 4943 756 4940 757 4944 1738 4943 757 4944 758 4945 1732 4946 753 4942 1733 4941 1732 4946 751 4947 752 4948 1732 4946 752 4948 753 4942 1740 4949 1738 4943 758 4945 1740 4949 1785 4931 1782 4950 1740 4949 760 4932 1785 4931 1740 4949 758 4945 759 4951 1740 4949 759 4951 760 4932 1759 4952 749 4953 750 4954 1759 4952 750 4954 751 4947 1759 4952 751 4947 1732 4946 1757 4955 749 4953 1759 4952 1757 4955 748 4956 749 4953 1754 4957 748 4956 1757 4955 1754 4957 747 4958 748 4956 1808 4959 1778 4960 1777 4961 1808 4959 1806 4962 1778 4960 1804 4963 1780 4964 1778 4960 1804 4963 1778 4960 1806 4962 1810 4965 1808 4959 1777 4961 1802 1719 1780 4964 1804 4963 1812 4966 1777 4961 1775 4967 1812 4966 1810 4965 1777 4961 1800 4968 1782 4950 1780 4964 1800 4968 1780 4964 1802 1719 746 1719 747 4958 1754 4957 1814 4969 1775 4967 1772 4934 1814 4969 1812 4966 1775 4967 1798 4970 1782 4950 1800 4968 1798 4970 1742 4971 1740 4949 1798 4970 1740 4949 1782 4950 1816 4972 1814 4969 1772 4934 1796 4973 1742 4971 1798 4970 1818 4974 1816 4972 1772 4934 1818 4974 1573 4936 1575 4975 1818 4974 1772 4934 1573 4936 745 4976 1754 4957 1752 4977 745 4976 746 1719 1754 4957 1794 4978 1744 4979 1742 4971 1794 4978 1742 4971 1796 4973 1820 4980 1818 4974 1575 4975 1820 4980 1575 4975 1578 4981 1820 4980 1578 4981 1579 4982 1792 1719 1744 4979 1794 4978 1822 4983 1820 4980 1579 4982 1822 4983 1579 4982 1581 4984 1822 4983 1581 4984 1584 4985 744 4986 745 4976 1752 4977 1789 4987 1744 4979 1792 1719 1789 4987 1747 4988 1744 4979 1824 4989 1822 4983 1584 4985 1824 4989 1584 4985 1585 4990 1788 1719 1747 4988 1789 4987 1827 4991 1824 4989 1585 4990 1827 4991 1585 4990 1587 4992 1827 4991 1587 4992 1589 4993 1937 4994 1749 4995 1747 4988 1937 4994 1747 4988 1788 1719 1828 4996 1827 4991 1589 4993 1828 4996 1589 4993 1591 4997 1828 4996 1591 4997 1593 4998 1935 1719 1749 4995 1937 4994 1830 4999 1828 4996 1593 4998 1830 4999 1593 4998 1596 5000 1830 4999 1596 5000 1597 5001 1932 5002 1750 5003 1749 4995 1932 5002 1749 4995 1935 1719 1832 5004 1830 4999 1597 5001 1832 5004 1597 5001 1599 5005 1930 5006 1750 5003 1932 5002 1834 5007 1599 5005 1601 5008 1834 5007 1832 5004 1599 5005 1929 5009 1750 5003 1930 5006 1929 5009 1752 4977 1750 5003 314 1719 322 1719 509 1719 314 1719 509 1719 508 5010 315 1719 314 1719 508 5010 318 5011 508 5010 507 5012 318 5011 315 1719 508 5010 1652 5013 744 4986 1752 4977 1652 5013 742 5014 743 5015 1652 5013 743 5015 744 4986 1680 5016 1605 1719 1607 1719 1680 5016 1607 1719 1610 5017 1649 5018 507 5012 740 5019 1649 5018 740 5019 741 5020 1649 5018 741 5020 742 5014 1649 5018 742 5014 1652 5013 1677 5021 1601 5008 1603 5022 1677 5021 1603 5022 1605 1719 1677 5021 1836 5023 1834 5007 1677 5021 1605 1719 1680 5016 1677 5021 1834 5007 1601 5008 1654 5024 1752 4977 1929 5009 1654 5024 1652 5013 1752 4977 1654 5024 1929 5009 1927 5025 1682 5026 1610 5017 1611 5027 1682 5026 1611 5027 1614 5028 1682 5026 1680 5016 1610 5017 1648 5029 320 5030 318 5011 1648 5029 507 5012 1649 5018 1648 5029 318 5011 507 5012 1676 5031 1841 5032 1839 5033 1676 5031 1839 5033 1836 5023 1676 5031 1836 5023 1677 5021 1656 5034 1927 5025 1924 5035 1656 5034 1924 5035 1922 5036 1656 5034 1654 5024 1927 5025 1684 5037 1614 5028 1616 5038 1684 5037 1682 5026 1614 5028 1617 5039 1684 5037 1616 5038 1675 5040 1551 1719 320 5030 1675 5040 320 5030 1648 5029 1703 5041 1841 5032 1676 5031 1703 5041 1843 5042 1841 5032 1658 5043 1922 5036 1920 5044 1658 5043 1656 5034 1922 5036 1686 5045 1684 5037 1617 5039 1549 5046 1551 1719 1675 5040 1845 5047 1843 5042 1703 5041 1620 5048 1686 5045 1617 5039 1673 5049 1549 5046 1675 5040 1701 5050 1845 5047 1703 5041 1918 5051 1658 5043 1920 5044 1660 5052 1658 5043 1918 5051 1688 5053 1686 5045 1620 5048 1847 5054 1845 5047 1701 5050 1547 5055 1549 5046 1673 5049 1670 5056 1547 5055 1673 5049 1698 5057 1847 5054 1701 5050 1622 5058 1688 5053 1620 5048 1916 5059 1660 5052 1918 5051 1849 1719 1847 5054 1698 5057 1546 1719 1547 5055 1670 5056 348 5060 1688 5053 1622 5058 348 5060 1691 5061 1688 5053 1914 5062 1663 5063 1660 5052 1914 5062 1660 5052 1916 5059 346 5064 1691 5061 348 5060 1850 5065 1849 1719 1698 5057 1850 5065 1698 5057 1696 5066 1544 5067 1546 1719 1670 5056 1544 5067 1670 5056 1668 5068 903 5069 345 5070 343 5071 903 5069 346 5064 345 5070 903 5069 343 5071 904 5072 350 5073 904 5072 343 5071 1912 5074 1665 5075 1663 5063 1912 5074 1663 5063 1914 5062 1852 1719 1850 5065 1696 5066 902 5076 346 5064 903 5069 902 5076 1691 5061 346 5064 902 5076 1693 5077 1691 5061 1541 1719 1544 5067 1668 5068 1910 5078 1665 5075 1912 5074 1854 5079 1852 1719 1696 5066 1135 5080 1693 5077 902 5076 1908 5081 1665 5075 1910 5078 1539 1719 1541 1719 1668 5068 1539 1719 1668 5068 1666 5082 1136 5083 1693 5077 1135 5080 1537 1719 1539 1719 1666 5082 1137 5084 1693 5077 1136 5083 1137 5084 1694 5085 1693 5077 1535 5086 1666 5082 1665 5075 1535 5086 1537 1719 1666 5082 1138 1719 1694 5085 1137 5084 1533 5087 1535 5086 1665 5075 1139 5088 1694 5085 1138 1719 1531 5089 1533 5087 1665 5075 1531 5089 1665 5075 1908 5081 1708 5090 1858 5091 1856 5092 1708 5090 1856 5092 1854 5079 1529 5093 1531 5089 1908 5081 1705 5094 1863 5095 1861 5096 1705 5094 1861 5096 1858 5091 1705 5094 1858 5091 1708 5090 1710 5097 1708 5090 1854 5079 1710 5097 1139 5088 1140 5098 1710 5097 1694 5085 1139 5088 1710 5097 1696 5066 1694 5085 1710 5097 1854 5079 1696 5066 1704 1719 1865 5099 1863 5095 1704 1719 1863 5095 1705 5094 1712 5100 1710 5097 1140 5098 1712 5100 1140 5098 1141 1719 1527 5101 1908 5081 1906 5102 1527 5101 1529 5093 1908 5081 1142 1719 1712 5100 1141 1719 1731 5103 1869 5104 1866 5105 1731 5103 1866 5105 1865 5099 1731 5103 1865 5099 1704 1719 1525 5106 1527 5101 1906 5102 1525 5106 1906 5102 1904 5107 1143 5108 1714 5109 1712 5100 1143 5108 1712 5100 1142 1719 1729 5110 1869 5104 1731 5103 1729 5110 1873 5111 1870 5112 1729 5110 1870 5112 1869 5104 1523 5113 1525 5106 1904 5107 1144 5114 1716 5115 1714 5109 1144 5114 1714 5109 1143 5108 1726 5116 1873 5111 1729 5110 1521 5117 1904 5107 1902 5118 1521 5117 1523 5113 1904 5107 1145 1719 1716 5115 1144 5114 1519 5119 1521 5117 1902 5118 1146 5120 1716 5115 1145 1719 1146 5120 1719 5121 1716 5115 1942 5122 1883 5123 1881 5124 1939 5125 1883 5123 1942 5122 1939 5125 1886 5126 1884 5127 1939 5125 1884 5127 1883 5123 1517 5128 1519 5119 1902 5118 1517 5128 1902 5118 1900 5129 1944 5130 1942 5122 1881 5124 1944 5130 1881 5124 1878 5131 1944 5130 1878 5131 1877 5132 1147 1719 1719 5121 1146 5120 1938 5133 1886 5126 1939 5125 1938 5133 1890 5134 1888 5135 1938 5133 1888 5135 1886 5126 1515 5136 1517 5128 1900 5129 1515 5136 1900 5129 1898 5137 1946 5138 1873 5111 1726 5116 1946 5138 1944 5130 1877 5132 1946 5138 1877 5132 1874 5139 1946 5138 1874 5139 1873 5111 1148 5140 1719 5121 1147 1719 1148 5140 1721 5141 1719 5121 1965 5142 1890 5134 1938 5133 1965 5142 1892 5143 1890 5134 1513 5144 1515 5136 1898 5137 1948 5145 1946 5138 1726 5116 1149 5146 1721 5141 1148 5140 1149 5146 1722 5147 1721 5141 1511 5148 1513 5144 1898 5137 1511 5148 1898 5137 1896 5149 1150 1719 1722 5147 1149 5146 1509 5150 1511 5148 1896 5149 1151 5151 1722 5147 1150 1719 1151 5151 1724 5152 1722 5147 1507 5153 1509 5150 1896 5149 1507 5153 1896 5149 1894 5154 1152 1719 1724 5152 1151 5151 1505 5155 1507 5153 1894 5154 1153 5156 1724 5152 1152 1719 1153 5156 1726 5116 1724 5152 1503 5157 1892 5143 1965 5142 1503 5157 1505 5155 1894 5154 1503 5157 1894 5154 1892 5143 1154 5158 1726 5116 1153 5156 1501 5159 1503 5157 1965 5142 1155 5160 1726 5116 1154 5158 1155 5160 1948 5145 1726 5116 1499 5161 1965 5142 1963 5162 1499 5161 1501 5159 1965 5142 1156 5163 1948 5145 1155 5160 1497 1719 1499 5161 1963 5162 1157 5164 1950 5165 1948 5145 1157 5164 1948 5145 1156 5163 1495 5166 1963 5162 1960 5167 1495 5166 1497 1719 1963 5162 1158 5168 1950 5165 1157 5164 1493 1719 1495 5166 1960 5167 1159 5169 1953 5170 1950 5165 1159 5169 1950 5165 1158 5168 1491 1719 1960 5167 1958 5171 1491 1719 1493 1719 1960 5167 915 5172 1953 5170 1159 5169 1489 5173 1491 1719 1958 5171 363 5174 1953 5170 915 5172 363 5174 1955 5175 1953 5170 361 5176 915 5172 916 5177 361 5176 363 5174 915 5172 1487 5178 1489 5173 1958 5171 1487 5178 1958 5171 1956 5179 1483 1719 1955 5175 363 5174 1485 1719 1487 5178 1956 5179 1485 1719 1955 5175 1483 1719 1485 1719 1956 5179 1955 5175 359 5180 361 5176 916 5177 917 5181 359 5180 916 5177 358 5182 359 5180 917 5181 368 1719 358 5182 917 5181 336 5183 411 5184 329 5185 411 5184 331 5186 329 5185 411 5184 410 5187 331 5186 331 5186 410 5187 333 5188 410 5187 409 5189 333 5188 333 5188 409 5189 335 5190 1556 5191 1765 5192 1558 5193 1556 5191 1763 5194 1765 5192 335 5190 1763 5194 1554 5195 1554 5195 1763 5194 1556 5191 1765 5192 1767 5196 1558 5193 1558 5193 1767 5196 1560 5197 1560 5197 1767 5196 1562 5198 409 5189 1762 4061 335 5190 335 5190 1762 4061 1763 5194 1482 4061 1762 4061 409 5189 1767 5196 1769 5199 1562 5198 1562 5198 1769 5199 1564 5200 1564 5200 1769 5199 1566 5201 1480 5202 1786 5203 1481 5204 1481 5204 1786 5203 1482 4061 1482 4061 1786 5203 1762 4061 1769 5199 1771 5205 1566 5201 1566 5201 1771 5205 1568 4061 1568 4061 1771 5205 1570 4061 1480 5202 1784 5206 1786 5203 1478 5207 1784 5206 1479 4061 1479 4061 1784 5206 1480 5202 1771 5205 1773 5208 1570 4061 1570 4061 1773 5208 1572 4061 1572 4061 1773 5208 1574 5209 1472 5210 1737 5211 1473 5212 1473 5212 1737 5211 1474 4061 1472 5210 1735 5213 1737 5211 1471 5214 1735 5213 1472 5210 1737 5211 1739 4061 1474 4061 1474 4061 1739 4061 1475 4061 1475 4061 1739 4061 1476 4061 1471 5214 1734 5215 1735 5213 1469 5216 1734 5215 1470 5217 1470 5217 1734 5215 1471 5214 1784 5206 1741 5218 1783 5219 1739 4061 1741 5218 1476 4061 1476 4061 1741 5218 1477 4061 1477 4061 1741 5218 1478 5207 1478 5207 1741 5218 1784 5206 1469 5216 1758 5220 1734 5215 1467 5221 1758 5220 1468 4061 1468 4061 1758 5220 1469 5216 1467 5221 1756 5222 1758 5220 1466 5223 1756 5222 1467 5221 1466 5223 1755 5224 1756 5222 1465 5225 1755 5224 1466 5223 1807 5226 1809 5227 1779 5228 1779 5228 1809 5227 1776 5229 1779 5228 1805 5230 1807 5226 1781 5231 1805 5230 1779 5228 1809 5227 1811 5232 1776 5229 1781 5231 1803 5233 1805 5230 1776 5229 1813 5234 1774 5235 1811 5232 1813 5234 1776 5229 1783 5219 1801 5236 1781 5231 1781 5231 1801 5236 1803 5233 1465 5225 1464 5237 1755 5224 1774 5235 1815 5238 1773 5208 1813 5234 1815 5238 1774 5235 1743 5239 1799 5240 1741 5218 1741 5218 1799 5240 1783 5219 1783 5219 1799 5240 1801 5236 1815 5238 1817 5241 1773 5208 1743 5239 1797 5242 1799 5240 1817 5241 1819 5243 1773 5208 1773 5208 1819 5243 1574 5209 1574 5209 1819 5243 1576 5244 1755 5224 1463 5245 1753 5246 1464 5237 1463 5245 1755 5224 1743 5239 1795 5247 1797 5242 1745 5248 1795 5247 1743 5239 1819 5243 1821 5249 1576 5244 1576 5244 1821 5249 1577 5250 1577 5250 1821 5249 1580 5251 1745 5248 1793 5252 1795 5247 1821 5249 1823 5253 1580 5251 1580 5251 1823 5253 1582 5254 1582 5254 1823 5253 1583 5255 1463 5245 1462 5256 1753 5246 1745 5248 1791 5257 1793 5252 1746 5258 1791 5257 1745 5248 1823 5253 1825 5259 1583 5255 1583 5255 1825 5259 1586 5260 1746 5258 1790 5261 1791 5257 1586 5260 1826 5262 1588 5263 1588 5263 1826 5262 1590 5264 1825 5259 1826 5262 1586 5260 1746 5258 1936 5265 1790 5261 1748 5266 1936 5265 1746 5258 1826 5262 1829 5267 1590 5264 1590 5264 1829 5267 1592 5268 1592 5268 1829 5267 1594 5269 1748 5266 1934 5270 1936 5265 1594 5269 1831 5271 1595 5272 1595 5272 1831 5271 1598 5273 1829 5267 1831 5271 1594 5269 1748 5266 1933 5274 1934 5270 1751 5275 1933 5274 1748 5266 1598 5273 1833 5276 1600 5277 1831 5271 1833 5276 1598 5273 1751 5275 1931 5278 1933 5274 1600 5277 1835 5279 1602 5280 1833 5276 1835 5279 1600 5277 1751 5275 1928 5281 1931 5278 1753 5246 1928 5281 1751 5275 382 5282 316 5283 381 5284 323 4061 316 5283 382 5282 316 5283 317 4061 381 5284 381 5284 319 5285 380 5286 317 4061 319 5285 381 5284 1462 5256 1653 5287 1753 5246 1460 5288 1653 5287 1461 5289 1461 5289 1653 5287 1462 5256 1606 5290 1681 5291 1608 5292 1608 5292 1681 5291 1609 4061 380 5286 1651 5293 1458 5294 1458 5294 1651 5293 1459 5295 1459 5295 1651 5293 1460 5288 1460 5288 1651 5293 1653 5287 1602 5280 1679 5296 1604 5297 1604 5297 1679 5296 1606 5290 1837 5298 1679 5296 1835 5279 1835 5279 1679 5296 1602 5280 1606 5290 1679 5296 1681 5291 1653 5287 1655 5299 1753 5246 1753 5246 1655 5299 1928 5281 1928 5281 1655 5299 1926 5300 1609 4061 1683 4061 1612 4061 1612 4061 1683 4061 1613 4061 1681 5291 1683 4061 1609 4061 380 5286 1650 5301 1651 5293 321 5302 1650 5301 319 5285 319 5285 1650 5301 380 5286 1840 5303 1678 5304 1838 5305 1838 5305 1678 5304 1837 5298 1837 5298 1678 5304 1679 5296 1926 5300 1657 5306 1925 4061 1925 4061 1657 5306 1923 4061 1655 5299 1657 5306 1926 5300 1613 4061 1685 4061 1615 4061 1683 4061 1685 4061 1613 4061 1685 4061 1618 4061 1615 4061 1552 5307 1674 5308 321 5302 321 5302 1674 5308 1650 5301 1842 5309 1702 5310 1840 5303 1840 5303 1702 5310 1678 5304 1923 4061 1659 5311 1921 5312 1657 5306 1659 5311 1923 4061 1685 4061 1687 4061 1618 4061 1552 5307 1550 5313 1674 5308 1842 5309 1844 5314 1702 5310 1687 4061 1619 5315 1618 4061 1550 5313 1672 5316 1674 5308 1844 5314 1700 5317 1702 5310 1659 5311 1919 5318 1921 5312 1659 5311 1661 5319 1919 5318 1687 4061 1689 5320 1619 5315 1844 5314 1846 5321 1700 5317 1550 5313 1548 4061 1672 5316 1548 4061 1671 4061 1672 5316 1846 5321 1699 5322 1700 5317 1689 5320 1621 5323 1619 5315 1661 5319 1917 5324 1919 5318 1846 5321 1848 5325 1699 5322 1548 4061 1545 4061 1671 4061 1689 5320 349 5326 1621 5323 1690 5327 349 5326 1689 5320 1662 5328 1915 5329 1661 5319 1661 5319 1915 5329 1917 5324 1690 5327 347 5330 349 5326 1848 5325 1851 5331 1699 5322 1699 5322 1851 5331 1697 5332 1545 4061 1543 4061 1671 4061 1671 4061 1543 4061 1669 4061 347 5330 776 5333 344 4061 344 4061 776 5333 342 5334 342 5334 776 5333 777 5335 777 5335 351 4061 342 5334 1664 5336 1913 5337 1662 5328 1662 5328 1913 5337 1915 5329 1851 5331 1853 4061 1697 5332 1690 5327 775 5338 347 5330 347 5330 775 5338 776 5333 1692 5339 775 5338 1690 5327 1543 4061 1542 4061 1669 4061 1664 5336 1911 5340 1913 5337 1853 4061 1855 5341 1697 5332 1692 5339 1623 5342 775 5338 1664 5336 1909 5343 1911 5340 1542 4061 1540 5344 1669 4061 1669 4061 1540 5344 1667 5345 1692 5339 1624 5346 1623 5342 1540 5344 1538 5347 1667 5345 1692 5339 1625 5348 1624 5346 1695 5349 1625 5348 1692 5339 1667 5345 1536 5350 1664 5336 1538 5347 1536 5350 1667 5345 1695 5349 1626 5351 1625 5348 1536 5350 1534 5352 1664 5336 1695 5349 1627 5353 1626 5351 1664 5336 1532 5354 1909 5343 1534 5352 1532 5354 1664 5336 1859 4061 1709 4061 1857 4061 1857 4061 1709 4061 1855 5341 1532 5354 1530 5355 1909 5343 1862 5356 1707 5357 1860 4061 1860 4061 1707 5357 1859 4061 1859 4061 1707 5357 1709 4061 1627 5353 1711 5358 1628 5359 1695 5349 1711 5358 1627 5353 1697 5332 1711 5358 1695 5349 1709 4061 1711 5358 1855 5341 1855 5341 1711 5358 1697 5332 1864 5360 1706 5361 1862 5356 1862 5356 1706 5361 1707 5357 1628 5359 1713 5362 1629 5363 1711 5358 1713 5362 1628 5359 1530 5355 1528 5364 1909 5343 1909 5343 1528 5364 1907 5365 1713 5362 1630 5366 1629 5363 1868 5367 1730 5368 1867 4061 1867 4061 1730 5368 1864 5360 1864 5360 1730 5368 1706 5361 1528 5364 1526 5369 1907 5365 1907 5365 1526 5369 1905 5370 1715 5371 1631 5372 1713 5362 1713 5362 1631 5372 1630 5366 1868 5367 1728 5373 1730 5368 1872 5374 1728 5373 1871 5375 1871 5375 1728 5373 1868 5367 1526 5369 1524 5376 1905 5370 1717 5377 1632 5378 1715 5371 1715 5371 1632 5378 1631 5372 1872 5374 1727 5379 1728 5373 1905 5370 1522 5380 1903 5381 1524 5376 1522 5380 1905 5370 1717 5377 1633 5382 1632 5378 1522 5380 1520 5383 1903 5381 1717 5377 1634 5384 1633 5382 1718 5385 1634 5384 1717 5377 1882 5386 1943 5387 1880 5388 1882 5386 1941 5389 1943 5387 1887 4061 1941 5389 1885 4061 1885 4061 1941 5389 1882 5386 1520 5383 1518 5390 1903 5381 1903 5381 1518 5390 1901 5391 1943 5387 1945 5392 1880 5388 1880 5388 1945 5392 1879 5393 1879 5393 1945 5392 1876 5394 1718 5385 1635 5395 1634 5384 1887 4061 1940 5396 1941 5389 1891 5397 1940 5396 1889 5398 1889 5398 1940 5396 1887 4061 1518 5390 1516 5399 1901 5391 1901 5391 1516 5399 1899 5400 1872 5374 1947 5401 1727 5379 1945 5392 1947 5401 1876 5394 1876 5394 1947 5401 1875 4061 1875 4061 1947 5401 1872 5374 1718 5385 1636 5402 1635 5395 1720 5403 1636 5402 1718 5385 1891 5397 1964 5404 1940 5396 1893 5405 1964 5404 1891 5397 1516 5399 1514 5406 1899 5400 1947 5401 1949 5407 1727 5379 1720 5403 1637 5408 1636 5402 1723 5409 1637 5408 1720 5403 1514 5406 1512 5410 1899 5400 1899 5400 1512 5410 1897 5411 1723 5409 1638 5412 1637 5408 1512 5410 1510 5413 1897 5411 1723 5409 1639 5414 1638 5412 1725 5415 1639 5414 1723 5409 1510 5413 1508 5416 1897 5411 1897 5411 1508 5416 1895 5417 1725 5415 1640 5418 1639 5414 1508 5416 1506 5419 1895 5417 1725 5415 1641 5420 1640 5418 1727 5379 1641 5420 1725 5415 1893 5405 1504 5421 1964 5404 1506 5419 1504 5421 1895 5417 1895 5417 1504 5421 1893 5405 1727 5379 1642 5422 1641 5420 1504 5421 1502 5423 1964 5404 1727 5379 1643 5424 1642 5422 1949 5407 1643 5424 1727 5379 1502 5423 1500 5425 1964 5404 1964 5404 1500 5425 1962 5426 1949 5407 1644 5427 1643 5424 1500 5425 1498 5428 1962 5426 1951 5429 1645 5430 1949 5407 1949 5407 1645 5430 1644 5427 1962 5426 1496 5431 1961 4061 1498 5428 1496 5431 1962 5426 1951 5429 1646 5432 1645 5430 1496 5431 1494 4061 1961 4061 1952 5433 1647 5434 1951 5429 1951 5429 1647 5434 1646 5432 1961 4061 1492 4061 1959 5435 1494 4061 1492 4061 1961 4061 1952 5433 804 5436 1647 5434 1492 4061 1490 4061 1959 5435 1952 5433 362 5437 804 5436 1954 5438 362 5437 1952 5433 804 5436 360 5439 805 5440 362 5437 360 5439 804 5436 1490 4061 1488 5441 1959 5435 1959 5435 1488 5441 1957 5442 1954 5438 1484 5443 362 5437 1488 5441 1486 5444 1957 5442 1954 5438 1486 5444 1484 5443 1957 5442 1486 5444 1954 5438 360 5439 357 5445 805 5440 357 5445 806 5446 805 5440 357 5445 356 4061 806 5446 356 4061 364 4061 806 5446</p>
        </triangles>
      </mesh>
    </geometry>
  </library_geometries>
  <library_visual_scenes>
    <visual_scene id="Scene" name="Scene">
      <node id="obj1_002" name="obj1.002" type="NODE">
        <matrix sid="transform">1 0 0 0 0 -4.37114e-8 -1 0 0 1 -4.37114e-8 0 0 0 0 1</matrix>
        <instance_geometry url="#obj1_002-mesh" name="obj1.002">
          <bind_material>
            <technique_common>
              <instance_material symbol="Default_OBJ_001-material" target="#Default_OBJ_001-material"/>
            </technique_common>
          </bind_material>
        </instance_geometry>
      </node>
    </visual_scene>
  </library_visual_scenes>
  <scene>
    <instance_visual_scene url="#Scene"/>
  </scene>
</COLLADA>