# Blender v3.0.1 OBJ File: ''
# www.blender.org
mtllib wrist_mount.mtl
o obj1.001
v 91.391479 7.007244 -61.480774
v 92.521820 7.285789 -60.280975
v 92.699615 7.007244 -60.172638
v 91.215317 7.285789 -61.587479
v 107.899475 -9.339684 -77.988785
v 109.261505 -9.290568 -77.020660
v 107.955017 -9.290568 -78.327164
v 109.207626 -9.339684 -76.680634
v 60.800133 12.071240 -82.090897
v 60.961281 12.018139 -81.789185
v 60.876823 12.089397 -82.158035
v 60.742374 12.004629 -82.036636
v 61.205555 12.074715 -81.922775
v 60.951889 12.054234 -82.220047
v 59.999611 11.878309 -83.527649
v 59.298950 11.633864 -84.228897
v 59.273666 11.528100 -84.960907
v 58.826801 11.049472 -86.374466
v 58.497723 10.842430 -86.628586
v 58.651176 9.973169 -88.723907
v 58.421597 9.696895 -89.018356
v 58.727676 8.883324 -90.355453
v 59.190872 8.639311 -90.878204
v 59.321754 7.962790 -91.620575
v 60.395248 7.171076 -92.639236
v 60.313667 7.149127 -92.699081
v 60.232216 7.089160 -92.721161
v 60.172710 7.007245 -92.699539
v 76.740211 -9.257768 -109.229156
v 76.680710 -9.339683 -109.207535
v 76.821671 -9.197802 -109.207077
v 76.903244 -9.175853 -109.147232
v 77.464966 -10.053931 -109.865845
v 78.359222 -10.753640 -110.384811
v 77.752403 -9.943019 -109.847534
v 79.345261 -11.424565 -110.753845
v 78.729523 -10.691296 -110.381714
v 86.894669 -14.019553 -108.938660
v 85.987701 -14.155181 -109.626434
v 85.790771 -13.839908 -109.679733
v 87.901413 -14.079930 -108.053879
v 87.004028 -14.307393 -108.917542
v 87.948456 -14.159238 -108.100922
v 87.961166 -14.261193 -108.113647
v 87.936142 -14.358476 -108.088608
v 77.596970 -9.903888 -109.857864
v 77.522072 -9.969830 -109.885452
v 78.413589 -10.667396 -110.402817
v 79.396606 -11.336266 -110.770721
v 79.810532 -11.402257 -110.736633
v 79.762962 -11.450247 -110.815063
v 79.706398 -11.529275 -110.850739
v 80.403000 -12.053048 -110.965454
v 80.451111 -11.962823 -110.981674
v 80.968826 -12.058398 -110.903549
v 80.934799 -12.114060 -110.983932
v 80.888153 -12.198707 -111.021042
v 81.510925 -12.626294 -111.015320
v 81.555634 -12.534314 -111.031387
v 82.175888 -12.643559 -110.878342
v 82.155975 -12.706067 -110.958435
v 82.119659 -12.795724 -110.995331
v 82.646469 -13.132634 -110.902420
v 82.687714 -13.039104 -110.918854
v 83.401978 -13.143334 -110.661652
v 83.396408 -13.211688 -110.739212
v 83.370590 -13.305623 -110.774261
v 83.786530 -13.561761 -110.629074
v 83.824265 -13.466916 -110.646332
v 84.616913 -13.545419 -110.258820
v 84.625549 -13.618474 -110.331650
v 84.610138 -13.715852 -110.363251
v 84.907883 -13.904939 -110.200851
v 84.942184 -13.809043 -110.219421
v 85.813141 -13.916408 -109.745804
v 85.807785 -14.016307 -109.772430
v 86.929947 -14.098155 -108.996063
v 86.934036 -14.199592 -109.016357
v 108.053955 -14.079931 -87.901337
v 108.100998 -14.159239 -87.948380
v 108.113724 -14.261194 -87.961090
v 108.088684 -14.358477 -87.936066
v 108.917618 -14.307394 -87.003937
v 109.626511 -14.155182 -85.987625
v 108.926575 -14.021336 -86.910370
v 110.200928 -13.904940 -84.907806
v 109.659988 -13.846949 -85.824722
v 110.629150 -13.561762 -83.786453
v 110.236694 -13.560936 -84.670380
v 109.865936 -10.053932 -77.464890
v 109.929184 -10.044825 -77.876373
v 108.920471 -14.108738 -87.026917
v 108.940125 -14.210266 -87.031830
v 109.646835 -14.058519 -86.018631
v 110.219498 -13.809044 -84.942108
v 110.646423 -13.466917 -83.824188
v 110.642883 -13.170135 -83.474884
v 110.720215 -13.238802 -83.470169
v 110.755096 -13.332966 -83.444977
v 110.902496 -13.132635 -82.646393
v 110.918930 -13.039104 -82.687637
v 110.868851 -12.683884 -82.266815
v 110.948822 -12.746862 -82.247971
v 110.985641 -12.836864 -82.212448
v 111.015396 -12.626295 -81.510849
v 111.031464 -12.534315 -81.555557
v 110.909210 -12.113802 -81.075058
v 110.989670 -12.170113 -81.042282
v 111.026825 -12.255234 -80.996536
v 110.965530 -12.053049 -80.402924
v 110.981750 -11.962824 -80.451035
v 110.763000 -11.473512 -79.928085
v 110.841736 -11.522334 -79.881882
v 110.877640 -11.601973 -79.826324
v 110.753922 -11.424566 -79.345184
v 110.770798 -11.336267 -79.396530
v 110.433701 -10.778315 -78.853287
v 110.508591 -10.819006 -78.794525
v 110.541672 -10.892693 -78.729767
v 110.384888 -10.753641 -78.359146
v 110.402893 -10.667397 -78.413513
v 109.998169 -10.076937 -77.806168
v 110.026932 -10.144343 -77.733047
v 91.468307 8.195942 -59.496246
v 90.894943 8.509723 -58.942749
v 90.226807 9.082826 -58.946503
v 88.933746 9.859303 -58.671310
v 88.691925 9.875440 -58.387421
v 86.630997 10.949090 -58.773010
v 86.287094 10.976991 -58.567444
v 84.839676 11.468435 -59.022278
v 84.324585 11.703012 -59.556717
v 83.379105 11.824779 -59.763153
v 82.220123 12.054233 -60.951813
v 82.158112 12.089396 -60.876740
v 82.090973 12.071239 -60.800049
v 82.036713 12.004628 -60.742294
v 81.922852 12.074714 -61.205475
v 81.789261 12.018138 -60.961197
v 90.915588 -0.084667 -76.773376
v 91.987030 -0.353462 -76.244812
v 92.973724 -1.002389 -76.568771
v 90.387024 -0.353462 -77.844818
v 92.769119 -1.920112 -78.626907
v 93.297668 -1.651317 -77.555450
v 77.844894 -0.353461 -90.386948
v 78.831589 -1.002389 -90.710907
v 90.710983 -1.002389 -78.831512
v 76.773453 -0.084667 -90.915512
v 91.697678 -1.651317 -79.155457
v 76.244888 -0.353461 -91.986954
v 79.155533 -1.651316 -91.697586
v 76.568848 -1.002389 -92.973648
v 77.555534 -1.651316 -93.297592
v 78.626976 -1.920111 -92.769043
v 61.205555 12.189869 -81.358017
v 81.358093 12.189868 -61.205475
v -91.391373 7.007238 61.480839
v -92.521729 7.285784 60.281036
v -92.699524 7.007238 60.172691
v -91.215225 7.285784 61.587532
v -107.899384 -9.339691 77.988838
v -109.261414 -9.290576 77.020729
v -107.954910 -9.290576 78.327217
v -109.207520 -9.339691 76.680687
v -60.800037 12.071233 82.090958
v -60.961185 12.018131 81.789238
v -60.876728 12.089390 82.158096
v -60.742275 12.004622 82.036697
v -61.205456 12.074707 81.922829
v -60.951794 12.054226 82.220108
v -59.999424 11.878328 83.527740
v -59.298725 11.633936 84.228920
v -59.273388 11.528202 84.960930
v -58.826420 11.049638 86.374458
v -58.497318 10.842609 86.628578
v -58.650784 9.973333 88.723915
v -58.421215 9.697050 89.018372
v -58.727398 8.883416 90.355492
v -59.190647 8.639372 90.878258
v -59.321598 7.962815 91.620636
v -60.395153 7.171068 92.639297
v -60.313572 7.149119 92.699142
v -60.232121 7.089153 92.721214
v -60.172611 7.007237 92.699600
v -76.680618 -9.339692 109.207603
v -76.740112 -9.257777 109.229210
v -76.821564 -9.197811 109.207138
v -76.903152 -9.175862 109.147293
v -77.464874 -10.053941 109.865913
v -78.359131 -10.753650 110.384865
v -77.752304 -9.943028 109.847588
v -79.345154 -11.424575 110.753906
v -78.729431 -10.691305 110.381767
v -86.894577 -14.019563 108.938728
v -85.987610 -14.155190 109.626495
v -85.790680 -13.839917 109.679787
v -87.901306 -14.079940 108.053932
v -87.003922 -14.307403 108.917603
v -87.948364 -14.159247 108.100990
v -87.961075 -14.261203 108.113701
v -87.936035 -14.358485 108.088661
v -77.596878 -9.903897 109.857925
v -77.521973 -9.969839 109.885506
v -78.413498 -10.667405 110.402870
v -79.396500 -11.336275 110.770782
v -79.810440 -11.402267 110.736687
v -79.762863 -11.450256 110.815125
v -79.706299 -11.529284 110.850800
v -80.402908 -12.053058 110.965508
v -80.451019 -11.962832 110.981735
v -80.968735 -12.058408 110.903603
v -80.934708 -12.114070 110.983994
v -80.888062 -12.198716 111.021103
v -81.510834 -12.626304 111.015373
v -81.555542 -12.534324 111.031448
v -82.175781 -12.643569 110.878410
v -82.155884 -12.706077 110.958496
v -82.119568 -12.795733 110.995392
v -82.646378 -13.132644 110.902481
v -82.687607 -13.039113 110.918907
v -83.401871 -13.143344 110.661720
v -83.396301 -13.211698 110.739273
v -83.370499 -13.305633 110.774315
v -83.786438 -13.561770 110.629143
v -83.824173 -13.466926 110.646400
v -84.616806 -13.545428 110.258873
v -84.625458 -13.618484 110.331718
v -84.610046 -13.715861 110.363304
v -84.907791 -13.904948 110.200905
v -84.942093 -13.809052 110.219475
v -85.813049 -13.916417 109.745857
v -85.807693 -14.016316 109.772491
v -86.929855 -14.098165 108.996132
v -86.933945 -14.199601 109.016418
v -108.088577 -14.358484 87.936119
v -108.113617 -14.261202 87.961151
v -108.100906 -14.159246 87.948441
v -108.053848 -14.079939 87.901390
v -109.626419 -14.155190 85.987686
v -108.917526 -14.307402 87.004005
v -108.926468 -14.021343 86.910423
v -110.200821 -13.904947 84.907860
v -109.659897 -13.846956 85.824791
v -110.629074 -13.561769 83.786507
v -110.236588 -13.560944 84.670433
v -109.865829 -10.053940 77.464951
v -109.929077 -10.044832 77.876427
v -108.920380 -14.108746 87.026978
v -108.940018 -14.210274 87.031891
v -109.646744 -14.058527 86.018692
v -110.219391 -13.809052 84.942169
v -110.646332 -13.466925 83.824249
v -110.642792 -13.170143 83.474945
v -110.720123 -13.238810 83.470230
v -110.755005 -13.332973 83.445038
v -110.902405 -13.132643 82.646454
v -110.918839 -13.039112 82.687691
v -110.868759 -12.683891 82.266884
v -110.948730 -12.746870 82.248032
v -110.985550 -12.836872 82.212509
v -111.015305 -12.626303 81.510910
v -111.031372 -12.534323 81.555618
v -110.909119 -12.113810 81.075119
v -110.989578 -12.170120 81.042336
v -111.026733 -12.255241 80.996605
v -110.965439 -12.053057 80.402985
v -110.981659 -11.962831 80.451088
v -110.762909 -11.473519 79.928139
v -110.841644 -11.522342 79.881943
v -110.877548 -11.601980 79.826385
v -110.753830 -11.424574 79.345238
v -110.770706 -11.336274 79.396584
v -110.433594 -10.778322 78.853348
v -110.508499 -10.819014 78.794579
v -110.541580 -10.892700 78.729820
v -110.384796 -10.753649 78.359207
v -110.402802 -10.667404 78.413567
v -109.998077 -10.076944 77.806229
v -110.026840 -10.144351 77.733109
v -91.461456 8.202566 59.489674
v -90.897293 8.509852 58.940083
v -90.229416 9.082836 58.943832
v -88.934692 9.858842 58.671253
v -88.692581 9.874962 58.387684
v -86.631805 10.948875 58.772587
v -86.288177 10.976441 58.567417
v -84.841568 11.466235 59.024788
v -84.326141 11.701056 59.559071
v -83.374817 11.824596 59.767757
v -82.220032 12.054227 60.951870
v -82.158020 12.089391 60.876804
v -82.090881 12.071234 60.800114
v -82.036621 12.004622 60.742355
v -81.922745 12.074708 61.205536
v -81.789169 12.018132 60.961262
v -76.568741 -1.002397 92.973701
v -77.555435 -1.651325 93.297653
v -78.626877 -1.920119 92.769096
v -79.155441 -1.651325 91.697655
v -76.244797 -0.353469 91.987007
v -76.773346 -0.084675 90.915565
v -77.844803 -0.353469 90.387009
v -91.697571 -1.651324 79.155518
v -90.710876 -1.002396 78.831566
v -78.831482 -1.002397 90.710960
v -92.769012 -1.920118 78.626961
v -90.386932 -0.353468 77.844872
v -93.297577 -1.651324 77.555519
v -92.973618 -1.002396 76.568825
v -91.986938 -0.353468 76.244873
v -90.915482 -0.084674 76.773430
v -61.205456 12.189861 81.358078
v -81.358002 12.189862 61.205536
v -25.160313 5.789866 -19.663605
v -24.941257 5.789866 -19.696304
v -25.160313 4.189866 -19.663605
v -24.941257 4.189866 -19.696304
v -24.741306 5.789866 -19.791557
v -24.741306 4.189866 -19.791557
v -24.577896 5.789866 -19.941063
v -24.577896 4.189866 -19.941063
v -26.306503 5.789866 -19.663605
v -26.306503 4.189866 -19.663605
v -50.899952 -3.060134 -19.663605
v -26.306503 -3.060134 -19.663605
v -50.899952 11.439866 -19.663605
v -26.306503 11.439866 -19.663605
v -25.372952 5.789864 20.064537
v -25.372952 4.189864 20.064537
v -25.028370 5.789864 19.933807
v -25.028370 4.189864 19.933807
v -24.663116 5.789864 19.982994
v -24.663116 4.189864 19.982994
v -24.365391 5.789864 20.200226
v -24.365391 4.189864 20.200226
v -25.444485 4.189864 20.114624
v -31.330135 -3.060136 24.235802
v -25.444485 -3.060136 20.114624
v -31.330135 11.439864 24.235802
v -25.444485 5.789864 20.114624
v -25.444485 11.439864 20.114624
v 25.160408 4.189864 19.663658
v 25.160408 5.789864 19.663658
v 24.941353 4.189864 19.696365
v 24.941353 5.789864 19.696365
v 24.741402 5.789864 19.791618
v 24.741402 4.189864 19.791618
v 24.577991 5.789864 19.941124
v 24.577991 4.189864 19.941124
v 26.306599 5.789864 19.663658
v 26.306599 4.189864 19.663658
v 50.900047 -3.060136 19.663658
v 26.306599 -3.060136 19.663658
v 50.900047 11.439864 19.663658
v 26.306599 11.439864 19.663658
v 25.373049 4.189866 -20.064484
v 25.028463 4.189866 -19.933746
v 25.373049 5.789866 -20.064484
v 25.028463 5.789866 -19.933746
v 24.663210 4.189866 -19.982933
v 24.663210 5.789866 -19.982933
v 24.365486 4.189866 -20.200165
v 24.365486 5.789866 -20.200165
v 25.444580 4.189866 -20.114571
v 31.330231 -3.060134 -24.235748
v 25.444580 -3.060134 -20.114571
v 31.330231 11.439866 -24.235748
v 25.444580 5.789866 -20.114571
v 25.444580 11.439866 -20.114571
v -25.779137 -3.435134 -18.534439
v -25.560875 -3.060134 -18.994469
v -25.697556 -3.060134 -18.475784
v -25.938381 -3.143760 -19.561668
v -26.306503 -3.435134 -19.563118
v -25.805580 -3.060134 -19.471794
v -25.783634 -3.523833 -19.185799
v -26.306503 -3.810134 -18.913605
v -26.306503 -3.709653 -19.288605
v -26.002029 -3.709653 -18.694695
v -25.697556 4.189866 -18.475784
v -25.560875 4.189866 -18.994469
v -25.805580 4.189866 -19.471794
v -50.899952 -3.810136 30.126167
v -50.951061 -3.810136 30.514397
v -51.274952 -3.709655 30.126167
v -51.663418 -3.435136 30.551407
v -51.798573 -3.435136 30.727547
v -51.869625 -3.060136 30.656494
v -51.750431 -3.060136 30.501167
v -51.578449 -3.435136 30.346283
v -51.675510 -3.060136 30.320282
v -51.649952 -3.060136 30.126167
v -51.549473 -3.435136 30.126167
v -51.425671 -3.709655 30.688667
v -51.604458 -3.709655 30.921661
v -51.339291 -3.810136 31.186829
v -51.100918 -3.810136 30.876167
v -51.313290 -3.709655 30.417336
v -25.129250 -3.060136 19.417503
v -25.355961 -3.435136 19.109344
v -25.275715 -3.060136 19.048866
v -25.502121 -3.435136 20.032318
v -25.191288 -3.060136 19.809280
v -25.591187 -3.744518 19.617569
v -25.874668 -3.810136 19.500259
v -25.575191 -3.709655 19.274567
v -25.659576 -3.709655 19.807442
v -25.190285 -3.343616 19.617569
v -25.275715 4.189864 19.048866
v -25.129250 4.189864 19.417503
v -25.191288 4.189864 19.809280
v -32.134789 -3.709656 52.817738
v -32.399952 -3.810137 52.552574
v -32.024952 -3.709656 52.552574
v -31.750435 -3.435137 52.552574
v -31.940674 -3.435137 53.011852
v -31.675507 -3.060137 52.746689
v -31.649952 -3.060137 52.552574
v -31.750435 -3.060137 52.927574
v -31.869621 -3.060137 53.082901
v -50.899952 -3.709653 -19.288605
v -50.899952 -3.810134 -18.913605
v -51.274952 -3.709653 -18.913605
v -51.549473 -3.060134 -19.288605
v -51.549473 -3.435134 -18.913605
v -51.649952 -3.060134 -18.913605
v -50.899952 -3.435134 -19.563118
v -51.274952 -3.060134 -19.563118
v -51.005733 -3.613107 -19.409111
v -51.452923 -3.165915 -19.409111
v -51.798573 11.814864 30.727547
v -51.750431 11.439864 30.501167
v -51.869625 11.439864 30.656494
v -50.951061 12.189864 30.514397
v -50.899952 12.189864 30.126167
v -51.274952 12.089383 30.126167
v -51.578449 11.814864 30.346283
v -51.549473 11.814864 30.126167
v -51.649952 11.439864 30.126167
v -51.675510 11.439864 30.320282
v -51.663418 11.814864 30.551407
v -51.313290 12.089383 30.417336
v -51.425671 12.089383 30.688667
v -51.604458 12.089383 30.921661
v -51.339291 12.189864 31.186829
v -51.100918 12.189864 30.876167
v -81.711990 11.439862 60.498871
v -31.750435 -3.435136 24.850166
v -31.611885 -3.060136 24.614258
v -31.649952 -3.060136 24.850166
v -31.582142 -3.435136 24.342293
v -31.387768 -3.435136 24.153496
v -31.501545 -3.060136 24.402298
v -31.707264 -3.435136 24.582649
v -31.802341 -3.709655 24.178360
v -31.545227 -3.709655 23.928619
v -31.760319 -3.810136 23.621437
v -32.103138 -3.810136 23.954430
v -31.967850 -3.709655 24.496307
v -32.024952 -3.709655 24.850166
v -32.399952 -3.810136 24.850166
v -32.323818 -3.810136 24.378349
v -31.750435 11.814863 52.552574
v -31.675507 11.439863 52.746689
v -31.649952 11.439863 52.552574
v -31.940674 11.814863 53.011852
v -31.869621 11.439863 53.082901
v -31.750435 11.439863 52.927574
v -32.134789 12.089382 52.817738
v -32.024952 12.089382 52.552574
v -32.399952 12.189863 52.552574
v -51.549473 11.439866 -19.288605
v -51.649952 11.439866 -18.913605
v -51.549473 11.814866 -18.913605
v -50.899952 12.089385 -19.288605
v -51.274952 12.089385 -18.913605
v -50.899952 12.189866 -18.913605
v -51.274952 11.439866 -19.563118
v -50.899952 11.814866 -19.563118
v -51.452923 11.545647 -19.409111
v -51.005733 11.992839 -19.409111
v -31.387768 11.814864 24.153496
v -31.501545 11.439864 24.402298
v -32.323818 12.189864 24.378349
v -32.399952 12.189864 24.850166
v -32.024952 12.089383 24.850166
v -31.707264 11.814864 24.582649
v -31.750435 11.814864 24.850166
v -31.649952 11.439864 24.850166
v -31.611885 11.439864 24.614258
v -31.582142 11.814864 24.342293
v -31.545227 12.089383 23.928619
v -31.967850 12.089383 24.496307
v -31.802341 12.089383 24.178360
v -31.760319 12.189864 23.621437
v -32.103138 12.189864 23.954430
v -25.560875 11.439866 -18.994469
v -25.779137 11.814866 -18.534439
v -25.697556 11.439866 -18.475784
v -25.783634 11.903565 -19.185799
v -26.306503 12.189866 -18.913605
v -26.002029 12.089385 -18.694695
v -25.805580 11.439866 -19.471794
v -26.306503 11.814866 -19.563118
v -26.306503 12.089385 -19.288605
v -25.938381 11.523492 -19.561668
v -25.697556 5.789866 -18.475784
v -25.560875 5.789866 -18.994469
v -25.805580 5.789866 -19.471794
v -25.355961 11.814864 19.109344
v -25.129250 11.439864 19.417503
v -25.275715 11.439864 19.048866
v -25.502121 11.814864 20.032318
v -25.191288 11.439864 19.809280
v -25.190285 11.723344 19.617569
v -25.659576 12.089383 19.807442
v -25.575191 12.089383 19.274567
v -25.591187 12.124246 19.617569
v -25.874668 12.189864 19.500259
v -25.129250 5.789864 19.417503
v -25.275715 5.789864 19.048866
v -25.191288 5.789864 19.809280
v -26.568470 11.439866 -17.199867
v -27.198055 12.189866 -17.607445
v -26.258194 11.814864 17.849335
v -26.175095 11.439864 17.792847
v -26.485226 12.089383 18.003662
v -26.795357 12.189864 18.214478
v -27.097870 11.814864 16.546806
v -27.012115 11.439864 16.494438
v -27.332165 12.089383 16.689873
v -27.652214 12.189864 16.885307
v -27.872990 11.814864 15.204858
v -27.784782 11.439864 15.156739
v -28.491253 11.439864 13.782929
v -28.113987 12.089383 15.336320
v -28.443188 12.189864 15.515901
v -28.581707 11.814864 13.826684
v -28.828831 12.089383 13.946229
v -29.166405 12.189864 14.109536
v -29.222332 11.814864 12.415566
v -29.129852 11.439864 12.376275
v -29.699051 11.439864 10.940141
v -29.474991 12.089383 12.522912
v -29.820133 12.189864 12.669557
v -29.793339 11.814864 10.974877
v -30.050934 12.089383 11.069764
v -30.402821 12.189864 11.199388
v -30.293365 11.814865 9.508035
v -30.197495 11.439865 9.477944
v -30.555286 12.089384 9.590249
v -30.913078 12.189865 9.702546
v -30.721222 11.814865 8.018548
v -30.623997 11.439865 7.993172
v -30.986843 12.089384 8.087876
v -31.711609 12.189865 6.643128
v -31.349686 12.189865 8.182580
v -31.075890 11.814865 6.509957
v -30.977543 11.439865 6.489350
v -31.344578 12.089384 6.566239
v -31.356525 11.814865 4.985856
v -31.257290 11.439865 4.970070
v -31.627636 12.089384 5.028962
v -31.997986 12.189865 5.087845
v -31.562454 11.814865 3.449875
v -31.462570 11.439865 3.438958
v -31.835350 12.089384 3.479699
v -32.341541 12.189865 1.944657
v -32.208130 12.189865 3.520447
v -31.693195 11.814865 1.905671
v -31.592896 11.439865 1.899643
v -31.967216 12.089384 1.922150
v -31.748428 11.814865 0.356934
v -31.647953 11.439865 0.355805
v -32.022930 12.089384 0.360024
v -32.397907 12.189865 0.364235
v -31.728024 11.814865 -1.192657
v -31.627613 11.439865 -1.188880
v -32.002350 12.089384 -1.202964
v -32.377087 12.189865 -1.217056
v -31.632034 11.814865 -2.739402
v -31.531929 11.439865 -2.730735
v -31.905529 12.089384 -2.763084
v -32.279129 12.189865 -2.795440
v -31.460682 11.814865 -4.279624
v -31.361118 11.439865 -4.266082
v -31.732697 12.089384 -4.316627
v -32.104275 12.189865 -4.367172
v -31.214382 11.814865 -5.809646
v -31.115597 11.439865 -5.791267
v -31.484268 12.089384 -5.859878
v -31.852936 12.189865 -5.928497
v -30.893719 11.814865 -7.325836
v -30.795948 11.439865 -7.302650
v -31.160831 12.089384 -7.389175
v -31.123383 12.189865 -9.005088
v -31.525711 12.189865 -7.475700
v -30.499454 11.814865 -8.824569
v -30.402931 11.439865 -8.796638
v -30.763157 12.089384 -8.900863
v -30.032528 11.814865 -10.302276
v -29.937485 11.439865 -10.269668
v -30.292194 12.089384 -10.391349
v -30.097412 12.189866 -11.995917
v -30.646904 12.189865 -10.513030
v -29.494053 11.814866 -11.755439
v -29.400715 11.439866 -11.718238
v -29.749062 12.089385 -11.857078
v -28.885315 11.814866 -13.180594
v -28.793900 11.439866 -13.138885
v -29.135059 12.089385 -13.294562
v -29.476219 12.189866 -13.450233
v -28.207760 11.814866 -14.574355
v -28.118488 11.439866 -14.528235
v -28.451645 12.089385 -14.700370
v -28.784805 12.189866 -14.872504
v -27.463001 11.814866 -15.933394
v -27.376087 11.439866 -15.882972
v -27.700451 12.089385 -16.071159
v -28.024815 12.189866 -16.259346
v -26.652817 11.814866 -17.254471
v -26.883263 12.089385 -17.403656
v -60.498791 11.439861 81.712074
v -52.431896 -3.810138 72.584511
v -52.166729 -3.709657 72.849678
v -51.972614 -3.435138 73.043793
v -51.901562 -3.060138 73.114845
v -52.873745 -3.960359 74.087021
v -52.784458 -3.999870 72.937073
v -52.958637 -4.473071 73.111259
v -52.866314 -4.990324 73.018936
v -26.568470 -3.060134 -17.199867
v -26.652817 -3.435134 -17.254471
v -26.883263 -3.709653 -17.403656
v -27.198055 -3.810134 -17.607445
v -27.463001 -3.435134 -15.933395
v -27.376087 -3.060134 -15.882973
v -27.700451 -3.709653 -16.071159
v -28.024815 -3.810134 -16.259346
v -28.207760 -3.435134 -14.574356
v -28.118488 -3.060134 -14.528236
v -28.793900 -3.060134 -13.138885
v -28.451645 -3.709653 -14.700371
v -28.784805 -3.810134 -14.872505
v -28.885315 -3.435134 -13.180595
v -29.135059 -3.709653 -13.294563
v -29.476219 -3.810134 -13.450233
v -29.494053 -3.435134 -11.755440
v -29.400715 -3.060134 -11.718239
v -29.749062 -3.709653 -11.857079
v -30.097412 -3.810134 -11.995918
v -30.032528 -3.435134 -10.302277
v -29.937485 -3.060134 -10.269669
v -30.402931 -3.060134 -8.796638
v -30.292194 -3.709653 -10.391350
v -30.646904 -3.810134 -10.513031
v -30.499454 -3.435134 -8.824570
v -30.795948 -3.060135 -7.302650
v -30.763157 -3.709653 -8.900864
v -31.123383 -3.810134 -9.005089
v -30.893719 -3.435135 -7.325836
v -31.160831 -3.709654 -7.389175
v -31.525711 -3.810135 -7.475700
v -31.214382 -3.435135 -5.809647
v -31.115597 -3.060135 -5.791267
v -31.484268 -3.709654 -5.859879
v -31.852936 -3.810135 -5.928497
v -31.460682 -3.435135 -4.279625
v -31.361118 -3.060135 -4.266083
v -31.732697 -3.709654 -4.316628
v -32.104275 -3.810135 -4.367172
v -31.632034 -3.435135 -2.739403
v -31.531929 -3.060135 -2.730736
v -31.905529 -3.709654 -2.763085
v -32.279129 -3.810135 -2.795441
v -31.728024 -3.435135 -1.192658
v -31.627613 -3.060135 -1.188881
v -31.647953 -3.060135 0.355804
v -32.002350 -3.709654 -1.202965
v -32.377087 -3.810135 -1.217056
v -31.748428 -3.435135 0.356933
v -32.022930 -3.709654 0.360023
v -32.397907 -3.810135 0.364235
v -31.693195 -3.435135 1.905670
v -31.592896 -3.060135 1.899643
v -31.967216 -3.709654 1.922150
v -32.341541 -3.810135 1.944656
v -31.562454 -3.435135 3.449875
v -31.462570 -3.060135 3.438957
v -31.257290 -3.060135 4.970070
v -31.835350 -3.709654 3.479698
v -32.208130 -3.810135 3.520447
v -31.356525 -3.435135 4.985855
v -30.977543 -3.060135 6.489349
v -31.627636 -3.709654 5.028961
v -31.997986 -3.810135 5.087845
v -31.075890 -3.435135 6.509956
v -31.344578 -3.709654 6.566238
v -31.711609 -3.810135 6.643127
v -30.721222 -3.435135 8.018547
v -30.623997 -3.060135 7.993172
v -30.197495 -3.060135 9.477943
v -30.986843 -3.709654 8.087875
v -31.349686 -3.810135 8.182579
v -30.293365 -3.435135 9.508034
v -29.699051 -3.060135 10.940140
v -30.555286 -3.709654 9.590248
v -30.913078 -3.810135 9.702545
v -29.793339 -3.435135 10.974876
v -30.050934 -3.709654 11.069763
v -30.402821 -3.810135 11.199387
v -29.222332 -3.435135 12.415565
v -29.129852 -3.060135 12.376274
v -28.491253 -3.060136 13.782928
v -29.474991 -3.709654 12.522911
v -29.820133 -3.810135 12.669556
v -28.581707 -3.435136 13.826683
v -28.828831 -3.709655 13.946228
v -28.443188 -3.810136 15.515900
v -29.166405 -3.810136 14.109535
v -27.872990 -3.435136 15.204857
v -27.784782 -3.060136 15.156738
v -28.113987 -3.709655 15.336319
v -27.097870 -3.435136 16.546806
v -27.012115 -3.060136 16.494438
v -27.332165 -3.709655 16.689873
v -27.652214 -3.810136 16.885307
v -26.258194 -3.435136 17.849335
v -26.175095 -3.060136 17.792847
v -26.485226 -3.709655 18.003662
v -26.795357 -3.810136 18.214478
v -74.086945 -3.960358 52.873821
v -73.111176 -4.473070 52.958714
v -73.018860 -4.990323 52.866390
v -73.114761 -3.060137 51.901642
v -73.043716 -3.435137 51.972691
v -72.936996 -3.999869 52.784531
v -72.849594 -3.709656 52.166805
v -72.584442 -3.810137 52.431969
v -26.568470 5.789866 -17.199867
v -27.376087 5.789865 -15.882973
v -28.118488 5.789865 -14.528236
v -28.793900 5.789865 -13.138885
v -29.400715 5.789865 -11.718239
v -29.937485 5.789865 -10.269669
v -30.402931 5.789865 -8.796638
v -30.795948 5.789865 -7.302650
v -31.115597 5.789865 -5.791267
v -31.361118 5.789865 -4.266082
v -31.531929 5.789865 -2.730736
v -31.627613 5.789865 -1.188881
v -31.647953 5.789865 0.355805
v -31.592896 5.789865 1.899643
v -31.462570 5.789865 3.438957
v -31.257290 5.789865 4.970070
v -30.977543 5.789865 6.489350
v -30.623997 5.789865 7.993172
v -30.197495 5.789865 9.477943
v -29.699051 5.789865 10.940140
v -29.129852 5.789865 12.376274
v -28.491253 5.789865 13.782928
v -27.784782 5.789865 15.156738
v -27.012115 5.789864 16.494438
v -26.175095 5.789864 17.792847
v 25.560970 -3.060136 18.994530
v 25.697651 -3.060136 18.475845
v 25.779232 -3.435136 18.534500
v 25.783730 -3.523835 19.185860
v 26.306599 -3.810136 18.913658
v 26.306599 -3.709655 19.288658
v 26.306599 -3.435136 19.563179
v 25.805676 -3.060136 19.471848
v 26.002125 -3.709655 18.694756
v 25.938477 -3.143762 19.561729
v 25.697651 4.189864 18.475845
v 25.560970 4.189864 18.994530
v 25.805676 4.189864 19.471848
v 51.549568 -3.435133 -30.126114
v 51.675602 -3.060133 -30.320221
v 51.650047 -3.060133 -30.126114
v 50.900047 -3.810133 -30.126114
v 50.951160 -3.810133 -30.514328
v 51.275047 -3.709652 -30.126114
v 51.663509 -3.435133 -30.551346
v 51.798668 -3.435133 -30.727493
v 51.869717 -3.060133 -30.656433
v 51.750530 -3.060133 -30.501114
v 51.578545 -3.435133 -30.346222
v 51.425770 -3.709652 -30.688614
v 51.604553 -3.709652 -30.921600
v 51.339386 -3.810133 -31.186768
v 51.101009 -3.810133 -30.876114
v 51.313381 -3.709652 -30.417282
v 25.502214 -3.435134 -20.032257
v 25.191385 -3.060134 -19.809227
v 25.356056 -3.435134 -19.109283
v 25.275810 -3.060134 -19.048813
v 25.129343 -3.060134 -19.417442
v 25.190382 -3.343614 -19.617508
v 25.575287 -3.709653 -19.274506
v 25.659672 -3.709653 -19.807388
v 25.591282 -3.744516 -19.617508
v 25.874763 -3.810134 -19.500206
v 25.275810 4.189866 -19.048813
v 25.129343 4.189866 -19.417442
v 25.191385 4.189866 -19.809227
v 31.940769 -3.435133 -53.011795
v 31.675602 -3.060133 -52.746628
v 31.750528 -3.060133 -52.927521
v 31.869717 -3.060133 -53.082840
v 31.750528 -3.435133 -52.552521
v 31.650047 -3.060133 -52.552521
v 32.134884 -3.709651 -52.817673
v 32.025047 -3.709651 -52.552521
v 32.400047 -3.810133 -52.552521
v 50.900047 -3.435136 19.563179
v 51.275047 -3.060136 19.563179
v 51.549568 -3.435136 18.913658
v 51.650047 -3.060136 18.913658
v 51.549568 -3.060136 19.288658
v 50.900047 -3.810136 18.913658
v 51.275047 -3.709655 18.913658
v 50.900047 -3.709655 19.288658
v 51.453022 -3.165916 19.409172
v 51.005829 -3.613109 19.409172
v 51.339386 12.189866 -31.186768
v 51.101009 12.189866 -30.876114
v 51.604553 12.089385 -30.921600
v 51.578545 11.814866 -30.346222
v 51.549568 11.814866 -30.126114
v 51.650047 11.439866 -30.126114
v 51.675602 11.439866 -30.320221
v 51.663509 11.814866 -30.551346
v 51.750530 11.439866 -30.501114
v 51.869717 11.439866 -30.656433
v 51.798668 11.814866 -30.727493
v 51.313381 12.089385 -30.417282
v 51.275047 12.089385 -30.126114
v 50.900047 12.189866 -30.126114
v 50.951160 12.189866 -30.514328
v 51.425770 12.089385 -30.688614
v 81.712097 11.439868 -60.498810
v 31.750528 -3.435134 -24.850113
v 31.611980 -3.060134 -24.614197
v 31.650047 -3.060134 -24.850113
v 32.400047 -3.810134 -24.850113
v 32.323914 -3.810134 -24.378296
v 32.025047 -3.709653 -24.850113
v 31.582237 -3.435134 -24.342239
v 31.387863 -3.435134 -24.153427
v 31.545322 -3.709653 -23.928558
v 31.501640 -3.060134 -24.402237
v 31.707359 -3.435134 -24.582596
v 31.802437 -3.709653 -24.178299
v 31.760412 -3.810134 -23.621384
v 32.103233 -3.810134 -23.954376
v 31.967945 -3.709653 -24.496246
v 32.025047 12.089386 -52.552521
v 32.400047 12.189867 -52.552521
v 32.134884 12.089386 -52.817673
v 31.750528 11.439867 -52.927521
v 31.940769 11.814867 -53.011795
v 31.869717 11.439867 -53.082840
v 31.750528 11.814867 -52.552521
v 31.675602 11.439867 -52.746628
v 31.650047 11.439867 -52.552521
v 51.275047 11.439864 19.563179
v 50.900047 11.814864 19.563179
v 51.275047 12.089383 18.913658
v 50.900047 12.189864 18.913658
v 50.900047 12.089383 19.288658
v 51.650047 11.439864 18.913658
v 51.549568 11.814864 18.913658
v 51.549568 11.439864 19.288658
v 51.005829 11.992837 19.409172
v 51.453022 11.545645 19.409172
v 31.760412 12.189866 -23.621384
v 32.103233 12.189866 -23.954376
v 31.545322 12.089385 -23.928558
v 31.707359 11.814866 -24.582596
v 31.750528 11.814866 -24.850113
v 31.650047 11.439866 -24.850113
v 31.611980 11.439866 -24.614197
v 31.582237 11.814866 -24.342239
v 31.501640 11.439866 -24.402237
v 31.387863 11.814866 -24.153427
v 31.967945 12.089385 -24.496246
v 32.025047 12.089385 -24.850113
v 32.400047 12.189866 -24.850113
v 32.323914 12.189866 -24.378296
v 31.802437 12.089385 -24.178299
v 25.697651 11.439864 18.475845
v 25.560970 11.439864 18.994530
v 25.779232 11.814864 18.534500
v 25.938477 11.523490 19.561729
v 25.805676 11.439864 19.471848
v 26.306599 11.814864 19.563179
v 25.783730 11.903563 19.185860
v 26.306599 12.189864 18.913658
v 26.002125 12.089383 18.694756
v 26.306599 12.089383 19.288658
v 25.697651 5.789864 18.475845
v 25.560970 5.789864 18.994530
v 25.805676 5.789864 19.471848
v 25.191385 11.439866 -19.809227
v 25.502214 11.814866 -20.032257
v 25.275810 11.439866 -19.048813
v 25.356056 11.814866 -19.109283
v 25.129343 11.439866 -19.417442
v 25.591282 12.124248 -19.617508
v 25.874763 12.189866 -19.500206
v 25.659672 12.089385 -19.807388
v 25.575287 12.089385 -19.274506
v 25.190382 11.723346 -19.617508
v 25.275810 5.789866 -19.048813
v 25.129343 5.789866 -19.417442
v 25.191385 5.789866 -19.809227
v 26.175190 11.439866 -17.792793
v 27.198151 12.189864 17.607506
v 26.258289 11.814866 -17.849281
v 26.485321 12.089385 -18.003609
v 26.795454 12.189866 -18.214424
v 27.097965 11.814866 -16.546745
v 27.012211 11.439866 -16.494385
v 27.332260 12.089385 -16.689812
v 27.652309 12.189866 -16.885246
v 27.873085 11.814866 -15.204795
v 27.784876 11.439866 -15.156676
v 28.114080 12.089385 -15.336257
v 28.443285 12.189866 -15.515838
v 28.581802 11.814866 -13.826621
v 28.491350 11.439866 -13.782866
v 28.828924 12.089385 -13.946166
v 29.166500 12.189866 -14.109473
v 29.222427 11.814866 -12.415511
v 29.129948 11.439866 -12.376220
v 29.475086 12.089385 -12.522857
v 29.820229 12.189866 -12.669494
v 29.793434 11.814866 -10.974814
v 29.699146 11.439866 -10.940085
v 30.197590 11.439865 -9.477889
v 30.051029 12.089385 -11.069709
v 30.402916 12.189866 -11.199325
v 30.293461 11.814865 -9.507979
v 30.555382 12.089384 -9.590186
v 30.913172 12.189865 -9.702483
v 30.721317 11.814865 -8.018485
v 30.624094 11.439865 -7.993110
v 30.986938 12.089384 -8.087813
v 31.349781 12.189865 -8.182525
v 31.075985 11.814865 -6.509895
v 30.977638 11.439865 -6.489295
v 31.344673 12.089384 -6.566177
v 31.711704 12.189865 -6.643066
v 31.356621 11.814865 -4.985794
v 31.257385 11.439865 -4.970016
v 31.627733 12.089384 -5.028900
v 31.998081 12.189865 -5.087783
v 31.562551 11.814865 -3.449813
v 31.462666 11.439865 -3.438896
v 31.592989 11.439865 -1.899581
v 31.835445 12.089384 -3.479637
v 32.208225 12.189865 -3.520385
v 31.693289 11.814865 -1.905616
v 31.967314 12.089384 -1.922088
v 32.341637 12.189865 -1.944595
v 31.748524 11.814865 -0.356872
v 31.648048 11.439865 -0.355743
v 32.023026 12.089384 -0.359962
v 32.398003 12.189865 -0.364173
v 31.728119 11.814865 1.192711
v 31.627708 11.439865 1.188942
v 32.002445 12.089384 1.203026
v 32.377182 12.189865 1.217110
v 31.632130 11.814865 2.739464
v 31.532022 11.439865 2.730790
v 31.361214 11.439865 4.266137
v 31.905624 12.089384 2.763146
v 32.279224 12.189865 2.795502
v 31.460779 11.814865 4.279686
v 31.732792 12.089384 4.316689
v 32.104370 12.189865 4.367234
v 31.214478 11.814865 5.809708
v 31.115692 11.439865 5.791321
v 30.796043 11.439865 7.302712
v 31.484364 12.089384 5.859940
v 31.853031 12.189865 5.928559
v 30.893814 11.814865 7.325898
v 30.403027 11.439865 8.796700
v 31.160925 12.089384 7.389237
v 31.525806 12.189865 7.475762
v 30.499548 11.814865 8.824624
v 30.763252 12.089384 8.900926
v 31.123476 12.189865 9.005151
v 30.032623 11.814865 10.302339
v 29.937578 11.439865 10.269731
v 29.400808 11.439864 11.718301
v 30.292290 12.089384 10.391412
v 30.646999 12.189865 10.513093
v 29.494148 11.814864 11.755502
v 29.749157 12.089383 11.857141
v 29.476315 12.189864 13.450295
v 30.097507 12.189864 11.995980
v 28.885408 11.814864 13.180657
v 28.793995 11.439864 13.138947
v 29.135155 12.089383 13.294618
v 28.784901 12.189864 14.872567
v 28.207853 11.814864 14.574418
v 28.118584 11.439864 14.528291
v 28.451742 12.089383 14.700433
v 27.463097 11.814864 15.933457
v 27.376184 11.439864 15.883027
v 27.700546 12.089383 16.071213
v 28.024908 12.189864 16.259399
v 26.652912 11.814864 17.254532
v 26.568565 11.439864 17.199928
v 26.883358 12.089383 17.403717
v 60.498890 11.439869 -81.712021
v 52.166824 -3.709651 -72.849625
v 52.431988 -3.810132 -72.584457
v 51.972710 -3.435132 -73.043732
v 51.901657 -3.060132 -73.114792
v 52.873837 -3.960352 -74.086960
v 52.784550 -3.999863 -72.937012
v 52.958733 -4.473064 -73.111206
v 52.866409 -4.990317 -73.018875
v 26.175190 -3.060134 -17.792793
v 26.652912 -3.435136 17.254532
v 26.568565 -3.060136 17.199928
v 26.883358 -3.709655 17.403717
v 27.198151 -3.810136 17.607506
v 27.463097 -3.435136 15.933456
v 27.376184 -3.060136 15.883026
v 27.700546 -3.709655 16.071213
v 28.024908 -3.810136 16.259399
v 28.207853 -3.435136 14.574417
v 28.118584 -3.060136 14.528290
v 28.451742 -3.709655 14.700432
v 28.784901 -3.810136 14.872566
v 28.885408 -3.435135 13.180656
v 28.793995 -3.060135 13.138947
v 29.135155 -3.709654 13.294617
v 29.476315 -3.810135 13.450294
v 29.494148 -3.435135 11.755501
v 29.400808 -3.060135 11.718300
v 29.749157 -3.709654 11.857140
v 30.646999 -3.810135 10.513092
v 30.097507 -3.810135 11.995979
v 30.032623 -3.435135 10.302338
v 29.937578 -3.060135 10.269730
v 30.292290 -3.709654 10.391411
v 30.499548 -3.435135 8.824623
v 30.403027 -3.060135 8.796700
v 30.763252 -3.709654 8.900925
v 31.123476 -3.810135 9.005150
v 30.893814 -3.435135 7.325897
v 30.796043 -3.060135 7.302711
v 31.160925 -3.709654 7.389236
v 31.525806 -3.810135 7.475761
v 31.214478 -3.435135 5.809708
v 31.115692 -3.060135 5.791321
v 31.484364 -3.709654 5.859940
v 31.853031 -3.810135 5.928558
v 31.460779 -3.435135 4.279686
v 31.361214 -3.060135 4.266136
v 31.732792 -3.709654 4.316689
v 32.104370 -3.810135 4.367233
v 31.632130 -3.435135 2.739464
v 31.532022 -3.060135 2.730789
v 31.905624 -3.709654 2.763145
v 32.279224 -3.810135 2.795501
v 31.728119 -3.435135 1.192711
v 31.627708 -3.060135 1.188942
v 32.002445 -3.709654 1.203026
v 32.377182 -3.810135 1.217110
v 31.748524 -3.435135 -0.356873
v 31.648048 -3.060135 -0.355744
v 32.023026 -3.709654 -0.359963
v 32.398003 -3.810135 -0.364174
v 31.693289 -3.435135 -1.905617
v 31.592989 -3.060135 -1.899582
v 31.967314 -3.709654 -1.922089
v 32.341637 -3.810135 -1.944595
v 31.562551 -3.435135 -3.449814
v 31.462666 -3.060135 -3.438896
v 31.835445 -3.709654 -3.479637
v 31.998081 -3.810135 -5.087784
v 32.208225 -3.810135 -3.520386
v 31.356621 -3.435135 -4.985794
v 31.257385 -3.060135 -4.970016
v 31.627733 -3.709654 -5.028900
v 31.075985 -3.435135 -6.509895
v 30.977638 -3.060135 -6.489296
v 31.344673 -3.709654 -6.566177
v 31.711704 -3.810135 -6.643066
v 30.721317 -3.435135 -8.018486
v 30.624094 -3.060135 -7.993111
v 30.986938 -3.709654 -8.087814
v 31.349781 -3.810134 -8.182526
v 30.293461 -3.435134 -9.507980
v 30.197590 -3.060134 -9.477890
v 30.555382 -3.709653 -9.590187
v 30.913172 -3.810134 -9.702484
v 29.793434 -3.435134 -10.974815
v 29.699146 -3.060134 -10.940086
v 30.051029 -3.709653 -11.069710
v 30.402916 -3.810134 -11.199326
v 29.222427 -3.435134 -12.415512
v 29.129948 -3.060134 -12.376221
v 29.475086 -3.709653 -12.522858
v 29.166500 -3.810134 -14.109474
v 29.820229 -3.810134 -12.669495
v 28.581802 -3.435134 -13.826622
v 28.491350 -3.060134 -13.782867
v 28.828924 -3.709653 -13.946167
v 27.873085 -3.435134 -15.204796
v 27.784876 -3.060134 -15.156677
v 28.114080 -3.709653 -15.336258
v 28.443285 -3.810134 -15.515839
v 27.097965 -3.435134 -16.546745
v 27.012211 -3.060134 -16.494385
v 27.332260 -3.709653 -16.689812
v 27.652309 -3.810134 -16.885246
v 26.258289 -3.435134 -17.849281
v 26.485321 -3.709653 -18.003609
v 26.795454 -3.810134 -18.214424
v 74.087036 -3.960353 -52.873764
v 73.111275 -4.473065 -52.958649
v 73.018951 -4.990318 -52.866333
v 73.114861 -3.060133 -51.901581
v 73.043808 -3.435133 -51.972626
v 72.937088 -3.999864 -52.784470
v 72.849701 -3.709651 -52.166748
v 72.584534 -3.810133 -52.431915
v 26.568565 5.789864 17.199928
v 27.376184 5.789865 15.883026
v 28.118584 5.789865 14.528290
v 28.793995 5.789865 13.138947
v 29.400808 5.789865 11.718300
v 29.937578 5.789865 10.269730
v 30.403027 5.789865 8.796700
v 30.796043 5.789865 7.302712
v 31.115692 5.789865 5.791321
v 31.361214 5.789865 4.266137
v 31.532022 5.789865 2.730789
v 31.627708 5.789865 1.188942
v 31.648048 5.789865 -0.355743
v 31.592989 5.789865 -1.899582
v 31.462666 5.789865 -3.438896
v 31.257385 5.789865 -4.970016
v 30.977638 5.789865 -6.489295
v 30.624094 5.789865 -7.993110
v 30.197590 5.789865 -9.477890
v 29.699146 5.789865 -10.940086
v 29.129948 5.789865 -12.376221
v 28.491350 5.789865 -13.782867
v 27.784876 5.789865 -15.156677
v 27.012211 5.789866 -16.494385
v 26.175190 5.789866 -17.792793
v -81.451233 -13.412569 49.050358
v -82.235504 -14.126820 49.708668
v -85.480209 -7.573668 52.953373
v -80.556992 -12.712862 48.531403
v -79.570953 -12.041937 48.162365
v -78.513214 -11.413454 47.950760
v -77.405289 -10.840208 47.900894
v -76.269745 -10.333867 48.013786
v -75.129684 -9.904740 48.287128
v -74.008331 -9.561563 48.715366
v -72.928497 -9.311321 49.289776
v -71.912186 -9.159109 49.998669
v -70.980072 -9.108025 50.827606
v -50.827534 -9.108026 70.980148
v -49.708591 -14.126822 82.235580
v -49.050282 -13.412571 81.451317
v -48.531322 -12.712864 80.557068
v -48.162289 -12.041939 79.571030
v -47.950687 -11.413456 78.513290
v -47.900822 -10.840210 77.405365
v -48.013706 -10.333868 76.269814
v -48.287052 -9.904741 75.129761
v -48.715290 -9.561564 74.008408
v -49.289700 -9.311322 72.928581
v -49.998592 -9.159110 71.912262
v 81.451340 -13.412565 -49.050293
v 82.235596 -14.126816 -49.708603
v 85.480301 -7.573663 -52.953308
v 80.557083 -12.712858 -48.531342
v 79.571045 -12.041933 -48.162308
v 78.513306 -11.413450 -47.950699
v 77.405380 -10.840204 -47.900833
v 76.269836 -10.333863 -48.013733
v 75.129776 -9.904737 -48.287064
v 74.008423 -9.561560 -48.715302
v 72.928604 -9.311317 -49.289719
v 71.912285 -9.159105 -49.998611
v 70.980164 -9.108021 -50.827545
v 50.827625 -9.108020 -70.980087
v 49.708687 -14.126814 -82.235519
v 49.050377 -13.412563 -81.451263
v 48.531422 -12.712856 -80.557007
v 48.162384 -12.041931 -79.570969
v 47.950779 -11.413448 -78.513229
v 47.900913 -10.840202 -77.405304
v 48.013802 -10.333862 -76.269760
v 48.287148 -9.904736 -75.129700
v 48.715385 -9.561559 -74.008347
v 49.289795 -9.311316 -72.928528
v 49.998684 -9.159104 -71.912201
v -107.169327 -10.814165 77.258789
v -90.661331 5.532764 60.750797
v -101.988205 -23.920597 69.461365
v -100.680054 -23.920597 70.769516
v -84.172058 -7.573668 54.261520
v 90.661438 5.532770 -60.750732
v 107.169434 -10.814157 -77.258728
v 84.172150 -7.573663 -54.261459
v 100.680145 -23.920589 -70.769455
v 101.988297 -23.920589 -69.461304
v -78.020325 -2.640701 89.899803
v -77.033630 -1.991773 89.575851
v -75.962189 -1.722979 90.104408
v -75.433640 -1.991773 91.175850
v -75.757584 -2.640701 92.162544
v -76.744278 -3.289629 92.486496
v -77.815720 -3.558423 91.957932
v -78.344284 -3.289629 90.886490
v -92.162460 -2.640700 75.757660
v -91.175766 -1.991773 75.433716
v -90.104324 -1.722978 75.962273
v -89.575775 -1.991773 77.033714
v -89.899719 -2.640700 78.020409
v -90.886414 -3.289628 78.344360
v -91.957855 -3.558423 77.815796
v -92.486420 -3.289628 76.744354
v 92.162567 -2.640694 -75.757599
v 91.175873 -1.991766 -75.433655
v 90.104431 -1.722971 -75.962204
v 89.575867 -1.991766 -77.033661
v 89.899811 -2.640694 -78.020340
v 90.886505 -3.289621 -78.344299
v 91.957947 -3.558416 -77.815735
v 92.486511 -3.289621 -76.744293
v 78.020424 -2.640693 -89.899734
v 77.033737 -1.991765 -89.575790
v 75.962288 -1.722971 -90.104340
v 75.433731 -1.991765 -91.175797
v 75.757683 -2.640693 -92.162476
v 76.744370 -3.289621 -92.486435
v 77.815819 -3.558415 -91.957870
v 78.344376 -3.289621 -90.886429
v -61.465267 9.656622 81.617889
v -71.883896 -10.003026 51.731426
v -51.731350 -10.003027 71.883972
v -81.617813 9.656623 61.465343
v -50.848988 -13.960705 80.759682
v -60.582897 5.698944 90.493591
v -50.229092 -13.273462 79.991539
v -59.963009 6.386188 89.725456
v -49.776287 -12.607100 79.098495
v -59.510197 7.052549 88.832413
v -49.504314 -11.981867 78.107674
v -59.238232 7.677783 87.841591
v -49.421452 -11.416759 77.049194
v -59.155369 8.242890 86.783104
v -59.264126 8.730701 85.689117
v -49.530209 -10.928947 75.955200
v -59.561199 9.126393 84.592857
v -49.827282 -10.533255 74.858940
v -60.037563 9.417944 83.527641
v -50.303646 -10.241704 73.793732
v -60.678745 9.596496 82.525841
v -50.944836 -10.063152 72.791924
v -77.258713 -10.814166 107.169411
v -67.524796 -30.473816 97.435493
v -76.400513 -34.431492 96.553131
v -86.134430 -14.771844 106.287048
v -75.492554 -34.371365 97.339645
v -85.226471 -14.711717 107.073563
v -74.490753 -34.192814 97.980835
v -84.224670 -14.533166 107.714745
v -73.425537 -33.901264 98.457199
v -83.159454 -14.241614 108.191109
v -72.329285 -33.505569 98.754272
v -82.063202 -13.845923 108.488190
v -71.235291 -33.017761 98.863029
v -80.969208 -13.358111 108.596947
v -70.176804 -32.452652 98.780167
v -79.910721 -12.793004 108.514076
v -69.185989 -31.827419 98.508194
v -78.919907 -12.167771 108.242111
v -68.292938 -31.161057 98.055389
v -78.026855 -11.501410 107.789299
v -106.286972 -14.771843 86.134506
v -96.553055 -34.431492 76.400589
v -98.055313 -31.161057 68.293015
v -97.435425 -30.473816 67.524879
v -107.789230 -11.501409 78.026932
v -108.242035 -12.167770 78.919975
v -98.508118 -31.827419 69.186066
v -108.514008 -12.793003 79.910797
v -98.780090 -32.452652 70.176880
v -108.596863 -13.358110 80.969284
v -98.862946 -33.017761 71.235367
v -98.754196 -33.505569 72.329361
v -108.488113 -13.845922 82.063278
v -98.457123 -33.901264 73.425613
v -108.191040 -14.241613 83.159531
v -97.980759 -34.192814 74.490829
v -107.714676 -14.533165 84.224747
v -97.339569 -34.371365 75.492630
v -107.073486 -14.711716 85.226547
v -90.493515 5.698945 60.582977
v -80.759598 -13.960703 50.849064
v -72.791855 -10.063151 50.944908
v -82.525757 9.596497 60.678825
v -73.793655 -10.241703 50.303726
v -83.527573 9.417945 60.037643
v -74.858871 -10.533254 49.827362
v -84.592773 9.126394 59.561275
v -75.955124 -10.928946 49.530285
v -85.689041 8.730702 59.264202
v -77.049118 -11.416757 49.421528
v -86.783035 8.242891 59.155445
v -78.107605 -11.981865 49.504395
v -87.841507 7.677784 59.238308
v -79.098419 -12.607098 49.776363
v -88.832336 7.052551 59.510277
v -79.991470 -13.273460 50.229172
v -89.725372 6.386189 59.963085
v 90.493607 5.698951 -60.582916
v 97.435516 -30.473808 -67.524826
v 80.759697 -13.960699 -50.848999
v 71.883987 -10.003022 -51.731369
v 81.617905 9.656629 -61.465286
v 72.791946 -10.063148 -50.944855
v 82.525864 9.596502 -60.678772
v 73.793747 -10.241699 -50.303665
v 83.527664 9.417951 -60.037582
v 74.858963 -10.533250 -49.827301
v 84.592880 9.126400 -59.561218
v 75.955215 -10.928943 -49.530228
v 85.689133 8.730708 -59.264145
v 77.049210 -11.416753 -49.421463
v 86.783127 8.242897 -59.155380
v 78.107697 -11.981861 -49.504333
v 87.841614 7.677789 -59.238251
v 79.098511 -12.607094 -49.776306
v 88.832428 7.052556 -59.510223
v 79.991562 -13.273457 -50.229111
v 89.725479 6.386194 -59.963028
v 61.465359 9.656630 -81.617828
v 51.731445 -10.003021 -71.883911
v 50.849079 -13.960697 -80.759628
v 60.582996 5.698952 -90.493530
v 50.229191 -13.273455 -79.991486
v 59.963104 6.386195 -89.725403
v 49.776379 -12.607092 -79.098434
v 59.510296 7.052557 -88.832352
v 49.504410 -11.981859 -78.107620
v 59.238327 7.677791 -87.841537
v 49.421547 -11.416751 -77.049133
v 59.155460 8.242898 -86.783051
v 49.530304 -10.928942 -75.955139
v 59.264217 8.730709 -85.689056
v 49.827377 -10.533249 -74.858887
v 59.561295 9.126401 -84.592804
v 50.303745 -10.241698 -73.793671
v 60.037659 9.417952 -83.527588
v 50.944927 -10.063147 -72.791870
v 60.678841 9.596503 -82.525787
v 77.258812 -10.814157 -107.169357
v 67.524895 -30.473808 -97.435440
v 86.134521 -14.771834 -106.286987
v 85.226562 -14.711707 -107.073502
v 76.400604 -34.431484 -96.553070
v 75.492653 -34.371357 -97.339584
v 84.224762 -14.533156 -107.714691
v 74.490845 -34.192806 -97.980774
v 83.159546 -14.241605 -108.191055
v 73.425636 -33.901257 -98.457138
v 82.063293 -13.845914 -108.488129
v 72.329376 -33.505562 -98.754211
v 80.969299 -13.358102 -108.596878
v 71.235382 -33.017754 -98.862976
v 79.910812 -12.792994 -108.514023
v 70.176895 -32.452644 -98.780106
v 78.919998 -12.167762 -108.242050
v 69.186081 -31.827412 -98.508133
v 78.026947 -11.501400 -107.789246
v 68.293030 -31.161049 -98.055328
v 106.287064 -14.771835 -86.134445
v 96.553146 -34.431484 -76.400528
v 98.055405 -31.161049 -68.292953
v 107.789322 -11.501401 -78.026871
v 108.242126 -12.167763 -78.919922
v 98.508209 -31.827412 -69.186005
v 108.514099 -12.792995 -79.910736
v 98.780182 -32.452644 -70.176819
v 108.596970 -13.358103 -80.969223
v 98.863052 -33.017754 -71.235306
v 108.488205 -13.845915 -82.063217
v 98.754288 -33.505562 -72.329300
v 108.191132 -14.241606 -83.159470
v 98.457214 -33.901257 -73.425552
v 107.714767 -14.533157 -84.224686
v 97.980850 -34.192806 -74.490768
v 107.073578 -14.711708 -85.226486
v 97.339661 -34.371357 -75.492569
v 98.743668 -30.473808 -66.216675
v 99.401978 -31.188057 -67.000931
v 99.920929 -31.887764 -67.895187
v 100.289963 -32.558689 -68.881226
v 100.501572 -33.187172 -69.938965
v 100.551437 -33.760418 -71.046890
v 100.438538 -34.266758 -72.182434
v 100.165207 -34.695885 -73.322495
v 99.736969 -35.039062 -74.443848
v 99.162552 -35.289303 -75.523666
v 98.453659 -35.441517 -76.539978
v 97.624725 -35.492599 -77.472107
v 67.001007 -31.188057 -99.401886
v 66.216751 -30.473808 -98.743576
v 67.895264 -31.887764 -99.920853
v 68.881302 -32.558689 -100.289886
v 69.939041 -33.187172 -100.501495
v 71.046967 -33.760418 -100.551361
v 72.182510 -34.266758 -100.438461
v 73.322571 -34.695885 -100.165115
v 74.443924 -35.039062 -99.736893
v 75.523743 -35.289303 -99.162476
v 76.540062 -35.441517 -98.453583
v 77.472183 -35.492599 -97.624649
v -66.216660 -30.473816 98.743645
v -67.000916 -31.188065 99.401955
v -67.895172 -31.887772 99.920906
v -68.881195 -32.558697 100.289948
v -69.938950 -33.187180 100.501549
v -71.046875 -33.760426 100.551414
v -72.182419 -34.266766 100.438522
v -73.322479 -34.695892 100.165184
v -74.443832 -35.039070 99.736946
v -75.523651 -35.289310 99.162537
v -76.539963 -35.441525 98.453644
v -77.472076 -35.492607 97.624702
v -97.624619 -35.492607 77.472160
v -98.743561 -30.473816 66.216736
v -99.401871 -31.188065 67.000992
v -98.453568 -35.441525 76.540047
v -99.920837 -31.887772 67.895248
v -99.162460 -35.289310 75.523727
v -100.289871 -32.558697 68.881279
v -99.736862 -35.039070 74.443901
v -100.501465 -33.187180 69.939026
v -100.165100 -34.695892 73.322548
v -100.551331 -33.760426 71.046951
v -100.438446 -34.266766 72.182495
v -26.568470 4.189866 -17.199867
v -27.376087 4.189866 -15.882973
v -28.118488 4.189866 -14.528236
v -28.793900 4.189866 -13.138885
v -29.400715 4.189866 -11.718239
v -29.937485 4.189866 -10.269669
v -30.402931 4.189866 -8.796638
v -30.795948 4.189866 -7.302650
v -31.115597 4.189866 -5.791267
v -31.361118 4.189865 -4.266083
v -31.531929 4.189865 -2.730736
v -31.627613 4.189865 -1.188881
v -31.647953 4.189865 0.355805
v -31.592896 4.189865 1.899643
v -31.462570 4.189865 3.438957
v -31.257290 4.189865 4.970070
v -30.977543 4.189865 6.489349
v -30.623997 4.189865 7.993172
v -30.197495 4.189865 9.477943
v -29.699051 4.189865 10.940140
v -29.129852 4.189865 12.376274
v -28.491253 4.189865 13.782928
v -27.784782 4.189865 15.156738
v -27.012115 4.189864 16.494438
v -26.175095 4.189864 17.792847
v 23.344589 5.789866 -21.371796
v 23.344589 4.189866 -21.371796
v 22.267416 5.789866 -22.491898
v 22.267416 4.189866 -22.491898
v 21.136559 5.789866 -23.557785
v 21.136559 4.189866 -23.557785
v 19.954748 5.789866 -24.566864
v 19.954748 4.189866 -24.566864
v 18.724829 5.789866 -25.516724
v 18.724829 4.189866 -25.516724
v 17.449770 5.789866 -26.405075
v 17.449770 4.189866 -26.405075
v 16.132643 5.789866 -27.229767
v 16.132643 4.189866 -27.229767
v 14.776623 5.789866 -27.988815
v 14.776623 4.189867 -27.988815
v 13.384979 5.789866 -28.680389
v 13.384979 4.189867 -28.680389
v 11.961069 5.789866 -29.302811
v 11.961069 4.189867 -29.302811
v 10.508322 5.789866 -29.854599
v 10.508322 4.189867 -29.854599
v 9.030243 5.789866 -30.334412
v 9.030243 4.189867 -30.334412
v 7.530393 5.789866 -30.741089
v 7.530393 4.189867 -30.741089
v 6.012389 5.789866 -31.073654
v 6.012389 4.189867 -31.073654
v 4.479892 5.789866 -31.331314
v 4.479892 4.189867 -31.331314
v 2.936593 5.789866 -31.513443
v 2.936593 4.189867 -31.513443
v 1.386215 5.789866 -31.619598
v 1.386215 4.189867 -31.619598
v -0.167503 5.789866 -31.649521
v -0.167503 4.189867 -31.649521
v -1.720818 5.789866 -31.603149
v -1.720818 4.189867 -31.603149
v -3.269985 5.789866 -31.480591
v -3.269985 4.189867 -31.480591
v -4.811268 5.789866 -31.282135
v -4.811268 4.189867 -31.282135
v -6.340952 5.789866 -31.008270
v -6.340952 4.189867 -31.008270
v -7.855349 5.789866 -30.659637
v -7.855349 4.189867 -30.659637
v -9.350809 5.789866 -30.237106
v -9.350809 4.189867 -30.237106
v -10.823727 5.789866 -29.741669
v -10.823727 4.189867 -29.741669
v -12.270550 5.789866 -29.174530
v -12.270550 4.189867 -29.174530
v -13.687790 5.789866 -28.537064
v -13.687790 4.189867 -28.537064
v -15.072033 5.789866 -27.830795
v -15.072033 4.189867 -27.830795
v -16.419941 5.789866 -27.057434
v -16.419941 4.189866 -27.057434
v -17.728264 5.789866 -26.218842
v -17.728264 4.189866 -26.218842
v -18.993847 4.189866 -25.317047
v -18.993847 5.789866 -25.317047
v -20.213638 4.189866 -24.354218
v -20.213638 5.789866 -24.354218
v -21.384701 5.789866 -23.332672
v -21.384701 4.189866 -23.332672
v -22.504208 5.789866 -22.254883
v -22.504208 4.189866 -22.254883
v -23.569462 5.789866 -21.123436
v -23.569462 4.189866 -21.123436
v -23.344494 5.789864 21.371849
v -23.344494 4.189864 21.371849
v -22.267319 5.789864 22.491959
v -22.267319 4.189864 22.491959
v -21.136463 5.789864 23.557838
v -21.136463 4.189864 23.557838
v -19.954651 5.789864 24.566925
v -19.954651 4.189864 24.566925
v -18.724735 5.789864 25.516792
v -18.724735 4.189864 25.516792
v -17.449673 5.789864 26.405136
v -17.449673 4.189864 26.405136
v -16.132545 5.789864 27.229828
v -16.132545 4.189864 27.229828
v -14.776527 5.789864 27.988876
v -14.776527 4.189864 27.988876
v -13.384884 5.789864 28.680443
v -13.384884 4.189864 28.680443
v -11.960974 5.789864 29.302872
v -11.960974 4.189864 29.302872
v -10.508226 5.789864 29.854652
v -10.508226 4.189864 29.854652
v -9.030148 5.789864 30.334465
v -9.030148 4.189864 30.334465
v -7.530298 4.189864 30.741150
v -7.530298 5.789864 30.741150
v -6.012295 5.789864 31.073723
v -6.012295 4.189864 31.073723
v -4.479795 5.789864 31.331383
v -4.479795 4.189864 31.331383
v -2.936499 4.189864 31.513504
v -2.936499 5.789864 31.513504
v -1.386122 5.789864 31.619659
v -1.386122 4.189864 31.619659
v 0.167599 5.789864 31.649590
v 0.167599 4.189864 31.649590
v 1.720913 5.789864 31.603210
v 1.720913 4.189864 31.603210
v 3.270080 5.789864 31.480652
v 3.270080 4.189864 31.480652
v 4.811363 5.789864 31.282196
v 4.811363 4.189864 31.282196
v 6.341047 4.189864 31.008324
v 6.341047 5.789864 31.008324
v 7.855445 5.789864 30.659698
v 7.855445 4.189864 30.659698
v 9.350904 5.789864 30.237160
v 9.350904 4.189864 30.237160
v 10.823821 5.789864 29.741722
v 10.823821 4.189864 29.741722
v 12.270644 5.789864 29.174591
v 12.270644 4.189864 29.174591
v 13.687885 5.789864 28.537125
v 13.687885 4.189864 28.537125
v 15.072128 5.789864 27.830856
v 15.072128 4.189864 27.830856
v 16.420034 4.189864 27.057495
v 16.420034 5.789864 27.057495
v 17.728357 5.789864 26.218910
v 17.728357 4.189864 26.218910
v 18.993940 4.189864 25.317108
v 18.993940 5.789864 25.317108
v 20.213734 4.189864 24.354279
v 20.213734 5.789864 24.354279
v 21.384794 5.789864 23.332733
v 21.384794 4.189864 23.332733
v 22.504303 4.189864 22.254936
v 22.504303 5.789864 22.254936
v 23.569557 4.189864 21.123489
v 23.569557 5.789864 21.123489
v 26.568565 4.189864 17.199928
v 27.376184 4.189865 15.883026
v 28.118584 4.189865 14.528290
v 28.793995 4.189865 13.138947
v 29.400808 4.189865 11.718300
v 29.937578 4.189865 10.269730
v 30.403027 4.189865 8.796700
v 30.796043 4.189865 7.302711
v 31.115692 4.189865 5.791321
v 31.361214 4.189865 4.266136
v 31.532022 4.189865 2.730789
v 31.627708 4.189865 1.188942
v 31.648048 4.189865 -0.355743
v 31.592989 4.189865 -1.899582
v 31.462666 4.189865 -3.438896
v 31.257385 4.189865 -4.970016
v 30.977638 4.189866 -6.489296
v 30.624094 4.189866 -7.993111
v 30.197590 4.189866 -9.477890
v 29.699146 4.189866 -10.940086
v 29.129948 4.189866 -12.376221
v 28.491350 4.189866 -13.782867
v 27.784876 4.189866 -15.156677
v 27.012211 4.189866 -16.494385
v 26.175190 4.189866 -17.792793
v -20.677624 5.789866 -17.677643
v -20.380527 5.789866 -16.375992
v -20.677624 4.189866 -17.677643
v -20.380527 4.189866 -16.375992
v -19.548092 5.789865 -15.332146
v -19.548092 4.189866 -15.332146
v -18.345184 5.789865 -14.752853
v -18.345184 4.189866 -14.752853
v -17.010059 5.789865 -14.752853
v -17.010059 4.189866 -14.752853
v -15.807152 5.789865 -15.332146
v -15.807152 4.189866 -15.332146
v -14.974716 5.789866 -16.375992
v -14.974716 4.189866 -16.375992
v -14.677624 4.189866 -17.677643
v -14.677624 5.789866 -17.677643
v -14.974716 4.189866 -18.979294
v -14.974716 5.789866 -18.979294
v -15.807152 5.789866 -20.023132
v -15.807152 4.189866 -20.023132
v -17.010059 5.789866 -20.602425
v -17.010059 4.189866 -20.602425
v -18.345184 5.789866 -20.602425
v -18.345184 4.189866 -20.602425
v -19.548092 4.189866 -20.023132
v -19.548092 5.789866 -20.023132
v -20.380527 4.189866 -18.979294
v -20.380527 5.789866 -18.979294
v 14.677717 5.789864 17.677696
v 14.974811 5.789864 18.979347
v 14.677717 4.189864 17.677696
v 14.974811 4.189864 18.979347
v 15.807248 5.789864 20.023193
v 15.807248 4.189864 20.023193
v 17.010155 5.789864 20.602486
v 17.010155 4.189864 20.602486
v 18.345280 5.789864 20.602486
v 18.345280 4.189864 20.602486
v 19.548187 5.789864 20.023193
v 19.548187 4.189864 20.023193
v 20.380623 5.789864 18.979347
v 20.380623 4.189864 18.979347
v 20.677717 4.189864 17.677696
v 20.677717 5.789864 17.677696
v 20.380623 4.189864 16.376045
v 20.380623 5.789864 16.376045
v 19.548187 5.789865 15.332207
v 19.548187 4.189865 15.332207
v 18.345280 5.789865 14.752914
v 18.345280 4.189865 14.752914
v 17.010155 5.789865 14.752914
v 17.010155 4.189865 14.752914
v 15.807248 4.189865 15.332207
v 15.807248 5.789865 15.332207
v 14.974811 4.189864 16.376045
v 14.974811 5.789864 16.376045
v 22.000048 5.789865 0.000031
v 22.297142 5.789865 1.301682
v 22.000048 4.189865 0.000031
v 22.297142 4.189865 1.301682
v 23.129578 5.789865 2.345528
v 23.129578 4.189865 2.345528
v 24.332485 5.789865 2.924813
v 24.332485 4.189865 2.924813
v 25.667610 5.789865 2.924813
v 25.667610 4.189865 2.924813
v 26.870518 5.789865 2.345528
v 26.870518 4.189865 2.345528
v 27.702953 5.789865 1.301682
v 27.702953 4.189865 1.301682
v 28.000048 4.189865 0.000031
v 28.000048 5.789865 0.000031
v 27.702953 4.189865 -1.301620
v 27.702953 5.789865 -1.301620
v 26.870518 5.789865 -2.345466
v 26.870518 4.189865 -2.345466
v 25.667610 5.789865 -2.924751
v 25.667610 4.189865 -2.924751
v 24.332485 5.789865 -2.924751
v 24.332485 4.189865 -2.924751
v 23.129578 4.189865 -2.345466
v 23.129578 5.789865 -2.345466
v 22.297142 4.189865 -1.301620
v 22.297142 5.789865 -1.301620
v -27.999954 5.789865 0.000031
v -27.702858 5.789865 1.301682
v -27.999954 4.189865 0.000031
v -27.702858 4.189865 1.301682
v -26.870422 5.789865 2.345528
v -26.870422 4.189865 2.345528
v -25.667515 5.789865 2.924813
v -25.667515 4.189865 2.924813
v -24.332390 5.789865 2.924813
v -24.332390 4.189865 2.924813
v -23.129482 5.789865 2.345528
v -23.129482 4.189865 2.345528
v -22.297047 5.789865 1.301682
v -22.297047 4.189865 1.301682
v -21.999954 4.189865 0.000031
v -21.999954 5.789865 0.000031
v -22.297047 4.189865 -1.301620
v -22.297047 5.789865 -1.301620
v -23.129482 5.789865 -2.345466
v -23.129482 4.189865 -2.345466
v -24.332390 5.789865 -2.924751
v -24.332390 4.189865 -2.924751
v -25.667515 5.789865 -2.924751
v -25.667515 4.189865 -2.924751
v -26.870422 4.189865 -2.345466
v -26.870422 5.789865 -2.345466
v -27.702858 4.189865 -1.301620
v -27.702858 5.789865 -1.301620
v -20.677624 5.789864 17.677696
v -20.380527 5.789864 18.979347
v -20.677624 4.189864 17.677696
v -20.380527 4.189864 18.979347
v -19.548092 5.789864 20.023193
v -19.548092 4.189864 20.023193
v -18.345184 5.789864 20.602486
v -18.345184 4.189864 20.602486
v -17.010059 5.789864 20.602486
v -17.010059 4.189864 20.602486
v -15.807152 5.789864 20.023193
v -15.807152 4.189864 20.023193
v -14.974716 5.789864 18.979347
v -14.974716 4.189864 18.979347
v -14.677624 4.189864 17.677696
v -14.677624 5.789864 17.677696
v -14.974716 4.189864 16.376045
v -14.974716 5.789864 16.376045
v -15.807152 5.789865 15.332207
v -15.807152 4.189865 15.332207
v -17.010059 5.789865 14.752914
v -17.010059 4.189865 14.752914
v -18.345184 5.789865 14.752914
v -18.345184 4.189865 14.752914
v -19.548092 4.189865 15.332207
v -19.548092 5.789865 15.332207
v -20.380527 4.189864 16.376045
v -20.380527 5.789864 16.376045
v -15.999954 5.789865 0.000031
v -15.943840 5.789865 1.338875
v -15.999954 4.189865 0.000031
v -15.943840 4.189865 1.338875
v -15.775890 5.789865 2.668328
v -15.775890 4.189865 2.668328
v -15.497284 5.789865 3.979065
v -15.497284 4.189865 3.979065
v -15.109974 5.789865 5.261895
v -15.109974 4.189865 5.261894
v -14.616680 5.789865 6.507813
v -14.616680 4.189865 6.507812
v -14.020859 5.789865 7.708092
v -14.020859 4.189865 7.708092
v -13.326693 5.789865 8.854294
v -13.326693 4.189865 8.854294
v -12.539047 5.789865 9.938393
v -12.539047 4.189865 9.938393
v -11.663450 5.789865 10.952782
v -11.663450 4.189865 10.952782
v -10.706041 5.789865 11.890350
v -10.706041 4.189865 11.890350
v -9.673538 5.789865 12.744507
v -9.673538 4.189865 12.744507
v -8.573181 5.789865 13.509277
v -8.573181 4.189865 13.509277
v -7.412689 5.789865 14.179283
v -7.412689 4.189865 14.179283
v -6.200201 5.789865 14.749840
v -6.200201 4.189865 14.749840
v -4.944223 5.789865 15.216934
v -4.944223 4.189865 15.216934
v -3.653566 5.789865 15.577293
v -3.653566 4.189865 15.577293
v -2.337280 5.789865 15.828384
v -2.337280 4.189865 15.828384
v -1.004601 5.789865 15.968460
v -1.004601 4.189865 15.968460
v 0.335127 4.189865 15.996521
v 0.335127 5.789865 15.996521
v 1.672503 5.789865 15.912376
v 1.672503 4.189865 15.912376
v 2.998149 5.789865 15.716629
v 2.998149 4.189865 15.716629
v 4.302765 5.789865 15.410629
v 4.302765 4.189865 15.410629
v 5.577200 5.789865 14.996544
v 5.577200 4.189865 14.996544
v 6.812516 5.789865 14.477264
v 6.812516 4.189865 14.477264
v 8.000048 4.189865 13.856438
v 8.000048 5.789865 13.856438
v 9.131465 4.189865 13.138420
v 9.131465 5.789865 13.138420
v 10.198832 4.189865 12.328239
v 10.198832 5.789865 12.328239
v 11.194661 4.189865 11.431595
v 11.194661 5.789865 11.431595
v 12.111969 4.189865 10.454758
v 12.111969 5.789865 10.454758
v 12.944320 4.189865 9.404594
v 12.944320 5.789865 9.404594
v 13.685876 5.789865 8.288460
v 13.685876 4.189865 8.288460
v 14.331436 5.789865 7.114190
v 14.331436 4.189865 7.114189
v 14.876472 5.789865 5.890023
v 14.876472 4.189865 5.890022
v 15.317160 5.789865 4.624535
v 15.317160 4.189865 4.624535
v 15.650410 5.789865 3.326615
v 15.650410 4.189865 3.326615
v 15.873882 4.189865 2.005364
v 15.873882 5.789865 2.005364
v 15.986012 4.189865 0.670036
v 15.986012 5.789865 0.670037
v 15.986012 4.189865 -0.669983
v 15.986012 5.789865 -0.669983
v 15.873882 5.789865 -2.005302
v 15.873882 4.189865 -2.005302
v 15.650410 4.189865 -3.326561
v 15.650410 5.789865 -3.326561
v 15.317160 5.789865 -4.624481
v 15.317160 4.189865 -4.624481
v 14.876472 4.189866 -5.889961
v 14.876472 5.789865 -5.889961
v 14.331436 5.789865 -7.114135
v 14.331436 4.189866 -7.114136
v 13.685876 4.189866 -8.288406
v 13.685876 5.789865 -8.288406
v 12.944320 5.789865 -9.404533
v 12.944320 4.189866 -9.404533
v 12.111969 4.189866 -10.454697
v 12.111969 5.789865 -10.454697
v 11.194661 4.189866 -11.431534
v 11.194661 5.789865 -11.431534
v 10.198832 5.789865 -12.328186
v 10.198832 4.189866 -12.328186
v 9.131465 5.789865 -13.138359
v 9.131465 4.189866 -13.138359
v 8.000048 5.789865 -13.856377
v 8.000048 4.189866 -13.856377
v 6.812516 5.789865 -14.477203
v 6.812516 4.189866 -14.477203
v 5.577200 5.789865 -14.996483
v 5.577200 4.189866 -14.996483
v 4.302765 5.789865 -15.410568
v 4.302765 4.189866 -15.410568
v 2.998149 5.789865 -15.716568
v 2.998149 4.189866 -15.716568
v 1.672503 5.789865 -15.912323
v 1.672503 4.189866 -15.912323
v 0.335127 5.789865 -15.996460
v 0.335127 4.189866 -15.996460
v -1.004601 5.789865 -15.968399
v -1.004601 4.189866 -15.968399
v -2.337280 5.789865 -15.828331
v -2.337280 4.189866 -15.828331
v -3.653566 5.789865 -15.577232
v -3.653566 4.189866 -15.577232
v -4.944223 5.789865 -15.216873
v -4.944223 4.189866 -15.216873
v -6.200201 5.789865 -14.749779
v -6.200201 4.189866 -14.749779
v -7.412689 5.789865 -14.179230
v -7.412689 4.189866 -14.179230
v -8.573181 5.789865 -13.509216
v -8.573181 4.189866 -13.509216
v -9.673538 5.789865 -12.744446
v -9.673538 4.189866 -12.744446
v -10.706041 5.789865 -11.890289
v -10.706041 4.189866 -11.890289
v -11.663450 5.789865 -10.952721
v -11.663450 4.189866 -10.952721
v -12.539047 5.789865 -9.938332
v -12.539047 4.189866 -9.938332
v -13.326693 5.789865 -8.854233
v -13.326693 4.189866 -8.854233
v -14.020859 4.189866 -7.708031
v -14.020859 5.789865 -7.708030
v -14.616680 4.189866 -6.507759
v -14.616680 5.789865 -6.507759
v -15.109974 5.789865 -5.261833
v -15.109974 4.189865 -5.261833
v -15.497284 5.789865 -3.979011
v -15.497284 4.189865 -3.979011
v -15.775890 4.189865 -2.668274
v -15.775890 5.789865 -2.668274
v -15.943840 4.189865 -1.338814
v -15.943840 5.789865 -1.338814
v 14.677717 5.789866 -17.677643
v 14.974811 5.789866 -16.375992
v 14.677717 4.189866 -17.677643
v 14.974811 4.189866 -16.375992
v 15.807248 5.789865 -15.332146
v 15.807248 4.189866 -15.332146
v 17.010155 5.789865 -14.752853
v 17.010155 4.189866 -14.752853
v 18.345280 5.789865 -14.752853
v 18.345280 4.189866 -14.752853
v 19.548187 5.789865 -15.332146
v 19.548187 4.189866 -15.332146
v 20.380623 5.789866 -16.375992
v 20.380623 4.189866 -16.375992
v 20.677717 4.189866 -17.677643
v 20.677717 5.789866 -17.677643
v 20.380623 4.189866 -18.979294
v 20.380623 5.789866 -18.979294
v 19.548187 5.789866 -20.023132
v 19.548187 4.189866 -20.023132
v 18.345280 5.789866 -20.602425
v 18.345280 4.189866 -20.602425
v 17.010155 5.789866 -20.602425
v 17.010155 4.189866 -20.602425
v 15.807248 4.189866 -20.023132
v 15.807248 5.789866 -20.023132
v 14.974811 4.189866 -18.979294
v 14.974811 5.789866 -18.979294
vn 0.6964 0.1736 -0.6964
vn -0.1228 0.9848 0.1228
vn -0.0551 0.9779 0.2015
vn -0.5030 0.7645 0.4032
vn 0.2267 0.9391 -0.2581
vn -0.1087 0.9711 0.2125
vn 0.2091 0.9374 -0.2784
vn -0.2317 0.9728 -0.0016
vn -0.6231 0.7419 0.2475
vn -0.4603 0.8741 0.1553
vn -0.2052 0.9696 -0.1330
vn -0.4315 0.8871 -0.1640
vn -0.5235 0.8456 -0.1041
vn -0.2588 0.8854 -0.3862
vn -0.4870 0.7935 -0.3649
vn -0.2607 0.7971 -0.5447
vn -0.1945 0.8114 -0.5511
vn -0.4012 0.6407 -0.6546
vn -0.1108 0.7248 -0.6800
vn 0.1442 0.8492 -0.5080
vn -0.2695 0.6332 -0.7256
vn -0.6295 0.2644 -0.7306
vn -0.5781 0.2119 -0.7880
vn -0.2132 0.5793 -0.7867
vn 0.2087 0.7912 -0.5748
vn -0.2131 0.5793 -0.7868
vn 0.2088 0.7913 -0.5747
vn -0.5368 0.1719 -0.8260
vn -0.1294 0.4787 -0.8684
vn -0.0615 0.4102 -0.9099
vn 0.5681 0.2209 -0.7928
vn 0.6541 0.1949 -0.7309
vn 0.4445 0.6371 -0.6297
vn 0.6285 0.1730 -0.7583
vn 0.6142 -0.3410 -0.7117
vn 0.2194 0.7805 -0.5854
vn 0.2357 0.7844 -0.5737
vn -0.1836 0.5496 -0.8150
vn 0.1914 -0.3442 -0.9192
vn 0.1280 0.2555 -0.9583
vn -0.1838 0.5495 -0.8150
vn 0.0997 0.6611 -0.7437
vn -0.5275 0.1583 -0.8347
vn 0.0473 -0.2326 -0.9714
vn 0.1627 0.6276 -0.7614
vn -0.4395 0.0847 -0.8942
vn 0.1743 0.7893 -0.5887
vn -0.3092 -0.2082 -0.9279
vn -0.2669 -0.0290 -0.9633
vn 0.0145 0.4028 -0.9152
vn 0.2263 0.5955 -0.7708
vn 0.3564 0.6851 -0.6354
vn -0.2089 -0.0641 -0.9758
vn 0.0568 0.3768 -0.9246
vn 0.2319 0.7510 -0.6182
vn -0.1967 -0.2991 -0.9337
vn -0.1431 -0.1007 -0.9846
vn 0.1052 0.3501 -0.9308
vn 0.2901 0.5651 -0.7723
vn -0.0821 -0.1327 -0.9878
vn 0.1498 0.3266 -0.9332
vn 0.4017 0.6645 -0.6302
vn 0.2831 0.7207 -0.6328
vn -0.0721 -0.3683 -0.9269
vn 0.1998 0.3026 -0.9319
vn -0.0137 -0.1656 -0.9861
vn 0.3541 0.5367 -0.7659
vn 0.0490 -0.1937 -0.9798
vn 0.4505 0.6460 -0.6162
vn 0.2457 0.2821 -0.9274
vn 0.3310 0.6960 -0.6372
vn 0.0617 -0.4145 -0.9080
vn 0.1182 -0.2222 -0.9678
vn 0.2965 0.2613 -0.9186
vn 0.4180 0.5100 -0.7518
vn 0.1813 -0.2454 -0.9523
vn 0.5040 0.6297 -0.5912
vn 0.3427 0.2443 -0.9071
vn 0.3766 0.6760 -0.6334
vn 0.3929 0.2270 -0.8911
vn 0.2016 -0.4360 -0.8771
vn 0.2500 -0.2687 -0.9302
vn 0.5651 0.6150 -0.5499
vn 0.4382 0.2140 -0.8730
vn 0.3117 -0.2870 -0.9058
vn 0.4817 0.4853 -0.7297
vn 0.4199 0.6604 -0.6225
vn 0.8367 0.4771 -0.2691
vn 0.3784 -0.3046 -0.8741
vn 0.3436 -0.4316 -0.8341
vn 0.4870 0.2005 -0.8501
vn 0.6906 0.1515 -0.7072
vn 0.3946 0.6508 -0.6487
vn 0.9299 0.3592 0.0797
vn 0.4832 -0.4001 -0.7787
vn 0.8706 0.1300 -0.4746
vn 0.5385 0.1861 -0.8218
vn 0.5417 0.6427 -0.5417
vn 0.6964 0.1737 -0.6964
vn 0.6963 0.1738 -0.6964
vn 0.6645 -0.3419 -0.6645
vn 0.6645 -0.3420 -0.6645
vn 0.7116 -0.3411 -0.6142
vn 0.7972 0.1650 -0.5808
vn 0.8537 0.1678 -0.4930
vn 0.8988 0.1818 -0.3989
vn 0.8140 0.5644 0.1376
vn 0.8220 0.5305 0.2069
vn 0.5547 0.6426 -0.5286
vn 0.5470 0.6557 -0.5204
vn 0.7312 0.1735 -0.6598
vn 0.7116 -0.3412 -0.6141
vn 0.9426 -0.1301 0.3076
vn 0.9608 0.1954 -0.1969
vn 0.7312 0.1735 -0.6597
vn 0.7009 0.4578 -0.5470
vn 0.7234 -0.3441 -0.5986
vn 0.9788 -0.1681 0.1172
vn 0.7316 0.4798 -0.4844
vn 0.8029 -0.3325 -0.4947
vn 0.9835 -0.1602 0.0842
vn 0.7538 0.5045 -0.4211
vn 0.8684 -0.3115 -0.3858
vn 0.5838 0.6217 -0.5222
vn 0.9133 -0.4015 -0.0679
vn 0.9063 0.2433 -0.3456
vn 0.9511 -0.2470 -0.1853
vn 0.7676 0.5319 -0.3577
vn 0.9669 -0.2237 -0.1223
vn 0.9180 0.2599 -0.2995
vn 0.6363 0.6932 -0.3385
vn 0.6126 0.6384 -0.4660
vn 0.9290 -0.3634 0.0697
vn 0.9268 0.2806 -0.2496
vn 0.9792 -0.1958 -0.0541
vn 0.7730 0.5617 -0.2948
vn 0.6331 0.7156 -0.2952
vn 0.9317 0.3008 -0.2035
vn 0.9858 -0.1678 0.0086
vn 0.6291 0.6572 -0.4151
vn 0.9305 -0.3066 0.2005
vn 0.9878 -0.1357 0.0759
vn 0.9332 0.3244 -0.1542
vn 0.7703 0.5935 -0.2331
vn 0.9851 -0.1038 0.1371
vn 0.6216 0.7418 -0.2517
vn 0.9313 0.3476 -0.1094
vn 0.6364 0.6779 -0.3681
vn 0.9179 -0.2324 0.3217
vn 0.9770 -0.0679 0.2020
vn 0.9253 0.3741 -0.0618
vn 0.7593 0.6273 -0.1731
vn 0.9650 -0.0330 0.2603
vn 0.6008 0.7719 -0.2081
vn 0.9165 0.3997 -0.0193
vn 0.6355 0.7004 -0.3250
vn 0.8913 -0.1424 0.4305
vn 0.9469 0.0060 0.3214
vn 0.9034 0.4281 0.0256
vn 0.5672 0.8071 -0.1639
vn 0.8878 0.4557 0.0650
vn 0.7401 0.6626 -0.1153
vn 0.9258 0.0433 0.3754
vn 0.6278 0.7241 -0.2857
vn 0.3567 0.9312 0.0754
vn 0.8510 -0.0383 0.5238
vn 0.8982 0.0845 0.4314
vn 0.8677 0.4856 0.1062
vn 0.7592 0.5993 0.2538
vn 0.7868 0.5792 0.2132
vn 0.7429 0.5941 0.3083
vn 0.7307 0.4815 0.4840
vn 0.6319 0.7382 0.2361
vn 0.5320 0.7403 0.4111
vn 0.5309 0.6227 0.5747
vn 0.3988 0.8699 0.2903
vn 0.3412 0.8200 0.4595
vn 0.2343 0.9353 0.2650
vn 0.2516 0.9518 0.1753
vn 0.0387 0.9282 0.3701
vn 0.1090 0.9904 0.0849
vn 0.3407 0.9276 -0.1531
vn 0.0004 0.9730 0.2307
vn -0.3170 0.7554 0.5734
vn 0.2581 0.9391 -0.2267
vn -0.2016 0.9779 0.0551
vn -0.4032 0.7645 0.5030
vn -0.2125 0.9711 0.1087
vn 0.4056 0.8192 -0.4056
vn 0.4056 0.8191 -0.4056
vn 0.4056 0.8191 -0.4055
vn 0.3913 0.8329 -0.3913
vn 0.3912 0.8330 -0.3912
vn 0.1959 0.9609 -0.1959
vn -0.6964 0.1736 0.6964
vn 0.1228 0.9848 -0.1228
vn 0.0551 0.9779 -0.2015
vn 0.5029 0.7645 -0.4032
vn -0.2267 0.9391 0.2581
vn 0.1087 0.9711 -0.2125
vn -0.2091 0.9374 0.2784
vn 0.2317 0.9728 0.0015
vn 0.6231 0.7419 -0.2476
vn 0.4602 0.8741 -0.1553
vn 0.2052 0.9697 0.1330
vn 0.4315 0.8871 0.1639
vn 0.5235 0.8456 0.1040
vn 0.2587 0.8854 0.3863
vn 0.4870 0.7935 0.3649
vn 0.2606 0.7971 0.5447
vn 0.1945 0.8114 0.5512
vn 0.4012 0.6407 0.6546
vn 0.1108 0.7248 0.6800
vn -0.1441 0.8492 0.5080
vn 0.2694 0.6331 0.7257
vn 0.6294 0.2645 0.7307
vn 0.5780 0.2120 0.7880
vn 0.5781 0.2120 0.7880
vn -0.2087 0.7913 0.5748
vn 0.2132 0.5792 0.7868
vn 0.2133 0.5792 0.7868
vn -0.2087 0.7912 0.5748
vn 0.5367 0.1720 0.8260
vn 0.1294 0.4787 0.8684
vn 0.0615 0.4102 0.9099
vn -0.5681 0.2209 0.7927
vn -0.6541 0.1948 0.7309
vn -0.4444 0.6373 0.6296
vn -0.6285 0.1729 0.7583
vn -0.6142 -0.3411 0.7116
vn -0.2194 0.7805 0.5854
vn -0.2357 0.7845 0.5736
vn 0.1838 0.5495 0.8150
vn 0.5368 0.1720 0.8260
vn -0.1914 -0.3441 0.9192
vn -0.1281 0.2554 0.9583
vn 0.1835 0.5495 0.8151
vn -0.0997 0.6611 0.7437
vn 0.5275 0.1583 0.8347
vn -0.0473 -0.2326 0.9714
vn -0.1627 0.6276 0.7614
vn 0.4395 0.0847 0.8942
vn -0.1743 0.7893 0.5887
vn 0.3093 -0.2081 0.9279
vn 0.2668 -0.0290 0.9633
vn -0.0145 0.4027 0.9152
vn -0.2263 0.5955 0.7708
vn -0.3564 0.6851 0.6353
vn 0.2088 -0.0641 0.9758
vn -0.0568 0.3767 0.9246
vn -0.2319 0.7510 0.6182
vn 0.1967 -0.2992 0.9337
vn 0.1431 -0.1008 0.9846
vn -0.1051 0.3501 0.9308
vn -0.2901 0.5652 0.7723
vn 0.0821 -0.1327 0.9877
vn -0.1497 0.3266 0.9332
vn -0.4016 0.6645 0.6301
vn -0.2830 0.7207 0.6328
vn 0.0721 -0.3683 0.9269
vn -0.1998 0.3026 0.9319
vn 0.0137 -0.1657 0.9861
vn -0.3541 0.5366 0.7659
vn -0.0489 -0.1937 0.9798
vn -0.4506 0.6460 0.6162
vn -0.2458 0.2821 0.9274
vn -0.3310 0.6960 0.6372
vn -0.0617 -0.4144 0.9080
vn -0.1182 -0.2221 0.9678
vn -0.2965 0.2613 0.9186
vn -0.4181 0.5100 0.7517
vn -0.1812 -0.2454 0.9523
vn -0.5039 0.6297 0.5912
vn -0.3426 0.2443 0.9072
vn -0.3766 0.6761 0.6333
vn -0.3929 0.2269 0.8912
vn -0.2015 -0.4360 0.8771
vn -0.2500 -0.2687 0.9302
vn -0.5652 0.6151 0.5498
vn -0.4382 0.2139 0.8731
vn -0.3119 -0.2869 0.9058
vn -0.4817 0.4853 0.7297
vn -0.4199 0.6604 0.6225
vn -0.8367 0.4770 0.2691
vn -0.3784 -0.3046 0.8741
vn -0.3436 -0.4316 0.8340
vn -0.4870 0.2005 0.8501
vn -0.6907 0.1515 0.7071
vn -0.3946 0.6508 0.6487
vn -0.9299 0.3591 -0.0798
vn -0.4832 -0.4001 0.7787
vn -0.8705 0.1300 0.4746
vn -0.5385 0.1860 0.8218
vn -0.6645 -0.3420 0.6645
vn -0.6964 0.1737 0.6964
vn -0.5417 0.6428 0.5417
vn -0.7972 0.1651 0.5808
vn -0.8537 0.1678 0.4930
vn -0.8988 0.1819 0.3989
vn -0.8140 0.5644 -0.1376
vn -0.8221 0.5305 -0.2069
vn -0.5547 0.6426 0.5285
vn -0.5469 0.6558 0.5204
vn -0.7116 -0.3411 0.6142
vn -0.7312 0.1734 0.6598
vn -0.7116 -0.3412 0.6142
vn -0.9427 -0.1300 -0.3074
vn -0.9608 0.1954 0.1967
vn -0.7009 0.4578 0.5470
vn -0.7233 -0.3442 0.5986
vn -0.9787 -0.1684 -0.1172
vn -0.7316 0.4798 0.4844
vn -0.8029 -0.3326 0.4947
vn -0.9835 -0.1604 -0.0842
vn -0.7538 0.5045 0.4210
vn -0.8683 -0.3116 0.3858
vn -0.5838 0.6217 0.5222
vn -0.9134 -0.4014 0.0679
vn -0.9063 0.2433 0.3457
vn -0.9511 -0.2469 0.1854
vn -0.7676 0.5319 0.3577
vn -0.6363 0.6932 0.3385
vn -0.9669 -0.2239 0.1223
vn -0.9180 0.2600 0.2994
vn -0.6126 0.6384 0.4660
vn -0.9291 -0.3633 -0.0697
vn -0.9268 0.2807 0.2495
vn -0.9791 -0.1959 0.0541
vn -0.7730 0.5617 0.2948
vn -0.6331 0.7155 0.2952
vn -0.9317 0.3007 0.2035
vn -0.9857 -0.1680 -0.0086
vn -0.6292 0.6571 0.4151
vn -0.9305 -0.3065 -0.2005
vn -0.9879 -0.1356 -0.0759
vn -0.9332 0.3245 0.1542
vn -0.7703 0.5935 0.2331
vn -0.9851 -0.1040 -0.1371
vn -0.6217 0.7417 0.2517
vn -0.9312 0.3478 0.1094
vn -0.6363 0.6779 0.3681
vn -0.9179 -0.2323 -0.3217
vn -0.9770 -0.0679 -0.2021
vn -0.9254 0.3740 0.0618
vn -0.7593 0.6273 0.1731
vn -0.9650 -0.0330 -0.2603
vn -0.6007 0.7719 0.2081
vn -0.9165 0.3996 0.0193
vn -0.6356 0.7003 0.3250
vn -0.8913 -0.1423 -0.4305
vn -0.9469 0.0059 -0.3214
vn -0.9034 0.4281 -0.0256
vn -0.5670 0.8072 0.1639
vn -0.8877 0.4558 -0.0650
vn -0.7400 0.6626 0.1153
vn -0.9258 0.0433 -0.3754
vn -0.6278 0.7241 0.2857
vn -0.3566 0.9312 -0.0754
vn -0.8509 -0.0384 -0.5239
vn -0.8982 0.0843 -0.4314
vn -0.8677 0.4856 -0.1062
vn -0.7592 0.5993 -0.2538
vn -0.7868 0.5792 -0.2132
vn -0.7433 0.5941 -0.3076
vn -0.7317 0.4830 -0.4810
vn -0.6320 0.7382 -0.2360
vn -0.5308 0.7412 -0.4110
vn -0.5293 0.6207 -0.5785
vn -0.3988 0.8696 -0.2911
vn -0.3409 0.8194 -0.4609
vn -0.2331 0.9357 -0.2647
vn -0.2501 0.9519 -0.1770
vn -0.0394 0.9282 -0.3700
vn -0.1100 0.9903 -0.0848
vn -0.3411 0.9275 0.1527
vn -0.0010 0.9729 -0.2312
vn 0.3164 0.7553 -0.5739
vn -0.2581 0.9391 0.2267
vn 0.2015 0.9779 -0.0551
vn 0.4032 0.7645 -0.5029
vn 0.2125 0.9711 -0.1087
vn -0.4056 0.8191 0.4056
vn -0.4056 0.8192 0.4056
vn -0.4055 0.8192 0.4056
vn -0.3911 0.8331 0.3912
vn -0.3912 0.8330 0.3912
vn -0.1959 0.9608 0.1959
vn -0.1476 0.0000 -0.9890
vn -0.4301 0.0000 -0.9028
vn -0.6750 0.0000 -0.7378
vn 0.0000 0.0000 -1.0000
vn 0.3547 0.0000 0.9350
vn -0.1335 0.0000 0.9911
vn -0.5894 0.0000 0.8078
vn 0.5736 0.0000 0.8192
vn 0.1477 0.0000 0.9890
vn 0.4301 0.0000 0.9028
vn 0.6750 0.0000 0.7378
vn 0.0000 0.0000 1.0000
vn -0.3547 0.0000 -0.9350
vn 0.1335 0.0000 -0.9911
vn 0.5894 0.0000 -0.8078
vn -0.5736 0.0000 -0.8192
vn 0.9381 -0.2427 0.2472
vn 0.2043 -0.2534 -0.9456
vn 0.3278 0.3995 -0.8561
vn 0.3667 -0.8986 -0.2408
vn 0.3636 -0.6587 -0.6587
vn 0.8654 -0.2327 -0.4437
vn 0.7489 -0.6573 0.0843
vn 0.4099 -0.8984 -0.1577
vn 0.6687 -0.3671 -0.6465
vn 0.4303 -0.5401 -0.7233
vn 0.8909 -0.4508 0.0552
vn 0.9670 0.0000 0.2548
vn 0.8899 0.0000 -0.4562
vn 0.3576 0.0000 -0.9339
vn -0.2587 -0.9654 -0.0341
vn -0.7668 -0.2568 -0.5883
vn -0.7667 -0.2567 -0.5884
vn -0.8929 -0.2568 -0.3698
vn -0.9582 -0.2568 -0.1262
vn -0.9582 -0.2567 -0.1261
vn -0.8929 -0.2567 -0.3699
vn -0.5634 -0.7041 -0.4323
vn -0.2070 -0.9654 -0.1588
vn -0.7041 -0.7041 -0.0927
vn -0.2410 -0.9654 -0.0998
vn -0.6561 -0.7041 -0.2717
vn -0.6561 -0.7040 -0.2718
vn 0.8998 -0.2502 -0.3575
vn 0.7453 -0.2502 0.6180
vn 0.2582 -0.9623 -0.0858
vn 0.1307 -0.9657 0.2244
vn 0.7387 -0.6630 -0.1214
vn 0.9826 -0.1017 0.1556
vn 0.6601 -0.6649 0.3496
vn 0.7066 -0.7066 -0.0389
vn 0.9050 -0.3576 -0.2306
vn 0.6600 -0.6600 0.3589
vn 0.7852 -0.3450 0.5142
vn 0.9293 0.0000 -0.3692
vn 0.9877 0.0000 0.1564
vn 0.7698 0.0000 0.6383
vn 0.2573 -0.9604 0.1066
vn 0.6786 -0.6786 0.2811
vn 0.9582 -0.2568 0.1261
vn 0.8629 -0.3574 0.3574
vn 0.8628 -0.3574 0.3574
vn 0.7668 -0.2567 0.5883
vn -0.2506 -0.9351 -0.2506
vn -0.9351 -0.2505 -0.2506
vn -0.2506 -0.2506 -0.9351
vn -0.6268 -0.6269 -0.4627
vn 0.1582 -0.6982 -0.6982
vn -0.3653 -0.8562 -0.3653
vn -0.6982 0.1581 -0.6982
vn -0.4305 -0.4305 -0.7933
vn -0.6269 -0.6268 -0.4627
vn -0.8562 -0.3653 -0.3653
vn -0.7667 0.2568 -0.5884
vn -0.2587 0.9654 -0.0341
vn -0.9582 0.2567 -0.1261
vn -0.9582 0.2568 -0.1262
vn -0.8929 0.2568 -0.3698
vn -0.8929 0.2568 -0.3699
vn -0.7668 0.2567 -0.5883
vn -0.7041 0.7041 -0.0927
vn -0.2070 0.9654 -0.1588
vn -0.5634 0.7041 -0.4323
vn -0.2410 0.9654 -0.0998
vn -0.6561 0.7041 -0.2718
vn -0.6561 0.7041 -0.2717
vn -0.7933 0.0000 -0.6088
vn -0.9239 0.0000 -0.3827
vn -0.9914 0.0000 -0.1305
vn -0.1830 0.9659 -0.1830
vn -0.1959 0.9609 -0.1957
vn -0.4996 0.7071 -0.5004
vn -0.4141 0.8105 -0.4142
vn -0.6830 0.2588 -0.6830
vn -0.6411 0.4253 -0.6388
vn 0.9544 -0.2557 0.1540
vn 0.6736 -0.2557 0.6935
vn 0.8575 -0.2557 0.4464
vn 0.4958 -0.7026 0.5105
vn 0.1825 -0.9651 0.1879
vn 0.2586 -0.9651 0.0417
vn 0.7025 -0.7025 0.1134
vn 0.2323 -0.9651 0.1209
vn 0.6312 -0.7026 0.3286
vn 0.2324 -0.9651 0.1210
vn 0.6312 -0.7025 0.3286
vn 0.9582 0.2568 0.1261
vn 0.7668 0.2567 0.5883
vn 0.8628 0.3574 0.3574
vn 0.8629 0.3574 0.3574
vn 0.6786 0.6786 0.2811
vn 0.2573 0.9604 0.1066
vn 0.7934 0.0000 0.6087
vn 0.7933 0.0000 0.6088
vn 0.9239 0.0000 0.3827
vn 0.9914 0.0000 0.1305
vn -0.9351 0.2505 -0.2506
vn -0.2506 0.9351 -0.2506
vn -0.2506 0.2506 -0.9351
vn -0.6982 -0.1581 -0.6982
vn -0.8562 0.3653 -0.3653
vn -0.4305 0.4305 -0.7933
vn 0.1582 0.6982 -0.6982
vn -0.6268 0.6269 -0.4627
vn -0.6269 0.6268 -0.4627
vn -0.3653 0.8562 -0.3653
vn -0.2588 0.0000 -0.9659
vn -0.7071 0.0000 -0.7071
vn -0.9659 0.0000 -0.2588
vn -0.2588 0.9659 0.0000
vn -0.7071 0.7071 0.0000
vn -0.9659 0.2588 0.0000
vn 0.6736 0.2557 0.6935
vn 0.2586 0.9651 0.0417
vn 0.9544 0.2557 0.1540
vn 0.8575 0.2557 0.4464
vn 0.4958 0.7026 0.5105
vn 0.7025 0.7025 0.1134
vn 0.1825 0.9651 0.1879
vn 0.2323 0.9651 0.1209
vn 0.4958 0.7025 0.5105
vn 0.6312 0.7025 0.3286
vn 0.6967 0.0000 0.7173
vn 0.8870 0.0000 0.4618
vn 0.9872 0.0000 0.1593
vn 0.9381 0.2427 0.2472
vn 0.4099 0.8984 -0.1577
vn 0.7489 0.6573 0.0843
vn 0.8655 0.2327 -0.4437
vn 0.3636 0.6587 -0.6587
vn 0.3667 0.8986 -0.2408
vn 0.8909 0.4508 0.0552
vn 0.3278 -0.3995 -0.8561
vn 0.2043 0.2534 -0.9456
vn 0.4303 0.5401 -0.7233
vn 0.6687 0.3671 -0.6465
vn 0.0000 0.9659 -0.2588
vn 0.0000 0.7071 -0.7071
vn 0.0000 0.2588 -0.9659
vn 0.8998 0.2502 -0.3575
vn 0.7453 0.2502 0.6180
vn 0.6601 0.6649 0.3496
vn 0.9826 0.1017 0.1556
vn 0.7387 0.6630 -0.1214
vn 0.9050 0.3576 -0.2306
vn 0.7852 0.3450 0.5142
vn 0.1307 0.9657 0.2244
vn 0.2582 0.9623 -0.0858
vn 0.7066 0.7066 -0.0389
vn 0.6600 0.6600 0.3589
vn 0.7978 0.2587 0.5446
vn 0.2138 0.9659 0.1460
vn 0.7854 0.2588 -0.5624
vn 0.2105 0.9659 -0.1507
vn 0.5750 0.7070 -0.4117
vn 0.8119 0.2588 -0.5234
vn 0.8119 0.2587 -0.5234
vn 0.5944 0.7070 -0.3832
vn 0.2176 0.9659 -0.1403
vn 0.8364 0.2587 -0.4831
vn 0.8364 0.2588 -0.4831
vn 0.8590 0.2587 -0.4417
vn 0.2242 0.9659 -0.1295
vn 0.6124 0.7070 -0.3537
vn 0.6289 0.7070 -0.3234
vn 0.2302 0.9659 -0.1184
vn 0.8795 0.2588 -0.3993
vn 0.8980 0.2587 -0.3559
vn 0.8796 0.2587 -0.3993
vn 0.2357 0.9659 -0.1070
vn 0.6440 0.7070 -0.2923
vn 0.8980 0.2588 -0.3559
vn 0.2407 0.9659 -0.0954
vn 0.6575 0.7070 -0.2606
vn 0.9143 0.2587 -0.3117
vn 0.9143 0.2588 -0.3117
vn 0.6694 0.7070 -0.2282
vn 0.2450 0.9659 -0.0835
vn 0.9284 0.2588 -0.2667
vn 0.9284 0.2587 -0.2667
vn 0.6797 0.7070 -0.1953
vn 0.2520 0.9659 -0.0592
vn 0.2488 0.9659 -0.0715
vn 0.6797 0.7070 -0.1952
vn 0.9403 0.2588 -0.2211
vn 0.9403 0.2587 -0.2211
vn 0.6884 0.7070 -0.1619
vn 0.2520 0.9659 -0.0593
vn 0.9500 0.2588 -0.1749
vn 0.9500 0.2587 -0.1749
vn 0.6955 0.7070 -0.1281
vn 0.2546 0.9659 -0.0469
vn 0.7009 0.7070 -0.0940
vn 0.9574 0.2587 -0.1284
vn 0.9574 0.2588 -0.1284
vn 0.2566 0.9659 -0.0344
vn 0.2580 0.9659 -0.0218
vn 0.9625 0.2587 -0.0815
vn 0.7047 0.7070 -0.0597
vn 0.9653 0.2588 -0.0344
vn 0.9653 0.2587 -0.0344
vn 0.2587 0.9659 -0.0092
vn 0.7068 0.7070 -0.0252
vn 0.9659 0.2588 0.0127
vn 0.7071 0.7070 0.0093
vn 0.9659 0.2587 0.0127
vn 0.2589 0.9659 0.0034
vn 0.9641 0.2588 0.0598
vn 0.9641 0.2587 0.0598
vn 0.2584 0.9659 0.0160
vn 0.7059 0.7070 0.0438
vn 0.9600 0.2587 0.1068
vn 0.2573 0.9659 0.0286
vn 0.7029 0.7070 0.0782
vn 0.9537 0.2587 0.1535
vn 0.2556 0.9659 0.0411
vn 0.6982 0.7070 0.1124
vn 0.9450 0.2587 0.1999
vn 0.9450 0.2588 0.1999
vn 0.6919 0.7070 0.1463
vn 0.2504 0.9659 0.0659
vn 0.2533 0.9659 0.0536
vn 0.9342 0.2588 0.2457
vn 0.9342 0.2587 0.2457
vn 0.6839 0.7070 0.1799
vn 0.9211 0.2588 0.2910
vn 0.2428 0.9659 0.0900
vn 0.2469 0.9659 0.0780
vn 0.6744 0.7070 0.2131
vn 0.6743 0.7070 0.2131
vn 0.9058 0.2587 0.3356
vn 0.6631 0.7070 0.2457
vn 0.8883 0.2587 0.3794
vn 0.2381 0.9659 0.1017
vn 0.6504 0.7070 0.2778
vn 0.8687 0.2587 0.4223
vn 0.8687 0.2588 0.4223
vn 0.2328 0.9659 0.1132
vn 0.6360 0.7070 0.3092
vn 0.8471 0.2587 0.4642
vn 0.2270 0.9659 0.1244
vn 0.6202 0.7070 0.3399
vn 0.8234 0.2587 0.5050
vn 0.5841 0.7070 0.3987
vn 0.2207 0.9659 0.1353
vn 0.6029 0.7070 0.3697
vn 0.1485 0.9659 0.2120
vn 0.4056 0.7071 0.5792
vn 0.5540 0.2588 0.7912
vn 0.2588 0.9659 0.0000
vn 0.7071 0.7071 0.0000
vn 0.9659 0.2588 0.0000
vn 0.6830 0.2588 0.6830
vn 0.5004 0.7071 0.4996
vn 0.6388 0.4252 0.6412
vn 0.4142 0.8105 0.4141
vn 0.1830 0.9659 0.1830
vn 0.1957 0.9609 0.1959
vn 0.2588 -0.9659 -0.0000
vn 0.7071 -0.7071 -0.0000
vn 0.9659 -0.2588 -0.0000
vn 0.1485 -0.9659 0.2120
vn 0.4056 -0.7071 0.5792
vn 0.5540 -0.2588 0.7912
vn 0.0000 -0.9659 -0.2588
vn 0.0000 -0.7071 -0.7071
vn 0.0000 -0.2588 -0.9659
vn -0.2588 -0.9659 -0.0000
vn -0.7071 -0.7071 -0.0000
vn -0.9659 -0.2588 -0.0000
vn 0.1830 -0.9659 0.1830
vn 0.6830 -0.2588 0.6830
vn 0.5000 -0.7071 0.5000
vn 0.7916 -0.2552 0.5553
vn 0.4120 -0.7020 0.5808
vn 0.4157 -0.9066 -0.0722
vn 0.5632 -0.8232 0.0720
vn 0.9448 -0.3168 0.0842
vn 0.9597 0.2055 -0.1915
vn 0.7978 -0.2587 0.5446
vn 0.2138 -0.9659 0.1460
vn 0.5841 -0.7070 0.3987
vn 0.8234 -0.2588 0.5050
vn 0.8234 -0.2587 0.5050
vn 0.6029 -0.7070 0.3697
vn 0.2207 -0.9659 0.1353
vn 0.8471 -0.2587 0.4642
vn 0.8687 -0.2588 0.4223
vn 0.8471 -0.2588 0.4642
vn 0.2270 -0.9659 0.1244
vn 0.6202 -0.7070 0.3399
vn 0.8687 -0.2587 0.4223
vn 0.2328 -0.9659 0.1132
vn 0.6360 -0.7070 0.3092
vn 0.8883 -0.2587 0.3794
vn 0.6504 -0.7070 0.2778
vn 0.2381 -0.9659 0.1017
vn 0.9058 -0.2588 0.3356
vn 0.9211 -0.2588 0.2910
vn 0.9058 -0.2587 0.3356
vn 0.2428 -0.9659 0.0900
vn 0.6631 -0.7070 0.2457
vn 0.9342 -0.2587 0.2457
vn 0.2469 -0.9659 0.0780
vn 0.6744 -0.7070 0.2131
vn 0.9342 -0.2588 0.2457
vn 0.6839 -0.7070 0.1799
vn 0.2504 -0.9659 0.0659
vn 0.9450 -0.2588 0.1999
vn 0.9450 -0.2587 0.1999
vn 0.6919 -0.7070 0.1463
vn 0.2533 -0.9659 0.0536
vn 0.9537 -0.2587 0.1535
vn 0.6982 -0.7070 0.1124
vn 0.2556 -0.9659 0.0411
vn 0.9600 -0.2587 0.1068
vn 0.2573 -0.9659 0.0286
vn 0.7029 -0.7070 0.0782
vn 0.9641 -0.2588 0.0598
vn 0.9659 -0.2588 0.0127
vn 0.9641 -0.2587 0.0598
vn 0.7058 -0.7070 0.0438
vn 0.7059 -0.7070 0.0438
vn 0.2584 -0.9659 0.0160
vn 0.7071 -0.7070 0.0093
vn 0.2589 -0.9659 0.0034
vn 0.9653 -0.2587 -0.0344
vn 0.9653 -0.2588 -0.0344
vn 0.2587 -0.9659 -0.0092
vn 0.7068 -0.7070 -0.0252
vn 0.9625 -0.2587 -0.0815
vn 0.9574 -0.2587 -0.1284
vn 0.7047 -0.7070 -0.0597
vn 0.2580 -0.9659 -0.0218
vn 0.9574 -0.2588 -0.1284
vn 0.9500 -0.2588 -0.1749
vn 0.7009 -0.7070 -0.0940
vn 0.2566 -0.9659 -0.0344
vn 0.9500 -0.2587 -0.1749
vn 0.6955 -0.7070 -0.1281
vn 0.2546 -0.9659 -0.0469
vn 0.9403 -0.2587 -0.2211
vn 0.9403 -0.2588 -0.2211
vn 0.9284 -0.2588 -0.2667
vn 0.6884 -0.7070 -0.1619
vn 0.2520 -0.9659 -0.0592
vn 0.2520 -0.9659 -0.0593
vn 0.9284 -0.2587 -0.2667
vn 0.9143 -0.2587 -0.3117
vn 0.2488 -0.9659 -0.0715
vn 0.6797 -0.7070 -0.1952
vn 0.6797 -0.7070 -0.1953
vn 0.9143 -0.2588 -0.3117
vn 0.2450 -0.9659 -0.0835
vn 0.6694 -0.7070 -0.2282
vn 0.8980 -0.2588 -0.3559
vn 0.8980 -0.2587 -0.3559
vn 0.8795 -0.2588 -0.3993
vn 0.2407 -0.9659 -0.0954
vn 0.6575 -0.7070 -0.2606
vn 0.8796 -0.2587 -0.3993
vn 0.2302 -0.9659 -0.1184
vn 0.2357 -0.9659 -0.1070
vn 0.6440 -0.7070 -0.2923
vn 0.8590 -0.2587 -0.4417
vn 0.6289 -0.7070 -0.3234
vn 0.8364 -0.2587 -0.4831
vn 0.6124 -0.7070 -0.3537
vn 0.2242 -0.9659 -0.1295
vn 0.7854 -0.2588 -0.5624
vn 0.8119 -0.2587 -0.5234
vn 0.8119 -0.2588 -0.5234
vn 0.2105 -0.9659 -0.1507
vn 0.5750 -0.7070 -0.4117
vn 0.2176 -0.9659 -0.1403
vn 0.5944 -0.7070 -0.3832
vn 0.1915 0.2055 -0.9598
vn -0.5553 -0.2552 -0.7916
vn -0.0842 -0.3168 -0.9448
vn -0.0720 -0.8232 -0.5632
vn -0.5808 -0.7021 -0.4120
vn 0.0722 -0.9066 -0.4157
vn -0.1830 -0.9659 -0.1830
vn -0.6830 -0.2588 -0.6830
vn -0.5000 -0.7071 -0.5000
vn 0.8259 0.0000 0.5638
vn 0.8525 0.0000 0.5228
vn 0.8770 -0.0000 0.4806
vn 0.8994 0.0000 0.4372
vn 0.9196 -0.0000 0.3928
vn 0.9377 -0.0000 0.3475
vn 0.9535 0.0000 0.3013
vn 0.9671 0.0000 0.2544
vn 0.9784 0.0000 0.2069
vn 0.9873 0.0000 0.1589
vn 0.9939 0.0000 0.1106
vn 0.9981 0.0000 0.0619
vn 0.9999 0.0000 0.0132
vn 0.9994 0.0000 -0.0356
vn 0.9964 0.0000 -0.0844
vn 0.9911 0.0000 -0.1329
vn 0.9835 0.0000 -0.1811
vn 0.9735 0.0000 -0.2289
vn 0.9611 0.0000 -0.2761
vn 0.9465 -0.0000 -0.3227
vn 0.9296 0.0000 -0.3685
vn 0.9106 -0.0000 -0.4134
vn 0.8893 0.0000 -0.4573
vn 0.8659 0.0000 -0.5002
vn 0.8405 0.0000 -0.5418
vn 0.8131 0.0000 -0.5822
vn -0.0000 1.0000 0.0000
vn -1.0000 0.0000 0.0000
vn 1.0000 0.0000 0.0000
vn -0.9381 -0.2427 -0.2472
vn -0.3667 -0.8986 0.2408
vn -0.3636 -0.6587 0.6587
vn -0.8654 -0.2327 0.4437
vn -0.7489 -0.6573 -0.0843
vn -0.4099 -0.8984 0.1577
vn -0.8909 -0.4508 -0.0552
vn -0.2043 -0.2534 0.9456
vn -0.3278 0.3996 0.8561
vn -0.6687 -0.3671 0.6465
vn -0.4303 -0.5401 0.7233
vn -0.9670 0.0000 -0.2548
vn -0.8899 0.0000 0.4562
vn -0.3576 0.0000 0.9339
vn 0.9582 -0.2567 0.1262
vn 0.2587 -0.9654 0.0341
vn 0.7668 -0.2568 0.5883
vn 0.7667 -0.2567 0.5884
vn 0.8929 -0.2567 0.3699
vn 0.5634 -0.7041 0.4323
vn 0.2070 -0.9654 0.1588
vn 0.7041 -0.7041 0.0927
vn 0.2410 -0.9654 0.0998
vn 0.6561 -0.7041 0.2718
vn -0.7453 -0.2502 -0.6180
vn -0.8998 -0.2502 0.3575
vn -0.7387 -0.6630 0.1214
vn -0.9826 -0.1018 -0.1556
vn -0.6601 -0.6649 -0.3496
vn -0.7852 -0.3450 -0.5142
vn -0.9049 -0.3576 0.2306
vn -0.2582 -0.9623 0.0858
vn -0.1307 -0.9657 -0.2244
vn -0.6600 -0.6600 -0.3589
vn -0.7066 -0.7066 0.0389
vn -0.9293 0.0000 0.3692
vn -0.9293 0.0000 0.3693
vn -0.9877 0.0000 -0.1564
vn -0.7698 0.0000 -0.6383
vn -0.8629 -0.3574 -0.3574
vn -0.7668 -0.2567 -0.5884
vn -0.9582 -0.2568 -0.1261
vn -0.6786 -0.6786 -0.2811
vn -0.2573 -0.9604 -0.1066
vn 0.2506 -0.2506 0.9351
vn 0.9351 -0.2505 0.2506
vn 0.2506 -0.9351 0.2506
vn 0.6982 0.1583 0.6982
vn 0.8562 -0.3653 0.3653
vn 0.4305 -0.4305 0.7933
vn 0.6269 -0.6269 0.4627
vn -0.1582 -0.6982 0.6982
vn 0.3653 -0.8562 0.3653
vn 0.2070 0.9654 0.1588
vn 0.8929 0.2567 0.3699
vn 0.7667 0.2567 0.5884
vn 0.7668 0.2568 0.5883
vn 0.8929 0.2568 0.3699
vn 0.7041 0.7041 0.0927
vn 0.2587 0.9654 0.0341
vn 0.5634 0.7041 0.4323
vn 0.2410 0.9654 0.0998
vn 0.6561 0.7041 0.2718
vn 0.6561 0.7040 0.2718
vn 0.1959 0.9609 0.1957
vn 0.4996 0.7071 0.5004
vn 0.4141 0.8105 0.4142
vn 0.6411 0.4253 0.6388
vn -0.9544 -0.2557 -0.1540
vn -0.2586 -0.9651 -0.0417
vn -0.6736 -0.2557 -0.6934
vn -0.4958 -0.7025 -0.5105
vn -0.6736 -0.2557 -0.6935
vn -0.8575 -0.2557 -0.4464
vn -0.1825 -0.9651 -0.1879
vn -0.4958 -0.7026 -0.5105
vn -0.7025 -0.7025 -0.1134
vn -0.2323 -0.9651 -0.1210
vn -0.6312 -0.7026 -0.3286
vn -0.6312 -0.7025 -0.3286
vn -0.2573 0.9604 -0.1066
vn -0.7668 0.2567 -0.5884
vn -0.6786 0.6786 -0.2811
vn -0.8629 0.3574 -0.3574
vn -0.9582 0.2568 -0.1261
vn 0.2506 0.2506 0.9351
vn 0.2506 0.9351 0.2506
vn 0.9351 0.2505 0.2506
vn -0.1582 0.6982 0.6982
vn 0.3653 0.8562 0.3653
vn 0.4305 0.4305 0.7933
vn 0.6982 -0.1583 0.6982
vn 0.6269 0.6269 0.4627
vn 0.8562 0.3653 0.3653
vn 0.2588 0.0000 0.9659
vn 0.7071 0.0000 0.7071
vn 0.9659 0.0000 0.2588
vn -0.1825 0.9651 -0.1879
vn -0.9544 0.2557 -0.1540
vn -0.8575 0.2557 -0.4464
vn -0.6736 0.2557 -0.6935
vn -0.6736 0.2557 -0.6934
vn -0.7025 0.7025 -0.1134
vn -0.2586 0.9651 -0.0417
vn -0.4958 0.7025 -0.5105
vn -0.2323 0.9651 -0.1210
vn -0.4958 0.7026 -0.5104
vn -0.6312 0.7026 -0.3286
vn -0.6312 0.7025 -0.3286
vn -0.6967 0.0000 -0.7173
vn -0.8870 0.0000 -0.4618
vn -0.9872 0.0000 -0.1593
vn -0.9381 0.2427 -0.2472
vn -0.3278 -0.3996 0.8561
vn -0.2043 0.2534 0.9456
vn -0.4099 0.8984 0.1577
vn -0.7489 0.6573 -0.0843
vn -0.8654 0.2327 0.4437
vn -0.3636 0.6587 0.6587
vn -0.3667 0.8986 0.2408
vn -0.6687 0.3671 0.6465
vn -0.4303 0.5401 0.7233
vn -0.8909 0.4508 -0.0552
vn 0.0000 0.9659 0.2588
vn 0.0000 0.7071 0.7071
vn 0.0000 0.2588 0.9659
vn -0.7453 0.2502 -0.6180
vn -0.8998 0.2502 0.3575
vn -0.1307 0.9657 -0.2244
vn -0.2582 0.9623 0.0858
vn -0.6601 0.6649 -0.3495
vn -0.9826 0.1018 -0.1556
vn -0.7387 0.6630 0.1214
vn -0.6600 0.6600 -0.3589
vn -0.7852 0.3450 -0.5142
vn -0.7066 0.7066 0.0389
vn -0.9049 0.3576 0.2306
vn -0.7854 0.2587 0.5624
vn -0.2138 0.9659 -0.1460
vn -0.2105 0.9659 0.1507
vn -0.5750 0.7070 0.4117
vn -0.8119 0.2587 0.5234
vn -0.8119 0.2588 0.5234
vn -0.5944 0.7070 0.3832
vn -0.2176 0.9659 0.1403
vn -0.8364 0.2588 0.4831
vn -0.8364 0.2587 0.4831
vn -0.2242 0.9659 0.1295
vn -0.6124 0.7070 0.3537
vn -0.8590 0.2588 0.4417
vn -0.8590 0.2587 0.4417
vn -0.2302 0.9659 0.1184
vn -0.6289 0.7070 0.3234
vn -0.8795 0.2588 0.3993
vn -0.8796 0.2587 0.3993
vn -0.6440 0.7070 0.2923
vn -0.2357 0.9659 0.1070
vn -0.6440 0.7070 0.2924
vn -0.8980 0.2587 0.3559
vn -0.9143 0.2588 0.3117
vn -0.6575 0.7070 0.2606
vn -0.2407 0.9659 0.0954
vn -0.2450 0.9659 0.0835
vn -0.6694 0.7070 0.2282
vn -0.9284 0.2587 0.2667
vn -0.6797 0.7070 0.1953
vn -0.2488 0.9659 0.0715
vn -0.9403 0.2587 0.2211
vn -0.9403 0.2588 0.2211
vn -0.2520 0.9659 0.0592
vn -0.6884 0.7070 0.1619
vn -0.6955 0.7070 0.1281
vn -0.9500 0.2588 0.1749
vn -0.9500 0.2587 0.1749
vn -0.2546 0.9659 0.0469
vn -0.9574 0.2588 0.1284
vn -0.9625 0.2588 0.0815
vn -0.9574 0.2587 0.1284
vn -0.7009 0.7070 0.0940
vn -0.2566 0.9659 0.0344
vn -0.9625 0.2587 0.0815
vn -0.7047 0.7070 0.0597
vn -0.2580 0.9659 0.0218
vn -0.9653 0.2587 0.0344
vn -0.9653 0.2588 0.0344
vn -0.2587 0.9659 0.0092
vn -0.7068 0.7070 0.0252
vn -0.9659 0.2588 -0.0127
vn -0.9659 0.2587 -0.0127
vn -0.2589 0.9659 -0.0034
vn -0.7072 0.7070 -0.0093
vn -0.9641 0.2588 -0.0598
vn -0.9600 0.2588 -0.1068
vn -0.9641 0.2587 -0.0598
vn -0.2584 0.9659 -0.0160
vn -0.7059 0.7070 -0.0438
vn -0.7029 0.7070 -0.0782
vn -0.2573 0.9659 -0.0286
vn -0.9537 0.2588 -0.1535
vn -0.9537 0.2587 -0.1535
vn -0.9450 0.2588 -0.1999
vn -0.2556 0.9659 -0.0411
vn -0.6982 0.7070 -0.1124
vn -0.9342 0.2587 -0.2457
vn -0.2533 0.9659 -0.0536
vn -0.6919 0.7070 -0.1463
vn -0.9342 0.2588 -0.2457
vn -0.2504 0.9659 -0.0659
vn -0.6839 0.7070 -0.1799
vn -0.9211 0.2587 -0.2910
vn -0.9058 0.2588 -0.3356
vn -0.2469 0.9659 -0.0780
vn -0.6743 0.7070 -0.2131
vn -0.9058 0.2587 -0.3356
vn -0.2381 0.9659 -0.1017
vn -0.2428 0.9659 -0.0900
vn -0.6631 0.7070 -0.2457
vn -0.8883 0.2587 -0.3794
vn -0.8883 0.2588 -0.3794
vn -0.2328 0.9659 -0.1132
vn -0.6504 0.7070 -0.2778
vn -0.8687 0.2587 -0.4223
vn -0.6360 0.7070 -0.3092
vn -0.8471 0.2588 -0.4642
vn -0.6202 0.7070 -0.3399
vn -0.2207 0.9659 -0.1353
vn -0.2270 0.9659 -0.1244
vn -0.7978 0.2587 -0.5446
vn -0.8234 0.2588 -0.5050
vn -0.5841 0.7070 -0.3987
vn -0.6029 0.7070 -0.3697
vn -0.1485 0.9659 -0.2120
vn -0.4056 0.7071 -0.5792
vn -0.5540 0.2588 -0.7912
vn -0.5004 0.7071 -0.4996
vn -0.6388 0.4252 -0.6412
vn -0.4142 0.8105 -0.4141
vn -0.1957 0.9609 -0.1959
vn -0.1485 -0.9659 -0.2120
vn -0.5540 -0.2588 -0.7912
vn -0.4056 -0.7071 -0.5792
vn 0.0000 -0.9659 0.2588
vn 0.0000 -0.7071 0.7071
vn 0.0000 -0.2588 0.9659
vn -0.7916 -0.2552 -0.5553
vn -0.4120 -0.7020 -0.5809
vn -0.4157 -0.9066 0.0722
vn -0.5632 -0.8232 -0.0720
vn -0.9448 -0.3167 -0.0842
vn -0.9597 0.2055 0.1915
vn -0.7854 -0.2587 0.5624
vn -0.7978 -0.2587 -0.5446
vn -0.2138 -0.9659 -0.1460
vn -0.5841 -0.7070 -0.3987
vn -0.8234 -0.2588 -0.5050
vn -0.8234 -0.2587 -0.5050
vn -0.6029 -0.7070 -0.3697
vn -0.2207 -0.9659 -0.1353
vn -0.8471 -0.2588 -0.4642
vn -0.2270 -0.9659 -0.1244
vn -0.6202 -0.7070 -0.3399
vn -0.8687 -0.2587 -0.4223
vn -0.6360 -0.7070 -0.3092
vn -0.2328 -0.9659 -0.1132
vn -0.8883 -0.2588 -0.3794
vn -0.8883 -0.2587 -0.3794
vn -0.2428 -0.9659 -0.0900
vn -0.2381 -0.9659 -0.1017
vn -0.6504 -0.7070 -0.2778
vn -0.9058 -0.2588 -0.3356
vn -0.9058 -0.2587 -0.3356
vn -0.6632 -0.7070 -0.2457
vn -0.6631 -0.7070 -0.2457
vn -0.6743 -0.7070 -0.2131
vn -0.9211 -0.2587 -0.2910
vn -0.9211 -0.2588 -0.2910
vn -0.2469 -0.9659 -0.0780
vn -0.9342 -0.2587 -0.2457
vn -0.6839 -0.7070 -0.1799
vn -0.9342 -0.2588 -0.2457
vn -0.2504 -0.9659 -0.0659
vn -0.9450 -0.2588 -0.1999
vn -0.2533 -0.9659 -0.0536
vn -0.6919 -0.7070 -0.1463
vn -0.9537 -0.2588 -0.1535
vn -0.9537 -0.2587 -0.1535
vn -0.2556 -0.9659 -0.0411
vn -0.6982 -0.7070 -0.1124
vn -0.9600 -0.2588 -0.1068
vn -0.7029 -0.7070 -0.0782
vn -0.2573 -0.9659 -0.0286
vn -0.7059 -0.7070 -0.0438
vn -0.9641 -0.2587 -0.0598
vn -0.9641 -0.2588 -0.0598
vn -0.2584 -0.9659 -0.0160
vn -0.9659 -0.2588 -0.0127
vn -0.9659 -0.2587 -0.0127
vn -0.2589 -0.9659 -0.0034
vn -0.7072 -0.7070 -0.0093
vn -0.7071 -0.7070 -0.0093
vn -0.9653 -0.2588 0.0344
vn -0.9653 -0.2587 0.0344
vn -0.2587 -0.9659 0.0092
vn -0.7068 -0.7070 0.0252
vn -0.9625 -0.2588 0.0815
vn -0.9625 -0.2587 0.0815
vn -0.7047 -0.7070 0.0597
vn -0.2566 -0.9659 0.0344
vn -0.2580 -0.9659 0.0218
vn -0.9574 -0.2587 0.1284
vn -0.9574 -0.2588 0.1284
vn -0.7009 -0.7070 0.0940
vn -0.9500 -0.2587 0.1749
vn -0.9500 -0.2588 0.1749
vn -0.2546 -0.9659 0.0469
vn -0.6955 -0.7070 0.1281
vn -0.9403 -0.2588 0.2211
vn -0.9403 -0.2587 0.2211
vn -0.6884 -0.7070 0.1619
vn -0.2520 -0.9659 0.0592
vn -0.9284 -0.2587 0.2667
vn -0.2488 -0.9659 0.0715
vn -0.6797 -0.7070 0.1953
vn -0.6797 -0.7070 0.1952
vn -0.9143 -0.2588 0.3117
vn -0.2450 -0.9659 0.0835
vn -0.6694 -0.7070 0.2282
vn -0.8980 -0.2587 0.3559
vn -0.6575 -0.7070 0.2606
vn -0.2357 -0.9659 0.1070
vn -0.2407 -0.9659 0.0954
vn -0.8796 -0.2587 0.3993
vn -0.6440 -0.7070 0.2923
vn -0.6440 -0.7070 0.2924
vn -0.8590 -0.2588 0.4417
vn -0.8590 -0.2587 0.4417
vn -0.2302 -0.9659 0.1184
vn -0.6289 -0.7070 0.3234
vn -0.8364 -0.2587 0.4831
vn -0.6124 -0.7070 0.3537
vn -0.2242 -0.9659 0.1295
vn -0.8119 -0.2587 0.5234
vn -0.8119 -0.2588 0.5234
vn -0.2105 -0.9659 0.1507
vn -0.5750 -0.7070 0.4117
vn -0.2176 -0.9659 0.1403
vn -0.5944 -0.7070 0.3832
vn -0.1915 0.2055 0.9598
vn 0.5553 -0.2552 0.7915
vn 0.0842 -0.3167 0.9448
vn 0.0720 -0.8232 0.5632
vn 0.5808 -0.7020 0.4120
vn -0.0722 -0.9066 0.4157
vn -0.8259 0.0000 -0.5638
vn -0.8525 -0.0000 -0.5228
vn -0.8770 0.0000 -0.4806
vn -0.8994 0.0000 -0.4372
vn -0.9196 0.0000 -0.3928
vn -0.9377 0.0000 -0.3475
vn -0.9535 -0.0000 -0.3013
vn -0.9671 0.0000 -0.2544
vn -0.9784 0.0000 -0.2069
vn -0.9873 0.0000 -0.1589
vn -0.9939 -0.0000 -0.1106
vn -0.9981 0.0000 -0.0619
vn -0.9999 0.0000 -0.0132
vn -0.9994 0.0000 0.0356
vn -0.9964 0.0000 0.0844
vn -0.9911 0.0000 0.1329
vn -0.9835 0.0000 0.1811
vn -0.9735 0.0000 0.2289
vn -0.9611 -0.0000 0.2761
vn -0.9465 0.0000 0.3227
vn -0.9296 0.0000 0.3685
vn -0.9106 0.0000 0.4134
vn -0.8893 -0.0000 0.4573
vn -0.8659 0.0000 0.5002
vn -0.8405 0.0000 0.5418
vn -0.8131 0.0000 0.5822
vn 0.6856 0.2447 -0.6856
vn 0.6272 -0.4617 -0.6272
vn 0.6272 -0.4618 -0.6272
vn 0.2515 -0.9346 -0.2515
vn -0.6640 0.0409 -0.7466
vn -0.6125 0.0904 -0.7853
vn -0.5681 0.1224 -0.8138
vn -0.4600 0.2002 -0.8651
vn -0.3811 0.2559 -0.8884
vn -0.3435 0.2759 -0.8977
vn -0.2187 0.3432 -0.9134
vn -0.1145 0.3983 -0.9101
vn -0.0912 0.4072 -0.9088
vn 0.1098 0.4856 -0.8672
vn 0.0402 0.4586 -0.8877
vn 0.2747 0.5337 -0.7998
vn 0.1697 0.5029 -0.8475
vn 0.2955 0.5376 -0.7897
vn 0.5252 0.5731 -0.6291
vn 0.4351 0.5643 -0.7016
vn 0.4157 0.5605 -0.7163
vn 0.4955 0.5698 -0.6556
vn 0.5140 0.5713 -0.6399
vn 0.5484 0.5731 -0.6090
vn 0.5287 0.5693 -0.6296
vn 0.5792 0.5736 -0.5792
vn 0.7466 0.0409 0.6640
vn 0.8144 0.1213 0.5675
vn 0.7591 0.0562 0.6485
vn 0.8652 0.1999 0.4598
vn 0.8416 0.1639 0.5146
vn 0.8982 0.2748 0.3430
vn 0.9131 0.3439 0.2190
vn 0.8932 0.2631 0.3646
vn 0.9094 0.4059 0.0906
vn 0.8875 0.4590 -0.0400
vn 0.9120 0.3805 0.1533
vn 0.8468 0.5043 -0.1690
vn 0.7900 0.5371 -0.2958
vn 0.8610 0.4930 -0.1250
vn 0.6296 0.5693 -0.5287
vn 0.6090 0.5731 -0.5484
vn 0.7156 0.5618 -0.4150
vn 0.7326 0.5593 -0.3878
vn 0.6555 0.5699 -0.4955
vn 0.6398 0.5713 -0.5140
vn 0.6291 0.5731 -0.5252
vn -0.6856 0.2447 0.6856
vn -0.6272 -0.4617 0.6272
vn -0.2515 -0.9346 0.2515
vn -0.6272 -0.4618 0.6272
vn 0.6640 0.0409 0.7466
vn 0.6116 0.0912 0.7859
vn 0.5681 0.1225 0.8138
vn 0.4600 0.2003 0.8650
vn 0.3821 0.2553 0.8881
vn 0.3435 0.2759 0.8977
vn 0.2187 0.3432 0.9134
vn 0.1144 0.3984 0.9101
vn 0.0912 0.4072 0.9088
vn -0.1080 0.4850 0.8678
vn -0.0402 0.4586 0.8878
vn -0.2754 0.5337 0.7996
vn -0.1698 0.5028 0.8475
vn -0.2956 0.5375 0.7898
vn -0.5252 0.5731 0.6291
vn -0.4358 0.5644 0.7011
vn -0.4157 0.5605 0.7163
vn -0.4955 0.5698 0.6556
vn -0.5140 0.5714 0.6398
vn -0.5484 0.5730 0.6090
vn -0.5287 0.5693 0.6296
vn -0.5792 0.5736 0.5792
vn -0.7466 0.0409 -0.6640
vn -0.8144 0.1213 -0.5675
vn -0.7591 0.0562 -0.6485
vn -0.8652 0.1999 -0.4598
vn -0.8417 0.1639 -0.5145
vn -0.8982 0.2748 -0.3430
vn -0.9131 0.3439 -0.2190
vn -0.8932 0.2631 -0.3646
vn -0.9094 0.4059 -0.0906
vn -0.8875 0.4590 0.0400
vn -0.9120 0.3805 -0.1533
vn -0.8468 0.5043 0.1690
vn -0.7900 0.5371 0.2958
vn -0.8610 0.4930 0.1249
vn -0.6296 0.5693 0.5287
vn -0.6090 0.5731 0.5484
vn -0.7156 0.5618 0.4150
vn -0.7326 0.5593 0.3878
vn -0.6556 0.5698 0.4955
vn -0.6398 0.5713 0.5140
vn -0.6291 0.5731 0.5252
vn -0.5792 -0.5736 0.5792
vn 0.5792 -0.5736 -0.5792
vn 0.4316 -0.2195 0.8749
vn -0.2645 -0.5299 0.8057
vn -0.8057 -0.5299 0.2645
vn -0.8749 -0.2195 -0.4316
vn -0.4316 0.2195 -0.8749
vn 0.2645 0.5299 -0.8057
vn 0.2646 0.5299 -0.8057
vn 0.8057 0.5299 -0.2645
vn 0.8749 0.2195 0.4316
vn -0.4316 -0.2195 -0.8749
vn 0.2645 -0.5299 -0.8057
vn 0.8057 -0.5299 -0.2645
vn 0.8749 -0.2195 0.4316
vn 0.4316 0.2195 0.8749
vn -0.2645 0.5299 0.8057
vn -0.8057 0.5299 0.2645
vn -0.8749 0.2195 -0.4316
vn -0.7549 -0.0500 -0.6539
vn -0.8329 -0.1485 -0.5331
vn -0.8856 -0.2424 -0.3961
vn -0.9115 -0.3290 -0.2470
vn -0.8857 -0.2424 -0.3961
vn -0.9096 -0.4056 -0.0904
vn -0.8801 -0.4698 0.0689
vn -0.8238 -0.5198 0.2261
vn -0.7425 -0.5540 0.3765
vn -0.6387 -0.5714 0.5154
vn 0.5154 0.5714 -0.6387
vn 0.3765 0.5540 -0.7425
vn 0.2261 0.5198 -0.8238
vn 0.0689 0.4698 -0.8801
vn -0.0904 0.4056 -0.9096
vn -0.2470 0.3290 -0.9115
vn -0.3961 0.2424 -0.8856
vn -0.5331 0.1485 -0.8329
vn -0.3961 0.2424 -0.8857
vn -0.6539 0.0500 -0.7549
vn 0.7549 0.0500 0.6539
vn 0.8329 0.1484 0.5331
vn 0.8329 0.1485 0.5331
vn 0.8856 0.2424 0.3961
vn 0.9115 0.3290 0.2470
vn 0.9096 0.4056 0.0904
vn 0.8801 0.4698 -0.0689
vn 0.8238 0.5198 -0.2261
vn 0.7425 0.5540 -0.3765
vn 0.6387 0.5714 -0.5154
vn -0.5154 -0.5714 0.6387
vn -0.3765 -0.5540 0.7425
vn -0.2261 -0.5198 0.8238
vn -0.0689 -0.4698 0.8801
vn 0.0904 -0.4056 0.9096
vn 0.2470 -0.3290 0.9115
vn 0.3961 -0.2424 0.8857
vn 0.5331 -0.1485 0.8329
vn 0.3961 -0.2424 0.8856
vn 0.6539 -0.0500 0.7549
vn 0.4056 -0.8192 -0.4056
vn 0.4056 -0.8191 -0.4056
vn 0.4056 -0.8192 -0.4055
vn 0.5154 -0.5714 -0.6387
vn 0.3765 -0.5540 -0.7425
vn 0.2261 -0.5198 -0.8238
vn 0.0689 -0.4698 -0.8801
vn -0.0904 -0.4056 -0.9096
vn -0.2470 -0.3290 -0.9115
vn -0.3961 -0.2424 -0.8856
vn -0.5331 -0.1485 -0.8329
vn -0.6539 -0.0500 -0.7549
vn 0.7549 -0.0500 0.6539
vn 0.8329 -0.1485 0.5331
vn 0.8856 -0.2424 0.3961
vn 0.9115 -0.3290 0.2470
vn 0.9096 -0.4056 0.0904
vn 0.8801 -0.4698 -0.0689
vn 0.8238 -0.5198 -0.2261
vn 0.7425 -0.5540 -0.3765
vn 0.6386 -0.5714 -0.5154
vn 0.6387 -0.5714 -0.5154
vn -0.5154 0.5714 0.6387
vn -0.3765 0.5540 0.7425
vn -0.2261 0.5198 0.8238
vn -0.0689 0.4698 0.8801
vn 0.0904 0.4056 0.9096
vn 0.2470 0.3290 0.9115
vn 0.3961 0.2424 0.8856
vn 0.5331 0.1485 0.8329
vn 0.6539 0.0500 0.7549
vn -0.7549 0.0500 -0.6539
vn -0.8329 0.1485 -0.5331
vn -0.8856 0.2424 -0.3961
vn -0.9115 0.3290 -0.2470
vn -0.9096 0.4056 -0.0904
vn -0.8801 0.4698 0.0689
vn -0.8238 0.5198 0.2261
vn -0.7425 0.5540 0.3765
vn -0.6387 0.5714 0.5154
vn -0.4056 -0.8191 0.4056
vn -0.4056 -0.8192 0.4056
vn -0.4055 -0.8192 0.4056
vn 0.7466 -0.0409 0.6640
vn 0.8141 -0.1219 0.5678
vn 0.8649 -0.2004 0.4601
vn 0.8982 -0.2749 0.3430
vn 0.9132 -0.3437 0.2189
vn 0.9132 -0.3437 0.2190
vn 0.8875 -0.4592 -0.0399
vn 0.8874 -0.4592 -0.0399
vn 0.8473 -0.5034 -0.1695
vn 0.7898 -0.5374 -0.2956
vn 0.7163 -0.5605 -0.4157
vn 0.6282 -0.5721 -0.5273
vn -0.5678 -0.1219 -0.8141
vn -0.6640 -0.0409 -0.7466
vn -0.4601 -0.2004 -0.8649
vn -0.3430 -0.2749 -0.8982
vn -0.2190 -0.3437 -0.9132
vn -0.2189 -0.3437 -0.9132
vn 0.0399 -0.4592 -0.8874
vn 0.1695 -0.5034 -0.8473
vn 0.2956 -0.5374 -0.7898
vn 0.4157 -0.5605 -0.7163
vn 0.5273 -0.5721 -0.6282
vn 0.5678 -0.1219 0.8141
vn 0.6640 -0.0409 0.7466
vn 0.4601 -0.2004 0.8649
vn 0.3430 -0.2749 0.8982
vn 0.2190 -0.3437 0.9132
vn 0.2189 -0.3437 0.9132
vn -0.0399 -0.4592 0.8875
vn -0.1695 -0.5034 0.8473
vn -0.2956 -0.5374 0.7898
vn -0.4157 -0.5605 0.7163
vn -0.5273 -0.5721 0.6282
vn -0.7466 -0.0409 -0.6640
vn -0.8141 -0.1219 -0.5678
vn -0.8649 -0.2004 -0.4601
vn -0.8982 -0.2749 -0.3430
vn -0.9132 -0.3437 -0.2190
vn -0.9132 -0.3437 -0.2189
vn -0.8874 -0.4592 0.0399
vn -0.8473 -0.5034 0.1695
vn -0.8875 -0.4592 0.0399
vn -0.7898 -0.5374 0.2956
vn -0.7163 -0.5605 0.4157
vn -0.6282 -0.5721 0.5273
vn 0.0000 -1.0000 -0.0000
vn 0.7539 0.0000 -0.6569
vn 0.7208 0.0000 -0.6932
vn 0.6859 0.0000 -0.7277
vn 0.6493 0.0000 -0.7605
vn 0.6112 0.0000 -0.7915
vn 0.5717 0.0000 -0.8205
vn 0.5307 0.0000 -0.8476
vn 0.4884 0.0000 -0.8726
vn 0.4450 0.0000 -0.8955
vn 0.4005 0.0000 -0.9163
vn 0.3551 0.0000 -0.9348
vn 0.3088 0.0000 -0.9511
vn 0.2617 0.0000 -0.9652
vn 0.2140 0.0000 -0.9768
vn 0.1658 0.0000 -0.9862
vn 0.1172 0.0000 -0.9931
vn 0.0683 0.0000 -0.9977
vn 0.0193 0.0000 -0.9998
vn -0.0298 0.0000 -0.9996
vn -0.0789 0.0000 -0.9969
vn -0.1277 0.0000 -0.9918
vn -0.1762 0.0000 -0.9843
vn -0.2243 0.0000 -0.9745
vn -0.2719 0.0000 -0.9623
vn -0.3188 0.0000 -0.9478
vn -0.3650 0.0000 -0.9310
vn -0.4102 0.0000 -0.9120
vn -0.4545 0.0000 -0.8908
vn -0.4977 0.0000 -0.8674
vn -0.5396 0.0000 -0.8419
vn -0.5803 0.0000 -0.8144
vn -0.6196 0.0000 -0.7849
vn -0.6574 0.0000 -0.7536
vn -0.6936 0.0000 -0.7204
vn -0.7281 0.0000 -0.6855
vn -0.7609 0.0000 -0.6489
vn -0.7539 0.0000 0.6569
vn -0.7208 0.0000 0.6932
vn -0.6859 0.0000 0.7277
vn -0.6493 0.0000 0.7605
vn -0.6112 0.0000 0.7914
vn -0.5716 0.0000 0.8205
vn -0.5307 0.0000 0.8476
vn -0.4884 0.0000 0.8726
vn -0.4450 0.0000 0.8955
vn -0.4005 0.0000 0.9163
vn -0.3551 0.0000 0.9348
vn -0.3088 0.0000 0.9511
vn -0.2617 0.0000 0.9651
vn -0.2140 0.0000 0.9768
vn -0.1658 0.0000 0.9862
vn -0.1172 0.0000 0.9931
vn -0.0683 0.0000 0.9977
vn -0.0193 0.0000 0.9998
vn 0.0298 0.0000 0.9996
vn 0.0789 0.0000 0.9969
vn 0.1277 0.0000 0.9918
vn 0.1762 0.0000 0.9843
vn 0.2243 0.0000 0.9745
vn 0.2719 0.0000 0.9623
vn 0.3188 0.0000 0.9478
vn 0.3649 0.0000 0.9310
vn 0.4102 0.0000 0.9120
vn 0.4545 0.0000 0.8908
vn 0.4977 0.0000 0.8674
vn 0.5396 0.0000 0.8419
vn 0.5803 0.0000 0.8144
vn 0.6196 0.0000 0.7849
vn 0.6574 0.0000 0.7536
vn 0.6936 0.0000 0.7204
vn 0.7281 0.0000 0.6855
vn 0.7609 0.0000 0.6489
vn 0.9749 0.0000 -0.2225
vn 0.7818 0.0000 -0.6235
vn 0.4339 0.0000 -0.9010
vn -0.4339 0.0000 -0.9010
vn -0.7818 0.0000 -0.6235
vn -0.9749 0.0000 0.2225
vn -0.9749 0.0000 -0.2225
vn -0.7818 0.0000 0.6235
vn -0.4339 0.0000 0.9010
vn 0.7818 0.0000 0.6235
vn 0.4339 0.0000 0.9010
vn 0.9749 0.0000 0.2225
vn 0.9991 0.0000 -0.0419
vn 0.9921 0.0000 -0.1253
vn 0.9781 0.0000 -0.2079
vn 0.9573 0.0000 -0.2890
vn 0.9298 0.0000 -0.3681
vn 0.8957 0.0000 -0.4446
vn 0.8554 0.0000 -0.5180
vn 0.8090 0.0000 -0.5878
vn 0.7570 0.0000 -0.6534
vn 0.6997 0.0000 -0.7145
vn 0.6374 0.0000 -0.7705
vn 0.5707 0.0000 -0.8211
vn 0.5000 0.0000 -0.8660
vn 0.4258 0.0000 -0.9048
vn 0.3486 0.0000 -0.9373
vn 0.2689 0.0000 -0.9632
vn 0.1874 0.0000 -0.9823
vn 0.1045 0.0000 -0.9945
vn 0.0209 0.0000 -0.9998
vn -0.0628 0.0000 -0.9980
vn -0.1461 0.0000 -0.9893
vn -0.2284 0.0000 -0.9736
vn -0.3090 0.0000 -0.9511
vn -0.3875 0.0000 -0.9219
vn -0.4633 0.0000 -0.8862
vn -0.5358 0.0000 -0.8443
vn -0.6691 0.0000 -0.7431
vn -0.6046 0.0000 -0.7965
vn -0.7837 0.0000 -0.6211
vn -0.7290 0.0000 -0.6845
vn -0.8329 0.0000 -0.5534
vn -0.8763 -0.0000 -0.4818
vn -0.9135 -0.0000 -0.4067
vn -0.9444 -0.0000 -0.3289
vn -0.9686 0.0000 -0.2487
vn -0.9965 0.0000 -0.0837
vn -0.9860 0.0000 -0.1668
vn -0.9965 0.0000 0.0837
vn -0.9860 0.0000 0.1668
vn -0.9686 0.0000 0.2487
vn -0.9444 -0.0000 0.3289
vn -0.9135 0.0000 0.4067
vn -0.8763 -0.0000 0.4818
vn -0.8329 0.0000 0.5534
vn -0.7290 0.0000 0.6845
vn -0.7837 0.0000 0.6211
vn -0.6691 0.0000 0.7431
vn -0.6046 0.0000 0.7965
vn -0.5358 0.0000 0.8443
vn -0.4633 0.0000 0.8862
vn -0.3875 0.0000 0.9219
vn -0.3090 0.0000 0.9511
vn -0.2284 0.0000 0.9736
vn -0.1461 0.0000 0.9893
vn -0.0628 0.0000 0.9980
vn 0.0209 0.0000 0.9998
vn 0.1045 0.0000 0.9945
vn 0.1874 0.0000 0.9823
vn 0.2689 0.0000 0.9632
vn 0.3486 0.0000 0.9373
vn 0.4258 0.0000 0.9048
vn 0.5000 0.0000 0.8660
vn 0.5707 0.0000 0.8211
vn 0.6374 0.0000 0.7705
vn 0.6997 0.0000 0.7145
vn 0.7570 0.0000 0.6534
vn 0.8090 0.0000 0.5878
vn 0.8957 0.0000 0.4446
vn 0.8554 -0.0000 0.5180
vn 0.9298 0.0000 0.3681
vn 0.9573 0.0000 0.2890
vn 0.9921 0.0000 0.1253
vn 0.9781 0.0000 0.2079
vn 0.9991 -0.0000 0.0419
usemtl Default_OBJ.001
s off
f 1//1 2//1 3//1
f 1//1 4//1 2//1
f 5//2 6//2 7//2
f 8//2 6//2 5//2
f 9//3 10//3 11//3
f 12//4 10//4 9//4
f 11//5 13//5 14//5
f 10//6 13//6 11//6
f 14//7 15//7 11//7
f 11//8 15//8 9//8
f 9//9 15//9 12//9
f 15//10 16//10 12//10
f 15//11 17//11 16//11
f 18//12 19//12 17//12
f 17//13 19//13 16//13
f 18//14 20//14 19//14
f 20//15 21//15 19//15
f 20//16 22//16 21//16
f 20//17 23//17 22//17
f 23//18 24//18 22//18
f 23//19 25//19 24//19
f 25//20 26//20 24//20
f 26//21 27//21 24//21
f 27//22 28//22 24//22
f 29//23 30//23 28//23
f 29//24 27//24 26//24
f 29//23 28//23 27//23
f 31//25 26//25 25//25
f 31//26 29//26 26//26
f 32//27 31//27 25//27
f 33//28 30//28 29//28
f 34//29 33//29 35//29
f 36//30 34//30 37//30
f 38//31 39//31 40//31
f 41//32 42//32 38//32
f 43//33 42//33 41//33
f 44//34 42//34 43//34
f 45//35 42//35 44//35
f 46//36 31//36 32//36
f 46//37 32//37 35//37
f 47//38 29//38 31//38
f 47//28 33//28 29//28
f 47//39 35//39 33//39
f 47//40 46//40 35//40
f 47//41 31//41 46//41
f 48//42 35//42 37//42
f 48//43 34//43 35//43
f 48//44 37//44 34//44
f 49//45 37//45 50//45
f 49//46 36//46 37//46
f 51//47 49//47 50//47
f 52//48 53//48 36//48
f 52//49 36//49 49//49
f 52//50 49//50 51//50
f 54//51 50//51 55//51
f 54//52 51//52 50//52
f 54//53 53//53 52//53
f 54//54 52//54 51//54
f 56//55 54//55 55//55
f 57//56 58//56 53//56
f 57//57 53//57 54//57
f 57//58 54//58 56//58
f 59//59 55//59 60//59
f 59//60 58//60 57//60
f 59//61 57//61 56//61
f 59//62 56//62 55//62
f 61//63 59//63 60//63
f 62//64 63//64 58//64
f 62//65 59//65 61//65
f 62//66 58//66 59//66
f 64//67 60//67 65//67
f 64//68 63//68 62//68
f 64//69 61//69 60//69
f 64//70 62//70 61//70
f 66//71 64//71 65//71
f 67//72 68//72 63//72
f 67//73 63//73 64//73
f 67//74 64//74 66//74
f 69//75 65//75 70//75
f 69//76 68//76 67//76
f 69//77 66//77 65//77
f 69//78 67//78 66//78
f 71//79 69//79 70//79
f 72//80 69//80 71//80
f 72//81 73//81 68//81
f 72//82 68//82 69//82
f 74//83 71//83 70//83
f 74//84 72//84 71//84
f 74//85 73//85 72//85
f 74//86 70//86 40//86
f 75//87 74//87 40//87
f 75//88 40//88 39//88
f 76//89 73//89 74//89
f 76//90 39//90 73//90
f 76//91 74//91 75//91
f 76//92 75//92 39//92
f 77//93 39//93 38//93
f 77//94 38//94 42//94
f 78//95 42//95 39//95
f 78//96 77//96 42//96
f 78//97 39//97 77//97
f 43//98 79//98 80//98
f 43//98 41//98 79//98
f 44//99 80//99 81//99
f 44//100 43//100 80//100
f 45//101 81//101 82//101
f 45//102 44//102 81//102
f 83//103 82//103 81//103
f 84//104 83//104 85//104
f 86//105 84//105 87//105
f 88//106 86//106 89//106
f 6//107 90//107 91//107
f 8//108 90//108 6//108
f 92//109 80//109 79//109
f 92//110 79//110 85//110
f 93//111 81//111 80//111
f 93//112 83//112 81//112
f 93//113 85//113 83//113
f 93//114 92//114 85//114
f 93//115 80//115 92//115
f 94//116 85//116 87//116
f 94//117 84//117 85//117
f 94//118 87//118 84//118
f 95//119 87//119 89//119
f 95//120 86//120 87//120
f 95//121 89//121 86//121
f 96//122 89//122 97//122
f 96//123 88//123 89//123
f 98//124 96//124 97//124
f 99//125 100//125 88//125
f 99//126 96//126 98//126
f 99//127 88//127 96//127
f 101//128 97//128 102//128
f 101//129 100//129 99//129
f 101//130 99//130 98//130
f 101//131 98//131 97//131
f 103//132 101//132 102//132
f 104//133 105//133 100//133
f 104//134 101//134 103//134
f 104//135 100//135 101//135
f 106//136 102//136 107//136
f 106//137 103//137 102//137
f 106//138 104//138 103//138
f 106//139 105//139 104//139
f 108//140 106//140 107//140
f 109//141 110//141 105//141
f 109//142 105//142 106//142
f 109//143 106//143 108//143
f 111//144 107//144 112//144
f 111//145 110//145 109//145
f 111//146 108//146 107//146
f 111//147 109//147 108//147
f 113//148 111//148 112//148
f 114//149 115//149 110//149
f 114//150 110//150 111//150
f 114//151 111//151 113//151
f 116//152 112//152 117//152
f 116//153 115//153 114//153
f 116//154 113//154 112//154
f 116//155 114//155 113//155
f 118//156 116//156 117//156
f 119//157 120//157 115//157
f 119//158 115//158 116//158
f 119//159 116//159 118//159
f 121//160 118//160 117//160
f 121//161 119//161 118//161
f 121//162 117//162 91//162
f 121//163 120//163 119//163
f 122//164 121//164 91//164
f 122//165 91//165 90//165
f 123//166 90//166 120//166
f 123//167 120//167 121//167
f 123//168 121//168 122//168
f 123//169 122//169 90//169
f 5//170 7//170 4//170
f 5//170 4//170 1//170
f 2//171 124//171 3//171
f 124//172 125//172 3//172
f 124//173 126//173 125//173
f 127//174 128//174 126//174
f 126//175 128//175 125//175
f 127//176 129//176 128//176
f 129//177 130//177 128//177
f 129//178 131//178 130//178
f 129//179 132//179 131//179
f 132//180 133//180 131//180
f 132//181 134//181 133//181
f 134//182 135//182 133//182
f 135//183 136//183 133//183
f 136//184 137//184 133//184
f 134//185 138//185 135//185
f 135//186 139//186 136//186
f 136//187 139//187 137//187
f 138//188 139//188 135//188
f 4//189 124//189 2//189
f 4//189 126//189 124//189
f 4//189 127//189 126//189
f 4//189 129//189 127//189
f 4//189 132//189 129//189
f 4//189 134//189 132//189
f 140//189 134//189 4//189
f 140//190 4//190 141//190
f 142//189 141//189 4//189
f 143//189 134//189 140//189
f 14//189 134//189 143//189
f 7//189 6//189 91//189
f 7//189 144//189 145//189
f 7//189 145//189 142//189
f 117//189 7//189 91//189
f 112//189 7//189 117//189
f 107//190 7//190 112//190
f 102//189 7//189 107//189
f 97//190 7//190 102//190
f 20//190 18//190 17//190
f 89//189 7//189 97//189
f 87//189 7//189 89//189
f 23//189 20//189 17//189
f 85//190 7//190 87//190
f 146//189 14//189 143//189
f 147//189 143//189 148//189
f 147//189 146//189 143//189
f 149//189 14//189 146//189
f 25//190 23//190 17//190
f 25//189 15//189 14//189
f 25//189 17//189 15//189
f 25//189 14//189 149//189
f 79//189 7//189 85//189
f 79//189 150//189 144//189
f 79//189 144//189 7//189
f 151//189 25//189 149//189
f 152//189 150//189 79//189
f 152//190 147//190 148//190
f 152//190 148//190 150//190
f 153//189 25//189 151//189
f 32//189 25//189 153//189
f 32//190 153//190 154//190
f 32//189 154//189 155//189
f 41//189 152//189 79//189
f 41//189 32//189 155//189
f 41//189 155//189 152//189
f 40//190 41//190 38//190
f 40//189 32//189 41//189
f 37//191 35//191 32//191
f 55//190 50//190 37//190
f 55//189 37//189 32//189
f 60//190 70//190 65//190
f 60//189 40//189 70//189
f 60//189 32//189 40//189
f 60//189 55//189 32//189
f 4//189 7//189 142//189
f 138//192 134//192 14//192
f 138//193 14//193 13//193
f 138//194 13//194 156//194
f 157//194 138//194 156//194
f 158//195 159//195 160//195
f 158//195 161//195 159//195
f 162//196 163//196 164//196
f 165//196 163//196 162//196
f 166//197 167//197 168//197
f 169//198 167//198 166//198
f 168//199 170//199 171//199
f 167//200 170//200 168//200
f 171//201 172//201 168//201
f 168//202 172//202 166//202
f 166//203 172//203 169//203
f 172//204 173//204 169//204
f 172//205 174//205 173//205
f 175//206 176//206 174//206
f 174//207 176//207 173//207
f 175//208 177//208 176//208
f 177//209 178//209 176//209
f 177//210 179//210 178//210
f 177//211 180//211 179//211
f 180//212 181//212 179//212
f 180//213 182//213 181//213
f 182//214 183//214 181//214
f 183//215 184//215 181//215
f 184//216 185//216 181//216
f 186//217 185//217 184//217
f 187//218 186//218 184//218
f 188//219 183//219 182//219
f 188//220 184//220 183//220
f 188//221 187//221 184//221
f 189//222 188//222 182//222
f 190//223 186//223 187//223
f 191//224 190//224 192//224
f 193//225 191//225 194//225
f 195//226 196//226 197//226
f 198//227 199//227 195//227
f 200//228 199//228 198//228
f 201//229 199//229 200//229
f 202//230 199//230 201//230
f 203//231 188//231 189//231
f 203//232 189//232 192//232
f 204//233 187//233 188//233
f 204//234 190//234 187//234
f 204//235 192//235 190//235
f 204//236 203//236 192//236
f 204//237 188//237 203//237
f 205//238 192//238 194//238
f 205//239 191//239 192//239
f 205//240 194//240 191//240
f 206//241 194//241 207//241
f 206//242 193//242 194//242
f 208//243 206//243 207//243
f 209//244 210//244 193//244
f 209//245 193//245 206//245
f 209//246 206//246 208//246
f 211//247 207//247 212//247
f 211//248 208//248 207//248
f 211//249 210//249 209//249
f 211//250 209//250 208//250
f 213//251 211//251 212//251
f 214//252 215//252 210//252
f 214//253 210//253 211//253
f 214//254 211//254 213//254
f 216//255 212//255 217//255
f 216//256 215//256 214//256
f 216//257 214//257 213//257
f 216//258 213//258 212//258
f 218//259 216//259 217//259
f 219//260 220//260 215//260
f 219//261 216//261 218//261
f 219//262 215//262 216//262
f 221//263 217//263 222//263
f 221//264 220//264 219//264
f 221//265 218//265 217//265
f 221//266 219//266 218//266
f 223//267 221//267 222//267
f 224//268 225//268 220//268
f 224//269 220//269 221//269
f 224//270 221//270 223//270
f 226//271 222//271 227//271
f 226//272 225//272 224//272
f 226//273 223//273 222//273
f 226//274 224//274 223//274
f 228//275 226//275 227//275
f 229//276 226//276 228//276
f 229//277 230//277 225//277
f 229//278 225//278 226//278
f 231//279 228//279 227//279
f 231//280 229//280 228//280
f 231//281 230//281 229//281
f 231//282 227//282 197//282
f 232//283 231//283 197//283
f 232//284 197//284 196//284
f 233//285 230//285 231//285
f 233//286 196//286 230//286
f 233//287 231//287 232//287
f 233//288 232//288 196//288
f 234//289 196//289 195//289
f 234//290 195//290 199//290
f 235//291 199//291 196//291
f 235//292 234//292 199//292
f 235//293 196//293 234//293
f 236//294 202//294 201//294
f 237//295 201//295 200//295
f 237//294 236//294 201//294
f 238//296 200//296 198//296
f 238//295 237//295 200//295
f 239//296 238//296 198//296
f 240//297 241//297 242//297
f 243//298 240//298 244//298
f 245//299 243//299 246//299
f 163//300 247//300 248//300
f 165//301 247//301 163//301
f 249//302 238//302 239//302
f 249//303 239//303 242//303
f 250//304 241//304 236//304
f 250//305 237//305 238//305
f 250//306 236//306 237//306
f 250//307 242//307 241//307
f 250//308 249//308 242//308
f 250//305 238//305 249//305
f 251//309 242//309 244//309
f 251//310 240//310 242//310
f 251//311 244//311 240//311
f 252//312 244//312 246//312
f 252//313 243//313 244//313
f 252//314 246//314 243//314
f 253//315 246//315 254//315
f 253//316 245//316 246//316
f 255//317 253//317 254//317
f 256//318 257//318 245//318
f 256//319 253//319 255//319
f 256//320 245//320 253//320
f 258//321 254//321 259//321
f 258//322 255//322 254//322
f 258//323 257//323 256//323
f 258//324 256//324 255//324
f 260//325 258//325 259//325
f 261//326 262//326 257//326
f 261//327 258//327 260//327
f 261//328 257//328 258//328
f 263//329 259//329 264//329
f 263//330 260//330 259//330
f 263//331 261//331 260//331
f 263//332 262//332 261//332
f 265//333 263//333 264//333
f 266//334 267//334 262//334
f 266//335 262//335 263//335
f 266//336 263//336 265//336
f 268//337 264//337 269//337
f 268//338 267//338 266//338
f 268//339 265//339 264//339
f 268//340 266//340 265//340
f 270//341 268//341 269//341
f 271//342 272//342 267//342
f 271//343 267//343 268//343
f 271//344 268//344 270//344
f 273//345 269//345 274//345
f 273//346 272//346 271//346
f 273//347 270//347 269//347
f 273//348 271//348 270//348
f 275//349 273//349 274//349
f 276//350 277//350 272//350
f 276//351 272//351 273//351
f 276//352 273//352 275//352
f 278//353 275//353 274//353
f 278//354 276//354 275//354
f 278//355 274//355 248//355
f 278//356 277//356 276//356
f 279//357 278//357 248//357
f 279//358 248//358 247//358
f 280//359 247//359 277//359
f 280//360 277//360 278//360
f 280//361 278//361 279//361
f 280//362 279//362 247//362
f 158//363 164//363 161//363
f 162//363 164//363 158//363
f 159//364 281//364 160//364
f 281//365 282//365 160//365
f 281//366 283//366 282//366
f 284//367 285//367 283//367
f 283//368 285//368 282//368
f 284//369 286//369 285//369
f 286//370 287//370 285//370
f 286//371 288//371 287//371
f 286//372 289//372 288//372
f 289//373 290//373 288//373
f 289//374 291//374 290//374
f 291//375 292//375 290//375
f 292//376 293//376 290//376
f 293//377 294//377 290//377
f 291//378 295//378 292//378
f 292//379 296//379 293//379
f 293//380 296//380 294//380
f 295//381 296//381 292//381
f 227//382 222//382 217//382
f 198//383 195//383 197//383
f 189//384 194//384 192//384
f 189//382 207//382 194//382
f 189//384 212//384 207//384
f 189//382 217//382 212//382
f 189//383 197//383 227//383
f 189//383 227//383 217//383
f 189//383 198//383 197//383
f 297//383 298//383 189//383
f 299//383 198//383 189//383
f 299//382 189//382 298//382
f 300//383 198//383 299//383
f 239//383 198//383 300//383
f 182//383 301//383 297//383
f 182//383 297//383 189//383
f 302//383 301//383 182//383
f 174//383 177//383 175//383
f 174//383 180//383 177//383
f 174//383 182//383 180//383
f 172//383 182//383 174//383
f 164//383 242//383 239//383
f 164//383 244//383 242//383
f 164//382 246//382 244//382
f 164//383 254//383 246//383
f 164//383 259//383 254//383
f 164//383 264//383 259//383
f 164//383 269//383 264//383
f 164//383 274//383 269//383
f 248//382 274//382 164//382
f 171//382 182//382 172//382
f 171//383 303//383 302//383
f 171//383 302//383 182//383
f 304//383 239//383 300//383
f 163//383 248//383 164//383
f 305//383 304//383 300//383
f 305//383 300//383 306//383
f 307//382 239//382 304//382
f 307//383 164//383 239//383
f 308//383 305//383 306//383
f 308//382 306//382 303//382
f 308//383 303//383 171//383
f 309//383 164//383 307//383
f 310//383 164//383 309//383
f 161//383 310//383 311//383
f 161//383 311//383 312//383
f 291//383 308//383 171//383
f 291//383 312//383 308//383
f 291//383 161//383 312//383
f 281//383 159//383 161//383
f 289//383 161//383 291//383
f 283//383 281//383 161//383
f 284//383 283//383 161//383
f 286//383 161//383 289//383
f 286//383 284//383 161//383
f 161//383 164//383 310//383
f 295//385 291//385 171//385
f 295//386 171//386 170//386
f 295//387 170//387 313//387
f 314//387 295//387 313//387
f 315//388 316//388 317//388
f 317//388 316//388 318//388
f 318//389 319//389 320//389
f 316//389 319//389 318//389
f 320//390 321//390 322//390
f 319//390 321//390 320//390
f 323//391 315//391 317//391
f 323//391 317//391 324//391
f 325//391 324//391 326//391
f 327//391 328//391 323//391
f 327//391 323//391 324//391
f 327//391 324//391 325//391
f 329//392 330//392 331//392
f 331//393 332//393 333//393
f 330//392 332//392 331//392
f 333//394 334//394 335//394
f 332//393 334//393 333//393
f 334//394 336//394 335//394
f 337//395 338//395 339//395
f 340//395 338//395 337//395
f 341//395 337//395 330//395
f 341//395 340//395 337//395
f 329//395 341//395 330//395
f 342//395 340//395 341//395
f 343//396 344//396 345//396
f 344//396 346//396 345//396
f 345//397 347//397 348//397
f 346//397 347//397 345//397
f 348//398 349//398 350//398
f 347//398 349//398 348//398
f 351//399 344//399 343//399
f 351//399 343//399 352//399
f 353//399 352//399 354//399
f 355//399 356//399 351//399
f 355//399 351//399 352//399
f 355//399 352//399 353//399
f 357//400 358//400 359//400
f 359//400 358//400 360//400
f 360//401 361//401 362//401
f 358//401 361//401 360//401
f 362//402 363//402 364//402
f 361//402 363//402 362//402
f 365//403 366//403 367//403
f 368//403 366//403 365//403
f 369//403 368//403 365//403
f 359//403 365//403 357//403
f 359//403 369//403 365//403
f 370//403 368//403 369//403
f 371//404 372//404 373//404
f 374//405 375//405 326//405
f 374//406 326//406 376//406
f 377//407 378//407 379//407
f 377//408 379//408 375//408
f 377//409 376//409 372//409
f 377//410 371//410 380//410
f 377//411 380//411 378//411
f 377//412 374//412 376//412
f 377//413 375//413 374//413
f 377//414 372//414 371//414
f 381//415 373//415 372//415
f 382//416 372//416 376//416
f 382//415 381//415 372//415
f 383//417 376//417 326//417
f 383//416 382//416 376//416
f 324//417 383//417 326//417
f 384//418 385//418 386//418
f 387//419 388//419 389//419
f 387//420 389//420 390//420
f 391//421 390//421 392//421
f 391//422 392//422 393//422
f 391//423 393//423 394//423
f 391//424 387//424 390//424
f 395//425 396//425 388//425
f 395//426 397//426 396//426
f 395//426 398//426 397//426
f 395//425 388//425 387//425
f 399//427 394//427 386//427
f 399//428 385//428 398//428
f 399//427 391//427 394//427
f 399//429 395//429 387//429
f 399//430 387//430 391//430
f 399//428 398//428 395//428
f 399//418 386//418 385//418
f 400//431 401//431 402//431
f 339//432 403//432 404//432
f 405//433 406//433 407//433
f 405//434 408//434 406//434
f 409//435 407//435 401//435
f 409//436 400//436 404//436
f 409//437 403//437 408//437
f 409//438 405//438 407//438
f 409//439 401//439 400//439
f 409//440 408//440 405//440
f 409//441 404//441 403//441
f 400//442 410//442 411//442
f 400//442 402//442 410//442
f 404//443 411//443 412//443
f 404//443 400//443 411//443
f 339//444 412//444 337//444
f 339//444 404//444 412//444
f 413//445 414//445 415//445
f 416//446 413//446 415//446
f 417//446 413//446 416//446
f 418//447 416//447 419//447
f 418//448 417//448 416//448
f 420//449 417//449 418//449
f 421//450 417//450 420//450
f 422//451 423//451 424//451
f 425//452 426//452 427//452
f 325//453 428//453 429//453
f 430//454 424//454 426//454
f 430//455 428//455 422//455
f 430//456 422//456 424//456
f 431//457 425//457 429//457
f 431//458 428//458 430//458
f 431//459 430//459 426//459
f 431//460 426//460 425//460
f 431//458 429//458 428//458
f 432//461 433//461 434//461
f 435//462 436//462 437//462
f 438//463 439//463 440//463
f 438//464 440//464 441//464
f 442//465 441//465 433//465
f 442//466 438//466 441//466
f 442//467 433//467 432//467
f 443//468 437//468 439//468
f 443//468 439//468 438//468
f 443//462 435//462 437//462
f 444//469 445//469 446//469
f 444//470 432//470 445//470
f 444//469 446//469 447//469
f 444//471 447//471 435//471
f 444//470 442//470 432//470
f 444//472 438//472 442//472
f 444//471 435//471 443//471
f 444//473 443//473 438//473
f 434//474 433//474 389//474
f 389//474 433//474 390//474
f 390//475 441//475 392//475
f 433//475 441//475 390//475
f 392//476 440//476 393//476
f 441//476 440//476 392//476
f 314//477 446//477 445//477
f 295//478 314//478 445//478
f 296//479 445//479 432//479
f 296//480 295//480 445//480
f 448//481 432//481 434//481
f 448//482 296//482 432//482
f 449//483 450//483 451//483
f 452//484 453//484 338//484
f 452//484 338//484 454//484
f 455//485 454//485 450//485
f 455//485 452//485 454//485
f 455//483 450//483 449//483
f 456//486 457//486 453//486
f 456//487 458//487 457//487
f 456//487 459//487 458//487
f 456//486 453//486 452//486
f 460//488 461//488 462//488
f 460//489 449//489 461//489
f 460//488 462//488 463//488
f 460//490 463//490 459//490
f 460//489 455//489 449//489
f 460//491 456//491 452//491
f 460//492 459//492 456//492
f 460//493 452//493 455//493
f 464//494 465//494 466//494
f 467//495 468//495 469//495
f 467//496 469//496 465//496
f 467//497 465//497 464//497
f 470//498 464//498 471//498
f 470//499 471//499 472//499
f 470//498 467//498 464//498
f 469//500 468//500 421//500
f 469//501 421//501 420//501
f 465//502 420//502 418//502
f 465//502 469//502 420//502
f 466//503 418//503 419//503
f 466//503 465//503 418//503
f 473//504 474//504 475//504
f 476//505 477//505 478//505
f 327//506 479//506 480//506
f 481//507 479//507 473//507
f 481//508 473//508 475//508
f 481//509 480//509 479//509
f 482//510 476//510 480//510
f 482//511 475//511 477//511
f 482//512 481//512 475//512
f 482//513 477//513 476//513
f 482//509 480//509 481//509
f 327//514 325//514 429//514
f 479//515 429//515 425//515
f 479//514 327//514 429//514
f 473//516 425//516 427//516
f 473//515 479//515 425//515
f 474//516 473//516 427//516
f 437//517 436//517 478//517
f 437//518 477//518 475//518
f 437//517 478//517 477//517
f 439//518 437//518 475//518
f 440//519 475//519 474//519
f 440//519 439//519 475//519
f 483//520 484//520 340//520
f 485//521 486//521 487//521
f 488//522 489//522 490//522
f 488//522 490//522 491//522
f 492//523 491//523 484//523
f 492//524 483//524 493//524
f 492//523 488//523 491//523
f 492//520 484//520 483//520
f 494//525 487//525 489//525
f 494//525 489//525 488//525
f 494//521 485//521 487//521
f 495//526 493//526 496//526
f 495//526 496//526 497//526
f 495//527 497//527 485//527
f 495//528 492//528 493//528
f 495//529 494//529 488//529
f 495//529 488//529 492//529
f 495//527 485//527 494//527
f 340//530 484//530 338//530
f 338//530 484//530 454//530
f 454//531 491//531 450//531
f 484//531 491//531 454//531
f 450//532 490//532 451//532
f 491//532 490//532 450//532
f 498//533 499//533 500//533
f 501//534 502//534 503//534
f 501//535 503//535 499//535
f 501//536 498//536 504//536
f 501//537 505//537 506//537
f 501//538 506//538 502//538
f 501//539 499//539 498//539
f 507//540 504//540 328//540
f 507//541 328//541 505//541
f 507//542 505//542 501//542
f 507//543 501//543 504//543
f 498//415 508//415 509//415
f 498//415 500//415 508//415
f 504//416 509//416 510//416
f 504//416 498//416 509//416
f 328//417 510//417 323//417
f 328//417 504//417 510//417
f 478//544 502//544 506//544
f 476//545 506//545 505//545
f 476//544 478//544 506//544
f 480//545 476//545 505//545
f 327//546 505//546 328//546
f 327//546 480//546 505//546
f 511//547 512//547 513//547
f 514//548 342//548 515//548
f 516//549 517//549 514//549
f 516//550 515//550 512//550
f 516//551 511//551 518//551
f 516//552 512//552 511//552
f 516//553 514//553 515//553
f 519//554 520//554 517//554
f 519//555 518//555 520//555
f 519//556 516//556 518//556
f 519//557 517//557 516//557
f 521//442 522//442 513//442
f 521//442 513//442 512//442
f 523//443 512//443 515//443
f 523//443 521//443 512//443
f 341//444 515//444 342//444
f 341//444 523//444 515//444
f 499//558 524//558 500//558
f 502//559 525//559 503//559
f 526//560 511//560 513//560
f 526//560 513//560 527//560
f 528//561 529//561 520//561
f 528//562 518//562 511//562
f 528//561 520//561 518//561
f 528//562 511//562 526//562
f 530//563 527//563 531//563
f 530//564 526//564 527//564
f 532//565 526//565 530//565
f 532//565 528//565 526//565
f 532//566 533//566 529//566
f 532//566 529//566 528//566
f 534//567 530//567 531//567
f 534//568 531//568 535//568
f 534//569 535//569 536//569
f 537//570 538//570 533//570
f 537//571 530//571 534//571
f 537//570 533//570 532//570
f 537//571 532//571 530//571
f 539//569 534//569 536//569
f 540//572 537//572 534//572
f 540//573 541//573 538//573
f 540//572 534//572 539//572
f 540//573 538//573 537//573
f 542//574 536//574 543//574
f 542//575 543//575 544//575
f 542//576 539//576 536//576
f 545//577 546//577 541//577
f 545//577 541//577 540//577
f 545//578 539//578 542//578
f 545//578 540//578 539//578
f 547//579 542//579 544//579
f 548//580 549//580 546//580
f 548//581 542//581 547//581
f 548//581 545//581 542//581
f 548//580 546//580 545//580
f 550//582 544//582 551//582
f 550//583 547//583 544//583
f 552//584 547//584 550//584
f 552//585 549//585 548//585
f 552//585 553//585 549//585
f 552//584 548//584 547//584
f 554//586 551//586 555//586
f 554//587 550//587 551//587
f 556//588 550//588 554//588
f 556//589 557//589 558//589
f 556//590 558//590 553//590
f 556//591 552//591 550//591
f 556//590 553//590 552//590
f 559//592 555//592 560//592
f 559//593 554//593 555//593
f 561//594 556//594 554//594
f 561//594 554//594 559//594
f 561//595 557//595 556//595
f 562//596 560//596 563//596
f 562//597 559//597 560//597
f 562//598 561//598 559//598
f 564//599 557//599 561//599
f 564//598 561//598 562//598
f 564//599 565//599 557//599
f 566//600 564//600 562//600
f 566//601 563//601 567//601
f 566//602 562//602 563//602
f 568//603 565//603 564//603
f 568//604 569//604 570//604
f 568//603 570//603 565//603
f 568//600 564//600 566//600
f 571//605 566//605 567//605
f 571//605 567//605 572//605
f 571//606 568//606 566//606
f 573//604 569//604 568//604
f 573//606 568//606 571//606
f 574//607 572//607 575//607
f 574//608 571//608 572//608
f 576//609 577//609 569//609
f 576//609 569//609 573//609
f 576//610 573//610 571//610
f 576//610 571//610 574//610
f 578//611 575//611 579//611
f 578//612 576//612 574//612
f 578//613 574//613 575//613
f 580//614 581//614 577//614
f 580//614 577//614 576//614
f 580//612 576//612 578//612
f 582//615 579//615 583//615
f 582//616 578//616 579//616
f 584//617 585//617 581//617
f 584//617 581//617 580//617
f 584//618 580//618 578//618
f 584//618 578//618 582//618
f 586//619 583//619 587//619
f 586//619 582//619 583//619
f 588//620 589//620 585//620
f 588//621 584//621 582//621
f 588//620 585//620 584//620
f 588//621 582//621 586//621
f 590//622 586//622 587//622
f 590//622 587//622 591//622
f 592//623 593//623 589//623
f 592//623 589//623 588//623
f 592//624 586//624 590//624
f 592//624 588//624 586//624
f 594//625 590//625 591//625
f 594//626 591//626 595//626
f 596//627 592//627 590//627
f 596//627 590//627 594//627
f 596//628 597//628 598//628
f 596//629 598//629 593//629
f 596//629 593//629 592//629
f 599//630 594//630 595//630
f 599//631 595//631 600//631
f 601//628 597//628 596//628
f 601//632 596//632 594//632
f 601//632 594//632 599//632
f 602//633 599//633 600//633
f 602//633 600//633 603//633
f 604//634 605//634 606//634
f 604//635 606//635 597//635
f 604//635 597//635 601//635
f 604//636 601//636 599//636
f 604//637 599//637 602//637
f 607//638 602//638 603//638
f 607//638 603//638 608//638
f 609//639 604//639 602//639
f 609//634 605//634 604//634
f 609//639 602//639 607//639
f 610//640 607//640 608//640
f 610//640 608//640 611//640
f 612//641 613//641 605//641
f 612//641 605//641 609//641
f 612//642 609//642 607//642
f 612//642 607//642 610//642
f 614//643 610//643 611//643
f 614//644 611//644 615//644
f 616//645 617//645 613//645
f 616//645 613//645 612//645
f 616//646 612//646 610//646
f 616//646 610//646 614//646
f 618//647 614//647 615//647
f 618//647 615//647 619//647
f 620//648 621//648 617//648
f 620//648 617//648 616//648
f 620//649 616//649 614//649
f 620//649 614//649 618//649
f 622//650 618//650 619//650
f 622//650 619//650 524//650
f 622//558 524//558 499//558
f 623//651 499//651 503//651
f 623//652 525//652 621//652
f 623//652 621//652 620//652
f 623//653 620//653 618//653
f 623//651 622//651 499//651
f 623//653 618//653 622//653
f 623//559 503//559 525//559
f 517//654 520//654 496//654
f 517//654 496//654 493//654
f 514//655 493//655 483//655
f 514//655 517//655 493//655
f 342//656 483//656 340//656
f 342//656 514//656 483//656
f 487//657 486//657 472//657
f 487//658 471//658 464//658
f 487//657 472//657 471//657
f 489//659 464//659 466//659
f 489//658 487//658 464//658
f 490//659 489//659 466//659
f 624//660 468//660 467//660
f 167//661 467//661 470//661
f 167//662 624//662 467//662
f 170//663 167//663 470//663
f 313//664 470//664 472//664
f 313//665 170//665 470//665
f 414//666 462//666 461//666
f 415//666 414//666 461//666
f 416//667 461//667 449//667
f 416//668 449//668 451//668
f 416//667 415//667 461//667
f 419//668 416//668 451//668
f 458//669 406//669 408//669
f 457//670 408//670 403//670
f 457//669 458//669 408//669
f 453//671 403//671 339//671
f 453//670 457//670 403//670
f 338//671 453//671 339//671
f 378//672 423//672 422//672
f 379//673 422//673 428//673
f 379//672 378//672 422//672
f 375//673 379//673 428//673
f 326//674 428//674 325//674
f 326//674 375//674 428//674
f 424//675 423//675 384//675
f 424//675 384//675 386//675
f 426//676 386//676 394//676
f 426//677 394//677 393//677
f 426//676 424//676 386//676
f 427//677 426//677 393//677
f 625//678 414//678 413//678
f 626//678 625//678 413//678
f 627//679 417//679 421//679
f 627//680 413//680 417//680
f 627//680 626//680 413//680
f 628//679 627//679 421//679
f 628//681 629//681 627//681
f 627//682 630//682 626//682
f 626//683 630//683 625//683
f 629//684 630//684 627//684
f 629//685 631//685 630//685
f 629//686 632//686 631//686
f 633//687 371//687 373//687
f 634//687 371//687 633//687
f 635//688 636//688 378//688
f 635//689 380//689 371//689
f 635//688 378//688 380//688
f 635//689 371//689 634//689
f 637//690 633//690 638//690
f 637//691 634//691 633//691
f 639//692 634//692 637//692
f 639//693 640//693 636//693
f 639//692 635//692 634//692
f 639//693 636//693 635//693
f 641//694 638//694 642//694
f 641//695 642//695 643//695
f 641//696 637//696 638//696
f 644//697 645//697 640//697
f 644//698 637//698 641//698
f 644//697 640//697 639//697
f 644//698 639//698 637//698
f 646//699 641//699 643//699
f 647//700 648//700 645//700
f 647//701 641//701 646//701
f 647//700 645//700 644//700
f 647//701 644//701 641//701
f 649//702 646//702 643//702
f 649//702 643//702 650//702
f 649//703 647//703 646//703
f 651//704 652//704 648//704
f 651//704 648//704 647//704
f 651//703 647//703 649//703
f 653//705 650//705 654//705
f 653//706 654//706 655//706
f 653//707 649//707 650//707
f 656//708 657//708 652//708
f 656//709 649//709 653//709
f 656//708 652//708 651//708
f 656//709 651//709 649//709
f 658//706 653//706 655//706
f 658//710 655//710 659//710
f 660//711 657//711 656//711
f 660//711 661//711 657//711
f 660//712 656//712 653//712
f 660//712 653//712 658//712
f 662//713 658//713 659//713
f 663//714 658//714 662//714
f 663//715 661//715 660//715
f 663//715 664//715 661//715
f 663//714 660//714 658//714
f 665//716 659//716 666//716
f 665//717 662//717 659//717
f 665//718 663//718 662//718
f 667//719 668//719 664//719
f 667//718 663//718 665//718
f 667//719 664//719 663//719
f 669//720 666//720 670//720
f 669//721 667//721 665//721
f 669//720 665//720 666//720
f 671//722 668//722 667//722
f 671//721 667//721 669//721
f 671//722 672//722 668//722
f 673//723 670//723 674//723
f 673//723 669//723 670//723
f 675//724 672//724 671//724
f 675//724 676//724 672//724
f 675//725 671//725 669//725
f 675//725 669//725 673//725
f 677//726 674//726 678//726
f 677//727 678//727 679//727
f 677//728 673//728 674//728
f 680//729 673//729 677//729
f 680//730 675//730 673//730
f 680//731 681//731 676//731
f 680//731 676//731 675//731
f 682//727 677//727 679//727
f 683//732 680//732 677//732
f 683//733 684//733 681//733
f 683//732 677//732 682//732
f 683//733 681//733 680//733
f 685//734 679//734 686//734
f 685//735 682//735 679//735
f 687//736 688//736 684//736
f 687//736 684//736 683//736
f 687//737 683//737 682//737
f 687//737 682//737 685//737
f 689//738 686//738 690//738
f 689//739 690//739 691//739
f 689//740 687//740 685//740
f 689//738 685//738 686//738
f 692//741 693//741 688//741
f 692//741 688//741 687//741
f 692//740 687//740 689//740
f 694//742 689//742 691//742
f 694//743 691//743 695//743
f 696//744 689//744 694//744
f 696//745 697//745 693//745
f 696//745 693//745 692//745
f 696//744 692//744 689//744
f 698//746 694//746 695//746
f 699//747 694//747 698//747
f 699//748 697//748 696//748
f 699//748 700//748 697//748
f 699//747 696//747 694//747
f 701//749 698//749 695//749
f 701//750 695//750 702//750
f 701//751 702//751 703//751
f 704//752 699//752 698//752
f 704//752 698//752 701//752
f 704//753 705//753 700//753
f 704//754 700//754 699//754
f 706//755 701//755 703//755
f 706//756 703//756 707//756
f 708//757 709//757 705//757
f 708//758 704//758 701//758
f 708//757 705//757 704//757
f 708//759 701//759 706//759
f 710//760 706//760 707//760
f 711//761 712//761 709//761
f 711//762 708//762 706//762
f 711//761 709//761 708//761
f 711//762 706//762 710//762
f 713//763 710//763 707//763
f 713//764 707//764 714//764
f 713//765 714//765 715//765
f 716//766 717//766 712//766
f 716//767 711//767 710//767
f 716//766 712//766 711//766
f 716//767 710//767 713//767
f 718//768 713//768 715//768
f 719//769 720//769 721//769
f 719//770 721//770 717//770
f 719//770 717//770 716//770
f 719//771 716//771 713//771
f 719//771 713//771 718//771
f 722//772 718//772 715//772
f 722//772 715//772 723//772
f 724//773 719//773 718//773
f 724//769 720//769 719//769
f 724//773 718//773 722//773
f 725//774 722//774 723//774
f 725//775 724//775 722//775
f 725//774 723//774 726//774
f 727//776 728//776 720//776
f 727//776 720//776 724//776
f 727//775 724//775 725//775
f 729//777 402//777 401//777
f 729//778 725//778 726//778
f 729//779 726//779 730//779
f 729//777 730//777 402//777
f 731//780 407//780 406//780
f 731//781 401//781 407//781
f 731//780 406//780 732//780
f 731//782 732//782 728//782
f 731//782 728//782 727//782
f 731//781 729//781 401//781
f 731//783 727//783 725//783
f 731//783 725//783 729//783
f 733//784 734//784 735//784
f 736//785 737//785 733//785
f 733//786 738//786 734//786
f 737//787 738//787 733//787
f 737//788 739//788 738//788
f 739//789 740//789 738//789
f 396//790 740//790 739//790
f 396//790 397//790 740//790
f 388//791 737//791 736//791
f 388//792 739//792 737//792
f 388//792 396//792 739//792
f 389//791 388//791 736//791
f 508//793 524//793 741//793
f 500//793 524//793 508//793
f 741//794 619//794 742//794
f 524//794 619//794 741//794
f 742//795 615//795 743//795
f 619//795 615//795 742//795
f 743//796 611//796 744//796
f 615//796 611//796 743//796
f 744//797 608//797 745//797
f 611//797 608//797 744//797
f 745//798 603//798 746//798
f 608//798 603//798 745//798
f 746//799 600//799 747//799
f 603//799 600//799 746//799
f 747//800 595//800 748//800
f 600//800 595//800 747//800
f 748//801 591//801 749//801
f 595//801 591//801 748//801
f 749//802 587//802 750//802
f 591//802 587//802 749//802
f 750//803 583//803 751//803
f 587//803 583//803 750//803
f 583//804 579//804 751//804
f 751//804 579//804 752//804
f 579//805 575//805 752//805
f 752//805 575//805 753//805
f 753//806 572//806 754//806
f 575//806 572//806 753//806
f 572//807 567//807 754//807
f 754//807 567//807 755//807
f 755//808 563//808 756//808
f 567//808 563//808 755//808
f 756//809 560//809 757//809
f 563//809 560//809 756//809
f 757//810 555//810 758//810
f 560//810 555//810 757//810
f 758//811 551//811 759//811
f 555//811 551//811 758//811
f 759//812 544//812 760//812
f 551//812 544//812 759//812
f 760//813 543//813 761//813
f 544//813 543//813 760//813
f 761//814 536//814 762//814
f 543//814 536//814 761//814
f 762//815 535//815 763//815
f 536//815 535//815 762//815
f 763//816 531//816 764//816
f 535//816 531//816 763//816
f 764//817 527//817 765//817
f 531//817 527//817 764//817
f 765//818 513//818 522//818
f 527//818 513//818 765//818
f 472//819 314//819 313//819
f 446//819 314//819 472//819
f 447//819 446//819 472//819
f 486//819 435//819 447//819
f 486//819 436//819 435//819
f 486//819 447//819 472//819
f 485//819 436//819 486//819
f 497//819 436//819 485//819
f 529//819 496//819 520//819
f 533//819 496//819 529//819
f 538//819 496//819 533//819
f 541//819 496//819 538//819
f 546//819 497//819 496//819
f 546//819 496//819 541//819
f 549//819 436//819 497//819
f 549//819 497//819 546//819
f 553//819 436//819 549//819
f 558//819 436//819 553//819
f 557//819 436//819 558//819
f 565//819 436//819 557//819
f 570//819 436//819 565//819
f 478//819 569//819 577//819
f 478//819 570//819 569//819
f 478//819 436//819 570//819
f 581//819 478//819 577//819
f 585//819 478//819 581//819
f 589//819 478//819 585//819
f 593//819 478//819 589//819
f 598//819 478//819 593//819
f 597//819 478//819 598//819
f 606//819 478//819 597//819
f 605//819 478//819 606//819
f 613//819 478//819 605//819
f 617//819 478//819 613//819
f 621//819 478//819 617//819
f 525//819 478//819 621//819
f 502//819 478//819 525//819
f 736//515 434//515 389//515
f 448//515 736//515 733//515
f 448//515 434//515 736//515
f 440//820 474//820 427//820
f 440//820 427//820 393//820
f 490//821 466//821 419//821
f 490//821 419//821 451//821
f 766//822 767//822 768//822
f 769//823 770//823 771//823
f 769//824 771//824 772//824
f 769//825 773//825 766//825
f 769//826 768//826 774//826
f 769//827 774//827 770//827
f 769//828 766//828 768//828
f 775//829 772//829 354//829
f 775//830 354//830 773//830
f 775//831 773//831 769//831
f 775//832 769//832 772//832
f 776//833 767//833 766//833
f 777//833 776//833 766//833
f 778//834 766//834 773//834
f 778//834 777//834 766//834
f 352//835 773//835 354//835
f 352//835 778//835 773//835
f 779//836 780//836 781//836
f 782//837 783//837 784//837
f 785//838 786//838 787//838
f 785//839 787//839 788//839
f 789//840 788//840 780//840
f 789//840 785//840 788//840
f 789//447 780//447 779//447
f 790//841 791//841 786//841
f 790//842 792//842 791//842
f 790//842 793//842 792//842
f 790//841 786//841 785//841
f 794//843 779//843 784//843
f 794//844 783//844 793//844
f 794//843 789//843 779//843
f 794//845 790//845 785//845
f 794//844 793//844 790//844
f 794//845 785//845 789//845
f 794//837 784//837 783//837
f 795//846 796//846 367//846
f 797//847 798//847 799//847
f 800//848 801//848 797//848
f 800//849 799//849 796//849
f 800//850 795//850 802//850
f 800//851 796//851 795//851
f 800//852 797//852 799//852
f 803//853 804//853 801//853
f 803//854 802//854 804//854
f 803//855 800//855 802//855
f 803//856 801//856 800//856
f 799//857 805//857 806//857
f 799//858 798//858 805//858
f 796//859 806//859 807//859
f 796//859 799//859 806//859
f 367//860 807//860 365//860
f 367//860 796//860 807//860
f 808//861 809//861 810//861
f 808//862 810//862 811//862
f 812//863 813//863 809//863
f 812//861 809//861 808//861
f 814//864 812//864 808//864
f 815//864 812//864 814//864
f 816//865 815//865 814//865
f 817//866 818//866 353//866
f 819//867 820//867 821//867
f 822//868 823//868 824//868
f 825//869 821//869 818//869
f 825//870 819//870 821//870
f 825//871 818//871 817//871
f 826//872 823//872 819//872
f 826//873 817//873 824//873
f 826//871 825//871 817//871
f 826//872 819//872 825//872
f 826//874 824//874 823//874
f 827//875 828//875 829//875
f 830//494 831//494 832//494
f 830//494 832//494 833//494
f 834//876 833//876 835//876
f 834//877 835//877 836//877
f 834//878 836//878 837//878
f 834//879 830//879 833//879
f 838//880 839//880 831//880
f 838//881 840//881 839//881
f 838//881 841//881 840//881
f 838//880 831//880 830//880
f 842//882 837//882 829//882
f 842//883 828//883 841//883
f 842//882 834//882 837//882
f 842//884 838//884 830//884
f 842//885 830//885 834//885
f 842//883 841//883 838//883
f 842//875 829//875 828//875
f 787//501 836//501 788//501
f 788//502 835//502 780//502
f 836//501 835//501 788//501
f 780//503 833//503 781//503
f 835//502 833//502 780//502
f 833//503 832//503 781//503
f 157//664 827//664 829//664
f 138//886 157//886 829//886
f 139//887 829//887 837//887
f 139//888 138//888 829//888
f 843//660 837//660 836//660
f 843//889 139//889 837//889
f 844//890 845//890 846//890
f 847//891 848//891 849//891
f 850//892 851//892 366//892
f 850//893 852//893 851//893
f 850//894 366//894 853//894
f 854//895 853//895 845//895
f 854//895 850//895 853//895
f 854//890 845//890 844//890
f 855//896 856//896 852//896
f 855//896 857//896 856//896
f 855//897 852//897 850//897
f 858//898 844//898 849//898
f 858//899 848//899 857//899
f 858//898 854//898 844//898
f 858//900 855//900 850//900
f 858//901 850//901 854//901
f 858//899 857//899 855//899
f 858//891 849//891 848//891
f 859//902 860//902 861//902
f 862//903 863//903 864//903
f 865//904 861//904 863//904
f 865//904 859//904 861//904
f 866//905 865//905 863//905
f 866//905 863//905 862//905
f 867//906 865//906 866//906
f 864//474 811//474 810//474
f 862//475 810//475 809//475
f 862//474 864//474 810//474
f 866//476 809//476 813//476
f 866//475 862//475 809//475
f 867//476 866//476 813//476
f 868//907 869//907 355//907
f 870//908 871//908 872//908
f 873//909 874//909 875//909
f 876//910 872//910 869//910
f 876//911 870//911 872//911
f 876//912 869//912 868//912
f 877//913 868//913 875//913
f 877//914 874//914 870//914
f 877//912 876//912 868//912
f 877//914 870//914 876//914
f 877//915 875//915 874//915
f 868//916 355//916 353//916
f 868//916 353//916 818//916
f 875//917 818//917 821//917
f 875//917 868//917 818//917
f 873//918 821//918 820//918
f 873//918 875//918 821//918
f 840//657 871//657 870//657
f 839//658 870//658 874//658
f 839//657 840//657 870//657
f 831//659 874//659 873//659
f 831//658 839//658 874//658
f 832//659 831//659 873//659
f 878//919 879//919 880//919
f 881//920 882//920 883//920
f 881//920 883//920 884//920
f 885//921 884//921 886//921
f 885//922 886//922 368//922
f 885//923 368//923 887//923
f 885//921 881//921 884//921
f 888//924 889//924 882//924
f 888//925 890//925 889//925
f 888//925 891//925 890//925
f 888//924 882//924 881//924
f 892//926 887//926 880//926
f 892//927 879//927 891//927
f 892//928 885//928 887//928
f 892//929 888//929 881//929
f 892//930 881//930 885//930
f 892//927 891//927 888//927
f 892//919 880//919 879//919
f 366//931 368//931 853//931
f 853//932 886//932 845//932
f 368//931 886//931 853//931
f 845//933 884//933 846//933
f 886//932 884//932 845//932
f 884//933 883//933 846//933
f 893//934 894//934 895//934
f 896//935 897//935 356//935
f 896//936 356//936 898//936
f 899//937 900//937 901//937
f 899//938 901//938 895//938
f 899//939 894//939 897//939
f 899//940 898//940 902//940
f 899//941 902//941 900//941
f 899//942 897//942 896//942
f 899//943 896//943 898//943
f 899//944 895//944 894//944
f 894//833 903//833 904//833
f 894//833 893//833 903//833
f 897//834 904//834 905//834
f 897//834 894//834 904//834
f 356//835 905//835 351//835
f 356//835 897//835 905//835
f 871//945 900//945 902//945
f 872//946 902//946 898//946
f 872//945 871//945 902//945
f 869//946 872//946 898//946
f 355//947 898//947 356//947
f 355//947 869//947 898//947
f 906//948 907//948 370//948
f 908//949 909//949 910//949
f 911//950 912//950 913//950
f 911//951 914//951 912//951
f 915//952 913//952 907//952
f 915//953 906//953 910//953
f 915//954 909//954 914//954
f 915//955 911//955 913//955
f 915//956 907//956 906//956
f 915//957 914//957 911//957
f 915//958 910//958 909//958
f 916//857 908//857 910//857
f 917//859 910//859 906//859
f 917//858 916//858 910//858
f 918//860 906//860 370//860
f 918//859 917//859 906//859
f 369//860 918//860 370//860
f 919//959 909//959 908//959
f 900//960 920//960 901//960
f 921//959 909//959 919//959
f 922//961 923//961 912//961
f 922//962 914//962 909//962
f 922//961 912//961 914//961
f 922//962 909//962 921//962
f 924//963 919//963 925//963
f 924//964 921//964 919//964
f 926//965 921//965 924//965
f 926//966 927//966 923//966
f 926//965 922//965 921//965
f 926//966 923//966 922//966
f 928//967 925//967 929//967
f 928//968 924//968 925//968
f 930//969 931//969 927//969
f 930//970 924//970 928//970
f 930//969 927//969 926//969
f 930//970 926//970 924//970
f 932//971 929//971 933//971
f 932//972 928//972 929//972
f 934//973 935//973 931//973
f 934//974 928//974 932//974
f 934//973 931//973 930//973
f 934//974 930//974 928//974
f 936//975 932//975 933//975
f 936//976 933//976 937//976
f 936//977 934//977 932//977
f 938//978 939//978 935//978
f 938//978 935//978 934//978
f 938//979 934//979 936//979
f 940//980 937//980 941//980
f 940//981 941//981 942//981
f 940//980 936//980 937//980
f 940//982 938//982 936//982
f 943//983 944//983 939//983
f 943//983 939//983 938//983
f 943//982 938//982 940//982
f 945//981 940//981 942//981
f 946//984 944//984 943//984
f 946//984 947//984 944//984
f 946//985 943//985 940//985
f 946//985 940//985 945//985
f 948//986 942//986 949//986
f 948//986 945//986 942//986
f 950//987 946//987 945//987
f 950//988 951//988 947//988
f 950//988 947//988 946//988
f 950//987 945//987 948//987
f 952//989 948//989 949//989
f 952//990 949//990 953//990
f 954//991 955//991 951//991
f 954//992 950//992 948//992
f 954//991 951//991 950//991
f 954//992 948//992 952//992
f 956//993 954//993 952//993
f 956//994 953//994 957//994
f 956//995 952//995 953//995
f 958//996 959//996 955//996
f 958//993 954//993 956//993
f 958//996 955//996 954//996
f 960//997 957//997 961//997
f 960//998 961//998 962//998
f 960//999 956//999 957//999
f 963//1000 956//1000 960//1000
f 963//1001 964//1001 959//1001
f 963//1001 959//1001 958//1001
f 963//1000 958//1000 956//1000
f 965//1002 960//1002 962//1002
f 966//1003 963//1003 960//1003
f 966//1004 967//1004 964//1004
f 966//1003 960//1003 965//1003
f 966//1004 964//1004 963//1004
f 968//1005 965//1005 962//1005
f 968//1006 962//1006 969//1006
f 970//1007 971//1007 967//1007
f 970//1007 967//1007 966//1007
f 970//1008 965//1008 968//1008
f 970//1008 966//1008 965//1008
f 972//1009 969//1009 973//1009
f 972//1010 968//1010 969//1010
f 974//1011 975//1011 971//1011
f 974//1011 971//1011 970//1011
f 974//1012 970//1012 968//1012
f 974//1012 968//1012 972//1012
f 976//1013 973//1013 977//1013
f 976//1014 977//1014 978//1014
f 976//1015 972//1015 973//1015
f 979//1016 980//1016 975//1016
f 979//1016 975//1016 974//1016
f 979//1017 974//1017 972//1017
f 979//1017 972//1017 976//1017
f 981//1014 976//1014 978//1014
f 982//1018 976//1018 981//1018
f 982//1019 983//1019 980//1019
f 982//1018 979//1018 976//1018
f 982//1019 980//1019 979//1019
f 984//1020 981//1020 978//1020
f 984//1021 978//1021 985//1021
f 984//1022 985//1022 986//1022
f 987//1023 983//1023 982//1023
f 987//1023 988//1023 983//1023
f 987//1024 982//1024 981//1024
f 987//1024 981//1024 984//1024
f 989//1022 984//1022 986//1022
f 989//1025 986//1025 990//1025
f 991//1026 988//1026 987//1026
f 991//1026 992//1026 988//1026
f 991//1027 984//1027 989//1027
f 991//1027 987//1027 984//1027
f 993//1028 989//1028 990//1028
f 994//1029 995//1029 992//1029
f 994//1029 992//1029 991//1029
f 994//1030 991//1030 989//1030
f 994//1030 989//1030 993//1030
f 996//1031 993//1031 990//1031
f 996//1031 990//1031 997//1031
f 996//1032 997//1032 998//1032
f 999//1033 1000//1033 995//1033
f 999//1034 994//1034 993//1034
f 999//1033 995//1033 994//1033
f 999//1034 993//1034 996//1034
f 1001//1035 996//1035 998//1035
f 1002//1036 1003//1036 1004//1036
f 1002//1037 1004//1037 1000//1037
f 1002//1037 1000//1037 999//1037
f 1002//1038 999//1038 996//1038
f 1002//1038 996//1038 1001//1038
f 1005//1039 1001//1039 998//1039
f 1005//1040 998//1040 1006//1040
f 1007//1041 1008//1041 1003//1041
f 1007//1042 1002//1042 1001//1042
f 1007//1036 1003//1036 1002//1036
f 1007//1042 1001//1042 1005//1042
f 1009//1043 1005//1043 1006//1043
f 1009//1044 1007//1044 1005//1044
f 1009//1043 1006//1043 1010//1043
f 1011//1041 1008//1041 1007//1041
f 1011//1044 1007//1044 1009//1044
f 1012//1045 1009//1045 1010//1045
f 1012//1046 1011//1046 1009//1046
f 1012//1045 1010//1045 1013//1045
f 1014//1047 920//1047 1015//1047
f 1014//1048 1015//1048 1008//1048
f 1014//1048 1008//1048 1011//1048
f 1014//1046 1011//1046 1012//1046
f 1016//1049 893//1049 895//1049
f 1016//1050 1012//1050 1013//1050
f 1016//1050 1013//1050 1017//1050
f 1016//1049 1017//1049 893//1049
f 1018//1051 895//1051 901//1051
f 1018//1047 920//1047 1014//1047
f 1018//1052 1014//1052 1012//1052
f 1018//1051 1016//1051 895//1051
f 1018//1052 1012//1052 1016//1052
f 1018//960 901//960 920//960
f 912//1053 878//1053 880//1053
f 913//1053 912//1053 880//1053
f 907//1054 880//1054 887//1054
f 907//1054 913//1054 880//1054
f 370//1055 887//1055 368//1055
f 370//1055 907//1055 887//1055
f 889//517 890//517 860//517
f 889//517 860//517 859//517
f 882//519 865//519 867//519
f 882//518 859//518 865//518
f 882//518 889//518 859//518
f 883//519 882//519 867//519
f 1019//481 864//481 863//481
f 10//1056 863//1056 861//1056
f 10//1057 1019//1057 863//1057
f 13//1058 10//1058 861//1058
f 156//477 861//477 860//477
f 156//1059 13//1059 861//1059
f 815//675 816//675 847//675
f 815//675 847//675 849//675
f 815//676 849//676 844//676
f 812//676 815//676 844//676
f 813//677 844//677 846//677
f 813//677 812//677 844//677
f 856//1060 804//1060 802//1060
f 852//1060 856//1060 802//1060
f 851//1061 795//1061 367//1061
f 851//1062 802//1062 795//1062
f 851//1062 852//1062 802//1062
f 366//1061 851//1061 367//1061
f 770//1063 822//1063 824//1063
f 771//1064 824//1064 817//1064
f 771//1063 770//1063 824//1063
f 772//1065 817//1065 353//1065
f 772//1064 771//1064 817//1064
f 354//1065 772//1065 353//1065
f 823//666 822//666 782//666
f 823//666 782//666 784//666
f 823//667 784//667 779//667
f 819//667 823//667 779//667
f 820//668 779//668 781//668
f 820//668 819//668 779//668
f 1020//790 1021//790 816//790
f 1020//790 816//790 814//790
f 1022//792 814//792 808//792
f 1022//792 1020//792 814//792
f 1023//791 808//791 811//791
f 1023//791 1022//791 808//791
f 1023//1066 1024//1066 1022//1066
f 1022//1067 1025//1067 1020//1067
f 1020//1068 1025//1068 1021//1068
f 1024//1069 1025//1069 1022//1069
f 1024//1070 1026//1070 1025//1070
f 1024//1071 1027//1071 1026//1071
f 797//1072 1028//1072 798//1072
f 1029//1073 768//1073 767//1073
f 1029//1073 767//1073 1030//1073
f 1031//1074 1032//1074 770//1074
f 1031//1075 774//1075 768//1075
f 1031//1074 770//1074 774//1074
f 1031//1075 768//1075 1029//1075
f 1033//1076 1030//1076 1034//1076
f 1033//1077 1029//1077 1030//1077
f 1035//1078 1029//1078 1033//1078
f 1035//1078 1031//1078 1029//1078
f 1035//1079 1036//1079 1032//1079
f 1035//1079 1032//1079 1031//1079
f 1037//1080 1033//1080 1034//1080
f 1037//1080 1034//1080 1038//1080
f 1039//1081 1040//1081 1036//1081
f 1039//1082 1033//1082 1037//1082
f 1039//1081 1036//1081 1035//1081
f 1039//1082 1035//1082 1033//1082
f 1041//1083 1038//1083 1042//1083
f 1041//1083 1037//1083 1038//1083
f 1043//1084 1039//1084 1037//1084
f 1043//1085 1044//1085 1040//1085
f 1043//1084 1037//1084 1041//1084
f 1043//1085 1040//1085 1039//1085
f 1045//1086 1042//1086 1046//1086
f 1045//1087 1041//1087 1042//1087
f 1047//1088 1048//1088 1049//1088
f 1047//1089 1049//1089 1044//1089
f 1047//1089 1044//1089 1043//1089
f 1047//1090 1041//1090 1045//1090
f 1047//1090 1043//1090 1041//1090
f 1050//1091 1046//1091 1051//1091
f 1050//1092 1045//1092 1046//1092
f 1050//1093 1047//1093 1045//1093
f 1052//1094 1047//1094 1050//1094
f 1052//1088 1048//1088 1047//1088
f 1053//1095 1052//1095 1050//1095
f 1053//1096 1051//1096 1054//1096
f 1053//1097 1050//1097 1051//1097
f 1055//1098 1056//1098 1048//1098
f 1055//1098 1048//1098 1052//1098
f 1055//1095 1052//1095 1053//1095
f 1057//1099 1054//1099 1058//1099
f 1057//1100 1055//1100 1053//1100
f 1057//1101 1053//1101 1054//1101
f 1059//1102 1060//1102 1056//1102
f 1059//1102 1056//1102 1055//1102
f 1059//1100 1055//1100 1057//1100
f 1061//1103 1058//1103 1062//1103
f 1061//1103 1057//1103 1058//1103
f 1063//1104 1064//1104 1060//1104
f 1063//1104 1060//1104 1059//1104
f 1063//1105 1057//1105 1061//1105
f 1063//1105 1059//1105 1057//1105
f 1065//1106 1062//1106 1066//1106
f 1065//1107 1061//1107 1062//1107
f 1067//1108 1068//1108 1064//1108
f 1067//1109 1063//1109 1061//1109
f 1067//1108 1064//1108 1063//1108
f 1067//1109 1061//1109 1065//1109
f 1069//1110 1065//1110 1066//1110
f 1069//1110 1066//1110 1070//1110
f 1071//1111 1065//1111 1069//1111
f 1071//1112 1072//1112 1068//1112
f 1071//1111 1067//1111 1065//1111
f 1071//1112 1068//1112 1067//1112
f 1073//1113 1071//1113 1069//1113
f 1073//1114 1069//1114 1070//1114
f 1073//1115 1070//1115 1074//1115
f 1075//1116 1076//1116 1072//1116
f 1075//1116 1072//1116 1071//1116
f 1075//1113 1071//1113 1073//1113
f 1077//1117 1074//1117 1078//1117
f 1077//1118 1073//1118 1074//1118
f 1079//1119 1076//1119 1075//1119
f 1079//1119 1080//1119 1076//1119
f 1079//1120 1075//1120 1073//1120
f 1079//1121 1073//1121 1077//1121
f 1081//1122 1078//1122 1082//1122
f 1081//1123 1077//1123 1078//1123
f 1083//1124 1080//1124 1079//1124
f 1083//1124 1084//1124 1080//1124
f 1083//1125 1079//1125 1077//1125
f 1083//1125 1077//1125 1081//1125
f 1085//1126 1082//1126 1086//1126
f 1085//1127 1081//1127 1082//1127
f 1085//1128 1083//1128 1081//1128
f 1087//1129 1088//1129 1089//1129
f 1087//1130 1089//1130 1084//1130
f 1087//1130 1084//1130 1083//1130
f 1087//1128 1083//1128 1085//1128
f 1090//1131 1086//1131 1091//1131
f 1090//1132 1085//1132 1086//1132
f 1090//1133 1087//1133 1085//1133
f 1092//1129 1088//1129 1087//1129
f 1092//1133 1087//1133 1090//1133
f 1093//1134 1090//1134 1091//1134
f 1093//1135 1091//1135 1094//1135
f 1095//1136 1088//1136 1092//1136
f 1095//1137 1092//1137 1090//1137
f 1095//1137 1090//1137 1093//1137
f 1095//1136 1096//1136 1088//1136
f 1097//1138 1093//1138 1094//1138
f 1097//1139 1094//1139 1098//1139
f 1099//1140 1093//1140 1097//1140
f 1099//1141 1100//1141 1096//1141
f 1099//1141 1096//1141 1095//1141
f 1099//1140 1095//1140 1093//1140
f 1101//1142 1097//1142 1098//1142
f 1101//1142 1098//1142 1102//1142
f 1103//1143 1104//1143 1100//1143
f 1103//1144 1099//1144 1097//1144
f 1103//1143 1100//1143 1099//1143
f 1103//1145 1097//1145 1101//1145
f 1105//1146 1101//1146 1102//1146
f 1105//1146 1102//1146 1106//1146
f 1107//1147 1108//1147 1104//1147
f 1107//1147 1104//1147 1103//1147
f 1107//1148 1103//1148 1101//1148
f 1107//1148 1101//1148 1105//1148
f 1109//1149 1105//1149 1106//1149
f 1109//1150 1107//1150 1105//1150
f 1109//1149 1106//1149 1110//1149
f 1111//1151 1112//1151 1113//1151
f 1111//1152 1113//1152 1108//1152
f 1111//1152 1108//1152 1107//1152
f 1111//1150 1107//1150 1109//1150
f 1114//1153 1109//1153 1110//1153
f 1114//1154 1111//1154 1109//1154
f 1114//1153 1110//1153 1115//1153
f 1116//1151 1112//1151 1111//1151
f 1116//1155 1111//1155 1114//1155
f 1117//1156 1114//1156 1115//1156
f 1117//1157 1115//1157 1118//1157
f 1119//1158 1120//1158 1112//1158
f 1119//1158 1112//1158 1116//1158
f 1119//1159 1116//1159 1114//1159
f 1119//1159 1114//1159 1117//1159
f 1121//1160 1117//1160 1118//1160
f 1121//1161 1119//1161 1117//1161
f 1121//1160 1118//1160 1122//1160
f 1123//1162 1124//1162 1120//1162
f 1123//1162 1120//1162 1119//1162
f 1123//1161 1119//1161 1121//1161
f 1125//1163 1121//1163 1122//1163
f 1125//1164 1122//1164 1028//1164
f 1125//1072 1028//1072 797//1072
f 1126//1165 801//1165 804//1165
f 1126//1166 797//1166 801//1166
f 1126//1165 804//1165 1127//1165
f 1126//1167 1127//1167 1124//1167
f 1126//1167 1124//1167 1123//1167
f 1126//1168 1123//1168 1121//1168
f 1126//1166 1125//1166 797//1166
f 1126//1168 1121//1168 1125//1168
f 1128//1169 1129//1169 1130//1169
f 1131//1170 1132//1170 1128//1170
f 1128//1171 1133//1171 1129//1171
f 1132//1172 1133//1172 1128//1172
f 1132//1173 1134//1173 1133//1173
f 1134//1174 1135//1174 1133//1174
f 791//678 1135//678 1134//678
f 791//678 792//678 1135//678
f 786//680 1134//680 1132//680
f 786//680 791//680 1134//680
f 787//679 1132//679 1131//679
f 787//679 786//679 1132//679
f 903//1175 1017//1175 1136//1175
f 893//1175 1017//1175 903//1175
f 1136//1176 1013//1176 1137//1176
f 1017//1176 1013//1176 1136//1176
f 1137//1177 1010//1177 1138//1177
f 1013//1177 1010//1177 1137//1177
f 1138//1178 1006//1178 1139//1178
f 1010//1178 1006//1178 1138//1178
f 1139//1179 998//1179 1140//1179
f 1006//1179 998//1179 1139//1179
f 1140//1180 997//1180 1141//1180
f 998//1180 997//1180 1140//1180
f 1141//1181 990//1181 1142//1181
f 997//1181 990//1181 1141//1181
f 1142//1182 986//1182 1143//1182
f 990//1182 986//1182 1142//1182
f 1143//1183 985//1183 1144//1183
f 986//1183 985//1183 1143//1183
f 1144//1184 978//1184 1145//1184
f 985//1184 978//1184 1144//1184
f 1145//1185 977//1185 1146//1185
f 978//1185 977//1185 1145//1185
f 977//1186 973//1186 1146//1186
f 1146//1186 973//1186 1147//1186
f 973//1187 969//1187 1147//1187
f 1147//1187 969//1187 1148//1187
f 1148//1188 962//1188 1149//1188
f 969//1188 962//1188 1148//1188
f 962//1189 961//1189 1149//1189
f 1149//1189 961//1189 1150//1189
f 1150//1190 957//1190 1151//1190
f 961//1190 957//1190 1150//1190
f 1151//1191 953//1191 1152//1191
f 957//1191 953//1191 1151//1191
f 1152//1192 949//1192 1153//1192
f 953//1192 949//1192 1152//1192
f 1153//1193 942//1193 1154//1193
f 949//1193 942//1193 1153//1193
f 1154//1194 941//1194 1155//1194
f 942//1194 941//1194 1154//1194
f 1155//1195 937//1195 1156//1195
f 941//1195 937//1195 1155//1195
f 1156//1196 933//1196 1157//1196
f 937//1196 933//1196 1156//1196
f 1157//1197 929//1197 1158//1197
f 933//1197 929//1197 1157//1197
f 1158//1198 925//1198 1159//1198
f 1159//1199 925//1199 1160//1199
f 929//1198 925//1198 1158//1198
f 925//1199 919//1199 1160//1199
f 1160//1200 908//1200 916//1200
f 919//1200 908//1200 1160//1200
f 871//819 920//819 900//819
f 871//819 1015//819 920//819
f 871//819 1008//819 1015//819
f 871//819 1003//819 1008//819
f 871//819 1004//819 1003//819
f 871//819 1000//819 1004//819
f 871//819 995//819 1000//819
f 871//819 992//819 995//819
f 871//819 988//819 992//819
f 871//819 983//819 988//819
f 871//819 980//819 983//819
f 871//819 975//819 980//819
f 971//819 975//819 871//819
f 967//819 971//819 871//819
f 964//819 967//819 871//819
f 878//819 935//819 939//819
f 878//819 931//819 935//819
f 878//819 927//819 931//819
f 878//819 923//819 927//819
f 878//819 912//819 923//819
f 879//819 939//819 944//819
f 879//819 878//819 939//819
f 840//819 891//819 879//819
f 840//819 890//819 891//819
f 840//819 959//819 964//819
f 840//819 955//819 959//819
f 840//819 951//819 955//819
f 840//819 947//819 951//819
f 840//819 944//819 947//819
f 840//819 879//819 944//819
f 840//819 964//819 871//819
f 841//819 890//819 840//819
f 828//819 890//819 841//819
f 860//819 890//819 828//819
f 860//819 828//819 827//819
f 157//819 156//819 860//819
f 157//819 860//819 827//819
f 1131//917 836//917 787//917
f 843//917 1131//917 1128//917
f 843//917 836//917 1131//917
f 832//821 873//821 820//821
f 832//821 820//821 781//821
f 883//820 867//820 813//820
f 883//820 813//820 846//820
f 735//1201 734//1201 632//1201
f 632//1201 734//1201 631//1201
f 631//1202 738//1202 630//1202
f 734//1203 738//1203 631//1203
f 630//1204 740//1204 625//1204
f 738//1204 740//1204 630//1204
f 1161//1205 1162//1205 1163//1205
f 1161//1205 1163//1205 160//1205
f 282//1206 1161//1206 160//1206
f 1164//1207 1161//1207 282//1207
f 1165//1208 1164//1208 282//1208
f 285//1209 1165//1209 282//1209
f 1166//1210 1165//1210 285//1210
f 1167//1211 1166//1211 285//1211
f 287//1212 1167//1212 285//1212
f 1168//1213 1167//1213 287//1213
f 1169//1214 287//1214 288//1214
f 1169//1215 1168//1215 287//1215
f 1170//1216 288//1216 290//1216
f 1170//1217 1169//1217 288//1217
f 1171//1218 1170//1218 290//1218
f 296//1219 448//1219 294//1219
f 1172//1220 290//1220 294//1220
f 1172//1221 1171//1221 290//1221
f 733//1222 1172//1222 294//1222
f 733//1223 294//1223 448//1223
f 1173//1224 733//1224 735//1224
f 1173//1225 1172//1225 733//1225
f 1173//1226 735//1226 632//1226
f 1173//1226 632//1226 1174//1226
f 185//1227 1175//1227 1176//1227
f 181//1228 1176//1228 1177//1228
f 181//1229 185//1229 1176//1229
f 179//1230 1177//1230 1178//1230
f 179//1231 181//1231 1177//1231
f 178//1232 1178//1232 1179//1232
f 178//1233 1179//1233 1180//1233
f 178//1234 179//1234 1178//1234
f 176//1235 1180//1235 1181//1235
f 176//1236 1181//1236 1182//1236
f 176//1237 178//1237 1180//1237
f 173//1238 1182//1238 1183//1238
f 173//1239 1183//1239 1184//1239
f 173//1240 176//1240 1182//1240
f 1174//1241 629//1241 1185//1241
f 632//1242 629//1242 1174//1242
f 169//1243 1184//1243 1185//1243
f 169//1244 173//1244 1184//1244
f 169//1245 1185//1245 629//1245
f 624//1246 169//1246 629//1246
f 167//1247 169//1247 624//1247
f 624//917 629//917 628//917
f 468//917 628//917 421//917
f 468//917 624//917 628//917
f 1027//1248 1130//1248 1026//1248
f 1026//1249 1129//1249 1025//1249
f 1130//1248 1129//1248 1026//1248
f 1025//1250 1133//1250 1021//1250
f 1129//1251 1133//1251 1025//1251
f 1133//1250 1135//1250 1021//1250
f 1186//1252 1187//1252 1188//1252
f 1186//1252 1188//1252 3//1252
f 125//1253 1186//1253 3//1253
f 1189//1254 1186//1254 125//1254
f 1190//1255 1189//1255 125//1255
f 128//1256 1190//1256 125//1256
f 1191//1257 1190//1257 128//1257
f 1192//1258 1191//1258 128//1258
f 130//1259 1192//1259 128//1259
f 1193//1260 1192//1260 130//1260
f 1194//1261 130//1261 131//1261
f 1194//1262 1193//1262 130//1262
f 1195//1263 131//1263 133//1263
f 1195//1264 1194//1264 131//1264
f 1196//1265 1195//1265 133//1265
f 139//1266 843//1266 137//1266
f 1197//1267 133//1267 137//1267
f 1197//1268 1196//1268 133//1268
f 1128//1269 1197//1269 137//1269
f 1128//1270 137//1270 843//1270
f 1198//1271 1128//1271 1130//1271
f 1198//1272 1197//1272 1128//1272
f 1027//1273 1199//1273 1198//1273
f 1027//1273 1198//1273 1130//1273
f 28//1274 1200//1274 1201//1274
f 24//1275 1201//1275 1202//1275
f 24//1276 28//1276 1201//1276
f 22//1277 1202//1277 1203//1277
f 22//1278 24//1278 1202//1278
f 21//1279 1203//1279 1204//1279
f 21//1280 1204//1280 1205//1280
f 21//1281 22//1281 1203//1281
f 19//1282 1205//1282 1206//1282
f 19//1283 1206//1283 1207//1283
f 19//1284 21//1284 1205//1284
f 16//1285 1207//1285 1208//1285
f 16//1286 1208//1286 1209//1286
f 16//1287 19//1287 1207//1287
f 1199//1288 1024//1288 1210//1288
f 1027//1289 1024//1289 1199//1289
f 12//1290 1209//1290 1210//1290
f 12//1291 16//1291 1209//1291
f 12//1292 1210//1292 1024//1292
f 1019//1293 12//1293 1024//1293
f 10//1294 12//1294 1019//1294
f 1019//515 1024//515 1023//515
f 864//515 1023//515 811//515
f 864//515 1019//515 1023//515
f 162//515 158//515 1211//515
f 1211//515 158//515 1212//515
f 162//1226 1211//1226 165//1226
f 1211//1226 1213//1226 165//1226
f 1211//1226 1214//1226 1213//1226
f 1215//1295 1212//1295 1163//1295
f 1163//1295 1212//1295 160//1295
f 1212//1295 158//1295 160//1295
f 1214//383 1215//383 1213//383
f 1213//383 1215//383 1163//383
f 5//917 1216//917 1217//917
f 5//917 1//917 1216//917
f 1218//1296 1216//1296 1188//1296
f 1188//1296 1216//1296 3//1296
f 1216//1296 1//1296 3//1296
f 1219//189 1188//189 1220//189
f 1219//189 1218//189 1188//189
f 5//1273 1217//1273 8//1273
f 1217//1273 1220//1273 8//1273
f 1217//1273 1219//1273 1220//1273
f 1221//1297 1222//1297 306//1297
f 306//1297 1222//1297 303//1297
f 303//1298 1223//1298 302//1298
f 1222//1298 1223//1298 303//1298
f 302//1299 1224//1299 301//1299
f 1223//1299 1224//1299 302//1299
f 301//1300 1225//1300 297//1300
f 1224//1300 1225//1300 301//1300
f 297//1301 1226//1301 298//1301
f 1225//1301 1226//1301 297//1301
f 298//1302 1227//1302 299//1302
f 1226//1303 1227//1303 298//1303
f 299//1304 1228//1304 300//1304
f 1227//1304 1228//1304 299//1304
f 300//1305 1221//1305 306//1305
f 1228//1305 1221//1305 300//1305
f 310//1297 1229//1297 311//1297
f 311//1298 1230//1298 312//1298
f 1229//1297 1230//1297 311//1297
f 312//1299 1231//1299 308//1299
f 1230//1298 1231//1298 312//1298
f 308//1300 1232//1300 305//1300
f 1231//1299 1232//1299 308//1299
f 305//1301 1233//1301 304//1301
f 1232//1300 1233//1300 305//1300
f 304//1302 1234//1302 307//1302
f 1233//1301 1234//1301 304//1301
f 307//1304 1235//1304 309//1304
f 1234//1302 1235//1302 307//1302
f 309//1305 1236//1305 310//1305
f 1235//1304 1236//1304 309//1304
f 1236//1305 1229//1305 310//1305
f 1237//1306 1238//1306 142//1306
f 142//1306 1238//1306 141//1306
f 141//1307 1239//1307 140//1307
f 1238//1307 1239//1307 141//1307
f 140//1308 1240//1308 143//1308
f 1239//1308 1240//1308 140//1308
f 143//1309 1241//1309 148//1309
f 1240//1309 1241//1309 143//1309
f 148//1310 1242//1310 150//1310
f 1241//1310 1242//1310 148//1310
f 150//1311 1243//1311 144//1311
f 1242//1311 1243//1311 150//1311
f 144//1312 1244//1312 145//1312
f 1243//1312 1244//1312 144//1312
f 145//1313 1237//1313 142//1313
f 1244//1313 1237//1313 145//1313
f 1245//1306 1246//1306 147//1306
f 147//1306 1246//1306 146//1306
f 146//1307 1247//1307 149//1307
f 1246//1307 1247//1307 146//1307
f 149//1308 1248//1308 151//1308
f 1247//1308 1248//1308 149//1308
f 151//1309 1249//1309 153//1309
f 1248//1309 1249//1309 151//1309
f 153//1310 1250//1310 154//1310
f 1249//1310 1250//1310 153//1310
f 154//1311 1251//1311 155//1311
f 1250//1311 1251//1311 154//1311
f 155//1312 1252//1312 152//1312
f 1251//1312 1252//1312 155//1312
f 152//1313 1245//1313 147//1313
f 1252//1313 1245//1313 152//1313
f 1253//1295 1254//1295 1255//1295
f 1253//1295 1256//1295 1254//1295
f 1257//1314 1258//1314 1259//1314
f 1259//1315 1260//1315 1261//1315
f 1258//1314 1260//1314 1259//1314
f 1261//1316 1262//1316 1263//1316
f 1260//1315 1262//1315 1261//1315
f 1263//1317 1264//1317 1265//1317
f 1262//1318 1264//1318 1263//1318
f 1264//1317 1266//1317 1265//1317
f 1265//1319 1267//1319 1268//1319
f 1266//1319 1267//1319 1265//1319
f 1268//1320 1269//1320 1270//1320
f 1267//1320 1269//1320 1268//1320
f 1270//1321 1271//1321 1272//1321
f 1269//1321 1271//1321 1270//1321
f 1272//1322 1273//1322 1274//1322
f 1271//1322 1273//1322 1272//1322
f 1274//1323 1253//1323 1255//1323
f 1273//1323 1253//1323 1274//1323
f 1275//515 1257//515 1276//515
f 1275//515 1258//515 1257//515
f 1277//1324 1278//1324 1279//1324
f 1279//1325 1280//1325 1281//1325
f 1278//1324 1280//1324 1279//1324
f 1281//1326 1282//1326 1283//1326
f 1280//1325 1282//1325 1281//1325
f 1283//1327 1284//1327 1285//1327
f 1282//1326 1284//1326 1283//1326
f 1285//1328 1286//1328 1287//1328
f 1284//1327 1286//1327 1285//1327
f 1287//1329 1288//1329 1289//1329
f 1286//1328 1288//1328 1287//1328
f 1289//1330 1290//1330 1291//1330
f 1288//1329 1290//1329 1289//1329
f 1291//1331 1292//1331 1293//1331
f 1290//1332 1292//1332 1291//1332
f 1293//1333 1294//1333 1276//1333
f 1292//1331 1294//1331 1293//1331
f 1294//1333 1275//1333 1276//1333
f 1295//1226 1278//1226 1296//1226
f 1296//1226 1278//1226 1277//1226
f 1214//1334 1297//1334 1298//1334
f 1211//1334 1299//1334 1214//1334
f 1214//1334 1299//1334 1297//1334
f 1297//1335 1300//1335 1301//1335
f 1299//1336 1300//1336 1297//1336
f 1301//1337 1302//1337 1303//1337
f 1300//1337 1302//1337 1301//1337
f 1303//1338 1304//1338 1305//1338
f 1305//1339 1304//1339 1306//1339
f 1302//1338 1304//1338 1303//1338
f 1306//1340 1307//1340 1308//1340
f 1304//1339 1307//1339 1306//1339
f 1308//1341 1309//1341 1310//1341
f 1307//1340 1309//1340 1308//1340
f 1310//1342 1311//1342 1312//1342
f 1309//1341 1311//1341 1310//1341
f 1312//1343 1313//1343 1296//1343
f 1311//1342 1313//1342 1312//1342
f 1313//1343 1295//1343 1296//1343
f 1314//917 1212//917 1215//917
f 1215//917 1298//917 1315//917
f 1215//917 1214//917 1298//917
f 1315//917 1314//917 1215//917
f 1254//1344 1256//1344 1316//1344
f 1316//1345 1317//1345 1318//1345
f 1256//1344 1317//1344 1316//1344
f 1318//1346 1319//1346 1320//1346
f 1317//1345 1319//1345 1318//1345
f 1320//1347 1321//1347 1322//1347
f 1319//1346 1321//1346 1320//1346
f 1322//1348 1323//1348 1324//1348
f 1321//1347 1323//1347 1322//1347
f 1324//1349 1325//1349 1326//1349
f 1323//1348 1325//1348 1324//1348
f 1326//1350 1327//1350 1328//1350
f 1325//1349 1327//1349 1326//1349
f 1328//1351 1329//1351 1330//1351
f 1327//1352 1329//1352 1328//1352
f 1329//1351 1331//1351 1330//1351
f 1330//1353 1314//1353 1315//1353
f 1331//1353 1314//1353 1330//1353
f 1294//1354 1292//1354 1290//1354
f 1278//1354 1282//1354 1280//1354
f 1278//1354 1284//1354 1282//1354
f 1278//1355 1286//1355 1284//1355
f 1278//1354 1288//1354 1286//1354
f 1278//1354 1290//1354 1288//1354
f 1275//1354 1290//1354 1278//1354
f 1275//1355 1294//1355 1290//1355
f 1227//1354 1275//1354 1278//1354
f 1227//1354 1226//1354 1275//1354
f 1225//1354 1275//1354 1226//1354
f 1228//1355 1227//1355 1278//1355
f 1295//1354 1228//1354 1278//1354
f 1258//1355 1225//1355 1224//1355
f 1258//1354 1224//1354 1223//1354
f 1258//1354 1275//1354 1225//1354
f 1262//1355 1260//1355 1258//1355
f 1264//1355 1262//1355 1258//1355
f 1266//1354 1264//1354 1258//1354
f 1267//1354 1266//1354 1258//1354
f 1273//1354 1267//1354 1258//1354
f 1273//1354 1269//1354 1267//1354
f 1273//1354 1271//1354 1269//1354
f 1211//1354 1300//1354 1299//1354
f 1211//1355 1302//1355 1300//1355
f 1211//1354 1304//1354 1302//1354
f 1211//1354 1307//1354 1304//1354
f 1211//1355 1309//1355 1307//1355
f 1211//1354 1311//1354 1309//1354
f 1211//1354 1313//1354 1311//1354
f 1211//1355 1295//1355 1313//1355
f 1253//1354 1273//1354 1258//1354
f 1253//1354 1223//1354 1222//1354
f 1253//1354 1258//1354 1223//1354
f 1234//1354 1228//1354 1295//1354
f 1235//1354 1295//1354 1211//1354
f 1235//1354 1234//1354 1295//1354
f 1233//1354 1228//1354 1234//1354
f 1233//1354 1221//1354 1228//1354
f 1236//1354 1235//1354 1211//1354
f 1232//1355 1221//1355 1233//1355
f 1232//1354 1222//1354 1221//1354
f 1229//1354 1236//1354 1211//1354
f 1212//1354 1229//1354 1211//1354
f 1212//1355 1231//1355 1230//1355
f 1212//1354 1230//1354 1229//1354
f 1256//1354 1212//1354 1314//1354
f 1256//1354 1222//1354 1232//1354
f 1256//1354 1231//1354 1212//1354
f 1256//1355 1232//1355 1231//1355
f 1256//1354 1253//1354 1222//1354
f 1317//1354 1256//1354 1314//1354
f 1329//1354 1314//1354 1331//1354
f 1323//1355 1319//1355 1317//1355
f 1323//1356 1321//1356 1319//1356
f 1323//1355 1327//1355 1325//1355
f 1323//1354 1329//1354 1327//1354
f 1323//1354 1317//1354 1314//1354
f 1323//1354 1314//1354 1329//1354
f 1332//515 1216//515 1218//515
f 1218//515 1333//515 1334//515
f 1218//515 1219//515 1333//515
f 1334//515 1332//515 1218//515
f 1335//1357 1336//1357 1337//1357
f 1337//1358 1338//1358 1339//1358
f 1336//1357 1338//1357 1337//1357
f 1339//1359 1340//1359 1341//1359
f 1338//1358 1340//1358 1339//1358
f 1341//1360 1342//1360 1343//1360
f 1340//1359 1342//1359 1341//1359
f 1343//1361 1344//1361 1345//1361
f 1342//1360 1344//1360 1343//1360
f 1345//1362 1346//1362 1347//1362
f 1344//1361 1346//1361 1345//1361
f 1347//1363 1348//1363 1349//1363
f 1346//1362 1348//1362 1347//1362
f 1349//1364 1350//1364 1351//1364
f 1348//1363 1350//1363 1349//1363
f 1351//1365 1352//1365 1334//1365
f 1350//1364 1352//1364 1351//1364
f 1352//1365 1332//1365 1334//1365
f 1353//1296 1335//1296 1354//1296
f 1353//1296 1336//1296 1335//1296
f 1355//1366 1356//1366 1357//1366
f 1357//1367 1358//1367 1359//1367
f 1356//1366 1358//1366 1357//1366
f 1359//1368 1360//1368 1361//1368
f 1358//1367 1360//1367 1359//1367
f 1361//1369 1362//1369 1363//1369
f 1360//1368 1362//1368 1361//1368
f 1363//1370 1364//1370 1365//1370
f 1362//1369 1364//1369 1363//1369
f 1365//1371 1366//1371 1367//1371
f 1364//1370 1366//1370 1365//1370
f 1367//1372 1368//1372 1369//1372
f 1366//1371 1368//1371 1367//1371
f 1369//1373 1370//1373 1371//1373
f 1368//1372 1370//1372 1369//1372
f 1371//1374 1372//1374 1354//1374
f 1370//1373 1372//1373 1371//1373
f 1372//1375 1353//1375 1354//1375
f 1373//917 1355//917 1374//917
f 1373//917 1356//917 1355//917
f 1375//1376 1376//1376 1377//1376
f 1377//1376 1376//1376 1378//1376
f 1378//1377 1379//1377 1380//1377
f 1376//1377 1379//1377 1378//1377
f 1380//1378 1381//1378 1382//1378
f 1379//1378 1381//1378 1380//1378
f 1382//1379 1383//1379 1384//1379
f 1381//1379 1383//1379 1382//1379
f 1384//1380 1385//1380 1386//1380
f 1383//1380 1385//1380 1384//1380
f 1386//1381 1387//1381 1388//1381
f 1385//1381 1387//1381 1386//1381
f 1388//1382 1389//1382 1390//1382
f 1387//1382 1389//1382 1388//1382
f 1390//1383 1391//1383 1392//1383
f 1389//1383 1391//1383 1390//1383
f 1392//1384 1373//1384 1374//1384
f 1391//1384 1373//1384 1392//1384
f 1393//1273 1375//1273 1394//1273
f 1394//1273 1375//1273 1377//1273
f 1219//1385 1395//1385 1333//1385
f 1217//1385 1396//1385 1219//1385
f 1219//1385 1396//1385 1395//1385
f 1395//1386 1397//1386 1398//1386
f 1396//1386 1397//1386 1395//1386
f 1398//1387 1399//1387 1400//1387
f 1397//1387 1399//1387 1398//1387
f 1400//1388 1401//1388 1402//1388
f 1399//1388 1401//1388 1400//1388
f 1402//1389 1403//1389 1404//1389
f 1401//1389 1403//1389 1402//1389
f 1404//1390 1405//1390 1406//1390
f 1403//1390 1405//1390 1404//1390
f 1406//1391 1407//1391 1408//1391
f 1405//1391 1407//1391 1406//1391
f 1408//1392 1409//1392 1410//1392
f 1407//1392 1409//1392 1408//1392
f 1410//1393 1393//1393 1394//1393
f 1409//1393 1393//1393 1410//1393
f 1381//1394 1385//1394 1383//1394
f 1389//1395 1387//1395 1385//1395
f 1376//1395 1381//1395 1379//1395
f 1376//1395 1385//1395 1381//1395
f 1373//1394 1376//1394 1375//1394
f 1373//1396 1391//1396 1389//1396
f 1373//1395 1389//1395 1385//1395
f 1373//1395 1385//1395 1376//1395
f 1249//1394 1373//1394 1250//1394
f 1251//1395 1373//1395 1375//1395
f 1251//1395 1250//1395 1373//1395
f 1252//1395 1251//1395 1375//1395
f 1356//1395 1249//1395 1248//1395
f 1356//1395 1248//1395 1247//1395
f 1356//1395 1373//1395 1249//1395
f 1360//1394 1358//1394 1356//1394
f 1403//1394 1407//1394 1405//1394
f 1403//1394 1409//1394 1407//1394
f 1364//1394 1360//1394 1356//1394
f 1364//1394 1362//1394 1360//1394
f 1401//1395 1409//1395 1403//1395
f 1366//1395 1364//1395 1356//1395
f 1399//1394 1409//1394 1401//1394
f 1368//1394 1366//1394 1356//1394
f 1372//1395 1370//1395 1368//1395
f 1217//1395 1397//1395 1396//1395
f 1217//1395 1399//1395 1397//1395
f 1217//1395 1409//1395 1399//1395
f 1217//1395 1393//1395 1409//1395
f 1353//1394 1368//1394 1356//1394
f 1353//1395 1372//1395 1368//1395
f 1353//1395 1247//1395 1246//1395
f 1353//1395 1356//1395 1247//1395
f 1242//1395 1375//1395 1393//1395
f 1242//1395 1252//1395 1375//1395
f 1243//1395 1393//1395 1217//1395
f 1243//1395 1242//1395 1393//1395
f 1241//1395 1252//1395 1242//1395
f 1241//1395 1245//1395 1252//1395
f 1244//1395 1243//1395 1217//1395
f 1240//1394 1245//1394 1241//1394
f 1240//1394 1246//1394 1245//1394
f 1237//1395 1244//1395 1217//1395
f 1216//1395 1237//1395 1217//1395
f 1216//1395 1239//1395 1238//1395
f 1216//1395 1238//1395 1237//1395
f 1336//1395 1353//1395 1246//1395
f 1336//1395 1246//1395 1240//1395
f 1336//1395 1240//1395 1239//1395
f 1336//1395 1239//1395 1216//1395
f 1332//1395 1336//1395 1216//1395
f 1350//1394 1332//1394 1352//1394
f 1340//1394 1338//1394 1336//1394
f 1348//1395 1336//1395 1332//1395
f 1348//1394 1332//1394 1350//1394
f 1344//1394 1342//1394 1340//1394
f 1344//1395 1340//1395 1336//1395
f 1346//1394 1344//1394 1336//1394
f 1346//1395 1336//1395 1348//1395
f 1188//917 1187//917 1411//917
f 1220//917 1188//917 1411//917
f 1412//1397 1220//1397 1411//1397
f 90//1397 8//1397 1220//1397
f 90//1397 1220//1397 1412//1397
f 120//1398 1412//1398 1413//1398
f 120//1398 90//1398 1412//1398
f 115//1399 1413//1399 1414//1399
f 115//1399 120//1399 1413//1399
f 110//1400 1414//1400 1415//1400
f 110//1400 115//1400 1414//1400
f 105//1401 1415//1401 1416//1401
f 105//1402 110//1402 1415//1402
f 100//1370 1416//1370 1417//1370
f 100//1370 105//1370 1416//1370
f 88//1403 1417//1403 1418//1403
f 88//1404 100//1404 1417//1404
f 86//1405 1418//1405 1419//1405
f 86//1405 88//1405 1418//1405
f 84//1406 1419//1406 1420//1406
f 84//1406 86//1406 1419//1406
f 83//1407 1420//1407 1421//1407
f 83//1407 84//1407 1420//1407
f 82//1408 1421//1408 1422//1408
f 82//1408 83//1408 1421//1408
f 1423//1409 33//1409 34//1409
f 1423//1410 30//1410 33//1410
f 1423//1410 1424//1410 30//1410
f 1425//1411 34//1411 36//1411
f 1425//1409 1423//1409 34//1409
f 1426//1412 36//1412 53//1412
f 1426//1411 1425//1411 36//1411
f 1427//1413 53//1413 58//1413
f 1427//1412 1426//1412 53//1412
f 1428//1361 58//1361 63//1361
f 1428//1414 1427//1414 58//1414
f 1429//1415 63//1415 68//1415
f 1429//1361 1428//1361 63//1361
f 1430//1416 68//1416 73//1416
f 1430//1415 1429//1415 68//1415
f 1431//1417 73//1417 39//1417
f 1431//1416 1430//1416 73//1416
f 1432//1418 39//1418 42//1418
f 1432//1417 1431//1417 39//1417
f 1433//1419 42//1419 45//1419
f 1433//1418 1432//1418 42//1418
f 1434//1419 1433//1419 45//1419
f 28//515 30//515 1424//515
f 28//515 1424//515 1200//515
f 1402//1395 1416//1395 1415//1395
f 1402//1395 1417//1395 1416//1395
f 1404//1395 1418//1395 1417//1395
f 1404//1394 1417//1394 1402//1394
f 1400//1395 1415//1395 1414//1395
f 1400//1395 1402//1395 1415//1395
f 1406//1395 1418//1395 1404//1395
f 1406//1395 1419//1395 1418//1395
f 1398//1395 1400//1395 1414//1395
f 1398//1395 1414//1395 1413//1395
f 1408//1395 1419//1395 1406//1395
f 1408//1395 1420//1395 1419//1395
f 1395//1395 1398//1395 1413//1395
f 1395//1395 1413//1395 1412//1395
f 1410//1395 1420//1395 1408//1395
f 1410//1394 1421//1394 1420//1394
f 1333//1394 1395//1394 1412//1394
f 1333//1395 1412//1395 1411//1395
f 1394//1395 1421//1395 1410//1395
f 1394//1395 1422//1395 1421//1395
f 1434//1395 1422//1395 1394//1395
f 1187//1395 1333//1395 1411//1395
f 1377//1395 1433//1395 1434//1395
f 1377//1395 1434//1395 1394//1395
f 1334//1395 1333//1395 1187//1395
f 1334//1395 1187//1395 1186//1395
f 1378//1395 1433//1395 1377//1395
f 1378//1395 1432//1395 1433//1395
f 1351//1395 1186//1395 1189//1395
f 1351//1395 1334//1395 1186//1395
f 1380//1395 1431//1395 1432//1395
f 1380//1394 1432//1394 1378//1394
f 1349//1395 1189//1395 1190//1395
f 1349//1394 1351//1394 1189//1394
f 1382//1395 1430//1395 1431//1395
f 1382//1394 1431//1394 1380//1394
f 1347//1395 1190//1395 1191//1395
f 1347//1395 1349//1395 1190//1395
f 1384//1394 1429//1394 1430//1394
f 1384//1394 1430//1394 1382//1394
f 1345//1395 1191//1395 1192//1395
f 1345//1395 1347//1395 1191//1395
f 1386//1395 1429//1395 1384//1395
f 1428//1395 1429//1395 1386//1395
f 1193//1395 1345//1395 1192//1395
f 1343//1394 1345//1394 1193//1394
f 1427//1395 1386//1395 1388//1395
f 1427//1395 1428//1395 1386//1395
f 1194//1395 1343//1395 1193//1395
f 1341//1395 1343//1395 1194//1395
f 1426//1395 1388//1395 1390//1395
f 1426//1395 1427//1395 1388//1395
f 1195//1395 1341//1395 1194//1395
f 1339//1395 1341//1395 1195//1395
f 1425//1394 1390//1394 1392//1394
f 1425//1395 1426//1395 1390//1395
f 1196//1394 1337//1394 1339//1394
f 1196//1395 1339//1395 1195//1395
f 1423//1395 1425//1395 1392//1395
f 1423//1395 1392//1395 1374//1395
f 1197//1395 1337//1395 1196//1395
f 1197//1395 1335//1395 1337//1395
f 1424//1395 1423//1395 1374//1395
f 1198//1395 1335//1395 1197//1395
f 1200//1395 1424//1395 1374//1395
f 1200//1395 1374//1395 1355//1395
f 1199//1395 1335//1395 1198//1395
f 1199//1395 1354//1395 1335//1395
f 1201//1395 1200//1395 1355//1395
f 1201//1395 1355//1395 1357//1395
f 1210//1395 1354//1395 1199//1395
f 1210//1395 1371//1395 1354//1395
f 1202//1395 1201//1395 1357//1395
f 1202//1395 1357//1395 1359//1395
f 1209//1395 1371//1395 1210//1395
f 1209//1395 1369//1395 1371//1395
f 1203//1395 1202//1395 1359//1395
f 1203//1395 1359//1395 1361//1395
f 1208//1395 1369//1395 1209//1395
f 1208//1395 1367//1395 1369//1395
f 1204//1395 1203//1395 1361//1395
f 1204//1395 1361//1395 1363//1395
f 1207//1395 1367//1395 1208//1395
f 1207//1395 1365//1395 1367//1395
f 1205//1395 1204//1395 1363//1395
f 1206//1395 1365//1395 1207//1395
f 1206//1395 1205//1395 1363//1395
f 1206//1395 1363//1395 1365//1395
f 1268//1354 1182//1354 1181//1354
f 1265//1354 1180//1354 1179//1354
f 1265//1354 1181//1354 1180//1354
f 1265//1354 1268//1354 1181//1354
f 1270//1355 1183//1355 1182//1355
f 1270//1354 1182//1354 1268//1354
f 1263//1355 1179//1355 1178//1355
f 1263//1355 1265//1355 1179//1355
f 1272//1354 1184//1354 1183//1354
f 1272//1354 1183//1354 1270//1354
f 1261//1354 1178//1354 1177//1354
f 1261//1354 1263//1354 1178//1354
f 1274//1354 1185//1354 1184//1354
f 1274//1354 1184//1354 1272//1354
f 1259//1354 1177//1354 1176//1354
f 1259//1354 1261//1354 1177//1354
f 1255//1354 1174//1354 1185//1354
f 1255//1354 1185//1354 1274//1354
f 1257//1354 1176//1354 1175//1354
f 1257//1354 1259//1354 1176//1354
f 1173//1354 1174//1354 1255//1354
f 1254//1354 1172//1354 1173//1354
f 1254//1354 1173//1354 1255//1354
f 1276//1354 1175//1354 1435//1354
f 1276//1355 1435//1355 1436//1355
f 1276//1355 1257//1355 1175//1355
f 1316//1355 1172//1355 1254//1355
f 1316//1354 1171//1354 1172//1354
f 1293//1354 1436//1354 1437//1354
f 1293//1354 1276//1354 1436//1354
f 1318//1354 1171//1354 1316//1354
f 1170//1354 1171//1354 1318//1354
f 1291//1355 1437//1355 1438//1355
f 1291//1354 1293//1354 1437//1354
f 1320//1354 1170//1354 1318//1354
f 1169//1354 1170//1354 1320//1354
f 1289//1354 1438//1354 1439//1354
f 1289//1354 1291//1354 1438//1354
f 1322//1354 1169//1354 1320//1354
f 1168//1354 1169//1354 1322//1354
f 1287//1354 1439//1354 1440//1354
f 1287//1355 1289//1355 1439//1355
f 1324//1354 1168//1354 1322//1354
f 1167//1354 1168//1354 1324//1354
f 1441//1354 1287//1354 1440//1354
f 1441//1354 1285//1354 1287//1354
f 1166//1354 1324//1354 1326//1354
f 1166//1354 1167//1354 1324//1354
f 1442//1354 1283//1354 1285//1354
f 1442//1354 1285//1354 1441//1354
f 1165//1354 1326//1354 1328//1354
f 1165//1354 1166//1354 1326//1354
f 1443//1354 1281//1354 1283//1354
f 1443//1354 1283//1354 1442//1354
f 1164//1354 1165//1354 1328//1354
f 1164//1354 1328//1354 1330//1354
f 1444//1355 1279//1355 1281//1355
f 1444//1354 1281//1354 1443//1354
f 1161//1354 1164//1354 1330//1354
f 1161//1355 1330//1355 1315//1355
f 1445//1354 1279//1354 1444//1354
f 1445//1354 1277//1354 1279//1354
f 1162//1354 1161//1354 1315//1354
f 1446//1354 1277//1354 1445//1354
f 1296//1355 1277//1355 1446//1355
f 1298//1354 1162//1354 1315//1354
f 1447//1354 1296//1354 1446//1354
f 1448//1354 1162//1354 1298//1354
f 1449//1354 1448//1354 1298//1354
f 1449//1354 1298//1354 1297//1354
f 1450//1354 1296//1354 1447//1354
f 1450//1354 1312//1354 1296//1354
f 1451//1354 1449//1354 1297//1354
f 1451//1354 1297//1354 1301//1354
f 1452//1354 1312//1354 1450//1354
f 1452//1354 1310//1354 1312//1354
f 1453//1355 1451//1355 1301//1355
f 1453//1354 1301//1354 1303//1354
f 1454//1354 1310//1354 1452//1354
f 1454//1355 1308//1355 1310//1355
f 1455//1355 1453//1355 1303//1355
f 1455//1355 1303//1355 1305//1355
f 1456//1354 1308//1354 1454//1354
f 1456//1354 1306//1354 1308//1354
f 1457//1354 1455//1354 1305//1354
f 1458//1354 1306//1354 1456//1354
f 1458//1354 1457//1354 1305//1354
f 1458//1354 1305//1354 1306//1354
f 185//917 186//917 1435//917
f 185//917 1435//917 1175//917
f 1436//1420 190//1420 191//1420
f 1436//1421 186//1421 190//1421
f 1436//1421 1435//1421 186//1421
f 1437//1420 1436//1420 191//1420
f 1438//1422 191//1422 193//1422
f 1438//1422 1437//1422 191//1422
f 1439//1423 193//1423 210//1423
f 1439//1423 1438//1423 193//1423
f 1440//1424 210//1424 215//1424
f 1440//1425 1439//1425 210//1425
f 1441//1348 215//1348 220//1348
f 1441//1348 1440//1348 215//1348
f 1442//1426 220//1426 225//1426
f 1442//1426 1441//1426 220//1426
f 1443//1427 225//1427 230//1427
f 1443//1427 1442//1427 225//1427
f 1444//1428 230//1428 196//1428
f 1444//1428 1443//1428 230//1428
f 1445//1429 196//1429 199//1429
f 1445//1429 1444//1429 196//1429
f 1446//1430 199//1430 202//1430
f 1446//1430 1445//1430 199//1430
f 1449//1431 1213//1431 1448//1431
f 247//1431 165//1431 1213//1431
f 247//1431 1213//1431 1449//1431
f 277//1432 1449//1432 1451//1432
f 277//1432 247//1432 1449//1432
f 272//1433 1451//1433 1453//1433
f 272//1433 277//1433 1451//1433
f 267//1434 1453//1434 1455//1434
f 267//1435 1455//1435 1457//1435
f 267//1434 272//1434 1453//1434
f 262//1319 1457//1319 1458//1319
f 262//1436 267//1436 1457//1436
f 257//1437 1458//1437 1456//1437
f 257//1319 262//1319 1458//1319
f 245//1438 1456//1438 1454//1438
f 245//1439 257//1439 1456//1439
f 243//1440 1454//1440 1452//1440
f 243//1438 245//1438 1454//1438
f 240//1441 1452//1441 1450//1441
f 240//1440 243//1440 1452//1440
f 241//1442 1450//1442 1447//1442
f 241//1441 240//1441 1450//1441
f 236//1442 241//1442 1447//1442
f 1163//515 1162//515 1448//515
f 1213//515 1163//515 1448//515
f 1434//1296 45//1296 82//1296
f 1434//1296 82//1296 1422//1296
f 236//1295 1447//1295 1446//1295
f 236//1295 1446//1295 202//1295
f 373//793 1459//793 633//793
f 381//793 1459//793 373//793
f 633//794 1460//794 638//794
f 1459//794 1460//794 633//794
f 638//795 1461//795 642//795
f 1460//795 1461//795 638//795
f 642//796 1462//796 643//796
f 1461//796 1462//796 642//796
f 643//797 1463//797 650//797
f 1462//797 1463//797 643//797
f 650//798 1464//798 654//798
f 1463//798 1464//798 650//798
f 654//799 1465//799 655//799
f 1464//799 1465//799 654//799
f 655//800 1466//800 659//800
f 1465//800 1466//800 655//800
f 659//801 1467//801 666//801
f 1466//801 1467//801 659//801
f 666//802 1468//802 670//802
f 1467//802 1468//802 666//802
f 670//803 1469//803 674//803
f 1468//803 1469//803 670//803
f 1469//804 1470//804 674//804
f 674//804 1470//804 678//804
f 1470//805 1471//805 678//805
f 678//805 1471//805 679//805
f 679//806 1472//806 686//806
f 1471//806 1472//806 679//806
f 1472//807 1473//807 686//807
f 686//807 1473//807 690//807
f 690//808 1474//808 691//808
f 1473//808 1474//808 690//808
f 691//809 1475//809 695//809
f 1474//809 1475//809 691//809
f 695//810 1476//810 702//810
f 1475//810 1476//810 695//810
f 702//811 1477//811 703//811
f 1476//811 1477//811 702//811
f 703//812 1478//812 707//812
f 1477//812 1478//812 703//812
f 707//813 1479//813 714//813
f 1478//813 1479//813 707//813
f 714//814 1480//814 715//814
f 1479//814 1480//814 714//814
f 715//815 1481//815 723//815
f 1480//815 1481//815 715//815
f 723//816 1482//816 726//816
f 1481//816 1482//816 723//816
f 726//817 1483//817 730//817
f 1482//817 1483//817 726//817
f 730//818 410//818 402//818
f 1483//818 410//818 730//818
f 740//1443 414//1443 625//1443
f 740//1443 397//1443 414//1443
f 397//1443 398//1443 414//1443
f 384//1443 462//1443 385//1443
f 385//1443 462//1443 398//1443
f 398//1443 462//1443 414//1443
f 384//1443 463//1443 462//1443
f 384//1443 459//1443 463//1443
f 458//1443 732//1443 406//1443
f 458//1443 728//1443 732//1443
f 458//1443 720//1443 728//1443
f 458//1443 721//1443 720//1443
f 459//1443 717//1443 458//1443
f 458//1443 717//1443 721//1443
f 384//1443 712//1443 459//1443
f 459//1443 712//1443 717//1443
f 384//1443 709//1443 712//1443
f 384//1443 705//1443 709//1443
f 384//1443 700//1443 705//1443
f 384//1443 697//1443 700//1443
f 384//1443 693//1443 697//1443
f 693//1443 423//1443 688//1443
f 688//1443 423//1443 684//1443
f 384//1443 423//1443 693//1443
f 423//1443 681//1443 684//1443
f 423//1443 676//1443 681//1443
f 423//1443 672//1443 676//1443
f 423//1443 668//1443 672//1443
f 423//1443 664//1443 668//1443
f 423//1443 661//1443 664//1443
f 423//1443 657//1443 661//1443
f 423//1443 652//1443 657//1443
f 423//1443 648//1443 652//1443
f 423//1443 645//1443 648//1443
f 423//1443 640//1443 645//1443
f 423//1443 636//1443 640//1443
f 423//1443 378//1443 636//1443
f 1484//1444 364//1444 363//1444
f 1484//1444 363//1444 1485//1444
f 1486//1445 1485//1445 1487//1445
f 1486//1445 1484//1445 1485//1445
f 1488//1446 1487//1446 1489//1446
f 1488//1446 1486//1446 1487//1446
f 1490//1447 1489//1447 1491//1447
f 1490//1447 1488//1447 1489//1447
f 1492//1448 1491//1448 1493//1448
f 1492//1448 1490//1448 1491//1448
f 1494//1449 1493//1449 1495//1449
f 1494//1449 1492//1449 1493//1449
f 1496//1450 1494//1450 1495//1450
f 1496//1450 1495//1450 1497//1450
f 1498//1451 1496//1451 1497//1451
f 1498//1451 1497//1451 1499//1451
f 1500//1452 1498//1452 1499//1452
f 1500//1452 1499//1452 1501//1452
f 1502//1453 1500//1453 1501//1453
f 1502//1453 1501//1453 1503//1453
f 1504//1454 1502//1454 1503//1454
f 1504//1454 1503//1454 1505//1454
f 1506//1455 1504//1455 1505//1455
f 1506//1455 1505//1455 1507//1455
f 1508//1456 1506//1456 1507//1456
f 1508//1456 1507//1456 1509//1456
f 1510//1457 1508//1457 1509//1457
f 1510//1457 1509//1457 1511//1457
f 1512//1458 1510//1458 1511//1458
f 1512//1458 1511//1458 1513//1458
f 1514//1459 1512//1459 1513//1459
f 1514//1459 1513//1459 1515//1459
f 1516//1460 1514//1460 1515//1460
f 1516//1460 1515//1460 1517//1460
f 1518//1461 1516//1461 1517//1461
f 1518//1461 1517//1461 1519//1461
f 1520//1462 1518//1462 1519//1462
f 1520//1462 1519//1462 1521//1462
f 1522//1463 1520//1463 1521//1463
f 1522//1463 1521//1463 1523//1463
f 1524//1464 1523//1464 1525//1464
f 1524//1464 1522//1464 1523//1464
f 1526//1465 1525//1465 1527//1465
f 1526//1465 1524//1465 1525//1465
f 1528//1466 1527//1466 1529//1466
f 1528//1466 1526//1466 1527//1466
f 1530//1467 1529//1467 1531//1467
f 1530//1467 1528//1467 1529//1467
f 1532//1468 1531//1468 1533//1468
f 1532//1468 1530//1468 1531//1468
f 1534//1469 1533//1469 1535//1469
f 1534//1469 1532//1469 1533//1469
f 1536//1470 1535//1470 1537//1470
f 1536//1470 1534//1470 1535//1470
f 1538//1471 1537//1471 1539//1471
f 1538//1471 1536//1471 1537//1471
f 1540//1472 1539//1472 1541//1472
f 1540//1472 1538//1472 1539//1472
f 1542//1473 1541//1473 1543//1473
f 1542//1474 1543//1474 1544//1474
f 1542//1473 1540//1473 1541//1473
f 1545//1474 1542//1474 1544//1474
f 1545//1475 1544//1475 1546//1475
f 1547//1475 1545//1475 1546//1475
f 1548//1476 1547//1476 1546//1476
f 1548//1476 1546//1476 1549//1476
f 1550//1477 1548//1477 1549//1477
f 1550//1477 1549//1477 1551//1477
f 1552//1478 1550//1478 1551//1478
f 1552//1478 1551//1478 1553//1478
f 321//1479 1552//1479 1553//1479
f 321//1479 1553//1479 322//1479
f 1554//1480 335//1480 336//1480
f 1554//1480 336//1480 1555//1480
f 1556//1481 1555//1481 1557//1481
f 1556//1481 1554//1481 1555//1481
f 1558//1482 1557//1482 1559//1482
f 1558//1482 1556//1482 1557//1482
f 1560//1483 1559//1483 1561//1483
f 1560//1483 1558//1483 1559//1483
f 1562//1484 1561//1484 1563//1484
f 1562//1484 1560//1484 1561//1484
f 1564//1485 1563//1485 1565//1485
f 1564//1485 1562//1485 1563//1485
f 1566//1486 1564//1486 1565//1486
f 1566//1486 1565//1486 1567//1486
f 1568//1487 1567//1487 1569//1487
f 1568//1487 1566//1487 1567//1487
f 1570//1488 1568//1488 1569//1488
f 1570//1488 1569//1488 1571//1488
f 1572//1489 1571//1489 1573//1489
f 1572//1489 1570//1489 1571//1489
f 1574//1490 1573//1490 1575//1490
f 1574//1490 1572//1490 1573//1490
f 1576//1491 1575//1491 1577//1491
f 1576//1492 1577//1492 1578//1492
f 1576//1491 1574//1491 1575//1491
f 1579//1492 1576//1492 1578//1492
f 1580//1493 1578//1493 1581//1493
f 1580//1493 1579//1493 1578//1493
f 1582//1494 1581//1494 1583//1494
f 1582//1495 1583//1495 1584//1495
f 1582//1494 1580//1494 1581//1494
f 1585//1495 1582//1495 1584//1495
f 1586//1496 1584//1496 1587//1496
f 1586//1496 1585//1496 1584//1496
f 1588//1497 1587//1497 1589//1497
f 1588//1497 1586//1497 1587//1497
f 1590//1498 1589//1498 1591//1498
f 1590//1498 1588//1498 1589//1498
f 1592//1499 1591//1499 1593//1499
f 1592//1499 1590//1499 1591//1499
f 1594//1500 1593//1500 1595//1500
f 1594//1501 1595//1501 1596//1501
f 1594//1500 1592//1500 1593//1500
f 1597//1501 1594//1501 1596//1501
f 1598//1502 1596//1502 1599//1502
f 1598//1502 1597//1502 1596//1502
f 1600//1503 1599//1503 1601//1503
f 1600//1503 1598//1503 1599//1503
f 1602//1504 1601//1504 1603//1504
f 1602//1504 1600//1504 1601//1504
f 1604//1505 1603//1505 1605//1505
f 1604//1505 1602//1505 1603//1505
f 1606//1506 1605//1506 1607//1506
f 1606//1506 1604//1506 1605//1506
f 1608//1507 1607//1507 1609//1507
f 1608//1508 1609//1508 1610//1508
f 1608//1507 1606//1507 1607//1507
f 1611//1508 1608//1508 1610//1508
f 1612//1509 1610//1509 1613//1509
f 1612//1510 1613//1510 1614//1510
f 1612//1509 1611//1509 1610//1509
f 1615//1510 1612//1510 1614//1510
f 1615//1511 1614//1511 1616//1511
f 1617//1511 1615//1511 1616//1511
f 1618//1512 1616//1512 1619//1512
f 1618//1513 1619//1513 1620//1513
f 1618//1512 1617//1512 1616//1512
f 1621//1513 1618//1513 1620//1513
f 1621//1514 1620//1514 1622//1514
f 1623//1514 1621//1514 1622//1514
f 349//1515 1623//1515 1622//1515
f 349//1515 1622//1515 350//1515
f 767//1175 1624//1175 1030//1175
f 776//1175 1624//1175 767//1175
f 1030//1176 1625//1176 1034//1176
f 1624//1176 1625//1176 1030//1176
f 1034//1177 1626//1177 1038//1177
f 1625//1177 1626//1177 1034//1177
f 1038//1178 1627//1178 1042//1178
f 1626//1178 1627//1178 1038//1178
f 1042//1179 1628//1179 1046//1179
f 1627//1179 1628//1179 1042//1179
f 1046//1180 1629//1180 1051//1180
f 1628//1180 1629//1180 1046//1180
f 1051//1181 1630//1181 1054//1181
f 1629//1181 1630//1181 1051//1181
f 1054//1182 1631//1182 1058//1182
f 1630//1182 1631//1182 1054//1182
f 1058//1183 1632//1183 1062//1183
f 1631//1183 1632//1183 1058//1183
f 1062//1184 1633//1184 1066//1184
f 1632//1184 1633//1184 1062//1184
f 1066//1185 1634//1185 1070//1185
f 1633//1185 1634//1185 1066//1185
f 1634//1186 1635//1186 1070//1186
f 1070//1186 1635//1186 1074//1186
f 1635//1187 1636//1187 1074//1187
f 1074//1187 1636//1187 1078//1187
f 1078//1188 1637//1188 1082//1188
f 1636//1188 1637//1188 1078//1188
f 1637//1189 1638//1189 1082//1189
f 1082//1189 1638//1189 1086//1189
f 1086//1190 1639//1190 1091//1190
f 1638//1190 1639//1190 1086//1190
f 1091//1191 1640//1191 1094//1191
f 1639//1191 1640//1191 1091//1191
f 1094//1192 1641//1192 1098//1192
f 1640//1192 1641//1192 1094//1192
f 1098//1193 1642//1193 1102//1193
f 1641//1193 1642//1193 1098//1193
f 1102//1194 1643//1194 1106//1194
f 1642//1194 1643//1194 1102//1194
f 1106//1195 1644//1195 1110//1195
f 1643//1195 1644//1195 1106//1195
f 1110//1196 1645//1196 1115//1196
f 1644//1196 1645//1196 1110//1196
f 1115//1197 1646//1197 1118//1197
f 1645//1197 1646//1197 1115//1197
f 1118//1198 1647//1198 1122//1198
f 1646//1198 1647//1198 1118//1198
f 1122//1199 1648//1199 1028//1199
f 1647//1199 1648//1199 1122//1199
f 1028//1200 805//1200 798//1200
f 1648//1200 805//1200 1028//1200
f 1076//1443 822//1443 1072//1443
f 1072//1443 822//1443 1068//1443
f 1068//1443 822//1443 1064//1443
f 1064//1443 822//1443 1060//1443
f 1060//1443 822//1443 1056//1443
f 1056//1443 822//1443 1048//1443
f 1048//1443 822//1443 1049//1443
f 1049//1443 822//1443 1044//1443
f 1044//1443 822//1443 1040//1443
f 1040//1443 822//1443 1036//1443
f 1036//1443 822//1443 1032//1443
f 1032//1443 822//1443 770//1443
f 1076//1443 1080//1443 822//1443
f 1080//1443 1084//1443 822//1443
f 1084//1443 1089//1443 822//1443
f 804//1443 856//1443 1127//1443
f 1127//1443 856//1443 1124//1443
f 1124//1443 856//1443 1120//1443
f 1120//1443 856//1443 1112//1443
f 1112//1443 856//1443 1113//1443
f 1113//1443 857//1443 1108//1443
f 856//1443 857//1443 1113//1443
f 857//1443 782//1443 1108//1443
f 847//1443 782//1443 848//1443
f 848//1443 782//1443 857//1443
f 1108//1443 782//1443 1104//1443
f 1104//1443 782//1443 1100//1443
f 1100//1443 782//1443 1096//1443
f 1096//1443 782//1443 1088//1443
f 1088//1443 782//1443 1089//1443
f 1089//1443 782//1443 822//1443
f 847//1443 783//1443 782//1443
f 847//1443 793//1443 783//1443
f 847//1443 816//1443 793//1443
f 793//1443 816//1443 792//1443
f 816//1443 1135//1443 792//1443
f 1021//1443 1135//1443 816//1443
f 1649//1516 1650//1516 1651//1516
f 1651//1516 1650//1516 1652//1516
f 1652//1517 1653//1517 1654//1517
f 1650//1517 1653//1517 1652//1517
f 1654//1518 1655//1518 1656//1518
f 1653//1518 1655//1518 1654//1518
f 1656//391 1657//391 1658//391
f 1655//391 1657//391 1656//391
f 1658//1519 1659//1519 1660//1519
f 1657//1519 1659//1519 1658//1519
f 1660//1520 1661//1520 1662//1520
f 1659//1520 1661//1520 1660//1520
f 1663//1521 1664//1521 1665//1521
f 1662//1522 1664//1522 1663//1522
f 1661//1522 1664//1522 1662//1522
f 1664//1521 1666//1521 1665//1521
f 1665//1523 1667//1523 1668//1523
f 1666//1523 1667//1523 1665//1523
f 1668//1524 1669//1524 1670//1524
f 1667//1524 1669//1524 1668//1524
f 1670//399 1671//399 1672//399
f 1669//399 1671//399 1670//399
f 1673//1525 1674//1525 1675//1525
f 1672//1526 1674//1526 1673//1526
f 1671//1526 1674//1526 1672//1526
f 1674//1525 1676//1525 1675//1525
f 1675//1527 1649//1527 1651//1527
f 1676//1527 1649//1527 1675//1527
f 1677//1516 1678//1516 1679//1516
f 1679//1516 1678//1516 1680//1516
f 1680//1517 1681//1517 1682//1517
f 1678//1517 1681//1517 1680//1517
f 1682//1518 1683//1518 1684//1518
f 1681//1518 1683//1518 1682//1518
f 1684//391 1685//391 1686//391
f 1683//391 1685//391 1684//391
f 1686//1519 1687//1519 1688//1519
f 1685//1519 1687//1519 1686//1519
f 1688//1520 1689//1520 1690//1520
f 1687//1520 1689//1520 1688//1520
f 1691//1521 1692//1521 1693//1521
f 1690//1522 1692//1522 1691//1522
f 1689//1522 1692//1522 1690//1522
f 1692//1521 1694//1521 1693//1521
f 1693//1523 1695//1523 1696//1523
f 1694//1523 1695//1523 1693//1523
f 1696//1524 1697//1524 1698//1524
f 1695//1524 1697//1524 1696//1524
f 1698//399 1699//399 1700//399
f 1697//399 1699//399 1698//399
f 1701//1525 1702//1525 1703//1525
f 1700//1526 1702//1526 1701//1526
f 1699//1526 1702//1526 1700//1526
f 1702//1525 1704//1525 1703//1525
f 1703//1527 1677//1527 1679//1527
f 1704//1527 1677//1527 1703//1527
f 1705//1516 1706//1516 1707//1516
f 1707//1516 1706//1516 1708//1516
f 1708//1517 1709//1517 1710//1517
f 1706//1517 1709//1517 1708//1517
f 1710//1518 1711//1518 1712//1518
f 1709//1518 1711//1518 1710//1518
f 1712//391 1713//391 1714//391
f 1711//391 1713//391 1712//391
f 1714//1519 1715//1519 1716//1519
f 1713//1519 1715//1519 1714//1519
f 1716//1520 1717//1520 1718//1520
f 1715//1520 1717//1520 1716//1520
f 1719//1521 1720//1521 1721//1521
f 1718//1522 1720//1522 1719//1522
f 1717//1522 1720//1522 1718//1522
f 1720//1521 1722//1521 1721//1521
f 1721//1523 1723//1523 1724//1523
f 1722//1523 1723//1523 1721//1523
f 1724//1524 1725//1524 1726//1524
f 1723//1524 1725//1524 1724//1524
f 1726//399 1727//399 1728//399
f 1725//399 1727//399 1726//399
f 1729//1525 1730//1525 1731//1525
f 1728//1526 1730//1526 1729//1526
f 1727//1526 1730//1526 1728//1526
f 1730//1525 1732//1525 1731//1525
f 1731//1527 1705//1527 1707//1527
f 1732//1527 1705//1527 1731//1527
f 1733//1516 1734//1516 1735//1516
f 1735//1516 1734//1516 1736//1516
f 1736//1517 1737//1517 1738//1517
f 1734//1517 1737//1517 1736//1517
f 1738//1518 1739//1518 1740//1518
f 1737//1518 1739//1518 1738//1518
f 1740//391 1741//391 1742//391
f 1739//391 1741//391 1740//391
f 1742//1519 1743//1519 1744//1519
f 1741//1519 1743//1519 1742//1519
f 1744//1520 1745//1520 1746//1520
f 1743//1520 1745//1520 1744//1520
f 1747//1521 1748//1521 1749//1521
f 1746//1522 1748//1522 1747//1522
f 1745//1522 1748//1522 1746//1522
f 1748//1521 1750//1521 1749//1521
f 1749//1523 1751//1523 1752//1523
f 1750//1523 1751//1523 1749//1523
f 1752//1524 1753//1524 1754//1524
f 1751//1524 1753//1524 1752//1524
f 1754//399 1755//399 1756//399
f 1753//399 1755//399 1754//399
f 1757//1525 1758//1525 1759//1525
f 1756//1526 1758//1526 1757//1526
f 1755//1526 1758//1526 1756//1526
f 1758//1525 1760//1525 1759//1525
f 1759//1527 1733//1527 1735//1527
f 1760//1527 1733//1527 1759//1527
f 1761//1516 1762//1516 1763//1516
f 1763//1516 1762//1516 1764//1516
f 1764//1517 1765//1517 1766//1517
f 1762//1517 1765//1517 1764//1517
f 1766//1518 1767//1518 1768//1518
f 1765//1518 1767//1518 1766//1518
f 1768//391 1769//391 1770//391
f 1767//391 1769//391 1768//391
f 1770//1519 1771//1519 1772//1519
f 1769//1519 1771//1519 1770//1519
f 1772//1520 1773//1520 1774//1520
f 1771//1520 1773//1520 1772//1520
f 1775//1521 1776//1521 1777//1521
f 1774//1522 1776//1522 1775//1522
f 1773//1522 1776//1522 1774//1522
f 1776//1521 1778//1521 1777//1521
f 1777//1523 1779//1523 1780//1523
f 1778//1523 1779//1523 1777//1523
f 1780//1524 1781//1524 1782//1524
f 1779//1524 1781//1524 1780//1524
f 1782//399 1783//399 1784//399
f 1781//399 1783//399 1782//399
f 1785//1525 1786//1525 1787//1525
f 1784//1526 1786//1526 1785//1526
f 1783//1526 1786//1526 1784//1526
f 1786//1525 1788//1525 1787//1525
f 1787//1527 1761//1527 1763//1527
f 1788//1527 1761//1527 1787//1527
f 1789//1528 1790//1528 1791//1528
f 1791//1528 1790//1528 1792//1528
f 1790//1529 1793//1529 1792//1529
f 1792//1529 1793//1529 1794//1529
f 1793//1530 1795//1530 1794//1530
f 1794//1530 1795//1530 1796//1530
f 1796//1531 1797//1531 1798//1531
f 1795//1531 1797//1531 1796//1531
f 1798//1532 1799//1532 1800//1532
f 1797//1532 1799//1532 1798//1532
f 1800//1533 1801//1533 1802//1533
f 1799//1533 1801//1533 1800//1533
f 1802//1534 1803//1534 1804//1534
f 1801//1534 1803//1534 1802//1534
f 1804//1535 1805//1535 1806//1535
f 1803//1535 1805//1535 1804//1535
f 1806//1536 1807//1536 1808//1536
f 1805//1536 1807//1536 1806//1536
f 1808//1537 1809//1537 1810//1537
f 1807//1537 1809//1537 1808//1537
f 1810//1538 1811//1538 1812//1538
f 1809//1538 1811//1538 1810//1538
f 1812//1539 1813//1539 1814//1539
f 1811//1539 1813//1539 1812//1539
f 1813//1540 1815//1540 1814//1540
f 1814//1540 1815//1540 1816//1540
f 1815//1541 1817//1541 1816//1541
f 1816//1541 1817//1541 1818//1541
f 1817//1542 1819//1542 1818//1542
f 1818//1542 1819//1542 1820//1542
f 1819//1543 1821//1543 1820//1543
f 1820//1543 1821//1543 1822//1543
f 1821//1544 1823//1544 1822//1544
f 1822//1544 1823//1544 1824//1544
f 1823//1545 1825//1545 1824//1545
f 1826//1546 1825//1546 1827//1546
f 1824//1545 1825//1545 1826//1545
f 1825//1546 1828//1546 1827//1546
f 1828//1547 1829//1547 1827//1547
f 1827//1547 1829//1547 1830//1547
f 1829//1548 1831//1548 1830//1548
f 1830//1548 1831//1548 1832//1548
f 1831//1549 1833//1549 1832//1549
f 1832//1549 1833//1549 1834//1549
f 1833//1550 1835//1550 1834//1550
f 1834//1550 1835//1550 1836//1550
f 1835//1551 1837//1551 1836//1551
f 1838//1552 1837//1552 1839//1552
f 1836//1551 1837//1551 1838//1551
f 1839//1553 1840//1553 1841//1553
f 1837//1552 1840//1552 1839//1552
f 1840//1553 1842//1553 1841//1553
f 1843//1554 1844//1554 1845//1554
f 1841//1555 1844//1555 1843//1555
f 1842//1555 1844//1555 1841//1555
f 1844//1554 1846//1554 1845//1554
f 1847//1556 1848//1556 1849//1556
f 1845//1557 1848//1557 1847//1557
f 1846//1557 1848//1557 1845//1557
f 1848//1556 1850//1556 1849//1556
f 1849//1558 1851//1558 1852//1558
f 1850//1558 1851//1558 1849//1558
f 1852//1559 1853//1559 1854//1559
f 1851//1559 1853//1559 1852//1559
f 1854//1560 1855//1560 1856//1560
f 1853//1560 1855//1560 1854//1560
f 1856//1561 1857//1561 1858//1561
f 1855//1561 1857//1561 1856//1561
f 1858//1562 1859//1562 1860//1562
f 1857//1562 1859//1562 1858//1562
f 1861//1563 1862//1563 1863//1563
f 1860//1564 1862//1564 1861//1564
f 1859//1564 1862//1564 1860//1564
f 1862//1563 1864//1563 1863//1563
f 1863//820 1864//820 1865//820
f 1864//820 1866//820 1865//820
f 1866//1565 1867//1565 1865//1565
f 1868//1566 1867//1566 1869//1566
f 1865//1565 1867//1565 1868//1565
f 1867//1566 1870//1566 1869//1566
f 1870//1567 1871//1567 1869//1567
f 1872//1568 1871//1568 1873//1568
f 1869//1567 1871//1567 1872//1567
f 1871//1568 1874//1568 1873//1568
f 1874//1569 1875//1569 1873//1569
f 1876//1570 1875//1570 1877//1570
f 1873//1569 1875//1569 1876//1569
f 1875//1570 1878//1570 1877//1570
f 1877//1571 1879//1571 1880//1571
f 1878//1571 1879//1571 1877//1571
f 1881//1572 1882//1572 1883//1572
f 1880//1573 1882//1573 1881//1573
f 1879//1573 1882//1573 1880//1573
f 1882//1572 1884//1572 1883//1572
f 1883//1574 1885//1574 1886//1574
f 1884//1574 1885//1574 1883//1574
f 1886//1575 1887//1575 1888//1575
f 1885//1575 1887//1575 1886//1575
f 1888//1576 1889//1576 1890//1576
f 1887//1576 1889//1576 1888//1576
f 1890//1577 1891//1577 1892//1577
f 1889//1577 1891//1577 1890//1577
f 1892//1578 1893//1578 1894//1578
f 1891//1578 1893//1578 1892//1578
f 1894//1579 1895//1579 1896//1579
f 1893//1579 1895//1579 1894//1579
f 1896//1580 1897//1580 1898//1580
f 1895//1580 1897//1580 1896//1580
f 1898//1581 1899//1581 1900//1581
f 1897//1581 1899//1581 1898//1581
f 1900//1582 1901//1582 1902//1582
f 1899//1582 1901//1582 1900//1582
f 1902//1583 1903//1583 1904//1583
f 1901//1583 1903//1583 1902//1583
f 1904//1584 1905//1584 1906//1584
f 1903//1584 1905//1584 1904//1584
f 1906//1585 1907//1585 1908//1585
f 1905//1585 1907//1585 1906//1585
f 1908//1586 1909//1586 1910//1586
f 1907//1586 1909//1586 1908//1586
f 1910//1587 1911//1587 1912//1587
f 1909//1587 1911//1587 1910//1587
f 1911//1588 1913//1588 1912//1588
f 1912//1588 1913//1588 1914//1588
f 1913//1589 1915//1589 1914//1589
f 1914//1589 1915//1589 1916//1589
f 1915//1590 1917//1590 1916//1590
f 1916//1590 1917//1590 1918//1590
f 1918//1591 1919//1591 1920//1591
f 1917//1591 1919//1591 1918//1591
f 1920//1592 1921//1592 1922//1592
f 1919//1592 1921//1592 1920//1592
f 1922//1593 1923//1593 1924//1593
f 1921//1593 1923//1593 1922//1593
f 1924//1594 1925//1594 1926//1594
f 1923//1594 1925//1594 1924//1594
f 1927//1595 1928//1595 1929//1595
f 1926//1596 1928//1596 1927//1596
f 1925//1596 1928//1596 1926//1596
f 1928//1595 1930//1595 1929//1595
f 1929//1597 1931//1597 1932//1597
f 1930//1597 1931//1597 1929//1597
f 1932//1598 1933//1598 1934//1598
f 1931//1598 1933//1598 1932//1598
f 1935//1599 1936//1599 1937//1599
f 1934//1600 1936//1600 1935//1600
f 1933//1600 1936//1600 1934//1600
f 1936//1599 1938//1599 1937//1599
f 1937//1601 1789//1601 1791//1601
f 1938//1601 1789//1601 1937//1601
f 1939//1516 1940//1516 1941//1516
f 1941//1516 1940//1516 1942//1516
f 1942//1517 1943//1517 1944//1517
f 1940//1517 1943//1517 1942//1517
f 1944//1518 1945//1518 1946//1518
f 1943//1518 1945//1518 1944//1518
f 1946//391 1947//391 1948//391
f 1945//391 1947//391 1946//391
f 1948//1519 1949//1519 1950//1519
f 1947//1519 1949//1519 1948//1519
f 1950//1520 1951//1520 1952//1520
f 1949//1520 1951//1520 1950//1520
f 1953//1521 1954//1521 1955//1521
f 1952//1522 1954//1522 1953//1522
f 1951//1522 1954//1522 1952//1522
f 1954//1521 1956//1521 1955//1521
f 1955//1523 1957//1523 1958//1523
f 1956//1523 1957//1523 1955//1523
f 1958//1524 1959//1524 1960//1524
f 1957//1524 1959//1524 1958//1524
f 1960//399 1961//399 1962//399
f 1959//399 1961//399 1960//399
f 1963//1525 1964//1525 1965//1525
f 1962//1526 1964//1526 1963//1526
f 1961//1526 1964//1526 1962//1526
f 1964//1525 1966//1525 1965//1525
f 1965//1527 1939//1527 1941//1527
f 1966//1527 1939//1527 1965//1527
f 523//819 341//819 329//819
f 331//819 523//819 329//819
f 521//819 523//819 331//819
f 521//819 331//819 333//819
f 522//819 521//819 333//819
f 522//819 333//819 335//819
f 1765//819 1556//819 1558//819
f 1762//819 1556//819 1765//819
f 1762//819 335//819 1554//819
f 1762//819 1554//819 1556//819
f 1767//819 1765//819 1558//819
f 1767//819 1558//819 1560//819
f 1767//819 1560//819 1562//819
f 1761//819 522//819 335//819
f 1761//819 335//819 1762//819
f 1761//819 765//819 522//819
f 1769//819 1767//819 1562//819
f 1769//819 1562//819 1564//819
f 1769//819 1564//819 1566//819
f 1788//819 763//819 764//819
f 1788//819 764//819 765//819
f 1788//819 765//819 1761//819
f 1771//819 1769//819 1566//819
f 1771//819 1566//819 1568//819
f 1771//819 1568//819 1570//819
f 1786//819 763//819 1788//819
f 1786//819 761//819 762//819
f 1786//819 762//819 763//819
f 1773//819 1771//819 1570//819
f 1773//819 1570//819 1572//819
f 1773//819 1572//819 1574//819
f 1737//819 755//819 756//819
f 1737//819 756//819 757//819
f 1734//819 754//819 755//819
f 1734//819 755//819 1737//819
f 1739//819 1737//819 757//819
f 1739//819 757//819 758//819
f 1739//819 758//819 759//819
f 1733//819 754//819 1734//819
f 1733//819 752//819 753//819
f 1733//819 753//819 754//819
f 1741//819 1739//819 759//819
f 1741//819 1786//819 1783//819
f 1741//819 761//819 1786//819
f 1741//819 759//819 760//819
f 1741//819 760//819 761//819
f 1760//819 750//819 751//819
f 1760//819 751//819 752//819
f 1760//819 752//819 1733//819
f 1758//819 750//819 1760//819
f 1758//819 749//819 750//819
f 1755//819 749//819 1758//819
f 1755//819 748//819 749//819
f 1809//819 1779//819 1778//819
f 1809//819 1807//819 1779//819
f 1805//819 1781//819 1779//819
f 1805//819 1779//819 1807//819
f 1811//819 1809//819 1778//819
f 1803//819 1781//819 1805//819
f 1813//819 1778//819 1776//819
f 1813//819 1811//819 1778//819
f 1801//819 1783//819 1781//819
f 1801//819 1781//819 1803//819
f 747//819 748//819 1755//819
f 1815//819 1776//819 1773//819
f 1815//819 1813//819 1776//819
f 1799//819 1783//819 1801//819
f 1799//819 1743//819 1741//819
f 1799//819 1741//819 1783//819
f 1817//819 1815//819 1773//819
f 1797//819 1743//819 1799//819
f 1819//819 1817//819 1773//819
f 1819//819 1574//819 1576//819
f 1819//819 1773//819 1574//819
f 746//819 1755//819 1753//819
f 746//819 747//819 1755//819
f 1795//819 1745//819 1743//819
f 1795//819 1743//819 1797//819
f 1821//819 1819//819 1576//819
f 1821//819 1576//819 1579//819
f 1821//819 1579//819 1580//819
f 1793//819 1745//819 1795//819
f 1823//819 1821//819 1580//819
f 1823//819 1580//819 1582//819
f 1823//819 1582//819 1585//819
f 745//819 746//819 1753//819
f 1790//819 1745//819 1793//819
f 1790//819 1748//819 1745//819
f 1825//819 1823//819 1585//819
f 1825//819 1585//819 1586//819
f 1789//819 1748//819 1790//819
f 1828//819 1825//819 1586//819
f 1828//819 1586//819 1588//819
f 1828//819 1588//819 1590//819
f 1938//819 1750//819 1748//819
f 1938//819 1748//819 1789//819
f 1829//819 1828//819 1590//819
f 1829//819 1590//819 1592//819
f 1829//819 1592//819 1594//819
f 1936//819 1750//819 1938//819
f 1831//819 1829//819 1594//819
f 1831//819 1594//819 1597//819
f 1831//819 1597//819 1598//819
f 1933//819 1751//819 1750//819
f 1933//819 1750//819 1936//819
f 1833//819 1831//819 1598//819
f 1833//819 1598//819 1600//819
f 1931//819 1751//819 1933//819
f 1835//819 1600//819 1602//819
f 1835//819 1833//819 1600//819
f 1930//819 1751//819 1931//819
f 1930//819 1753//819 1751//819
f 315//819 323//819 510//819
f 315//819 510//819 509//819
f 316//819 315//819 509//819
f 319//819 509//819 508//819
f 319//819 316//819 509//819
f 1653//819 745//819 1753//819
f 1653//819 743//819 744//819
f 1653//819 744//819 745//819
f 1681//819 1606//819 1608//819
f 1681//819 1608//819 1611//819
f 1650//819 508//819 741//819
f 1650//819 741//819 742//819
f 1650//819 742//819 743//819
f 1650//819 743//819 1653//819
f 1678//819 1602//819 1604//819
f 1678//819 1604//819 1606//819
f 1678//819 1837//819 1835//819
f 1678//819 1606//819 1681//819
f 1678//819 1835//819 1602//819
f 1655//819 1753//819 1930//819
f 1655//819 1653//819 1753//819
f 1655//819 1930//819 1928//819
f 1683//819 1611//819 1612//819
f 1683//819 1612//819 1615//819
f 1683//819 1681//819 1611//819
f 1649//819 321//819 319//819
f 1649//819 508//819 1650//819
f 1649//819 319//819 508//819
f 1677//819 1842//819 1840//819
f 1677//819 1840//819 1837//819
f 1677//819 1837//819 1678//819
f 1657//819 1928//819 1925//819
f 1657//819 1925//819 1923//819
f 1657//819 1655//819 1928//819
f 1685//819 1615//819 1617//819
f 1685//819 1683//819 1615//819
f 1618//819 1685//819 1617//819
f 1676//819 1552//819 321//819
f 1676//819 321//819 1649//819
f 1704//819 1842//819 1677//819
f 1704//819 1844//819 1842//819
f 1659//819 1923//819 1921//819
f 1659//819 1657//819 1923//819
f 1687//819 1685//819 1618//819
f 1550//819 1552//819 1676//819
f 1846//819 1844//819 1704//819
f 1621//819 1687//819 1618//819
f 1674//819 1550//819 1676//819
f 1702//819 1846//819 1704//819
f 1919//819 1659//819 1921//819
f 1661//819 1659//819 1919//819
f 1689//819 1687//819 1621//819
f 1848//819 1846//819 1702//819
f 1548//819 1550//819 1674//819
f 1671//819 1548//819 1674//819
f 1699//819 1848//819 1702//819
f 1623//819 1689//819 1621//819
f 1917//819 1661//819 1919//819
f 1850//819 1848//819 1699//819
f 1547//819 1548//819 1671//819
f 349//819 1689//819 1623//819
f 349//819 1692//819 1689//819
f 1915//819 1664//819 1661//819
f 1915//819 1661//819 1917//819
f 347//819 1692//819 349//819
f 1851//819 1850//819 1699//819
f 1851//819 1699//819 1697//819
f 1545//819 1547//819 1671//819
f 1545//819 1671//819 1669//819
f 904//819 346//819 344//819
f 904//819 347//819 346//819
f 904//819 344//819 905//819
f 351//819 905//819 344//819
f 1913//819 1666//819 1664//819
f 1913//819 1664//819 1915//819
f 1853//819 1851//819 1697//819
f 903//819 347//819 904//819
f 903//819 1692//819 347//819
f 903//819 1694//819 1692//819
f 1542//819 1545//819 1669//819
f 1911//819 1666//819 1913//819
f 1855//819 1853//819 1697//819
f 1136//819 1694//819 903//819
f 1909//819 1666//819 1911//819
f 1540//819 1542//819 1669//819
f 1540//819 1669//819 1667//819
f 1137//819 1694//819 1136//819
f 1538//819 1540//819 1667//819
f 1138//819 1694//819 1137//819
f 1138//819 1695//819 1694//819
f 1536//819 1667//819 1666//819
f 1536//819 1538//819 1667//819
f 1139//819 1695//819 1138//819
f 1534//819 1536//819 1666//819
f 1140//819 1695//819 1139//819
f 1532//819 1534//819 1666//819
f 1532//819 1666//819 1909//819
f 1709//819 1859//819 1857//819
f 1709//819 1857//819 1855//819
f 1530//819 1532//819 1909//819
f 1706//819 1864//819 1862//819
f 1706//819 1862//819 1859//819
f 1706//819 1859//819 1709//819
f 1711//819 1709//819 1855//819
f 1711//819 1140//819 1141//819
f 1711//819 1695//819 1140//819
f 1711//819 1697//819 1695//819
f 1711//819 1855//819 1697//819
f 1705//819 1866//819 1864//819
f 1705//819 1864//819 1706//819
f 1713//819 1711//819 1141//819
f 1713//819 1141//819 1142//819
f 1528//819 1909//819 1907//819
f 1528//819 1530//819 1909//819
f 1143//819 1713//819 1142//819
f 1732//819 1870//819 1867//819
f 1732//819 1867//819 1866//819
f 1732//819 1866//819 1705//819
f 1526//819 1528//819 1907//819
f 1526//819 1907//819 1905//819
f 1144//819 1715//819 1713//819
f 1144//819 1713//819 1143//819
f 1730//819 1870//819 1732//819
f 1730//819 1874//819 1871//819
f 1730//819 1871//819 1870//819
f 1524//819 1526//819 1905//819
f 1145//819 1717//819 1715//819
f 1145//819 1715//819 1144//819
f 1727//819 1874//819 1730//819
f 1522//819 1905//819 1903//819
f 1522//819 1524//819 1905//819
f 1146//819 1717//819 1145//819
f 1520//819 1522//819 1903//819
f 1147//819 1717//819 1146//819
f 1147//819 1720//819 1717//819
f 1943//819 1884//819 1882//819
f 1940//819 1884//819 1943//819
f 1940//819 1887//819 1885//819
f 1940//819 1885//819 1884//819
f 1518//819 1520//819 1903//819
f 1518//819 1903//819 1901//819
f 1945//819 1943//819 1882//819
f 1945//819 1882//819 1879//819
f 1945//819 1879//819 1878//819
f 1148//819 1720//819 1147//819
f 1939//819 1887//819 1940//819
f 1939//819 1891//819 1889//819
f 1939//819 1889//819 1887//819
f 1516//819 1518//819 1901//819
f 1516//819 1901//819 1899//819
f 1947//819 1874//819 1727//819
f 1947//819 1945//819 1878//819
f 1947//819 1878//819 1875//819
f 1947//819 1875//819 1874//819
f 1149//819 1720//819 1148//819
f 1149//819 1722//819 1720//819
f 1966//819 1891//819 1939//819
f 1966//819 1893//819 1891//819
f 1514//819 1516//819 1899//819
f 1949//819 1947//819 1727//819
f 1150//819 1722//819 1149//819
f 1150//819 1723//819 1722//819
f 1512//819 1514//819 1899//819
f 1512//819 1899//819 1897//819
f 1151//819 1723//819 1150//819
f 1510//819 1512//819 1897//819
f 1152//819 1723//819 1151//819
f 1152//819 1725//819 1723//819
f 1508//819 1510//819 1897//819
f 1508//819 1897//819 1895//819
f 1153//819 1725//819 1152//819
f 1506//819 1508//819 1895//819
f 1154//819 1725//819 1153//819
f 1154//819 1727//819 1725//819
f 1504//819 1893//819 1966//819
f 1504//819 1506//819 1895//819
f 1504//819 1895//819 1893//819
f 1155//819 1727//819 1154//819
f 1502//819 1504//819 1966//819
f 1156//819 1727//819 1155//819
f 1156//819 1949//819 1727//819
f 1500//819 1966//819 1964//819
f 1500//819 1502//819 1966//819
f 1157//819 1949//819 1156//819
f 1498//819 1500//819 1964//819
f 1158//819 1951//819 1949//819
f 1158//819 1949//819 1157//819
f 1496//819 1964//819 1961//819
f 1496//819 1498//819 1964//819
f 1159//819 1951//819 1158//819
f 1494//819 1496//819 1961//819
f 1160//819 1954//819 1951//819
f 1160//819 1951//819 1159//819
f 1492//819 1961//819 1959//819
f 1492//819 1494//819 1961//819
f 916//819 1954//819 1160//819
f 1490//819 1492//819 1959//819
f 364//819 1954//819 916//819
f 364//819 1956//819 1954//819
f 362//819 916//819 917//819
f 362//819 364//819 916//819
f 1488//819 1490//819 1959//819
f 1488//819 1959//819 1957//819
f 1484//819 1956//819 364//819
f 1486//819 1488//819 1957//819
f 1486//819 1956//819 1484//819
f 1486//819 1957//819 1956//819
f 360//819 362//819 917//819
f 918//819 360//819 917//819
f 359//819 360//819 918//819
f 369//819 359//819 918//819
f 337//1443 412//1443 330//1443
f 412//1443 332//1443 330//1443
f 412//1443 411//1443 332//1443
f 332//1443 411//1443 334//1443
f 411//1443 410//1443 334//1443
f 334//1443 410//1443 336//1443
f 1557//1443 1766//1443 1559//1443
f 1557//1443 1764//1443 1766//1443
f 336//1443 1764//1443 1555//1443
f 1555//1443 1764//1443 1557//1443
f 1766//1443 1768//1443 1559//1443
f 1559//1443 1768//1443 1561//1443
f 1561//1443 1768//1443 1563//1443
f 410//1443 1763//1443 336//1443
f 336//1443 1763//1443 1764//1443
f 1483//1443 1763//1443 410//1443
f 1768//1443 1770//1443 1563//1443
f 1563//1443 1770//1443 1565//1443
f 1565//1443 1770//1443 1567//1443
f 1481//1443 1787//1443 1482//1443
f 1482//1443 1787//1443 1483//1443
f 1483//1443 1787//1443 1763//1443
f 1770//1443 1772//1443 1567//1443
f 1567//1443 1772//1443 1569//1443
f 1569//1443 1772//1443 1571//1443
f 1481//1443 1785//1443 1787//1443
f 1479//1443 1785//1443 1480//1443
f 1480//1443 1785//1443 1481//1443
f 1772//1443 1774//1443 1571//1443
f 1571//1443 1774//1443 1573//1443
f 1573//1443 1774//1443 1575//1443
f 1473//1443 1738//1443 1474//1443
f 1474//1443 1738//1443 1475//1443
f 1473//1443 1736//1443 1738//1443
f 1472//1443 1736//1443 1473//1443
f 1738//1443 1740//1443 1475//1443
f 1475//1443 1740//1443 1476//1443
f 1476//1443 1740//1443 1477//1443
f 1472//1443 1735//1443 1736//1443
f 1470//1443 1735//1443 1471//1443
f 1471//1443 1735//1443 1472//1443
f 1785//1443 1742//1443 1784//1443
f 1740//1443 1742//1443 1477//1443
f 1477//1443 1742//1443 1478//1443
f 1478//1443 1742//1443 1479//1443
f 1479//1443 1742//1443 1785//1443
f 1470//1443 1759//1443 1735//1443
f 1468//1443 1759//1443 1469//1443
f 1469//1443 1759//1443 1470//1443
f 1468//1443 1757//1443 1759//1443
f 1467//1443 1757//1443 1468//1443
f 1467//1443 1756//1443 1757//1443
f 1466//1443 1756//1443 1467//1443
f 1808//1443 1810//1443 1780//1443
f 1780//1443 1810//1443 1777//1443
f 1780//1443 1806//1443 1808//1443
f 1782//1443 1806//1443 1780//1443
f 1810//1443 1812//1443 1777//1443
f 1782//1443 1804//1443 1806//1443
f 1777//1443 1814//1443 1775//1443
f 1812//1443 1814//1443 1777//1443
f 1784//1443 1802//1443 1782//1443
f 1782//1443 1802//1443 1804//1443
f 1466//1443 1465//1443 1756//1443
f 1775//1443 1816//1443 1774//1443
f 1814//1443 1816//1443 1775//1443
f 1744//1443 1800//1443 1742//1443
f 1742//1443 1800//1443 1784//1443
f 1784//1443 1800//1443 1802//1443
f 1816//1443 1818//1443 1774//1443
f 1744//1443 1798//1443 1800//1443
f 1818//1443 1820//1443 1774//1443
f 1774//1443 1820//1443 1575//1443
f 1575//1443 1820//1443 1577//1443
f 1756//1443 1464//1443 1754//1443
f 1465//1443 1464//1443 1756//1443
f 1744//1443 1796//1443 1798//1443
f 1746//1443 1796//1443 1744//1443
f 1820//1443 1822//1443 1577//1443
f 1577//1443 1822//1443 1578//1443
f 1578//1443 1822//1443 1581//1443
f 1746//1443 1794//1443 1796//1443
f 1822//1443 1824//1443 1581//1443
f 1581//1443 1824//1443 1583//1443
f 1583//1443 1824//1443 1584//1443
f 1464//1443 1463//1443 1754//1443
f 1746//1443 1792//1443 1794//1443
f 1747//1443 1792//1443 1746//1443
f 1824//1443 1826//1443 1584//1443
f 1584//1443 1826//1443 1587//1443
f 1747//1443 1791//1443 1792//1443
f 1587//1443 1827//1443 1589//1443
f 1589//1443 1827//1443 1591//1443
f 1826//1443 1827//1443 1587//1443
f 1747//1443 1937//1443 1791//1443
f 1749//1443 1937//1443 1747//1443
f 1827//1443 1830//1443 1591//1443
f 1591//1443 1830//1443 1593//1443
f 1593//1443 1830//1443 1595//1443
f 1749//1443 1935//1443 1937//1443
f 1595//1443 1832//1443 1596//1443
f 1596//1443 1832//1443 1599//1443
f 1830//1443 1832//1443 1595//1443
f 1749//1443 1934//1443 1935//1443
f 1752//1443 1934//1443 1749//1443
f 1599//1443 1834//1443 1601//1443
f 1832//1443 1834//1443 1599//1443
f 1752//1443 1932//1443 1934//1443
f 1601//1443 1836//1443 1603//1443
f 1834//1443 1836//1443 1601//1443
f 1752//1443 1929//1443 1932//1443
f 1754//1443 1929//1443 1752//1443
f 383//1443 317//1443 382//1443
f 324//1443 317//1443 383//1443
f 317//1443 318//1443 382//1443
f 382//1443 320//1443 381//1443
f 318//1443 320//1443 382//1443
f 1463//1443 1654//1443 1754//1443
f 1461//1443 1654//1443 1462//1443
f 1462//1443 1654//1443 1463//1443
f 1607//1443 1682//1443 1609//1443
f 1609//1443 1682//1443 1610//1443
f 381//1443 1652//1443 1459//1443
f 1459//1443 1652//1443 1460//1443
f 1460//1443 1652//1443 1461//1443
f 1461//1443 1652//1443 1654//1443
f 1603//1443 1680//1443 1605//1443
f 1605//1443 1680//1443 1607//1443
f 1838//1443 1680//1443 1836//1443
f 1836//1443 1680//1443 1603//1443
f 1607//1443 1680//1443 1682//1443
f 1654//1443 1656//1443 1754//1443
f 1754//1443 1656//1443 1929//1443
f 1929//1443 1656//1443 1927//1443
f 1610//1443 1684//1443 1613//1443
f 1613//1443 1684//1443 1614//1443
f 1682//1443 1684//1443 1610//1443
f 381//1443 1651//1443 1652//1443
f 322//1443 1651//1443 320//1443
f 320//1443 1651//1443 381//1443
f 1841//1443 1679//1443 1839//1443
f 1839//1443 1679//1443 1838//1443
f 1838//1443 1679//1443 1680//1443
f 1927//1443 1658//1443 1926//1443
f 1926//1443 1658//1443 1924//1443
f 1656//1443 1658//1443 1927//1443
f 1614//1443 1686//1443 1616//1443
f 1684//1443 1686//1443 1614//1443
f 1686//1443 1619//1443 1616//1443
f 1553//1443 1675//1443 322//1443
f 322//1443 1675//1443 1651//1443
f 1843//1443 1703//1443 1841//1443
f 1841//1443 1703//1443 1679//1443
f 1924//1443 1660//1443 1922//1443
f 1658//1443 1660//1443 1924//1443
f 1686//1443 1688//1443 1619//1443
f 1553//1443 1551//1443 1675//1443
f 1843//1443 1845//1443 1703//1443
f 1688//1443 1620//1443 1619//1443
f 1551//1443 1673//1443 1675//1443
f 1845//1443 1701//1443 1703//1443
f 1660//1443 1920//1443 1922//1443
f 1660//1443 1662//1443 1920//1443
f 1688//1443 1690//1443 1620//1443
f 1845//1443 1847//1443 1701//1443
f 1551//1443 1549//1443 1673//1443
f 1549//1443 1672//1443 1673//1443
f 1847//1443 1700//1443 1701//1443
f 1690//1443 1622//1443 1620//1443
f 1662//1443 1918//1443 1920//1443
f 1847//1443 1849//1443 1700//1443
f 1549//1443 1546//1443 1672//1443
f 1690//1443 350//1443 1622//1443
f 1691//1443 350//1443 1690//1443
f 1663//1443 1916//1443 1662//1443
f 1662//1443 1916//1443 1918//1443
f 1691//1443 348//1443 350//1443
f 1849//1443 1852//1443 1700//1443
f 1700//1443 1852//1443 1698//1443
f 1546//1443 1544//1443 1672//1443
f 1672//1443 1544//1443 1670//1443
f 348//1443 777//1443 345//1443
f 345//1443 777//1443 343//1443
f 343//1443 777//1443 778//1443
f 778//1443 352//1443 343//1443
f 1665//1443 1914//1443 1663//1443
f 1663//1443 1914//1443 1916//1443
f 1852//1443 1854//1443 1698//1443
f 1691//1443 776//1443 348//1443
f 348//1443 776//1443 777//1443
f 1693//1443 776//1443 1691//1443
f 1544//1443 1543//1443 1670//1443
f 1665//1443 1912//1443 1914//1443
f 1854//1443 1856//1443 1698//1443
f 1693//1443 1624//1443 776//1443
f 1665//1443 1910//1443 1912//1443
f 1543//1443 1541//1443 1670//1443
f 1670//1443 1541//1443 1668//1443
f 1693//1443 1625//1443 1624//1443
f 1541//1443 1539//1443 1668//1443
f 1693//1443 1626//1443 1625//1443
f 1696//1443 1626//1443 1693//1443
f 1668//1443 1537//1443 1665//1443
f 1539//1443 1537//1443 1668//1443
f 1696//1443 1627//1443 1626//1443
f 1537//1443 1535//1443 1665//1443
f 1696//1443 1628//1443 1627//1443
f 1665//1443 1533//1443 1910//1443
f 1535//1443 1533//1443 1665//1443
f 1860//1443 1710//1443 1858//1443
f 1858//1443 1710//1443 1856//1443
f 1533//1443 1531//1443 1910//1443
f 1863//1443 1708//1443 1861//1443
f 1861//1443 1708//1443 1860//1443
f 1860//1443 1708//1443 1710//1443
f 1628//1443 1712//1443 1629//1443
f 1696//1443 1712//1443 1628//1443
f 1698//1443 1712//1443 1696//1443
f 1710//1443 1712//1443 1856//1443
f 1856//1443 1712//1443 1698//1443
f 1865//1443 1707//1443 1863//1443
f 1863//1443 1707//1443 1708//1443
f 1629//1443 1714//1443 1630//1443
f 1712//1443 1714//1443 1629//1443
f 1531//1443 1529//1443 1910//1443
f 1910//1443 1529//1443 1908//1443
f 1714//1443 1631//1443 1630//1443
f 1869//1443 1731//1443 1868//1443
f 1868//1443 1731//1443 1865//1443
f 1865//1443 1731//1443 1707//1443
f 1529//1443 1527//1443 1908//1443
f 1908//1443 1527//1443 1906//1443
f 1716//1443 1632//1443 1714//1443
f 1714//1443 1632//1443 1631//1443
f 1869//1443 1729//1443 1731//1443
f 1873//1443 1729//1443 1872//1443
f 1872//1443 1729//1443 1869//1443
f 1527//1443 1525//1443 1906//1443
f 1718//1443 1633//1443 1716//1443
f 1716//1443 1633//1443 1632//1443
f 1873//1443 1728//1443 1729//1443
f 1906//1443 1523//1443 1904//1443
f 1525//1443 1523//1443 1906//1443
f 1718//1443 1634//1443 1633//1443
f 1523//1443 1521//1443 1904//1443
f 1718//1443 1635//1443 1634//1443
f 1719//1443 1635//1443 1718//1443
f 1883//1443 1944//1443 1881//1443
f 1883//1443 1942//1443 1944//1443
f 1888//1443 1942//1443 1886//1443
f 1886//1443 1942//1443 1883//1443
f 1521//1443 1519//1443 1904//1443
f 1904//1443 1519//1443 1902//1443
f 1944//1443 1946//1443 1881//1443
f 1881//1443 1946//1443 1880//1443
f 1880//1443 1946//1443 1877//1443
f 1719//1443 1636//1443 1635//1443
f 1888//1443 1941//1443 1942//1443
f 1892//1443 1941//1443 1890//1443
f 1890//1443 1941//1443 1888//1443
f 1519//1443 1517//1443 1902//1443
f 1902//1443 1517//1443 1900//1443
f 1873//1443 1948//1443 1728//1443
f 1946//1443 1948//1443 1877//1443
f 1877//1443 1948//1443 1876//1443
f 1876//1443 1948//1443 1873//1443
f 1719//1443 1637//1443 1636//1443
f 1721//1443 1637//1443 1719//1443
f 1892//1443 1965//1443 1941//1443
f 1894//1443 1965//1443 1892//1443
f 1517//1443 1515//1443 1900//1443
f 1948//1443 1950//1443 1728//1443
f 1721//1443 1638//1443 1637//1443
f 1724//1443 1638//1443 1721//1443
f 1515//1443 1513//1443 1900//1443
f 1900//1443 1513//1443 1898//1443
f 1724//1443 1639//1443 1638//1443
f 1513//1443 1511//1443 1898//1443
f 1724//1443 1640//1443 1639//1443
f 1726//1443 1640//1443 1724//1443
f 1511//1443 1509//1443 1898//1443
f 1898//1443 1509//1443 1896//1443
f 1726//1443 1641//1443 1640//1443
f 1509//1443 1507//1443 1896//1443
f 1726//1443 1642//1443 1641//1443
f 1728//1443 1642//1443 1726//1443
f 1894//1443 1505//1443 1965//1443
f 1507//1443 1505//1443 1896//1443
f 1896//1443 1505//1443 1894//1443
f 1728//1443 1643//1443 1642//1443
f 1505//1443 1503//1443 1965//1443
f 1728//1443 1644//1443 1643//1443
f 1950//1443 1644//1443 1728//1443
f 1503//1443 1501//1443 1965//1443
f 1965//1443 1501//1443 1963//1443
f 1950//1443 1645//1443 1644//1443
f 1501//1443 1499//1443 1963//1443
f 1952//1443 1646//1443 1950//1443
f 1950//1443 1646//1443 1645//1443
f 1963//1443 1497//1443 1962//1443
f 1499//1443 1497//1443 1963//1443
f 1952//1443 1647//1443 1646//1443
f 1497//1443 1495//1443 1962//1443
f 1953//1443 1648//1443 1952//1443
f 1952//1443 1648//1443 1647//1443
f 1962//1443 1493//1443 1960//1443
f 1495//1443 1493//1443 1962//1443
f 1953//1443 805//1443 1648//1443
f 1493//1443 1491//1443 1960//1443
f 1953//1443 363//1443 805//1443
f 1955//1443 363//1443 1953//1443
f 805//1443 361//1443 806//1443
f 363//1443 361//1443 805//1443
f 1491//1443 1489//1443 1960//1443
f 1960//1443 1489//1443 1958//1443
f 1955//1443 1485//1443 363//1443
f 1489//1443 1487//1443 1958//1443
f 1955//1443 1487//1443 1485//1443
f 1958//1443 1487//1443 1955//1443
f 361//1443 358//1443 806//1443
f 358//1443 807//1443 806//1443
f 358//1443 357//1443 807//1443
f 357//1443 365//1443 807//1443
