# Blender v3.0.1 OBJ File: ''
# www.blender.org
mtllib fixture.mtl
o obj1
v -7.005229 -59.924812 19.980440
v -6.798122 -59.765896 19.980440
v -6.868433 -59.624992 20.932032
v -7.543402 -60.058788 20.270395
v -7.246410 -60.024715 19.980440
v -7.505229 -60.058788 19.980440
v -7.298207 -59.799709 21.217768
v -7.060193 -59.198132 21.562830
v -7.833356 -60.058788 20.772608
v -7.655320 -60.058788 20.540590
v -8.625526 -59.707863 21.861460
v -7.780679 -59.299450 21.929995
v -8.625526 -59.329521 22.063387
v -8.625526 -60.058788 21.100733
v -8.335571 -60.058788 21.062563
v -8.625526 -59.966827 21.519617
v -7.533188 -59.749866 21.487024
v -8.065378 -60.058788 20.950647
v -7.799881 -58.048920 21.371256
v -8.625526 -58.901386 22.088266
v -8.625526 -58.502197 21.931520
v -8.625526 -58.205379 21.621981
v -6.859638 -58.499397 21.244738
v -6.996411 -57.894436 20.869616
v -6.798122 -57.826691 20.517626
v -7.246410 -57.615746 20.667589
v -7.505229 -57.587975 20.687334
v -7.005229 -57.697166 20.609705
v -6.505229 -58.821697 20.320162
v -6.639204 -57.995491 20.397623
v -6.539303 -58.192062 20.257883
v -6.505229 -58.403008 20.107920
v -12.205633 -58.060898 21.390078
v -13.149442 -58.521107 21.280153
v -12.946331 -59.207253 21.578165
v -13.005229 -57.735481 20.663820
v -13.212336 -57.865364 20.572245
v -12.764048 -57.653835 20.721392
v -12.505229 -57.625988 20.741022
v -12.230341 -59.301884 21.933123
v -11.384932 -58.901386 22.088266
v -11.384932 -59.329521 22.063387
v -11.384932 -58.502197 21.931520
v -11.384932 -58.205379 21.621981
v -11.384932 -59.707863 21.861460
v -11.384932 -60.058788 21.100733
v -11.384932 -59.966827 21.519617
v -11.674886 -60.058788 21.062563
v -12.473392 -59.751888 21.490549
v -12.177101 -60.058788 20.772608
v -11.945081 -60.058788 20.950647
v -13.005229 -59.924812 19.980440
v -13.139912 -59.627197 20.939257
v -13.212336 -59.765896 19.980440
v -12.467056 -60.058788 20.270395
v -12.764048 -60.024715 19.980440
v -12.505229 -60.058788 19.980440
v -12.709386 -59.801765 21.221117
v -12.355138 -60.058788 20.540590
v -13.371254 -59.558788 19.980440
v -13.505229 -59.058788 19.980440
v -13.471155 -59.317608 19.980440
v -13.505229 -58.835430 20.339602
v -13.254031 -59.270454 21.122538
v -7.804824 57.943317 21.390081
v -6.861016 58.403530 21.280157
v -7.064127 59.089672 21.578169
v -7.005229 57.617908 20.663824
v -6.798122 57.747784 20.572248
v -7.246410 57.536259 20.721395
v -7.505229 57.508411 20.741026
v -7.780117 59.184307 21.933126
v -8.625526 58.783810 22.088270
v -8.625526 59.211941 22.063391
v -8.625526 58.384624 21.931524
v -8.625526 58.087803 21.621984
v -8.625526 59.941212 21.100737
v -8.625526 59.849255 21.519621
v -8.335571 59.941212 21.062567
v -8.323402 59.569584 21.860846
v -8.625526 59.590290 21.861464
v -7.537066 59.634312 21.490553
v -7.833356 59.941212 20.772612
v -8.065378 59.941212 20.950651
v -7.005229 59.807240 19.980444
v -6.870546 59.509617 20.939260
v -6.798122 59.648319 19.980444
v -7.543402 59.941212 20.270399
v -7.246410 59.907139 19.980444
v -7.505229 59.941212 19.980444
v -7.165506 59.551685 21.305822
v -7.655320 59.941212 20.540594
v -6.505229 58.717854 20.339605
v -6.505229 58.941212 19.980444
v -6.539303 59.200031 19.980444
v -6.650210 59.445179 20.269018
v -6.639204 59.441212 19.980444
v -13.005229 59.807240 19.980444
v -13.212336 59.648319 19.980444
v -13.142025 59.507412 20.932035
v -12.467056 59.941212 20.270399
v -12.764048 59.907139 19.980444
v -12.505229 59.941212 19.980444
v -12.712252 59.682133 21.217772
v -12.950265 59.080555 21.562834
v -12.177101 59.941212 20.772612
v -12.355138 59.941212 20.540594
v -11.384932 59.590290 21.861464
v -12.229779 59.181873 21.929998
v -11.384932 59.211941 22.063391
v -11.384932 59.941212 21.100737
v -11.674886 59.941212 21.062567
v -11.384932 59.849255 21.519621
v -12.477270 59.632290 21.487028
v -11.945081 59.941212 20.950651
v -12.210577 57.931347 21.371260
v -11.384932 58.783810 22.088270
v -11.384932 58.384624 21.931524
v -11.384932 58.087803 21.621984
v -13.005229 57.579594 20.609709
v -13.150821 58.381817 21.244741
v -13.212336 57.709118 20.517630
v -12.764048 57.498173 20.667593
v -12.867706 58.537945 21.579878
v -12.505229 57.470402 20.687338
v -13.505229 58.704121 20.320166
v -13.505229 58.285427 20.107924
v -13.471155 58.074482 20.257887
v -13.362281 58.038586 20.632917
v -13.371254 57.877911 20.397627
v 94.095146 59.127270 -21.493979
v 94.144562 58.941212 -21.366922
v 93.925804 58.941212 -21.836061
v 93.823174 59.441212 -21.749945
v 93.952744 59.471066 -21.493979
v 94.080124 59.322437 -21.106119
v 94.099449 58.941212 -20.851255
v 93.689613 59.734196 -21.493979
v 93.542778 59.807240 -21.514669
v 94.029724 59.114262 -20.731527
v 93.716431 59.441212 -20.529860
v 93.802544 58.941212 -20.427229
v 93.864174 59.645626 -21.106119
v 93.897278 59.434010 -20.731527
v 93.540985 59.861576 -21.106119
v 93.159760 59.941212 -21.193274
v 93.481148 59.807240 -20.810251
v 93.652557 59.678738 -20.731527
v 93.689613 -59.851776 -21.493982
v 93.542778 -59.924812 -21.514673
v 93.823174 -59.558788 -21.749949
v 93.540985 -59.979153 -21.106123
v 93.481148 -59.924812 -20.810255
v 93.159760 -60.058788 -21.193277
v 93.952744 -59.588646 -21.493982
v 93.864174 -59.763203 -21.106123
v 94.095146 -59.244850 -21.493982
v 93.925804 -59.058788 -21.836065
v 94.144562 -59.058788 -21.366926
v 94.080124 -59.440014 -21.106123
v 94.099449 -59.058788 -20.851259
v 93.897278 -59.551586 -20.731531
v 93.716431 -59.558788 -20.529863
v 94.029724 -59.231834 -20.731531
v 93.802544 -59.058788 -20.427233
v 89.482567 59.855473 -17.604227
v 89.650932 59.807240 -17.596315
v 89.329536 59.941212 -17.979338
v 89.695419 59.601894 -17.323874
v 89.886208 59.441212 -17.315924
v 89.113693 59.855473 -17.636499
v 88.946510 59.807240 -17.657942
v 89.268646 59.656719 -17.283388
v 89.465630 59.326580 -17.066664
v 89.503181 58.941212 -16.994528
v 89.972321 58.941212 -17.213293
v 88.855392 59.601894 -17.397367
v 88.666122 59.441212 -17.422667
v 89.037025 59.326580 -17.104162
v 88.563492 58.941212 -17.336550
v 88.987518 58.941212 -17.039644
v 63.961079 59.941216 -48.212280
v 63.631351 59.648323 -47.505173
v 63.494770 58.941216 -47.212280
v 89.465630 -59.444153 -17.066668
v 89.972321 -59.058788 -17.213297
v 89.503181 -59.058788 -16.994532
v 88.987518 -59.058788 -17.039648
v 89.886208 -59.558788 -17.315928
v 89.695419 -59.719471 -17.323877
v 89.650932 -59.924812 -17.596319
v 89.037025 -59.444153 -17.104166
v 88.563492 -59.058788 -17.336554
v 88.666122 -59.558788 -17.422670
v 89.268646 -59.774292 -17.283392
v 89.482567 -59.973049 -17.604231
v 89.329536 -60.058788 -17.979342
v 88.855392 -59.719471 -17.397371
v 88.946510 -59.924812 -17.657946
v 89.113693 -59.973049 -17.636503
v -6.798122 59.648323 -47.505173
v -7.505229 59.941216 -48.212280
v -6.505229 58.941216 -47.212280
v -13.371254 59.441212 19.980444
v -13.471155 59.200031 19.980444
v -13.505229 58.941212 19.980444
v -6.639204 57.917049 20.452909
v -6.539303 58.114162 20.313932
v -6.505229 58.325687 20.164785
v -13.505229 -58.443268 20.164782
v -13.471155 -58.231739 20.313929
v -13.362196 -58.191631 20.684809
v -13.371254 -58.034626 20.452906
v -13.505229 -59.058784 -54.212288
v -13.371254 -59.558784 -54.212288
v -13.005229 -59.924809 -54.212288
v -12.505229 -60.058784 -54.212288
v -6.639204 -59.558788 19.980440
v -6.539303 -59.317608 19.980440
v -6.505229 -59.058788 19.980440
v -6.505229 -59.058784 -47.212288
v -6.798122 -59.765892 -47.505180
v -7.505229 -60.058784 -48.212288
v -7.505229 56.860111 19.877882
v -6.505229 57.860821 19.533491
v -6.798464 57.195751 19.829275
v -6.798464 56.954067 19.527006
v -6.505229 57.359043 18.906843
v -7.505229 56.147449 19.035017
v -6.798464 56.593868 19.098158
v -6.505229 56.847851 18.316526
v -6.798464 56.344410 18.814741
v -7.505229 55.201855 18.043135
v -6.798464 56.081951 18.527342
v -6.505229 56.299580 17.728270
v -6.798464 55.600971 18.026281
v -7.505229 54.247227 17.151571
v -6.798464 55.129597 17.563551
v -6.505229 55.327045 16.777525
v -6.798464 54.645405 17.113585
v -6.798464 54.163853 16.688452
v -7.505229 53.188740 16.260969
v -6.505229 54.337093 15.906614
v -6.798464 53.628529 16.238935
v -6.798464 53.103573 15.819059
v -6.505229 53.262295 15.047552
v -7.505229 52.029964 15.377745
v -6.798464 52.518925 15.373037
v -6.505229 51.989758 14.122015
v -7.505229 50.830753 14.543264
v -6.798464 51.895649 14.919775
v -6.798464 51.290730 14.499342
v -6.798464 50.576923 14.025335
v -6.798464 49.759106 13.509184
v -6.505229 50.533558 13.158972
v -7.505229 49.207821 13.517683
v -6.798464 48.941654 13.019430
v -6.798464 48.006008 12.487997
v -6.505229 48.871540 12.163374
v -7.505229 47.347492 12.463530
v -6.798464 46.996639 11.946165
v -6.798464 -47.187641 11.984514
v -6.798464 -48.223206 12.543222
v -6.505229 -48.085777 11.662142
v -7.505229 -48.548119 13.062952
v -6.798464 -49.157391 13.077028
v -6.798464 -49.972210 13.568201
v -6.505229 -49.983086 12.746668
v -7.505229 -50.167725 14.036455
v -6.798464 -50.788567 14.086641
v -6.798464 -51.520283 14.575922
v -6.505229 -51.643120 13.804964
v -7.505229 -52.887024 15.931520
v -6.798464 -52.123650 14.998583
v -7.505229 -51.622265 15.003405
v -6.505229 -52.873169 14.668390
v -6.798464 -52.761749 15.466837
v -6.505229 -54.064251 15.585238
v -6.798464 -53.343952 15.915583
v -7.505229 -53.949284 16.791117
v -6.798464 -53.880474 16.349688
v -6.798464 -54.398346 16.789843
v -7.505229 -54.926525 17.664652
v -6.505229 -55.125931 16.487749
v -6.798464 -54.892391 17.231623
v -6.505229 -56.087994 17.394541
v -6.798464 -55.360367 17.672464
v -6.798464 -55.845573 18.155779
v -7.505229 -55.883701 18.620035
v -6.505229 -57.047466 18.408625
v -6.798464 -56.310219 18.647478
v -6.798464 -56.762371 19.157549
v -7.505229 -56.773712 19.626841
v -6.505229 -57.611187 19.070177
v -6.798464 -57.032169 19.478991
v -7.246932 -57.218845 20.128748
v -7.123348 -57.252598 20.102762
v -6.581948 -57.711315 19.814966
v -6.581933 51.264561 14.090994
v -7.123312 49.857365 13.823355
v -6.581933 49.720249 13.106260
v -7.123312 48.578579 13.058020
v -6.505229 46.824459 11.062834
v -7.123312 46.612339 11.989843
v -6.798464 45.928013 11.404440
v -6.581933 47.410282 11.797949
v -6.581933 45.722134 10.943747
v -7.505229 45.221546 11.387556
v -6.798464 44.648746 10.794226
v -6.505229 44.233112 9.829306
v -7.123312 43.563648 10.540983
v -6.798464 43.296078 10.188826
v -6.581933 43.023968 9.719568
v -7.505229 42.530651 10.180716
v -6.798464 41.841808 9.578455
v -7.123312 40.560551 9.303885
v -6.505229 41.291561 8.598188
v -6.798464 40.231396 8.947817
v -7.505229 39.323986 8.924330
v -6.581933 39.924809 8.487444
v -6.798464 38.581738 8.347486
v -7.123312 37.250469 8.121462
v -6.505229 37.960850 7.386144
v -7.505229 35.958691 7.787252
v -6.581933 36.509380 7.313612
v -6.798464 36.892597 7.777086
v -6.798464 35.079159 7.210779
v -7.123312 33.962856 7.108518
v -6.505229 34.303310 6.246217
v -6.798464 33.535099 6.763418
v -7.505229 32.883434 6.887865
v -6.581933 32.774418 6.218645
v -7.123312 32.059185 6.586519
v -6.798464 29.701725 5.777215
v -7.123312 30.502880 6.191534
v -7.505229 29.774242 6.095899
v -6.505229 29.723171 5.056173
v -6.581933 30.490925 5.633447
v -6.798464 31.265064 6.159181
v -7.123312 28.940014 5.821569
v -6.581933 28.919407 5.263868
v -6.798464 28.132610 5.419687
v -6.798464 25.577457 4.888478
v -6.581933 26.359592 4.714475
v -7.505229 26.640865 5.401685
v -6.505229 24.582165 3.979032
v -7.123312 23.995533 4.808293
v -6.798464 23.470951 4.495057
v -7.505229 22.439053 4.613957
v -7.123312 21.517246 4.383016
v -6.581933 22.589588 4.013856
v -6.505229 18.831905 3.050622
v -7.123312 19.139454 4.024179
v -6.798464 18.229435 3.681927
v -6.581933 19.721783 3.563077
v -7.505229 17.685177 3.906243
v -6.581933 17.086941 3.208749
v -6.798464 12.958302 3.088536
v -7.123312 14.123547 3.417741
v -7.505229 12.906597 3.378335
v -6.581933 14.202671 2.883958
v -6.798464 15.355618 3.331612
v -6.505229 13.048191 2.387246
v -7.123312 11.727398 3.196747
v -6.581933 11.797054 2.661591
v -6.798464 7.662434 2.702114
v -6.581933 8.899586 2.450078
v -7.505229 8.107182 3.020706
v -7.123312 9.326305 3.017758
v -7.123312 6.677822 2.868019
v -6.505229 7.236538 1.972088
v -6.581933 6.240185 2.308319
v -7.505229 3.292274 2.826359
v -6.581933 3.332924 2.210015
v -7.123312 4.268635 2.774674
v -6.798464 2.349064 2.513882
v -7.123312 1.613922 2.718906
v -6.505229 1.405983 1.794262
v -6.798464 -2.969833 2.523044
v -6.581933 -2.242161 2.186363
v -7.123312 -2.247757 2.725739
v -6.505229 -9.604900 2.103973
v -7.123312 -9.554840 3.024780
v -6.798464 -10.367405 2.865360
v -6.581933 -8.778870 2.435012
v -6.581933 -10.950920 2.584297
v -6.798464 -12.292999 3.018432
v -7.123312 -12.915844 3.290123
v -6.505229 -13.475285 2.416286
v -7.505229 -15.940144 3.679626
v -6.581933 -16.006428 3.066344
v -7.123312 -15.309387 3.530544
v -6.798464 -14.691784 3.247722
v -6.505229 -17.333111 2.839473
v -6.798464 -16.609901 3.462802
v -7.123312 -17.460262 3.784499
v -6.581933 -18.164833 3.332092
v -6.798464 -20.908176 4.051448
v -7.123312 -19.842758 4.109096
v -7.505229 -20.703751 4.316653
v -6.581933 -20.081089 3.599391
v -6.798464 -18.998657 3.771354
v -6.505229 -21.176857 3.378356
v -7.123312 -21.747047 4.402286
v -6.581933 -21.993393 3.896392
v -6.798464 -25.185287 4.791125
v -7.123312 -24.117565 4.810500
v -7.505229 -25.440609 5.139071
v -6.505229 -25.004990 4.037768
v -6.581933 -23.901531 4.223693
v -7.123312 -26.246273 5.219222
v -6.581933 -26.041126 4.628501
v -6.798464 -27.080387 5.170459
v -6.581933 -27.939655 5.022208
v -7.123312 -28.602205 5.720000
v -6.505229 -28.815645 4.822844
v -6.798464 -29.437737 5.689406
v -6.581933 -30.066433 5.504485
v -7.505229 -30.144974 6.157736
v -6.798464 -31.317833 6.144164
v -6.505229 -32.599892 5.745287
v -7.123312 -32.813335 6.757388
v -6.798464 -33.417679 6.699187
v -6.798464 -38.961590 8.440592
v -6.581933 -38.570339 7.960203
v -7.505229 -38.041199 8.430922
v -6.505229 -40.026764 8.073771
v -7.123312 -39.302574 8.791609
v -6.798464 -40.606323 9.045950
v -7.505229 -41.317055 9.637201
v -6.581933 -41.885597 9.199732
v -6.798464 -42.171757 9.665312
v -6.505229 -43.190289 9.324270
v -7.123312 -43.167515 10.317270
v -6.798464 -43.621666 10.279512
v -7.505229 -44.203613 10.859468
v -6.581933 -44.758205 10.434130
v -6.798464 -44.972054 10.889681
v -6.505229 -45.922829 10.558527
v -7.123312 -45.706142 11.478060
v -6.798464 -46.119995 11.441088
v -7.505229 -46.488625 11.953951
v -6.581933 -46.550613 11.294085
v -7.123312 -47.841331 12.578730
v -6.581933 -49.086517 12.660982
v -7.123312 -49.631958 13.612123
v -6.581933 -50.378334 13.439913
v -7.123312 -51.171719 14.599489
v -6.524826 48.139347 11.977598
v -7.310465 45.910740 11.700743
v -7.310465 44.388584 10.975332
v -6.524826 44.981762 10.384848
v -7.310465 41.542683 9.752394
v -6.524826 42.161968 9.156507
v -7.310465 38.284672 8.533457
v -6.524826 38.947109 7.933615
v -6.524826 37.233440 7.349958
v -7.310465 34.958004 7.460004
v -6.674029 35.790691 7.269674
v -6.524826 35.410503 6.776006
v -6.524826 33.537273 6.232675
v -6.674029 32.016506 6.196619
v -7.310465 30.913509 6.352750
v -6.524826 31.254185 5.628728
v -7.123312 27.371815 5.475412
v -7.310465 27.787189 5.623952
v -6.524826 28.039959 4.875799
v -6.674029 27.245792 5.074391
v -7.310465 25.316273 5.115891
v -6.950426 24.783291 4.860887
v -6.524826 25.472256 4.346929
v -7.310465 23.214161 4.727166
v -6.524826 23.584217 3.995858
v -7.310465 20.788540 4.326531
v -6.798464 20.613903 4.023217
v -6.674029 21.599239 4.025468
v -6.950426 19.874104 4.036801
v -6.524826 20.715130 3.521447
v -7.310465 18.409855 3.981831
v -6.524826 17.958050 3.130326
v -7.123312 16.514278 3.681935
v -6.674029 16.219296 3.278325
v -7.310465 15.904354 3.668523
v -6.524826 15.071995 2.786183
v -7.310465 11.116825 3.205292
v -6.524826 10.972431 2.406853
v -6.798464 10.555882 2.888142
v -6.674029 9.728214 2.677784
v -7.310465 7.391880 2.961457
v -6.524826 8.069225 2.212345
v -6.950426 5.964321 2.743786
v -6.798464 5.250782 2.592167
v -7.310465 4.984531 2.856056
v -6.524826 5.282803 2.081448
v -6.674029 4.292767 2.409008
v -7.310465 2.453071 2.789082
v -6.524826 2.370762 2.002590
v -6.950426 0.774197 2.619259
v -6.581933 0.667736 2.171696
v -6.798464 -0.066651 2.493565
v -7.310465 0.041958 2.766975
v -7.123312 -0.798302 2.710957
v -6.524826 -0.420548 1.982418
v -6.505229 -4.428352 1.852993
v -6.674029 -1.153160 2.346962
v -6.798464 -1.518376 2.500950
v -7.505229 -1.529141 2.794487
v -7.310465 -3.093457 2.799030
v -6.950426 -3.814651 2.665962
v -7.123312 -4.658779 2.782902
v -6.581933 -3.696655 2.215820
v -6.524826 -3.333885 2.019188
v -6.798464 -5.383923 2.592434
v -7.310465 -5.502838 2.870449
v -6.581933 -6.198120 2.301059
v -7.505229 -6.347530 2.925209
v -6.524826 -5.314465 2.077976
v -6.798464 -7.960003 2.711601
v -6.674029 -7.079762 2.514728
v -7.123312 -7.149727 2.884819
v -7.310465 -7.950569 2.984821
v -6.524826 -7.899937 2.196018
v -6.950426 -8.757336 2.881412
v -7.310465 -10.353268 3.138351
v -7.505229 -11.153458 3.218795
v -6.524826 -12.211693 2.498123
v -6.950426 -13.801960 3.281368
v -6.581933 -14.082462 2.860145
v -7.310465 -14.427601 3.495021
v -6.524826 -14.743050 2.738929
v -7.310465 -16.698013 3.748573
v -6.950426 -18.227100 3.790920
v -7.310465 -19.081383 4.058722
v -6.524826 -18.709698 3.215579
v -7.310465 -22.408779 4.569991
v -6.798464 -22.813507 4.361423
v -6.524826 -22.541901 3.796912
v -7.310465 -27.018906 5.436778
v -6.950426 -27.839325 5.457675
v -6.524826 -27.426609 4.720599
v -7.310465 -29.370295 5.954367
v -7.310465 -31.476583 6.466460
v -6.524826 -31.331892 5.620104
v -6.950426 -32.063461 6.462729
v -6.524826 -33.738663 6.257235
v -6.505229 -36.342190 6.822913
v -7.310465 -33.568913 7.025137
v -6.674029 -34.140305 6.745680
v -6.581933 -34.869743 6.776862
v -7.505229 -34.331795 7.263030
v -7.310465 -35.019012 7.444125
v -6.798464 -35.274109 7.235037
v -7.123312 -35.715641 7.594702
v -6.524826 -35.604340 6.800120
v -6.950426 -36.421467 7.718436
v -6.798464 -37.136211 7.818995
v -7.310465 -36.876614 8.022104
v -6.524826 -37.461105 7.386946
v -6.674029 -37.849499 7.896731
v -6.524826 -39.296822 8.016752
v -7.310465 -40.307076 9.224695
v -6.524826 -40.960567 8.633825
v -7.310465 -42.237595 9.987970
v -6.524826 -43.978199 9.877497
v -7.310465 -44.949051 11.180635
v -7.310465 -47.158604 12.277971
v -6.524826 -47.316723 11.474932
v -7.407312 46.630367 12.080969
v -7.407312 43.460964 10.575331
v -7.407312 40.435421 9.333872
v -7.407312 37.123455 8.156199
v -7.407312 33.921345 7.172422
v -7.407312 31.898884 6.619836
v -7.407312 28.780781 5.859975
v -7.407312 23.878025 4.860902
v -7.407312 21.613506 4.472283
v -7.407312 19.237423 4.111554
v -7.407312 16.794651 3.789189
v -7.407312 14.405933 3.519833
v -7.407312 12.011707 3.293797
v -7.407312 9.612446 3.109887
v -7.407312 6.546421 2.934773
v -7.407312 4.138325 2.843643
v -7.407312 1.667358 2.792377
v -7.407312 -0.743641 2.783516
v -7.407312 -2.311226 2.799557
v -7.407312 -4.720978 2.857780
v -7.407312 -7.148945 2.957691
v -7.407312 -9.552807 3.097618
v -6.871413 -11.486115 3.016452
v -7.310465 -12.033138 3.270442
v -7.407312 -12.791168 3.351890
v -7.407312 -15.183678 3.590045
v -7.407312 -17.511333 3.864349
v -7.407312 -19.892300 4.189898
v -7.407312 -21.555855 4.445182
v -7.407312 -23.925449 4.849559
v -7.407312 -26.229141 5.290019
v -7.407312 -28.583509 5.790423
v -7.407312 -32.906635 6.858126
v -7.407312 -35.606232 7.637316
v -7.407312 -39.176109 8.823442
v -7.407312 -43.222641 10.420321
v -7.407312 -45.720169 11.565859
v -7.407312 -47.854786 12.669085
v 63.631351 -59.765892 -47.505180
v 63.494770 -59.058784 -47.212288
v 63.961079 -60.058784 -48.212288
v -12.505229 -56.977779 19.878008
v -13.505229 -57.978367 19.533449
v -13.211995 -57.313354 19.829317
v -13.211995 -57.071651 19.527033
v -13.505229 -57.476540 18.906771
v -12.505229 -56.265213 19.035288
v -13.211995 -56.711498 19.098269
v -13.505229 -56.965286 18.316439
v -13.211995 -56.462013 18.814837
v -12.505229 -55.319782 18.043634
v -13.211995 -56.199528 18.527430
v -13.505229 -56.416946 17.728174
v -13.211995 -55.718620 18.026491
v -12.505229 -54.365341 17.152330
v -13.211995 -55.247189 17.563753
v -13.505229 -55.444275 16.777437
v -13.211995 -54.763077 17.113932
v -13.211995 -54.281452 16.688799
v -12.505229 -53.307102 16.262049
v -13.505229 -54.454159 15.906572
v -13.211995 -53.746243 16.239466
v -13.211995 -53.221233 15.819628
v -13.505229 -53.379230 15.047632
v -12.505229 -52.148209 15.378901
v -13.211995 -52.636517 15.373667
v -13.505229 -52.106522 14.122286
v -12.505229 -50.948837 14.544535
v -13.211995 -52.013161 14.920473
v -13.211995 -51.408154 14.500116
v -13.211995 -50.694229 14.026201
v -13.211995 -49.876274 13.510157
v -13.505229 -50.650085 13.159487
v -12.505229 -49.325645 13.519136
v -13.211995 -49.058685 13.020533
v -13.211995 -48.122879 12.489222
v -13.505229 -48.987793 12.164171
v -12.505229 -47.465015 12.465197
v -13.211995 -47.113361 11.947519
v -13.211995 47.054531 11.976400
v -13.211995 48.089947 12.534529
v -13.505229 47.968174 11.662153
v -12.505229 48.399616 13.045317
v -13.211995 49.024364 13.067976
v -13.211995 49.839115 13.558630
v -13.505229 49.865505 12.746687
v -12.505229 51.474522 14.982359
v -13.211995 50.655720 14.076704
v -12.505229 50.019543 14.017126
v -13.211995 51.387409 14.565451
v -13.505229 51.525555 13.804991
v -12.505229 52.739948 15.908789
v -13.211995 51.991001 14.987814
v -13.505229 52.755604 14.668425
v -13.211995 52.629147 15.455549
v -13.211995 53.211643 15.903967
v -12.505229 53.803074 16.766821
v -13.505229 53.946690 15.585272
v -13.211995 53.748280 16.337591
v -13.211995 54.266483 16.777403
v -12.505229 54.788364 17.645292
v -13.505229 55.008373 16.487776
v -13.211995 54.764271 17.221968
v -13.211995 55.232533 17.662550
v -13.505229 55.970425 17.394560
v -13.211995 55.721371 18.148993
v -12.505229 55.753277 18.606428
v -13.505229 56.929897 18.408636
v -13.211995 56.186245 18.640501
v -13.211995 56.641720 19.153967
v -12.505229 56.650204 19.619680
v -13.505229 57.493618 19.070189
v -13.211995 56.911594 19.475348
v -12.763526 57.098438 20.125067
v -12.887110 57.132183 20.099066
v -13.428511 57.593739 19.814970
v -13.428526 -51.381596 14.091562
v -12.887146 -49.974930 13.824526
v -13.428526 -49.837025 13.107073
v -12.887146 -48.695930 13.059351
v -13.505229 -46.940418 11.063944
v -12.887146 -46.729393 11.991396
v -13.211995 -46.044605 11.405901
v -13.428526 -47.526684 11.799105
v -13.428526 -45.838337 10.945093
v -12.505229 -45.338825 11.389391
v -13.211995 -44.765232 10.795778
v -13.505229 -44.348873 9.830637
v -12.887146 -43.680466 10.542704
v -13.211995 -43.412529 10.190401
v -13.428526 -43.140083 9.721018
v -12.505229 -42.647888 10.182558
v -13.211995 -41.958336 9.579969
v -12.887146 -40.678169 9.305643
v -13.505229 -41.407455 8.599424
v -13.211995 -40.348705 8.949400
v -12.505229 -39.442787 8.926275
v -13.428526 -40.041519 8.488756
v -13.211995 -38.699322 8.348829
v -12.887146 -37.369610 8.123007
v -13.505229 -38.077251 7.386927
v -12.505229 -36.079468 7.788950
v -13.428526 -36.627045 7.314456
v -13.211995 -37.011150 7.778330
v -13.211995 -35.198128 7.211657
v -12.887146 -34.083664 7.109629
v -13.505229 -34.420467 6.246306
v -13.211995 -33.654999 6.764132
v -12.505229 -33.006111 6.889178
v -13.428526 -32.893204 6.218817
v -12.887146 -32.180733 6.587286
v -13.211995 -29.823029 5.777308
v -12.887146 -30.625343 6.192122
v -12.505229 -29.898767 6.096812
v -13.505229 -29.841230 5.055426
v -13.428526 -30.610184 5.633189
v -13.211995 -31.385485 6.159426
v -12.887146 -29.063358 5.821997
v -13.428526 -29.039515 5.263487
v -13.211995 -28.254749 5.419661
v -13.211995 -25.699860 4.888171
v -13.428526 -26.480003 4.713798
v -12.505229 -26.767036 5.402301
v -13.505229 -24.700699 3.977847
v -12.887146 -24.120697 4.808421
v -13.211995 -23.594185 4.494788
v -12.505229 -22.566921 4.614493
v -12.887146 -21.642750 4.383132
v -13.428526 -22.710468 4.013141
v -13.505229 -18.950180 3.049716
v -12.887146 -19.265678 4.024432
v -13.211995 -18.353245 3.681873
v -13.428526 -19.842499 3.562469
v -12.505229 -17.814476 3.906955
v -13.428526 -17.207844 3.208385
v -13.211995 -13.082417 3.088867
v -12.887146 -14.250568 3.418300
v -12.505229 -13.037136 3.379264
v -13.428526 -14.323250 2.883838
v -13.211995 -15.479122 3.331718
v -13.505229 -13.165848 2.386959
v -12.887146 -11.855045 3.197444
v -13.428526 -11.918259 2.661743
v -13.211995 -7.787003 2.702648
v -13.428526 -9.020550 2.450386
v -12.505229 -8.239101 3.021656
v -12.887146 -9.454632 3.018528
v -12.887146 -6.806465 2.868728
v -13.505229 -7.353737 1.972255
v -13.428526 -6.361481 2.308693
v -12.505229 -3.425892 2.826954
v -13.428526 -3.454201 2.210335
v -12.887146 -4.398136 2.775261
v -13.211995 -2.474472 2.514229
v -12.887146 -1.743900 2.719254
v -13.505229 -1.523155 1.794475
v -13.211995 2.843376 2.522946
v -13.428526 2.120296 2.186405
v -12.887146 2.116772 2.725636
v -13.505229 9.487377 2.103882
v -12.887146 9.421459 3.023640
v -13.211995 10.238995 2.864480
v -13.428526 8.656345 2.434636
v -13.428526 10.827930 2.583783
v -13.211995 12.164585 3.017395
v -12.887146 12.781605 3.288502
v -13.505229 13.357738 2.416180
v -12.505229 15.799274 3.676881
v -13.428526 15.883038 3.065598
v -12.887146 15.174320 3.528542
v -13.211995 16.480694 3.461339
v -13.505229 17.215603 2.839410
v -12.887146 17.324833 3.782178
v -13.428526 18.041050 3.331219
v -13.211995 20.778225 4.049520
v -12.887146 19.706539 4.106347
v -12.505229 20.561344 4.312833
v -13.428526 19.957348 3.598458
v -13.211995 18.868641 3.769585
v -13.505229 21.059406 3.378366
v -12.887146 21.610905 4.399278
v -13.428526 21.869701 3.895394
v -13.505229 24.887592 4.037839
v -12.887146 23.980648 4.806996
v -13.211995 25.054592 4.788648
v -12.505229 25.296688 5.133988
v -13.428526 23.777882 4.222623
v -12.887146 26.108997 5.215295
v -13.428526 25.917072 4.627259
v -13.211995 26.949734 5.167779
v -13.505229 28.698254 4.822950
v -12.887146 28.464146 5.715471
v -13.211995 29.306271 5.686243
v -13.428526 27.815624 5.020868
v -12.505229 29.999554 6.151105
v -13.428526 29.941982 5.502912
v -13.211995 31.186413 6.140726
v -13.505229 32.482456 5.745382
v -12.887146 32.674267 6.751626
v -13.211995 33.285549 6.695207
v -13.211995 38.829044 8.435312
v -13.428526 38.445248 7.957624
v -12.505229 37.893650 8.420713
v -12.887146 39.982113 9.084826
v -13.505229 39.909191 8.073797
v -13.211995 40.473293 9.040075
v -12.505229 41.168865 9.625101
v -13.428526 41.760296 9.196646
v -13.211995 42.038868 9.659056
v -13.505229 43.072674 9.324274
v -12.887146 43.026699 10.307287
v -13.211995 43.488400 10.272665
v -12.505229 44.055019 10.845465
v -13.428526 44.632786 10.430555
v -13.211995 44.838963 10.882460
v -13.505229 45.805218 10.558531
v -12.887146 45.565182 11.466711
v -13.211995 45.986675 11.433325
v -12.505229 46.339947 11.938185
v -13.428526 46.425121 11.290136
v -12.887146 47.700428 12.566008
v -13.428526 48.490612 12.387785
v -12.887146 49.491268 13.598066
v -13.428526 50.252972 13.435049
v -13.485633 -48.255676 11.978586
v -12.699993 -46.027893 11.702440
v -12.699993 -44.505623 10.977114
v -13.485633 -45.097729 10.386202
v -12.699993 -41.660084 9.754213
v -13.485633 -42.277954 9.157862
v -12.699993 -38.403633 8.535212
v -13.485633 -39.063660 7.934671
v -13.485633 -37.350471 7.350779
v -12.699993 -35.078793 7.461405
v -13.336430 -35.909004 7.270537
v -13.485633 -35.527920 6.776476
v -13.485633 -33.655243 6.232806
v -13.336430 -32.136108 6.196829
v -12.699993 -31.036549 6.353594
v -13.485633 -31.372635 5.628420
v -12.887146 -27.495972 5.475714
v -12.699993 -27.911957 5.624468
v -13.485633 -28.159225 4.875063
v -13.336430 -27.367088 5.074023
v -12.699993 -25.441963 5.116237
v -13.060033 -24.907078 4.860801
v -13.485633 -25.591751 4.345981
v -12.699993 -23.340679 4.727500
v -13.485633 -23.703941 3.994906
v -12.699993 -20.915611 4.326896
v -13.211995 -20.737034 4.022948
v -13.336430 -21.721256 4.024981
v -13.060033 -19.998787 4.036803
v -13.485633 -20.834736 3.520587
v -12.699993 -18.537621 3.982322
v -13.485633 -18.077641 3.129703
v -12.887146 -16.640682 3.682315
v -13.336430 -16.341503 3.278209
v -12.699993 -16.032516 3.669139
v -13.485633 -15.191277 2.785831
v -12.699993 -11.246239 3.206142
v -13.485633 -11.091717 2.406913
v -13.211995 -10.680637 2.888645
v -13.336430 -9.851070 2.678180
v -12.699993 -7.522156 2.962280
v -13.485633 -8.188301 2.212577
v -13.060033 -6.091343 2.744392
v -13.211995 -5.376175 2.592682
v -12.699993 -5.115643 2.856754
v -13.485633 -5.402016 2.081741
v -13.336430 -4.416100 2.409412
v -12.699993 -2.584866 2.789543
v -13.485633 -2.489983 2.002846
v -13.060033 -0.902363 2.619507
v -13.428526 -0.789505 2.171909
v -13.211995 -0.059704 2.493732
v -12.699993 -0.174698 2.767155
v -12.887146 0.667370 2.711033
v -13.485633 0.301033 1.982578
v -13.505229 4.310986 1.853039
v -13.336430 1.029053 2.347054
v -13.211995 1.391971 2.500984
v -12.505229 1.393627 2.794422
v -12.699993 2.959724 2.798764
v -13.060033 3.685448 2.665711
v -12.887146 4.526829 2.782467
v -13.428526 3.574734 2.215771
v -13.485633 3.214268 2.019219
v -12.699993 5.368137 2.869801
v -13.211995 5.256496 2.592072
v -13.428526 6.075665 2.300831
v -12.505229 6.210094 2.924313
v -13.485633 5.194546 2.077896
v -13.336430 6.954777 2.514321
v -13.211995 7.832500 2.710991
v -12.887146 7.017262 2.884037
v -12.699993 7.815151 2.983773
v -13.485633 7.779942 2.195824
v -13.060033 8.626888 2.880551
v -12.699993 10.216953 3.136902
v -12.505229 11.014225 3.217003
v -13.485633 12.091419 2.497780
v -13.060033 13.670208 3.279885
v -13.428526 13.959042 2.859460
v -13.211995 14.562534 3.246407
v -12.699993 14.290035 3.492875
v -13.485633 14.622570 2.738530
v -12.699993 16.559864 3.746026
v -13.060033 18.094379 3.788861
v -12.699993 18.942455 4.055699
v -13.485633 18.589062 3.215115
v -12.699993 22.269123 4.566293
v -13.211995 22.683613 4.359330
v -13.485633 22.421345 3.796418
v -12.699993 26.877926 5.431939
v -13.060033 27.704960 5.454099
v -13.485633 27.305897 4.719991
v -12.699993 29.228550 5.948820
v -12.699993 31.334347 6.460233
v -13.485633 31.210957 5.619321
v -13.060033 31.928204 6.458166
v -12.699993 33.426052 7.018114
v -13.485633 33.617527 6.256292
v -13.505229 36.224689 6.822977
v -13.336430 34.011845 6.742620
v -13.428526 34.744938 6.774782
v -12.505229 34.185162 7.254667
v -12.699993 34.875912 7.436548
v -13.211995 35.142048 7.230722
v -12.887146 35.576038 7.587965
v -13.485633 35.483189 6.799078
v -13.060033 36.285343 7.712591
v -13.211995 37.003559 7.814100
v -12.699993 36.733013 8.013700
v -13.485633 37.339771 7.385747
v -13.336430 37.720631 7.892961
v -12.699993 38.934139 8.762972
v -13.485633 39.175495 8.015440
v -13.485633 40.839092 8.632349
v -12.699993 42.093113 9.976881
v -13.485633 43.856640 9.875761
v -12.699993 44.804295 11.167921
v -12.699993 47.013851 12.263685
v -13.485633 47.195194 11.472898
v -12.603146 -46.747700 12.082651
v -12.603146 -43.578072 10.577158
v -12.603146 -40.553497 9.335779
v -12.603146 -37.243305 8.157942
v -12.603146 -34.043072 7.173785
v -12.603146 -32.021751 6.620913
v -12.603146 -28.905441 5.860678
v -12.603146 -24.004833 4.861327
v -12.603146 -21.740978 4.472724
v -12.603146 -19.365620 4.112094
v -12.603146 -16.923389 3.789844
v -12.603146 -14.535286 3.520625
v -12.603146 -12.141682 3.294689
v -12.603146 -9.743099 3.110816
v -12.603146 -6.677921 2.935608
v -12.603146 -4.270687 2.844299
v -12.603146 -1.800530 2.792767
v -12.603146 0.609516 2.783581
v -12.603146 2.176605 2.799389
v -12.603146 4.585392 2.857216
v -12.603146 7.012516 2.956715
v -12.603146 9.415470 3.096219
v -13.139046 11.356236 3.015362
v -12.699993 11.896404 3.268719
v -12.603146 12.652760 3.349911
v -12.603146 15.044460 3.587613
v -12.603146 17.371433 3.861455
v -12.603146 19.751629 4.186490
v -12.603146 21.414822 4.441415
v -12.603146 23.783665 4.845201
v -12.603146 26.086697 5.285050
v -12.603146 28.440296 5.784738
v -12.603146 32.762188 6.850877
v -12.603146 35.461124 7.628919
v -12.603146 40.053936 9.189562
v -12.603146 43.076084 10.407820
v -12.603146 45.573429 11.551664
v -12.603146 47.708126 12.653173
v -12.505229 59.941216 -54.212280
v -13.005229 59.807243 -54.212280
v -13.371254 59.441216 -54.212280
v -13.505229 58.941216 -54.212280
v 66.758926 -59.058784 -54.212288
v 66.376579 -59.765892 -54.212288
v 65.453522 -60.058784 -54.212288
v 65.453522 59.941216 -54.212280
v 66.376579 59.648323 -54.212280
v 66.758926 58.941216 -54.212280
v 16.352402 -40.326500 -47.212284
v 15.839118 -39.838589 -47.212284
v 15.434558 -39.257343 -47.212284
v 16.953392 -40.701099 -47.212284
v 15.155284 -38.606556 -47.212284
v 17.617489 -40.947056 -47.212284
v 15.012729 -37.912876 -47.212284
v 18.317497 -41.054295 -47.212284
v 15.012729 -37.204693 -47.212284
v 19.024769 -41.018421 -47.212284
v 15.155284 -36.511013 -47.212284
v 15.434558 -35.860226 -47.212284
v 21.994770 -37.558784 -47.212284
v 21.923126 -38.263329 -47.212284
v 21.711121 -38.939030 -47.212284
v 21.367443 -39.558224 -47.212284
v 20.906155 -40.095562 -47.212284
v 20.346146 -40.529041 -47.212284
v 19.710339 -40.840916 -47.212284
v 21.367443 -35.559345 -47.212284
v 21.711121 -36.178539 -47.212284
v 21.923126 -36.854240 -47.212284
v 16.352402 34.673500 -47.212284
v 15.839118 35.161415 -47.212284
v 15.839118 -35.278980 -47.212284
v 16.352402 -34.791069 -47.212284
v 15.434558 35.742661 -47.212284
v 16.953392 34.298897 -47.212284
v 16.953392 -34.416470 -47.212284
v 17.617489 34.052948 -47.212284
v 17.617489 -34.170513 -47.212284
v 18.317497 33.945709 -47.212284
v 18.317497 -34.063274 -47.212284
v 15.155284 36.393448 -47.212284
v 15.012729 37.087128 -47.212284
v 15.012729 37.795303 -47.212284
v 19.024769 33.981575 -47.212284
v 19.024769 -34.099148 -47.212284
v 15.155284 38.488983 -47.212284
v 19.710339 34.159081 -47.212284
v 19.710339 -34.276653 -47.212284
v 15.434558 39.139771 -47.212284
v 20.346146 34.470963 -47.212284
v 20.346146 -34.588528 -47.212284
v 15.839118 39.721016 -47.212284
v 20.906155 34.904442 -47.212284
v 20.906155 -35.022007 -47.212284
v 16.352402 40.208931 -47.212284
v 21.367443 35.441780 -47.212284
v 16.953392 40.583534 -47.212284
v 17.617489 40.829483 -47.212284
v 18.317497 40.936722 -47.212284
v 19.024769 40.900856 -47.212284
v 21.994770 37.441216 -47.212284
v 21.923126 36.736671 -47.212284
v 21.711121 36.060966 -47.212284
v 19.710339 40.723351 -47.212284
v 20.346146 40.411469 -47.212284
v 20.906155 39.977989 -47.212284
v 21.367443 39.440651 -47.212284
v 21.711121 38.821465 -47.212284
v 21.923126 38.145760 -47.212284
v 21.367443 -39.558224 -54.212284
v 20.906155 -40.095562 -54.212284
v 20.346146 -40.529041 -54.212284
v 21.711121 -38.939030 -54.212284
v 19.710339 -40.840916 -54.212284
v 21.923126 -38.263329 -54.212284
v 19.024769 -41.018421 -54.212284
v 21.994770 -37.558784 -54.212284
v 21.923126 -36.854240 -54.212284
v 21.711121 -36.178539 -54.212284
v 21.367443 -35.559345 -54.212284
v 15.434558 -39.257343 -54.212284
v 15.839118 -39.838589 -54.212284
v 16.352402 -40.326500 -54.212284
v 16.953392 -40.701099 -54.212284
v 17.617489 -40.947056 -54.212284
v 18.317497 -41.054295 -54.212284
v 15.434558 -35.860226 -54.212284
v 15.155284 -36.511013 -54.212284
v 15.012729 -37.204693 -54.212284
v 15.012729 -37.912876 -54.212284
v 15.155284 -38.606556 -54.212284
v 21.367443 35.441780 -54.212284
v 20.906155 -35.022007 -54.212284
v 20.906155 34.904442 -54.212284
v 20.346146 34.470963 -54.212284
v 20.346146 -34.588528 -54.212284
v 19.710339 -34.276653 -54.212284
v 21.711121 36.060966 -54.212284
v 19.710339 34.159081 -54.212284
v 21.923126 36.736671 -54.212284
v 19.024769 33.981575 -54.212284
v 19.024769 -34.099148 -54.212284
v 21.994770 37.441216 -54.212284
v 18.317497 33.945709 -54.212284
v 18.317497 -34.063274 -54.212284
v 17.617489 -34.170513 -54.212284
v 21.923126 38.145760 -54.212284
v 17.617489 34.052948 -54.212284
v 21.711121 38.821465 -54.212284
v 16.953392 34.298897 -54.212284
v 16.953392 -34.416470 -54.212284
v 16.352402 -34.791069 -54.212284
v 21.367443 39.440651 -54.212284
v 16.352402 34.673500 -54.212284
v 20.906155 39.977989 -54.212284
v 15.839118 35.161415 -54.212284
v 15.839118 -35.278980 -54.212284
v 20.346146 40.411469 -54.212284
v 15.434558 35.742661 -54.212284
v 19.710339 40.723351 -54.212284
v 19.024769 40.900856 -54.212284
v 15.434558 39.139771 -54.212284
v 15.155284 38.488983 -54.212284
v 15.012729 37.795303 -54.212284
v 15.012729 37.087128 -54.212284
v 15.155284 36.393448 -54.212284
v 18.317497 40.936722 -54.212284
v 17.617489 40.829483 -54.212284
v 16.953392 40.583534 -54.212284
v 16.352402 40.208931 -54.212284
v 15.839118 39.721016 -54.212284
vn 0.6009 -0.7831 0.1604
vn 0.3521 -0.9060 0.2349
vn 0.3682 -0.8889 0.2727
vn 0.1305 -0.9913 0.0172
vn 0.6040 -0.5627 0.5644
vn -0.5486 -0.2420 0.8003
vn 0.2769 -0.9371 0.2125
vn 0.3719 -0.9154 0.1541
vn 0.4450 -0.8865 0.1273
vn 0.1542 -0.4652 0.8717
vn 0.0282 -0.9763 0.2143
vn 0.7613 -0.6472 -0.0400
vn 0.4498 -0.4883 0.7478
vn 0.1737 -0.7850 0.5947
vn 0.1547 -0.9147 0.3734
vn 0.2320 -0.9245 0.3023
vn 0.2350 -0.6128 0.7545
vn 0.1941 -0.9306 0.3104
vn 0.3762 0.3828 0.8438
vn 0.1577 -0.0573 0.9858
vn 0.3275 0.3453 0.8795
vn 0.3644 0.3845 0.8481
vn 0.0732 0.7199 0.6903
vn 0.2795 0.3302 0.9016
vn 0.7252 0.4738 0.4997
vn 0.1271 0.6544 0.7454
vn 0.3826 0.7422 0.5503
vn 0.6087 0.6418 0.4665
vn 0.2362 0.7556 0.6110
vn 0.3642 0.5489 0.7524
vn 0.9192 -0.0893 0.3835
vn 0.7869 0.4184 0.4536
vn 0.9399 0.0836 0.3311
vn 0.9099 0.2067 0.3597
vn 0.9891 0.0665 0.1312
vn -0.2614 0.3184 0.9112
vn -0.6024 0.5582 0.5706
vn -0.3801 0.6144 0.6914
vn -0.3738 0.6140 0.6952
vn -0.1305 0.7947 0.5928
vn -0.3705 0.3785 0.8482
vn -0.1539 -0.0573 0.9864
vn -0.3581 0.3803 0.8527
vn -0.3253 0.3456 0.8802
vn -0.0683 0.7201 0.6905
vn -0.1496 -0.4655 0.8723
vn -0.0282 -0.9763 0.2143
vn -0.4369 -0.4997 0.7480
vn -0.7573 -0.6522 -0.0338
vn -0.2306 -0.9255 0.3005
vn -0.1535 -0.9160 0.3705
vn -0.1710 -0.7854 0.5950
vn -0.2318 -0.6156 0.7532
vn -0.1922 -0.9313 0.3093
vn -0.6010 -0.7833 0.1587
vn -0.3510 -0.9071 0.2323
vn -0.3682 -0.8889 0.2727
vn -0.1305 -0.9913 0.0172
vn 0.5451 -0.2612 0.7966
vn -0.5986 -0.5741 0.5587
vn -0.3702 -0.9162 0.1533
vn -0.2751 -0.9380 0.2111
vn -0.4430 -0.8875 0.1270
vn -0.7848 -0.6022 0.1464
vn -0.9882 -0.1301 0.0809
vn -0.6874 -0.4936 0.5327
vn -0.7842 0.4004 0.4741
vn -0.9074 -0.3759 0.1880
vn -0.9025 -0.3864 0.1902
vn -0.9589 -0.2100 0.1910
vn 0.2614 -0.3184 0.9112
vn 0.6023 -0.5582 0.5706
vn 0.3801 -0.6144 0.6914
vn 0.3738 -0.6140 0.6952
vn 0.1305 -0.7948 0.5927
vn 0.3705 -0.3785 0.8482
vn 0.1539 0.0573 0.9864
vn 0.3581 -0.3803 0.8527
vn 0.3253 -0.3456 0.8802
vn 0.0683 -0.7201 0.6905
vn 0.0282 0.9763 0.2143
vn 0.1528 0.3861 0.9097
vn 0.0341 0.4706 0.8817
vn 0.0558 0.7959 0.6029
vn 0.3468 0.8523 0.3915
vn 0.4369 0.4997 0.7480
vn 0.7573 0.6522 -0.0337
vn 0.2306 0.9255 0.3005
vn 0.1535 0.9160 0.3705
vn 0.3086 0.5770 0.7562
vn 0.1224 0.9005 0.4173
vn 0.6010 0.7833 0.1587
vn 0.3510 0.9071 0.2323
vn 0.3682 0.8889 0.2727
vn 0.1305 0.9913 0.0172
vn -0.4260 0.3882 0.8172
vn 0.7151 0.4647 0.5221
vn 0.4279 0.8863 0.1772
vn 0.3291 0.9099 0.2525
vn 0.3791 0.9032 0.2014
vn 0.9175 0.1421 0.3714
vn 0.9882 0.1301 0.0809
vn 0.6808 0.7159 0.1550
vn 0.7932 0.6086 0.0219
vn 0.9235 0.3825 0.0300
vn 0.9339 0.2140 0.2864
vn 0.9590 0.2097 0.1905
vn -0.6009 0.7831 0.1604
vn -0.3521 0.9060 0.2349
vn -0.3682 0.8889 0.2726
vn -0.1305 0.9913 0.0172
vn -0.6040 0.5627 0.5644
vn 0.5486 0.2420 0.8003
vn -0.2769 0.9371 0.2125
vn -0.3719 0.9154 0.1541
vn -0.4450 0.8865 0.1273
vn -0.1542 0.4652 0.8717
vn -0.0282 0.9763 0.2143
vn -0.7613 0.6472 -0.0400
vn -0.4498 0.4883 0.7478
vn -0.1737 0.7850 0.5947
vn -0.1546 0.9147 0.3734
vn -0.2320 0.9245 0.3023
vn -0.2351 0.6128 0.7544
vn -0.1941 0.9306 0.3104
vn -0.3762 -0.3828 0.8438
vn -0.1577 0.0573 0.9858
vn -0.3275 -0.3453 0.8795
vn -0.3644 -0.3845 0.8481
vn -0.0732 -0.7198 0.6903
vn -0.6028 -0.5596 0.5687
vn -0.3743 -0.6164 0.6928
vn 0.3725 0.0857 0.9241
vn -0.7393 -0.0915 0.6672
vn -0.1273 -0.6613 0.7392
vn -0.4133 -0.6626 0.6246
vn -0.4346 -0.6181 0.6551
vn -0.9192 0.0893 0.3835
vn -0.9891 -0.0665 0.1312
vn -0.6946 -0.4978 0.5193
vn -0.7933 -0.4883 0.3637
vn -0.9237 -0.2992 0.2395
vn -0.9375 -0.0389 0.3458
vn -0.9594 -0.0787 0.2710
vn 0.9053 -0.0478 -0.4221
vn 0.8030 0.2574 -0.5375
vn 0.8223 0.3406 -0.4560
vn 0.9904 0.1082 0.0866
vn 0.9127 0.3780 -0.1549
vn 0.9749 0.2119 -0.0689
vn 0.4279 0.6974 -0.5749
vn 0.6471 0.6471 -0.4031
vn 0.6984 0.2574 0.6678
vn 0.8173 -0.0667 0.5723
vn 0.9461 0.2117 0.2450
vn 0.6986 0.6986 -0.1549
vn 0.8300 0.5546 -0.0601
vn 0.8755 0.3627 0.3193
vn 0.7162 0.2967 0.6317
vn 0.8084 0.5402 0.2337
vn 0.1541 0.9658 0.2085
vn 0.2306 0.9647 -0.1273
vn 0.4554 0.8828 -0.1154
vn 0.5546 0.8300 -0.0601
vn 0.1621 0.6636 0.7303
vn 0.6040 0.6039 0.5201
vn 0.5030 0.8263 0.2535
vn 0.6701 0.6701 0.3193
vn 0.5402 0.8084 0.2337
vn 0.4279 -0.6974 -0.5750
vn 0.1541 -0.9658 0.2085
vn 0.2306 -0.9647 -0.1273
vn 0.4554 -0.8828 -0.1154
vn 0.6471 -0.6471 -0.4031
vn 0.5370 -0.8037 0.2562
vn 0.5546 -0.8300 -0.0600
vn 0.6986 -0.6986 -0.1549
vn 0.9053 0.0478 -0.4221
vn 0.8030 -0.2574 -0.5375
vn 0.8223 -0.3406 -0.4560
vn 0.9904 -0.1082 0.0866
vn 0.9749 -0.2119 -0.0689
vn 0.8300 -0.5546 -0.0601
vn 0.9127 -0.3780 -0.1549
vn 0.5424 -0.7021 0.4613
vn 0.5845 -0.7275 0.3593
vn 0.8084 -0.5402 0.2337
vn 0.8173 0.0667 0.5723
vn 0.6984 -0.2574 0.6678
vn 0.7162 -0.2967 0.6317
vn 0.9461 -0.2117 0.2450
vn 0.8755 -0.3627 0.3193
vn 0.2690 0.9570 0.1090
vn 0.5700 0.6982 0.4332
vn 0.2018 0.7977 0.5683
vn -0.2838 0.9570 0.0606
vn -0.0202 0.9728 0.2306
vn -0.0442 0.8622 0.5047
vn 0.1577 0.7890 0.5939
vn 0.4135 0.2063 0.8868
vn 0.4414 0.2527 0.8610
vn 0.3555 0.4623 0.8124
vn 0.1518 0.6041 0.7823
vn -0.6365 0.6982 0.3276
vn -0.2584 0.7890 0.5575
vn -0.2974 0.7977 0.5246
vn -0.5842 0.2528 0.7713
vn -0.5612 0.2063 0.8015
vn -0.0858 0.1752 0.9808
vn -0.0747 0.5157 0.8535
vn -0.4911 0.4623 0.7383
vn -0.2854 0.6041 0.7441
vn -0.1983 0.9659 0.1664
vn -0.2948 0.9236 0.2451
vn -0.7089 0.3824 0.5926
vn -0.5411 0.7071 0.4552
vn -0.7399 0.2588 0.6209
vn 0.4135 -0.2063 0.8868
vn -0.0858 -0.1752 0.9808
vn 0.4414 -0.2527 0.8610
vn 0.5700 -0.6982 0.4332
vn 0.3555 -0.4623 0.8124
vn -0.5612 -0.2063 0.8015
vn -0.5842 -0.2528 0.7713
vn 0.1518 -0.6041 0.7823
vn -0.0747 -0.5157 0.8535
vn 0.2690 -0.9570 0.1090
vn 0.2018 -0.7977 0.5683
vn 0.1577 -0.7889 0.5939
vn -0.6365 -0.6982 0.3276
vn -0.2854 -0.6041 0.7441
vn -0.4911 -0.4623 0.7383
vn -0.2839 -0.9570 0.0606
vn -0.0202 -0.9728 0.2306
vn -0.0442 -0.8622 0.5047
vn -0.2975 -0.7977 0.5246
vn -0.2584 -0.7889 0.5575
vn 0.0000 0.9239 0.3827
vn 0.0000 0.3827 0.9239
vn -0.9193 0.1338 0.3700
vn -0.7847 0.6021 0.1471
vn -0.9395 0.2351 0.2490
vn -0.9066 0.3755 0.1923
vn -0.9874 0.1300 0.0907
vn 0.9179 0.1056 0.3825
vn 0.7864 -0.4168 0.4560
vn 0.9404 -0.0673 0.3333
vn 0.9089 -0.2042 0.3637
vn 0.9885 -0.0617 0.1384
vn -0.9179 -0.1056 0.3825
vn -0.9885 0.0617 0.1384
vn -0.6917 0.4981 0.5229
vn -0.9236 0.2997 0.2389
vn -0.7933 0.4894 0.3623
vn -0.9375 0.0221 0.3473
vn -0.9593 0.0658 0.2747
vn -0.9659 -0.2588 -0.0005
vn -0.9914 -0.1305 -0.0000
vn -0.9239 -0.3827 -0.0000
vn -0.7071 -0.7071 -0.0005
vn -0.7934 -0.6088 0.0000
vn -0.6088 -0.7934 0.0000
vn -0.2588 -0.9659 -0.0005
vn -0.3827 -0.9239 0.0000
vn -0.1305 -0.9914 -0.0000
vn 0.9193 -0.1338 0.3700
vn 0.7847 -0.6021 0.1471
vn 0.9395 -0.2351 0.2490
vn 0.9066 -0.3755 0.1923
vn 0.9874 -0.1300 0.0907
vn 0.0000 0.7218 0.6921
vn 0.0000 0.3655 0.9308
vn 0.0000 -0.0580 0.9983
vn 0.0000 -0.4708 0.8822
vn 0.0000 -0.7971 0.6039
vn 0.0000 -0.4709 0.8822
vn 0.0000 -0.9767 0.2144
vn 0.9914 -0.1305 -0.0000
vn 0.9239 -0.3827 -0.0010
vn 0.7934 -0.6088 0.0000
vn 0.6088 -0.7934 0.0000
vn 0.3827 -0.9239 -0.0010
vn 0.9240 -0.3823 -0.0010
vn 0.1305 -0.9914 -0.0000
vn 0.3835 -0.9235 -0.0010
vn 0.1305 -0.7927 0.5954
vn 0.9914 -0.1051 0.0774
vn 0.9211 -0.3568 0.1560
vn 0.4002 -0.7711 0.4953
vn 0.9275 -0.3396 0.1559
vn 0.6086 -0.6370 0.4730
vn 0.3822 -0.7830 0.4908
vn 0.7933 -0.4889 0.3629
vn 0.3824 -0.7217 0.5770
vn 0.9232 -0.3003 0.2401
vn 0.9231 -0.3002 0.2404
vn 0.3909 -0.7029 0.5943
vn 0.3881 -0.7057 0.5928
vn 0.9241 -0.2927 0.2458
vn 0.9231 -0.2908 0.2518
vn 0.3834 -0.6933 0.6102
vn 0.9237 -0.2876 0.2531
vn 0.3939 -0.6653 0.6342
vn 0.9238 -0.2827 0.2581
vn 0.9231 -0.2813 0.2622
vn 0.3841 -0.6818 0.6226
vn 0.3903 -0.6642 0.6376
vn 0.9243 -0.2753 0.2642
vn 0.3920 -0.6279 0.6723
vn 0.3814 -0.6476 0.6597
vn 0.9227 -0.2700 0.2750
vn 0.9224 -0.2701 0.2763
vn 0.3895 -0.6270 0.6747
vn 0.9243 -0.2598 0.2796
vn 0.9229 -0.2548 0.2886
vn 0.3915 -0.5924 0.7041
vn 0.3818 -0.6117 0.6928
vn 0.9226 -0.2548 0.2896
vn 0.3904 -0.5920 0.7051
vn 0.9243 -0.2454 0.2923
vn 0.9228 -0.2407 0.3010
vn 0.3817 -0.5773 0.7218
vn 0.9227 -0.2407 0.3012
vn 0.3909 -0.5580 0.7320
vn 0.9242 -0.2316 0.3036
vn 0.3904 -0.5584 0.7320
vn 0.9224 -0.2271 0.3123
vn 0.3898 -0.5260 0.7559
vn 0.3812 -0.5437 0.7477
vn 0.9240 -0.2182 0.3139
vn 0.3892 -0.5257 0.7564
vn 0.3808 -0.5115 0.7703
vn 0.9242 -0.2039 0.3230
vn 0.3803 -0.4753 0.7934
vn 0.9242 -0.1886 0.3320
vn 0.3795 -0.4376 0.8152
vn 0.9243 0.1812 0.3359
vn 0.3797 0.4590 0.8032
vn 0.9241 0.1973 0.3272
vn 0.3801 0.4959 0.7808
vn 0.9241 0.2124 0.3176
vn 0.3913 0.5444 0.7419
vn 0.3814 0.5304 0.7571
vn 0.9225 0.2217 0.3159
vn 0.9227 0.2212 0.3157
vn 0.9242 0.2259 0.3079
vn 0.9225 0.2355 0.3059
vn 0.9226 0.2355 0.3055
vn 0.3814 0.5643 0.7322
vn 0.3905 0.5791 0.7156
vn 0.9242 0.2401 0.2968
vn 0.3906 0.5790 0.7156
vn 0.9226 0.2498 0.2939
vn 0.3816 0.5986 0.7043
vn 0.3910 0.6134 0.6862
vn 0.3908 0.6136 0.6862
vn 0.9243 0.2544 0.2845
vn 0.9226 0.2645 0.2807
vn 0.9226 0.2645 0.2808
vn 0.3816 0.6338 0.6728
vn 0.9244 0.2693 0.2703
vn 0.3914 0.6494 0.6519
vn 0.3925 0.6497 0.6510
vn 0.9222 0.2809 0.2658
vn 0.3809 0.6720 0.6351
vn 0.9223 0.2809 0.2654
vn 0.9243 0.2856 0.2532
vn 0.3933 0.6888 0.6089
vn 0.9229 0.2931 0.2498
vn 0.3918 0.6885 0.6103
vn 0.9236 0.2937 0.2465
vn 0.3830 0.7076 0.5939
vn 0.1805 0.7801 0.5990
vn 0.1305 0.7983 0.5879
vn 0.3258 0.7614 0.5605
vn 0.3253 0.7843 0.5282
vn 0.3881 0.7867 0.4801
vn 0.3825 0.7370 0.5572
vn 0.6085 0.6615 0.4383
vn 0.6938 0.4847 0.5326
vn 0.7057 0.6317 0.3208
vn 0.9794 0.1605 0.1225
vn 0.9201 0.3644 0.1438
vn 0.7930 0.5132 0.3282
vn 0.9237 0.3007 0.2374
vn 0.9907 0.1286 0.0442
vn 0.8328 -0.3063 0.4612
vn 0.8950 -0.3122 0.3186
vn 0.9796 -0.1108 0.1675
vn 0.8748 -0.1127 0.4711
vn 0.2260 -0.5204 0.8235
vn 0.5488 -0.4462 0.7070
vn 0.4649 -0.5858 0.6639
vn 0.4337 -0.4196 0.7974
vn 0.8327 -0.2846 0.4750
vn 0.8988 -0.2869 0.3314
vn 0.8706 -0.1131 0.4788
vn 0.9795 -0.1036 0.1729
vn 0.2287 -0.4799 0.8470
vn 0.5481 -0.4131 0.7273
vn 0.4376 -0.4975 0.7490
vn 0.4605 -0.3242 0.8264
vn 0.8372 -0.0670 0.5428
vn 0.7332 -0.5792 0.3563
vn 0.8332 -0.2616 0.4872
vn 0.8745 -0.3307 0.3548
vn 0.8794 -0.1112 0.4630
vn 0.5867 -0.6000 0.5439
vn 0.5168 -0.2195 0.8275
vn 0.7437 0.0236 0.6681
vn 0.8448 -0.3478 0.4066
vn 0.8808 -0.0979 0.4632
vn 0.5894 -0.5505 0.5912
vn 0.5195 -0.1945 0.8321
vn 0.8506 -0.3071 0.4268
vn 0.7450 0.0139 0.6669
vn 0.6131 -0.4935 0.6170
vn 0.8778 -0.0874 0.4711
vn 0.5097 -0.1701 0.8434
vn 0.8511 -0.2828 0.4423
vn 0.6054 -0.4510 0.6558
vn 0.8288 -0.2853 0.4814
vn 0.7873 0.1082 0.6070
vn 0.5056 -0.4026 0.7631
vn 0.5847 -0.0255 0.8108
vn 0.3649 -0.3067 0.8791
vn 0.9125 -0.1837 0.3656
vn 0.7153 -0.0696 0.6954
vn 0.6892 -0.2651 0.6743
vn 0.3982 -0.1169 0.9098
vn 0.9262 0.0090 0.3769
vn 0.6892 -0.2544 0.6784
vn 0.7152 -0.0589 0.6964
vn 0.5994 0.0121 0.8004
vn 0.7654 0.0937 0.6368
vn 0.5432 0.0147 0.8395
vn 0.8547 0.1146 0.5064
vn 0.7742 -0.2644 0.5751
vn 0.4687 -0.2607 0.8440
vn 0.3845 -0.1502 0.9108
vn 0.7055 -0.1374 0.6952
vn 0.7025 -0.0052 0.7117
vn 0.9225 -0.0992 0.3730
vn 0.7056 -0.1249 0.6975
vn 0.9209 0.0288 0.3887
vn 0.4601 0.0992 0.8823
vn 0.6318 -0.1961 0.7499
vn 0.8608 -0.2055 0.4657
vn 0.7670 0.1514 0.6235
vn 0.5521 -0.1728 0.8157
vn 0.7956 -0.1912 0.5748
vn 0.7003 0.1174 0.7041
vn 0.8153 0.2209 0.5352
vn 0.8175 -0.1472 0.5568
vn 0.8852 0.1108 0.4519
vn 0.7692 -0.1281 0.6261
vn 0.5419 -0.1319 0.8300
vn 0.6532 0.0031 0.7571
vn 0.8930 -0.0252 0.4493
vn 0.5403 0.3180 0.7791
vn 0.8382 -0.1189 0.5322
vn 0.7933 0.2544 0.5531
vn 0.3662 0.0614 0.9285
vn 0.6907 0.0234 0.7227
vn 0.7153 0.1816 0.6748
vn 0.9140 -0.0178 0.4053
vn 0.6907 0.0346 0.7223
vn 0.9270 0.1350 0.3500
vn 0.4076 0.1075 0.9068
vn 0.8773 0.2596 0.4036
vn 0.7446 -0.0603 0.6648
vn 0.3510 0.2560 0.9007
vn 0.7268 0.0538 0.6848
vn 0.9074 0.1554 0.3904
vn 0.6787 0.2234 0.6996
vn 0.8153 -0.0597 0.5759
vn 0.8174 0.2998 0.4918
vn 0.8857 0.1791 0.4283
vn 0.5794 -0.0399 0.8141
vn 0.5312 0.3110 0.7881
vn 0.7617 0.3574 0.5405
vn 0.5992 0.4669 0.6504
vn 0.8510 0.2966 0.4335
vn 0.5125 0.1875 0.8380
vn 0.6057 0.5206 0.6017
vn 0.8786 0.0963 0.4678
vn 0.8477 0.0679 0.5261
vn 0.7432 0.4941 0.4512
vn 0.5106 0.2107 0.8336
vn 0.6011 0.5747 0.5554
vn 0.8774 0.1077 0.4676
vn 0.8353 0.0676 0.5456
vn 0.7462 0.5525 0.3714
vn 0.5821 0.0151 0.8130
vn 0.5111 0.5458 0.6639
vn 0.8765 0.3171 0.3621
vn 0.5476 0.3973 0.7364
vn 0.9792 0.1006 0.1760
vn 0.8995 0.2722 0.3418
vn 0.8330 0.2745 0.4803
vn 0.8721 0.1199 0.4743
vn 0.2237 0.5021 0.8354
vn 0.4566 0.3292 0.8266
vn 0.4374 0.5243 0.7306
vn 0.5488 0.4316 0.7159
vn 0.9794 0.1085 0.1702
vn 0.8765 0.3700 0.3080
vn 0.8330 0.2966 0.4670
vn 0.8959 0.1725 0.4094
vn 0.2220 0.5398 0.8120
vn 0.4446 0.3589 0.8207
vn 0.4429 0.5608 0.6995
vn 0.5489 0.4646 0.6948
vn 0.8860 -0.1752 0.4293
vn 0.8875 -0.1355 0.4404
vn 0.9714 -0.1258 0.2016
vn 0.9943 -0.0504 0.0937
vn 0.4608 -0.4404 0.7705
vn 0.4535 -0.4718 0.7561
vn 0.4594 -0.3300 0.8247
vn 0.4526 -0.3083 0.8367
vn 0.8855 -0.2345 0.4011
vn 0.9941 -0.0466 0.0978
vn 0.8871 -0.2599 0.3815
vn 0.9711 -0.0914 0.2203
vn 0.4509 -0.2787 0.8479
vn 0.4576 -0.2957 0.8385
vn 0.9712 -0.0819 0.2239
vn 0.8872 -0.2348 0.3972
vn 0.8855 -0.2116 0.4137
vn 0.9941 -0.0420 0.1004
vn 0.4579 -0.2563 0.8513
vn 0.4510 -0.2389 0.8600
vn 0.8873 -0.1870 0.4216
vn 0.8903 -0.2074 0.4055
vn 0.9707 -0.0730 0.2290
vn 0.9939 -0.0376 0.1033
vn 0.8704 -0.0929 0.4835
vn 0.7849 0.1293 0.6060
vn 0.7885 -0.0517 0.6128
vn 0.4681 -0.2147 0.8572
vn 0.4929 -0.1823 0.8508
vn 0.4616 -0.1530 0.8738
vn 0.5078 -0.1172 0.8535
vn 0.9944 -0.0318 0.1010
vn 0.8897 -0.1900 0.4152
vn 0.9126 -0.1404 0.3840
vn 0.8891 -0.1847 0.4188
vn 0.9939 -0.0329 0.1054
vn 0.9545 -0.0896 0.2845
vn 0.8885 -0.0308 0.4579
vn 0.8865 -0.0748 0.4567
vn 0.6408 -0.1437 0.7541
vn 0.6466 -0.1006 0.7561
vn 0.4375 -0.1488 0.8868
vn 0.2493 -0.2533 0.9347
vn 0.9943 -0.0273 0.1030
vn 0.9539 -0.0767 0.2901
vn 0.9074 -0.1220 0.4021
vn 0.9720 -0.0713 0.2240
vn 0.9934 -0.0289 0.1114
vn 0.8748 -0.1675 0.4547
vn 0.8864 -0.0635 0.4586
vn 0.2486 -0.2249 0.9421
vn 0.4375 -0.1215 0.8910
vn 0.8731 -0.1483 0.4645
vn 0.9741 -0.0353 0.2233
vn 0.9933 -0.0237 0.1130
vn 0.5598 -0.3674 0.7427
vn 0.8884 -0.0529 0.4560
vn 0.5188 -0.2749 0.8095
vn 0.9115 -0.0699 0.4053
vn 0.6181 -0.2084 0.7580
vn 0.4547 -0.1234 0.8820
vn 0.8501 -0.2186 0.4790
vn 0.4525 -0.1173 0.8840
vn 0.8730 -0.1376 0.4679
vn 0.8616 -0.1776 0.4755
vn 0.9942 -0.0217 0.1056
vn 0.9537 -0.0607 0.2947
vn 0.8631 -0.1815 0.4714
vn 0.4875 -0.2049 0.8487
vn 0.5169 -0.3089 0.7984
vn 0.5558 -0.2552 0.7912
vn 0.8777 -0.0092 0.4791
vn 0.8801 -0.0420 0.4729
vn 0.4537 -0.1841 0.8719
vn 0.6297 -0.0813 0.7726
vn 0.6274 -0.0492 0.7771
vn 0.4865 -0.0840 0.8696
vn 0.7581 -0.1440 0.6360
vn 0.7455 -0.1864 0.6399
vn 0.8817 -0.1124 0.4582
vn 0.9730 -0.0465 0.2263
vn 0.8801 -0.0307 0.4738
vn 0.9532 -0.0493 0.2983
vn 0.9941 -0.0177 0.1071
vn 0.9091 -0.0797 0.4090
vn 0.9930 -0.0188 0.1167
vn 0.4538 -0.1672 0.8753
vn 0.4384 -0.2090 0.8742
vn 0.8922 -0.0179 0.4514
vn 0.8995 0.0196 0.4365
vn 0.6644 -0.0106 0.7473
vn 0.5811 -0.1957 0.7899
vn 0.5312 -0.0243 0.8469
vn 0.9054 -0.0624 0.4200
vn 0.9709 -0.0372 0.2364
vn 0.8922 -0.0078 0.4517
vn 0.9931 -0.0134 0.1167
vn 0.9537 -0.0356 0.2988
vn 0.9943 -0.0126 0.1059
vn 0.8690 -0.0952 0.4855
vn 0.7013 -0.2054 0.6827
vn 0.9708 -0.0069 0.2400
vn 0.6867 -0.1707 0.7066
vn 0.7089 0.2815 0.6467
vn 0.9932 -0.0083 0.1159
vn 0.8678 0.0042 0.4970
vn 0.6683 -0.1271 0.7329
vn 0.9052 -0.0161 0.4246
vn 0.4331 0.0434 0.9003
vn 0.4512 0.0015 0.8924
vn 0.8934 -0.0658 0.4445
vn 0.9017 -0.1001 0.4206
vn 0.9944 -0.0071 0.1056
vn 0.9540 -0.0200 0.2992
vn 0.7562 0.0221 0.6539
vn 0.7417 0.0634 0.6678
vn 0.4513 0.0165 0.8922
vn 0.4893 -0.0803 0.8684
vn 0.9729 0.0032 0.2314
vn 0.8815 -0.0585 0.4686
vn 0.9933 -0.0035 0.1152
vn 0.6320 -0.0655 0.7722
vn 0.9091 0.0008 0.4166
vn 0.6313 -0.0989 0.7692
vn 0.8806 0.0239 0.4733
vn 0.4784 0.0333 0.8775
vn 0.4921 0.1562 0.8564
vn 0.5501 0.0908 0.8301
vn 0.9538 -0.0081 0.3003
vn 0.8801 -0.0831 0.4675
vn 0.8815 -0.0489 0.4697
vn 0.9943 -0.0029 0.1069
vn 0.8376 0.1089 0.5354
vn 0.7766 0.0464 0.6283
vn 0.7781 0.2199 0.5883
vn 0.4624 -0.0488 0.8853
vn 0.4784 0.0481 0.8768
vn 0.8691 -0.0401 0.4930
vn 0.8047 -0.1902 0.5624
vn 0.9934 0.0012 0.1147
vn 0.9749 0.0125 0.2225
vn 0.9129 0.0170 0.4079
vn 0.7058 0.1951 0.6810
vn 0.8009 -0.0205 0.5985
vn 0.6669 0.0849 0.7403
vn 0.3831 -0.0952 0.9188
vn 0.3796 0.1139 0.9181
vn 0.7030 -0.0959 0.7047
vn 0.4799 -0.0302 0.8768
vn 0.8398 -0.0980 0.5339
vn 0.4609 0.0668 0.8849
vn 0.7777 -0.0337 0.6278
vn 0.7829 -0.2086 0.5862
vn 0.9941 0.0014 0.1082
vn 0.9536 0.0038 0.3010
vn 0.8691 -0.0302 0.4938
vn 0.9008 0.0886 0.4252
vn 0.9693 -0.0198 0.2449
vn 0.5005 -0.1706 0.8488
vn 0.5669 -0.0776 0.8201
vn 0.4799 -0.0154 0.8772
vn 0.8113 0.1270 0.5707
vn 0.8775 0.0633 0.4753
vn 0.8404 0.2502 0.4808
vn 0.6256 0.0850 0.7755
vn 0.5379 0.1451 0.8304
vn 0.5937 0.2440 0.7668
vn 0.4708 0.0001 0.8822
vn 0.9944 0.0048 0.1056
vn 0.9544 0.0136 0.2983
vn 0.9106 0.0050 0.4133
vn 0.9938 0.0054 0.1115
vn 0.8841 -0.0206 0.4668
vn 0.8775 0.0719 0.4741
vn 0.9736 -0.0011 0.2284
vn 0.4700 0.0973 0.8773
vn 0.7709 -0.0113 0.6369
vn 0.7689 -0.0521 0.6372
vn 0.4698 -0.0256 0.8824
vn 0.4708 0.0151 0.8821
vn 0.8860 -0.0163 0.4634
vn 0.9943 0.0086 0.1060
vn 0.9719 0.0280 0.2338
vn 0.8514 0.1612 0.4991
vn 0.7834 0.1107 0.6116
vn 0.8071 0.2786 0.5206
vn 0.4527 0.0436 0.8906
vn 0.9724 0.0164 0.2329
vn 0.8812 0.0809 0.4658
vn 0.9943 0.0116 0.1061
vn 0.8802 -0.0110 0.4745
vn 0.9731 0.0426 0.2264
vn 0.4611 0.1544 0.8738
vn 0.4521 0.1954 0.8703
vn 0.7558 0.1757 0.6308
vn 0.4611 0.1709 0.8707
vn 0.4793 0.0722 0.8747
vn 0.9701 0.0510 0.2371
vn 0.8717 0.0981 0.4802
vn 0.9739 0.0226 0.2258
vn 0.7820 -0.0509 0.6212
vn 0.9942 0.0149 0.1064
vn 0.8520 0.1551 0.5001
vn 0.5518 0.2963 0.7795
vn 0.6810 -0.0070 0.7322
vn 0.8972 0.0134 0.4414
vn 0.9701 0.0583 0.2355
vn 0.9739 0.0298 0.2251
vn 0.8716 0.1131 0.4769
vn 0.9942 0.0183 0.1062
vn 0.4699 0.1320 0.8728
vn 0.7702 0.0850 0.6321
vn 0.7677 0.0458 0.6391
vn 0.4707 0.2283 0.8522
vn 0.9733 0.0549 0.2227
vn 0.8919 0.1512 0.4261
vn 0.9711 0.0311 0.2368
vn 0.8747 0.0679 0.4798
vn 0.9941 0.0218 0.1059
vn 0.4699 0.1509 0.8697
vn 0.4683 0.1123 0.8764
vn 0.4540 0.2637 0.8511
vn 0.8844 0.0819 0.4596
vn 0.9715 0.0647 0.2280
vn 0.9940 0.0258 0.1059
vn 0.4511 0.2713 0.8502
vn 0.8682 0.0620 0.4924
vn 0.8865 0.0169 0.4624
vn 0.8526 0.0088 0.5225
vn 0.8889 0.1750 0.4233
vn 0.9939 0.0305 0.1058
vn 0.5016 0.1413 0.8535
vn 0.9126 0.1318 0.3871
vn 0.8895 0.1802 0.4199
vn 0.5000 0.1389 0.8548
vn 0.5089 0.1008 0.8549
vn 0.5286 0.4968 0.6883
vn 0.5897 0.3579 0.7240
vn 0.4870 0.3075 0.8174
vn 0.9546 0.0833 0.2862
vn 0.8707 0.0830 0.4848
vn 0.9944 0.0295 0.1015
vn 0.7954 0.0398 0.6047
vn 0.8013 -0.1105 0.5880
vn 0.8477 0.2860 0.4468
vn 0.8591 0.2458 0.4489
vn 0.4534 0.2180 0.8643
vn 0.4560 0.2259 0.8608
vn 0.9937 0.0359 0.1057
vn 0.8882 0.1943 0.4164
vn 0.8887 0.2000 0.4125
vn 0.5123 0.1401 0.8473
vn 0.5022 0.1798 0.8459
vn 0.9122 0.1501 0.3813
vn 0.9943 0.0346 0.1007
vn 0.8714 0.1058 0.4790
vn 0.7857 -0.1248 0.6059
vn 0.7893 0.0689 0.6101
vn 0.9543 0.0970 0.2828
vn 0.4508 0.2616 0.8534
vn 0.4577 0.2787 0.8443
vn 0.9940 0.0403 0.1020
vn 0.9708 0.0787 0.2266
vn 0.8893 0.2214 0.4002
vn 0.8867 0.2002 0.4167
vn 0.4586 0.3772 0.8046
vn 0.4514 0.3995 0.7979
vn 0.9710 0.0877 0.2225
vn 0.9941 0.0446 0.0987
vn 0.8865 0.2240 0.4048
vn 0.8889 0.2482 0.3850
vn 0.4624 0.4209 0.7804
vn 0.4564 0.4500 0.7676
vn 0.4539 0.4914 0.7433
vn 0.4609 0.4605 0.7586
vn 0.9943 0.0485 0.0950
vn 0.8856 0.1682 0.4329
vn 0.9715 0.1206 0.2043
vn 0.8869 0.1305 0.4432
vn 0.1563 -0.4449 0.8818
vn 0.1759 -0.4445 0.8783
vn 0.2943 -0.1414 0.9452
vn 0.4137 -0.3839 0.8255
vn 0.2519 -0.4254 0.8692
vn 0.2063 -0.4004 0.8928
vn 0.4151 -0.3919 0.8210
vn 0.3064 -0.6003 0.7387
vn 0.1692 -0.4051 0.8985
vn 0.2528 -0.4052 0.8786
vn 0.1786 -0.3615 0.9151
vn 0.2393 -0.3542 0.9040
vn 0.2539 -0.3613 0.8972
vn 0.4168 -0.3464 0.8404
vn 0.3179 -0.5338 0.7835
vn 0.1762 -0.3174 0.9318
vn 0.2316 -0.3114 0.9216
vn 0.4168 -0.3061 0.8559
vn 0.2539 -0.3179 0.9135
vn 0.3187 -0.4909 0.8108
vn 0.1830 -0.2760 0.9436
vn 0.1630 -0.2779 0.9467
vn 0.2495 -0.2804 0.9269
vn 0.4085 -0.2770 0.8697
vn 0.2588 -0.4798 0.8383
vn 0.1683 -0.2433 0.9552
vn 0.4587 -0.1902 0.8680
vn 0.1620 -0.2433 0.9563
vn 0.2417 -0.2324 0.9421
vn 0.3029 -0.3526 0.8854
vn 0.1558 -0.2137 0.9644
vn 0.4584 -0.1629 0.8737
vn 0.1574 -0.2137 0.9641
vn 0.2414 -0.2016 0.9492
vn 0.3030 -0.3242 0.8962
vn 0.2233 -0.1796 0.9581
vn 0.2425 -0.1575 0.9573
vn 0.1736 -0.1832 0.9676
vn 0.2265 -0.1143 0.9673
vn 0.3691 -0.1863 0.9105
vn 0.1360 -0.1765 0.9749
vn 0.2555 -0.1340 0.9575
vn 0.2536 -0.1393 0.9572
vn 0.2536 -0.1208 0.9597
vn 0.2520 -0.1425 0.9572
vn 0.3598 -0.1501 0.9209
vn 0.1628 -0.1481 0.9755
vn 0.2680 -0.0796 0.9601
vn 0.1334 -0.1382 0.9814
vn 0.2049 -0.1469 0.9677
vn 0.5144 0.2023 0.8333
vn 0.5847 -0.0422 0.8102
vn 0.2622 -0.1015 0.9597
vn 0.2037 -0.1097 0.9729
vn 0.2380 -0.1067 0.9654
vn 0.3217 -0.0187 0.9466
vn 0.4554 -0.1170 0.8826
vn 0.1665 -0.1105 0.9798
vn 0.2406 -0.1068 0.9647
vn 0.3218 -0.0017 0.9468
vn 0.2621 -0.0669 0.9627
vn 0.3818 -0.0454 0.9231
vn 0.2008 -0.0749 0.9768
vn 0.2279 -0.0724 0.9710
vn 0.5188 -0.1365 0.8439
vn 0.1602 -0.0754 0.9842
vn 0.2405 -0.0730 0.9679
vn 0.4553 -0.0855 0.8862
vn 0.4749 0.1950 0.8582
vn 0.2716 -0.1008 0.9571
vn 0.2279 -0.0393 0.9729
vn 0.1312 -0.0463 0.9903
vn 0.3585 -0.0248 0.9332
vn 0.2545 -0.0596 0.9652
vn 0.2545 -0.0433 0.9661
vn 0.1487 -0.0374 0.9882
vn 0.2571 -0.0495 0.9651
vn 0.1983 -0.0371 0.9794
vn 0.1355 -0.0126 0.9907
vn 0.2309 -0.0064 0.9730
vn 0.3668 0.0073 0.9303
vn 0.2383 -0.0659 0.9690
vn 0.2457 -0.0262 0.9690
vn 0.1401 -0.0036 0.9901
vn 0.1967 -0.0036 0.9805
vn 0.2457 -0.0099 0.9693
vn 0.2444 -0.0169 0.9695
vn 0.2452 0.0297 0.9690
vn 0.2437 0.0368 0.9692
vn 0.2452 0.0461 0.9684
vn 0.1398 0.0239 0.9899
vn 0.2314 0.0264 0.9725
vn 0.1966 0.0237 0.9802
vn 0.2364 0.0857 0.9679
vn 0.1358 0.0329 0.9902
vn 0.3672 0.0117 0.9301
vn 0.2481 0.0695 0.9662
vn 0.2482 0.0627 0.9667
vn 0.2320 0.0593 0.9709
vn 0.1430 0.0575 0.9881
vn 0.1974 0.0570 0.9787
vn 0.3645 0.0435 0.9302
vn 0.2475 0.1192 0.9615
vn 0.1347 0.0666 0.9886
vn 0.2482 0.0792 0.9655
vn 0.3511 0.1028 0.9307
vn 0.8161 0.0248 0.5773
vn 0.3649 0.1349 0.9212
vn 0.4589 0.0437 0.8874
vn 0.8770 0.0804 0.4738
vn 0.8310 -0.0004 0.5562
vn 0.1377 0.0884 0.9865
vn 0.2424 0.0930 0.9657
vn 0.3064 0.2418 0.9207
vn 0.4564 0.0372 0.8890
vn 0.2269 0.0347 0.9733
vn 0.3696 0.1026 0.9235
vn 0.2396 0.0835 0.9673
vn 0.3063 0.2584 0.9162
vn 0.1990 0.0971 0.9752
vn 0.4564 0.0532 0.8882
vn 0.1436 0.0980 0.9848
vn 0.2489 0.1284 0.9600
vn 0.2512 0.1070 0.9620
vn 0.1343 0.1240 0.9832
vn 0.2590 0.0665 0.9636
vn 0.3620 0.1365 0.9221
vn 0.2523 0.1195 0.9602
vn 0.2512 0.1253 0.9598
vn 0.2033 0.1326 0.9701
vn 0.1579 0.1338 0.9783
vn 0.3910 0.1810 0.9024
vn 0.3134 0.2606 0.9132
vn 0.2571 0.1684 0.9516
vn 0.4618 0.1322 0.8771
vn 0.2572 0.1653 0.9521
vn 0.4820 0.5788 0.6578
vn 0.6037 0.0193 0.7969
vn 0.2442 0.1668 0.9553
vn 0.2066 0.1646 0.9645
vn 0.1676 0.1658 0.9718
vn 0.2484 0.2063 0.9464
vn 0.2484 0.2118 0.9452
vn 0.2485 0.2641 0.9319
vn 0.3655 0.1836 0.9125
vn 0.2484 0.2268 0.9417
vn 0.2798 0.2032 0.9383
vn 0.1396 0.2184 0.9658
vn 0.2084 0.2033 0.9567
vn 0.1641 0.2051 0.9649
vn 0.1868 0.2477 0.9507
vn 0.3710 0.2219 0.9018
vn 0.2254 0.3109 0.9233
vn 0.4554 0.2797 0.8452
vn 0.1418 0.2615 0.9547
vn 0.2724 0.2456 0.9303
vn 0.3111 0.0760 0.9473
vn 0.2427 0.2668 0.9327
vn 0.1383 0.2888 0.9473
vn 0.2540 0.2905 0.9225
vn 0.2278 0.2220 0.9481
vn 0.1852 0.2978 0.9365
vn 0.3700 0.2950 0.8809
vn 0.2364 0.3358 0.9118
vn 0.1777 0.3425 0.9225
vn 0.2540 0.3426 0.9045
vn 0.3187 0.5154 0.7955
vn 0.4169 0.3290 0.8473
vn 0.2182 0.3805 0.8987
vn 0.1696 0.3820 0.9084
vn 0.2533 0.3678 0.8947
vn 0.3124 0.1454 0.9388
vn 0.4160 0.3366 0.8448
vn 0.1813 0.4248 0.8869
vn 0.4126 0.3682 0.8332
vn 0.1583 0.4253 0.8911
vn 0.2514 0.4071 0.8781
vn 0.2861 0.1399 0.9479
vn 0.1815 0.4662 0.8658
vn 0.1582 0.4668 0.8701
vn 0.2519 0.4471 0.8583
vn 0.2923 0.1610 0.9427
vn 0.4136 0.4049 0.8155
vn 0.0000 -0.3827 0.9239
vn 0.0000 -0.9239 0.3827
vn -0.1305 0.7927 0.5954
vn -0.9914 0.1051 0.0774
vn -0.9211 0.3568 0.1560
vn -0.4002 0.7711 0.4953
vn -0.9275 0.3396 0.1559
vn -0.6086 0.6370 0.4730
vn -0.3822 0.7830 0.4908
vn -0.7933 0.4889 0.3629
vn -0.3824 0.7217 0.5770
vn -0.9232 0.3002 0.2401
vn -0.9231 0.3002 0.2404
vn -0.3909 0.7029 0.5943
vn -0.3881 0.7057 0.5928
vn -0.9241 0.2927 0.2458
vn -0.9231 0.2908 0.2518
vn -0.3834 0.6933 0.6102
vn -0.9237 0.2875 0.2531
vn -0.3939 0.6653 0.6342
vn -0.9238 0.2826 0.2581
vn -0.9231 0.2813 0.2622
vn -0.3841 0.6818 0.6227
vn -0.3903 0.6642 0.6376
vn -0.9243 0.2753 0.2642
vn -0.3920 0.6279 0.6724
vn -0.3814 0.6475 0.6597
vn -0.9227 0.2700 0.2750
vn -0.9224 0.2701 0.2763
vn -0.3895 0.6269 0.6747
vn -0.9243 0.2598 0.2796
vn -0.9229 0.2547 0.2886
vn -0.3915 0.5924 0.7041
vn -0.3818 0.6116 0.6929
vn -0.9226 0.2547 0.2896
vn -0.3904 0.5920 0.7051
vn -0.9243 0.2454 0.2923
vn -0.9228 0.2407 0.3010
vn -0.3817 0.5772 0.7218
vn -0.9227 0.2407 0.3012
vn -0.3909 0.5579 0.7321
vn -0.9242 0.2316 0.3037
vn -0.3904 0.5583 0.7320
vn -0.9224 0.2271 0.3123
vn -0.3898 0.5259 0.7560
vn -0.3811 0.5437 0.7478
vn -0.9240 0.2181 0.3140
vn -0.3891 0.5256 0.7565
vn -0.3808 0.5114 0.7704
vn -0.9242 0.2038 0.3231
vn -0.3803 0.4752 0.7935
vn -0.9242 0.1885 0.3321
vn -0.3795 0.4375 0.8152
vn -0.9243 -0.1811 0.3360
vn -0.3797 -0.4587 0.8034
vn -0.9241 -0.1971 0.3273
vn -0.3930 -0.5083 0.7663
vn -0.3802 -0.4955 0.7810
vn -0.3888 -0.5117 0.7661
vn -0.9241 -0.2123 0.3178
vn -0.3915 -0.5436 0.7425
vn -0.3814 -0.5300 0.7574
vn -0.9225 -0.2218 0.3160
vn -0.9228 -0.2209 0.3157
vn -0.3908 -0.5442 0.7424
vn -0.9242 -0.2258 0.3080
vn -0.9225 -0.2354 0.3058
vn -0.3907 -0.5781 0.7163
vn -0.3813 -0.5639 0.7325
vn -0.3901 -0.5787 0.7162
vn -0.9242 -0.2400 0.2970
vn -0.9227 -0.2494 0.2939
vn -0.3913 -0.6124 0.6869
vn -0.9226 -0.2499 0.2940
vn -0.3816 -0.5981 0.7047
vn -0.3904 -0.6133 0.6867
vn -0.9243 -0.2542 0.2846
vn -0.9227 -0.2641 0.2807
vn -0.9226 -0.2646 0.2808
vn -0.3816 -0.6334 0.6732
vn -0.3919 -0.6489 0.6521
vn -0.9244 -0.2691 0.2704
vn -0.3925 -0.6491 0.6516
vn -0.9222 -0.2809 0.2657
vn -0.3809 -0.6718 0.6353
vn -0.9223 -0.2808 0.2656
vn -0.9243 -0.2855 0.2533
vn -0.3933 -0.6884 0.6094
vn -0.9229 -0.2931 0.2498
vn -0.3921 -0.6882 0.6104
vn -0.9236 -0.2936 0.2466
vn -0.3829 -0.7074 0.5941
vn -0.1811 -0.7799 0.5991
vn -0.1305 -0.7982 0.5880
vn -0.3258 -0.7613 0.5606
vn -0.3253 -0.7838 0.5290
vn -0.3888 -0.7861 0.4805
vn -0.3825 -0.7370 0.5572
vn -0.6086 -0.6613 0.4386
vn -0.6933 -0.4853 0.5328
vn -0.7063 -0.6310 0.3209
vn -0.9794 -0.1605 0.1225
vn -0.9204 -0.3637 0.1437
vn -0.7930 -0.5132 0.3283
vn -0.9237 -0.3007 0.2374
vn -0.9907 -0.1286 0.0442
vn -0.8328 0.3062 0.4613
vn -0.8950 0.3122 0.3187
vn -0.9796 0.1108 0.1675
vn -0.8749 0.1125 0.4710
vn -0.2259 0.5203 0.8236
vn -0.5488 0.4461 0.7070
vn -0.4647 0.5857 0.6641
vn -0.4337 0.4195 0.7974
vn -0.8327 0.2845 0.4750
vn -0.8988 0.2869 0.3315
vn -0.8707 0.1130 0.4787
vn -0.9795 0.1036 0.1729
vn -0.2286 0.4798 0.8471
vn -0.5481 0.4130 0.7274
vn -0.4375 0.4973 0.7492
vn -0.4606 0.3240 0.8264
vn -0.8372 0.0669 0.5427
vn -0.7329 0.5793 0.3566
vn -0.8332 0.2615 0.4873
vn -0.8745 0.3307 0.3549
vn -0.8794 0.1111 0.4630
vn -0.5864 0.6000 0.5441
vn -0.5169 0.2194 0.8275
vn -0.7439 -0.0237 0.6679
vn -0.8447 0.3479 0.4067
vn -0.8808 0.0979 0.4632
vn -0.5891 0.5506 0.5914
vn -0.5196 0.1945 0.8320
vn -0.8504 0.3073 0.4270
vn -0.7452 -0.0140 0.6667
vn -0.6126 0.4937 0.6172
vn -0.8778 0.0874 0.4709
vn -0.5099 0.1702 0.8432
vn -0.8510 0.2830 0.4425
vn -0.6048 0.4514 0.6561
vn -0.8285 0.2856 0.4817
vn -0.7878 -0.1084 0.6063
vn -0.5050 0.4029 0.7633
vn -0.5853 0.0256 0.8104
vn -0.3645 0.3069 0.8791
vn -0.9123 0.1839 0.3659
vn -0.7156 0.0696 0.6950
vn -0.6889 0.2654 0.6745
vn -0.3987 0.1170 0.9096
vn -0.9264 -0.0091 0.3765
vn -0.6889 0.2547 0.6786
vn -0.7155 0.0589 0.6961
vn -0.6002 -0.0122 0.7998
vn -0.7661 -0.0940 0.6358
vn -0.5441 -0.0148 0.8389
vn -0.8553 -0.1148 0.5052
vn -0.7734 0.2645 0.5761
vn -0.4677 0.2607 0.8446
vn -0.3840 0.1502 0.9111
vn -0.7052 0.1374 0.6956
vn -0.7029 0.0051 0.7113
vn -0.9223 0.0992 0.3735
vn -0.7052 0.1249 0.6979
vn -0.9211 -0.0289 0.3882
vn -0.4614 -0.0993 0.8816
vn -0.6306 0.1962 0.7509
vn -0.8599 0.2057 0.4672
vn -0.7681 -0.1516 0.6221
vn -0.5507 0.1729 0.8166
vn -0.7943 0.1914 0.5766
vn -0.7012 -0.1173 0.7032
vn -0.8168 -0.2208 0.5331
vn -0.8161 0.1471 0.5589
vn -0.8857 -0.1107 0.4509
vn -0.7674 0.1280 0.6283
vn -0.5389 0.1318 0.8320
vn -0.5433 -0.3177 0.7771
vn -0.8925 0.0251 0.4504
vn -0.8366 0.1187 0.5347
vn -0.7950 -0.2542 0.5507
vn -0.3649 -0.0614 0.9290
vn -0.6898 -0.0234 0.7237
vn -0.7162 -0.1814 0.6739
vn -0.9135 0.0176 0.4065
vn -0.6897 -0.0347 0.7232
vn -0.9275 -0.1347 0.3488
vn -0.8788 -0.2590 0.4008
vn -0.4065 -0.1075 0.9073
vn -0.7425 0.0598 0.6672
vn -0.3523 -0.2557 0.9003
vn -0.7258 -0.0539 0.6858
vn -0.9080 -0.1551 0.3891
vn -0.6798 -0.2232 0.6987
vn -0.8194 -0.2991 0.4890
vn -0.8134 0.0591 0.5788
vn -0.5758 0.0394 0.8167
vn -0.5331 -0.3106 0.7870
vn -0.8864 -0.1788 0.4270
vn -0.7643 -0.3565 0.5374
vn -0.6031 -0.4658 0.6476
vn -0.8501 -0.0555 0.5237
vn -0.7473 -0.4496 0.4893
vn -0.5099 -0.1879 0.8394
vn -0.6102 -0.5191 0.5985
vn -0.8777 -0.0969 0.4694
vn -0.8460 -0.0687 0.5287
vn -0.7471 -0.4922 0.4467
vn -0.5076 -0.2113 0.8353
vn -0.6063 -0.5727 0.5518
vn -0.8763 -0.1086 0.4694
vn -0.8331 -0.0689 0.5488
vn -0.7510 -0.5498 0.3658
vn -0.5755 -0.0172 0.8176
vn -0.5149 -0.5447 0.6620
vn -0.8779 -0.3160 0.3598
vn -0.5475 -0.3971 0.7366
vn -0.9793 -0.1006 0.1759
vn -0.8734 -0.3468 0.3420
vn -0.8988 -0.1570 0.4093
vn -0.8331 -0.2743 0.4804
vn -0.2235 -0.5014 0.8358
vn -0.4392 -0.5234 0.7302
vn -0.4533 -0.3294 0.8283
vn -0.5487 -0.4313 0.7162
vn -0.9794 -0.1085 0.1702
vn -0.8782 -0.3683 0.3052
vn -0.8330 -0.2964 0.4671
vn -0.8951 -0.1734 0.4109
vn -0.8860 0.1751 0.4293
vn -0.8875 0.1354 0.4404
vn -0.9714 0.1257 0.2016
vn -0.9943 0.0504 0.0937
vn -0.4607 0.4403 0.7706
vn -0.4534 0.4717 0.7562
vn -0.4594 0.3300 0.8247
vn -0.4526 0.3082 0.8367
vn -0.8855 0.2345 0.4012
vn -0.9941 0.0465 0.0978
vn -0.8870 0.2599 0.3816
vn -0.9712 0.0913 0.2203
vn -0.4509 0.2788 0.8479
vn -0.4577 0.2958 0.8385
vn -0.9712 0.0819 0.2239
vn -0.8871 0.2349 0.3973
vn -0.8854 0.2116 0.4138
vn -0.9941 0.0420 0.1004
vn -0.4580 0.2564 0.8512
vn -0.4511 0.2391 0.8599
vn -0.8873 0.1871 0.4216
vn -0.8902 0.2075 0.4056
vn -0.9707 0.0731 0.2290
vn -0.9939 0.0376 0.1033
vn -0.8705 0.0930 0.4833
vn -0.7853 -0.1295 0.6054
vn -0.7887 0.0517 0.6126
vn -0.4682 0.2149 0.8571
vn -0.4931 0.1825 0.8506
vn -0.4619 0.1532 0.8736
vn -0.5081 0.1174 0.8533
vn -0.9944 0.0318 0.1010
vn -0.8896 0.1901 0.4153
vn -0.9126 0.1405 0.3840
vn -0.8890 0.1848 0.4189
vn -0.9939 0.0329 0.1054
vn -0.9545 0.0896 0.2844
vn -0.8886 0.0308 0.4576
vn -0.8865 0.0748 0.4565
vn -0.6410 0.1438 0.7540
vn -0.6469 0.1006 0.7559
vn -0.2492 0.2536 0.9347
vn -0.4378 0.1489 0.8867
vn -0.9943 0.0273 0.1030
vn -0.9539 0.0768 0.2901
vn -0.9074 0.1221 0.4021
vn -0.9720 0.0714 0.2241
vn -0.9934 0.0290 0.1114
vn -0.8747 0.1677 0.4548
vn -0.8865 0.0635 0.4584
vn -0.2485 0.2251 0.9421
vn -0.4378 0.1216 0.8908
vn -0.8730 0.1484 0.4647
vn -0.9741 0.0353 0.2232
vn -0.9933 0.0237 0.1130
vn -0.5590 0.3677 0.7432
vn -0.6179 0.2086 0.7581
vn -0.8885 0.0529 0.4557
vn -0.9115 0.0699 0.4052
vn -0.5183 0.2750 0.8098
vn -0.4550 0.1235 0.8819
vn -0.8498 0.2188 0.4796
vn -0.4528 0.1173 0.8839
vn -0.8729 0.1377 0.4680
vn -0.8614 0.1777 0.4759
vn -0.9942 0.0218 0.1056
vn -0.9536 0.0607 0.2947
vn -0.8628 0.1817 0.4717
vn -0.4873 0.2050 0.8488
vn -0.5552 0.2554 0.7915
vn -0.5161 0.3090 0.7989
vn -0.8780 0.0091 0.4786
vn -0.8803 0.0419 0.4727
vn -0.4535 0.1842 0.8720
vn -0.6278 0.0492 0.7768
vn -0.6299 0.0812 0.7724
vn -0.4869 0.0839 0.8694
vn -0.7579 0.1441 0.6363
vn -0.7451 0.1865 0.6403
vn -0.9729 0.0464 0.2264
vn -0.8803 0.0307 0.4735
vn -0.9532 0.0493 0.2983
vn -0.9941 0.0177 0.1071
vn -0.9090 0.0797 0.4090
vn -0.8816 0.1124 0.4584
vn -0.9930 0.0188 0.1167
vn -0.4535 0.1672 0.8754
vn -0.4378 0.2091 0.8744
vn -0.8923 0.0178 0.4511
vn -0.8997 -0.0198 0.4360
vn -0.6648 0.0105 0.7469
vn -0.5805 0.1958 0.7904
vn -0.5317 0.0242 0.8466
vn -0.9053 0.0624 0.4201
vn -0.8923 0.0077 0.4514
vn -0.9931 0.0134 0.1167
vn -0.9537 0.0356 0.2987
vn -0.9943 0.0126 0.1059
vn -0.8689 0.0952 0.4858
vn -0.9709 0.0372 0.2365
vn -0.7004 0.2055 0.6835
vn -0.9708 0.0069 0.2398
vn -0.6860 0.1707 0.7073
vn -0.7109 -0.2818 0.6443
vn -0.9932 0.0083 0.1159
vn -0.6678 0.1271 0.7334
vn -0.9053 0.0161 0.4245
vn -0.8680 -0.0042 0.4966
vn -0.4339 -0.0433 0.8999
vn -0.4517 -0.0015 0.8922
vn -0.8932 0.0658 0.4448
vn -0.9014 0.1001 0.4213
vn -0.9540 0.0200 0.2992
vn -0.9944 0.0071 0.1056
vn -0.7565 -0.0221 0.6536
vn -0.7423 -0.0635 0.6671
vn -0.4517 -0.0165 0.8920
vn -0.4889 0.0804 0.8686
vn -0.9729 -0.0032 0.2313
vn -0.8813 0.0585 0.4690
vn -0.9933 0.0035 0.1152
vn -0.9091 -0.0008 0.4165
vn -0.6316 0.0656 0.7725
vn -0.6307 0.0989 0.7697
vn -0.8808 -0.0239 0.4729
vn -0.4789 -0.0333 0.8772
vn -0.4937 -0.1562 0.8555
vn -0.5512 -0.0907 0.8294
vn -0.9538 0.0081 0.3003
vn -0.9943 0.0029 0.1069
vn -0.8797 0.0831 0.4682
vn -0.8813 0.0490 0.4701
vn -0.8383 -0.1089 0.5343
vn -0.7769 -0.0464 0.6279
vn -0.7796 -0.2201 0.5863
vn -0.4619 0.0489 0.8856
vn -0.4789 -0.0480 0.8766
vn -0.8688 0.0402 0.4935
vn -0.8033 0.1903 0.5643
vn -0.9934 -0.0012 0.1147
vn -0.9749 -0.0125 0.2223
vn -0.9129 -0.0170 0.4077
vn -0.7074 -0.1951 0.6793
vn -0.8007 0.0206 0.5987
vn -0.6676 -0.0849 0.7397
vn -0.3819 0.0953 0.9193
vn -0.3807 -0.1138 0.9177
vn -0.7021 0.0960 0.7056
vn -0.4794 0.0303 0.8771
vn -0.8390 0.0981 0.5352
vn -0.4614 -0.0667 0.8847
vn -0.7773 0.0337 0.6283
vn -0.7812 0.2085 0.5885
vn -0.9941 -0.0014 0.1082
vn -0.9536 -0.0038 0.3010
vn -0.8688 0.0302 0.4942
vn -0.9012 -0.0886 0.4243
vn -0.9693 0.0198 0.2452
vn -0.4794 0.0155 0.8775
vn -0.5657 0.0777 0.8210
vn -0.4983 0.1705 0.8501
vn -0.8121 -0.1269 0.5695
vn -0.8419 -0.2500 0.4782
vn -0.8778 -0.0632 0.4748
vn -0.5391 -0.1450 0.8296
vn -0.6261 -0.0849 0.7751
vn -0.5958 -0.2437 0.7652
vn -0.4702 -0.0000 0.8826
vn -0.9944 -0.0048 0.1056
vn -0.9105 -0.0050 0.4135
vn -0.9544 -0.0136 0.2982
vn -0.8838 0.0206 0.4674
vn -0.9938 -0.0054 0.1115
vn -0.8778 -0.0719 0.4736
vn -0.9735 0.0011 0.2286
vn -0.4705 -0.0972 0.8770
vn -0.7704 0.0113 0.6374
vn -0.7681 0.0522 0.6382
vn -0.4687 0.0258 0.8830
vn -0.4702 -0.0150 0.8824
vn -0.8856 0.0162 0.4641
vn -0.9719 -0.0280 0.2336
vn -0.9943 -0.0086 0.1060
vn -0.8523 -0.1610 0.4976
vn -0.7838 -0.1106 0.6111
vn -0.8090 -0.2785 0.5177
vn -0.4521 -0.0436 0.8909
vn -0.8460 0.2267 0.4826
vn -0.9723 -0.0164 0.2330
vn -0.7412 -0.1369 0.6572
vn -0.9943 -0.0116 0.1061
vn -0.8798 0.0109 0.4753
vn -0.9732 -0.0425 0.2261
vn -0.4534 -0.1952 0.8697
vn -0.4618 -0.1543 0.8735
vn -0.7567 -0.1755 0.6298
vn -0.4618 -0.1708 0.8704
vn -0.4786 -0.0721 0.8751
vn -0.7808 0.0506 0.6228
vn -0.9702 -0.0509 0.2368
vn -0.8719 -0.0980 0.4797
vn -0.9739 -0.0227 0.2259
vn -0.9942 -0.0149 0.1064
vn -0.8527 -0.1549 0.4989
vn -0.5541 -0.2960 0.7780
vn -0.6795 0.0070 0.7337
vn -0.9738 -0.0298 0.2253
vn -0.8968 -0.0135 0.4422
vn -0.9702 -0.0582 0.2352
vn -0.8719 -0.1130 0.4765
vn -0.9942 -0.0183 0.1062
vn -0.4690 -0.1319 0.8733
vn -0.7696 -0.0851 0.6329
vn -0.7667 -0.0459 0.6404
vn -0.4715 -0.2281 0.8519
vn -0.9734 -0.0549 0.2225
vn -0.8745 -0.0680 0.4803
vn -0.9710 -0.0312 0.2372
vn -0.8924 -0.1510 0.4252
vn -0.9941 -0.0218 0.1059
vn -0.4669 -0.1122 0.8772
vn -0.4691 -0.1508 0.8702
vn -0.4548 -0.2634 0.8508
vn -0.8841 -0.0820 0.4601
vn -0.9716 -0.0646 0.2278
vn -0.9940 -0.0258 0.1059
vn -0.4520 -0.2711 0.8498
vn -0.8676 -0.0623 0.4934
vn -0.8857 -0.0171 0.4640
vn -0.8513 -0.0091 0.5246
vn -0.4886 -0.1809 0.8535
vn -0.8894 -0.1747 0.4223
vn -0.9939 -0.0305 0.1058
vn -0.5000 -0.1414 0.8544
vn -0.8901 -0.1798 0.4189
vn -0.5064 -0.1012 0.8563
vn -0.4983 -0.1389 0.8558
vn -0.9127 -0.1316 0.3868
vn -0.5920 -0.3572 0.7225
vn -0.5333 -0.4960 0.6853
vn -0.4881 -0.3072 0.8170
vn -0.9944 -0.0296 0.1016
vn -0.9546 -0.0833 0.2862
vn -0.8701 -0.0833 0.4858
vn -0.7981 0.1096 0.5925
vn -0.7937 -0.0405 0.6069
vn -0.8492 -0.2851 0.4444
vn -0.8602 -0.2452 0.4472
vn -0.4523 -0.2179 0.8648
vn -0.4551 -0.2257 0.8614
vn -0.9937 -0.0359 0.1057
vn -0.8887 -0.1940 0.4154
vn -0.9123 -0.1500 0.3810
vn -0.8893 -0.1996 0.4115
vn -0.5003 -0.1800 0.8469
vn -0.5097 -0.1405 0.8488
vn -0.4582 -0.3347 0.8234
vn -0.4515 -0.3539 0.8191
vn -0.9543 -0.0970 0.2828
vn -0.9943 -0.0346 0.1008
vn -0.8708 -0.1061 0.4800
vn -0.8592 -0.0633 0.5077
vn -0.9940 -0.0403 0.1020
vn -0.9707 -0.0788 0.2269
vn -0.8871 -0.1999 0.4161
vn -0.8899 -0.2209 0.3990
vn -0.4594 -0.3768 0.8044
vn -0.4527 -0.3989 0.7974
vn -0.9709 -0.0878 0.2228
vn -0.9941 -0.0446 0.0987
vn -0.8870 -0.2236 0.4041
vn -0.8897 -0.2476 0.3836
vn -0.4634 -0.4203 0.7801
vn -0.4581 -0.4492 0.7671
vn -0.4557 -0.4905 0.7428
vn -0.4620 -0.4599 0.7583
vn -0.9943 -0.0485 0.0950
vn -0.8850 -0.1686 0.4339
vn -0.9716 -0.1204 0.2039
vn -0.8859 -0.1314 0.4448
vn -0.1758 0.4444 0.8784
vn -0.2946 0.1412 0.9451
vn -0.4137 0.3838 0.8256
vn -0.2519 0.4253 0.8693
vn -0.1562 0.4448 0.8819
vn -0.2058 0.4005 0.8929
vn -0.4150 0.3920 0.8211
vn -0.3061 0.6004 0.7388
vn -0.2527 0.4052 0.8786
vn -0.1690 0.4051 0.8985
vn -0.2387 0.3544 0.9041
vn -0.2539 0.3615 0.8972
vn -0.4167 0.3466 0.8404
vn -0.3176 0.5341 0.7835
vn -0.1784 0.3616 0.9151
vn -0.1761 0.3176 0.9317
vn -0.2312 0.3117 0.9216
vn -0.4168 0.3064 0.8558
vn -0.2539 0.3182 0.9134
vn -0.3182 0.4912 0.8108
vn -0.1630 0.2781 0.9466
vn -0.1829 0.2762 0.9435
vn -0.2495 0.2807 0.9268
vn -0.4084 0.2773 0.8697
vn -0.2580 0.4802 0.8384
vn -0.1683 0.2436 0.9552
vn -0.4589 0.1904 0.8679
vn -0.1620 0.2435 0.9563
vn -0.2418 0.2327 0.9420
vn -0.3024 0.3529 0.8855
vn -0.1575 0.2139 0.9641
vn -0.1561 0.2139 0.9643
vn -0.4586 0.1630 0.8736
vn -0.2415 0.2018 0.9492
vn -0.3025 0.3244 0.8962
vn -0.2238 0.1797 0.9579
vn -0.1738 0.1833 0.9676
vn -0.2268 0.1143 0.9672
vn -0.3691 0.1864 0.9105
vn -0.1360 0.1766 0.9748
vn -0.2426 0.1575 0.9573
vn -0.2538 0.1393 0.9572
vn -0.2557 0.1340 0.9574
vn -0.2521 0.1425 0.9571
vn -0.2684 0.0795 0.9600
vn -0.1334 0.1382 0.9814
vn -0.3598 0.1501 0.9209
vn -0.2537 0.1207 0.9597
vn -0.2050 0.1469 0.9677
vn -0.1631 0.1481 0.9754
vn -0.5164 -0.2023 0.8321
vn -0.5851 0.0421 0.8099
vn -0.2623 0.1015 0.9596
vn -0.2378 0.1066 0.9654
vn -0.3224 0.0185 0.9464
vn -0.4552 0.1170 0.8827
vn -0.1667 0.1105 0.9798
vn -0.2406 0.1068 0.9647
vn -0.2037 0.1097 0.9729
vn -0.3225 0.0016 0.9466
vn -0.2622 0.0668 0.9627
vn -0.3821 0.0454 0.9230
vn -0.4769 -0.1953 0.8570
vn -0.2007 0.0749 0.9768
vn -0.2275 0.0724 0.9711
vn -0.1601 0.0754 0.9842
vn -0.2404 0.0730 0.9679
vn -0.4551 0.0855 0.8863
vn -0.5182 0.1365 0.8443
vn -0.2711 0.1009 0.9573
vn -0.2275 0.0394 0.9730
vn -0.1313 0.0463 0.9903
vn -0.3586 0.0249 0.9332
vn -0.2543 0.0597 0.9653
vn -0.1483 0.0375 0.9882
vn -0.2569 0.0496 0.9652
vn -0.1982 0.0372 0.9795
vn -0.2543 0.0434 0.9661
vn -0.1356 0.0127 0.9907
vn -0.3669 -0.0072 0.9302
vn -0.2307 0.0066 0.9730
vn -0.2377 0.0660 0.9691
vn -0.2456 0.0263 0.9690
vn -0.1966 0.0037 0.9805
vn -0.1398 0.0038 0.9902
vn -0.2456 0.0100 0.9693
vn -0.2442 0.0171 0.9696
vn -0.2454 -0.0296 0.9690
vn -0.2439 -0.0367 0.9691
vn -0.2454 -0.0459 0.9683
vn -0.1398 -0.0238 0.9899
vn -0.1966 -0.0235 0.9802
vn -0.2312 -0.0262 0.9725
vn -0.3671 -0.0116 0.9301
vn -0.1357 -0.0327 0.9902
vn -0.2371 -0.0856 0.9677
vn -0.2484 -0.0626 0.9666
vn -0.2484 -0.0693 0.9662
vn -0.2318 -0.0592 0.9710
vn -0.1431 -0.0574 0.9880
vn -0.1974 -0.0568 0.9787
vn -0.2482 -0.1191 0.9614
vn -0.3644 -0.0433 0.9303
vn -0.2484 -0.0790 0.9654
vn -0.1346 -0.0664 0.9887
vn -0.3515 -0.1027 0.9305
vn -0.8160 -0.0247 0.5776
vn -0.3657 -0.1347 0.9209
vn -0.4585 -0.0436 0.8876
vn -0.8772 -0.0804 0.4733
vn -0.8307 0.0004 0.5567
vn -0.2423 -0.0928 0.9658
vn -0.1378 -0.0883 0.9865
vn -0.4559 -0.0371 0.8892
vn -0.2262 -0.0346 0.9735
vn -0.3698 -0.1025 0.9234
vn -0.3086 -0.2417 0.9200
vn -0.2393 -0.0834 0.9674
vn -0.3085 -0.2583 0.9155
vn -0.4559 -0.0530 0.8884
vn -0.1990 -0.0969 0.9752
vn -0.1433 -0.0979 0.9848
vn -0.2510 -0.1069 0.9621
vn -0.2488 -0.1282 0.9600
vn -0.1344 -0.1238 0.9832
vn -0.2582 -0.0664 0.9638
vn -0.3622 -0.1363 0.9221
vn -0.2520 -0.1194 0.9603
vn -0.2033 -0.1325 0.9701
vn -0.2510 -0.1251 0.9599
vn -0.1576 -0.1336 0.9784
vn -0.3152 -0.2604 0.9126
vn -0.2574 -0.1683 0.9516
vn -0.3916 -0.1808 0.9022
vn -0.2440 -0.1666 0.9554
vn -0.6020 -0.0194 0.7983
vn -0.2569 -0.1651 0.9522
vn -0.4888 -0.5780 0.6534
vn -0.2066 -0.1644 0.9645
vn -0.1677 -0.1657 0.9718
vn -0.4615 -0.1320 0.8773
vn -0.2488 -0.2116 0.9452
vn -0.2486 -0.2061 0.9464
vn -0.1394 -0.2182 0.9659
vn -0.2487 -0.2266 0.9417
vn -0.2793 -0.2030 0.9385
vn -0.1642 -0.2049 0.9649
vn -0.2084 -0.2031 0.9567
vn -0.2494 -0.2640 0.9317
vn -0.3652 -0.1834 0.9127
vn -0.2265 -0.3106 0.9232
vn -0.2421 -0.2701 0.9319
vn -0.2719 -0.2453 0.9305
vn -0.1417 -0.2612 0.9548
vn -0.3707 -0.2216 0.9019
vn -0.1868 -0.2474 0.9507
vn -0.1849 -0.2974 0.9367
vn -0.2424 -0.2665 0.9329
vn -0.2265 -0.2219 0.9484
vn -0.2539 -0.2901 0.9227
vn -0.3703 -0.2947 0.8809
vn -0.1385 -0.2885 0.9474
vn -0.2379 -0.3352 0.9116
vn -0.4166 -0.2988 0.8586
vn -0.1758 -0.3371 0.9249
vn -0.2537 -0.3251 0.9110
vn -0.3158 -0.1232 0.9408
vn -0.2178 -0.3801 0.8989
vn -0.1698 -0.3816 0.9086
vn -0.2529 -0.3674 0.8950
vn -0.3075 -0.1458 0.9403
vn -0.4154 -0.3363 0.8452
vn -0.1808 -0.4243 0.8873
vn -0.4117 -0.3678 0.8338
vn -0.1584 -0.4248 0.8913
vn -0.2510 -0.4067 0.8784
vn -0.2800 -0.1406 0.9497
vn -0.1809 -0.4657 0.8663
vn -0.1584 -0.4662 0.8704
vn -0.2514 -0.4466 0.8587
vn -0.2855 -0.1618 0.9446
vn -0.4127 -0.4044 0.8162
vn 0.1305 0.9914 0.0000
vn 0.3827 0.9239 -0.0010
vn 0.6088 0.7934 0.0000
vn 0.7934 0.6088 0.0000
vn 0.3835 0.9235 -0.0010
vn 0.9239 0.3827 -0.0010
vn 0.9914 0.1305 0.0000
vn 0.9240 0.3823 -0.0010
vn 0.0000 0.9767 0.2144
vn 0.0000 0.7971 0.6039
vn 0.0000 0.4708 0.8822
vn 0.0000 0.0580 0.9983
vn 0.0000 -0.3655 0.9308
vn 0.0000 -0.7218 0.6921
vn -0.7399 -0.2588 0.6209
vn -0.7089 -0.3824 0.5926
vn -0.2948 -0.9236 0.2451
vn -0.5411 -0.7071 0.4552
vn -0.1983 -0.9659 0.1664
vn -0.2588 0.9659 -0.0005
vn -0.1305 0.9914 0.0000
vn -0.3827 0.9239 0.0000
vn -0.7071 0.7071 -0.0005
vn -0.6088 0.7933 0.0000
vn -0.7934 0.6088 0.0000
vn -0.9659 0.2588 -0.0005
vn -0.9239 0.3827 0.0000
vn -0.9914 0.1305 0.0000
vn 0.6209 -0.2588 0.7399
vn 0.4545 -0.7071 0.5417
vn 0.1664 -0.9659 0.1983
vn -0.5736 -0.0000 0.8192
vn -0.0872 -0.0000 0.9962
vn 0.4226 0.0000 0.9063
vn 0.1664 0.9659 0.1983
vn 0.6209 0.2588 0.7399
vn 0.4545 0.7071 0.5417
vn 0.7399 -0.2588 -0.6209
vn 0.5422 -0.7071 -0.4539
vn 0.7069 -0.3822 -0.5952
vn 0.1983 -0.9659 -0.1664
vn 0.2930 -0.9234 -0.2479
vn 0.8192 -0.0000 0.5736
vn 0.9962 0.0000 0.0872
vn 0.9063 0.0000 -0.4226
vn 0.1983 0.9659 -0.1664
vn 0.5422 0.7071 -0.4539
vn 0.2930 0.9234 -0.2479
vn 0.7399 0.2588 -0.6209
vn 0.7069 0.3822 -0.5952
vn 1.0000 0.0000 0.0000
vn -0.0000 -0.0000 1.0000
vn -0.0000 1.0000 0.0000
vn 0.0000 1.0000 0.0001
vn 0.0000 1.0000 -0.0001
vn 0.7660 -0.0000 -0.6428
vn -0.0000 0.0000 -1.0000
vn -0.0001 0.0000 -1.0000
vn -0.0127 0.8280 0.5606
vn 0.0004 0.7996 0.6006
vn 0.0000 0.8344 0.5512
vn 0.0144 0.8263 0.5631
vn -0.0004 0.8352 0.5499
vn -0.0018 0.7932 0.6090
vn 0.0013 0.7636 0.6457
vn -0.0022 0.7492 0.6623
vn 0.0021 0.7238 0.6900
vn -0.0019 0.7064 0.7078
vn 0.0017 0.6825 0.7309
vn -0.0016 0.6664 0.7456
vn 0.0017 0.6438 0.7652
vn -0.0015 0.6290 0.7774
vn 0.0017 0.6061 0.7954
vn -0.0017 0.5916 0.8062
vn 0.0016 0.5711 0.8209
vn -0.0019 0.5536 0.8328
vn 0.0025 0.5341 0.8454
vn -0.0019 0.5152 0.8571
vn 0.0027 0.4929 0.8701
vn -0.0026 0.4741 0.8805
vn 0.0031 0.4515 0.8923
vn -0.0025 0.4320 0.9019
vn 0.0038 0.4092 0.9124
vn -0.0033 0.3899 0.9208
vn 0.0044 0.3649 0.9310
vn -0.0039 0.3455 0.9384
vn 0.0041 0.3203 0.9473
vn -0.0046 0.3003 0.9538
vn 0.0027 0.2810 0.9597
vn -0.0046 0.2552 0.9669
vn 0.0004 0.2471 0.9690
vn -0.0012 0.2165 0.9763
vn 0.0028 0.1844 0.9829
vn -0.0047 0.2116 0.9773
vn 0.0040 0.1473 0.9891
vn -0.0051 0.1711 0.9852
vn 0.0040 0.1098 0.9939
vn -0.0046 0.1325 0.9912
vn 0.0040 0.0743 0.9972
vn -0.0042 0.0958 0.9954
vn 0.0040 0.0404 0.9992
vn -0.0038 0.0610 0.9981
vn 0.0039 0.0067 1.0000
vn -0.0038 0.0271 0.9996
vn 0.0039 -0.0270 0.9996
vn -0.0039 -0.0066 1.0000
vn 0.0038 -0.0608 0.9981
vn -0.0040 -0.0403 0.9992
vn 0.0041 -0.0957 0.9954
vn -0.0041 -0.0743 0.9972
vn 0.0045 -0.1324 0.9912
vn -0.0042 -0.1098 0.9939
vn -0.0043 -0.1472 0.9891
vn 0.0048 -0.1709 0.9853
vn -0.0031 -0.1843 0.9829
vn 0.0045 -0.2114 0.9774
vn 0.0010 -0.2163 0.9763
vn -0.0004 -0.2468 0.9691
vn 0.0046 -0.2549 0.9669
vn -0.0027 -0.2807 0.9598
vn 0.0048 -0.2999 0.9539
vn -0.0039 -0.3201 0.9474
vn 0.0042 -0.3451 0.9385
vn -0.0041 -0.3648 0.9311
vn 0.0037 -0.3894 0.9210
vn -0.0035 -0.4092 0.9124
vn 0.0028 -0.4314 0.9021
vn -0.0027 -0.4516 0.8922
vn 0.0029 -0.4735 0.8808
vn -0.0025 -0.4930 0.8700
vn 0.0021 -0.5144 0.8575
vn -0.0023 -0.5342 0.8454
vn 0.0020 -0.5528 0.8333
vn -0.0015 -0.5712 0.8208
vn 0.0018 -0.5907 0.8069
vn -0.0016 -0.6062 0.7953
vn 0.0016 -0.6281 0.7782
vn -0.0017 -0.6438 0.7652
vn 0.0017 -0.6655 0.7464
vn -0.0017 -0.6826 0.7308
vn 0.0020 -0.7057 0.7085
vn -0.0021 -0.7238 0.6900
vn 0.0022 -0.7488 0.6628
vn -0.0144 -0.8263 0.5631
vn -0.0013 -0.7636 0.6457
vn 0.0018 -0.7930 0.6092
vn -0.0004 -0.7996 0.6006
vn 0.0000 -0.8344 0.5512
vn 0.0004 -0.8352 0.5499
vn 0.0126 -0.8280 0.5606
vn 0.6428 -0.0000 0.7660
vn -0.9949 0.1012 0.0000
vn -0.9541 0.2994 0.0000
vn -0.8743 0.4853 0.0000
vn -0.7588 0.6514 0.0000
vn -0.6121 0.7908 0.0000
vn -0.4404 0.8978 0.0000
vn -0.2507 0.9681 0.0000
vn -0.0507 0.9987 0.0000
vn 0.1514 0.9885 0.0000
vn 0.3473 0.9378 0.0000
vn 0.5290 0.8486 0.0000
vn 0.6890 0.7248 0.0000
vn 0.8208 0.5713 0.0000
vn 0.9190 0.3944 0.0000
vn 0.9795 0.2013 0.0000
vn 0.9795 -0.2013 0.0000
vn 0.9190 -0.3944 0.0000
vn 0.8208 -0.5713 0.0000
vn 0.6890 -0.7248 0.0000
vn 0.5290 -0.8486 0.0000
vn 0.3473 -0.9378 0.0000
vn 0.1514 -0.9885 0.0000
vn -0.0507 -0.9987 0.0000
vn -0.2507 -0.9681 0.0000
vn -0.4404 -0.8978 0.0000
vn -0.6121 -0.7908 0.0000
vn -0.7588 -0.6514 0.0000
vn -0.8743 -0.4853 0.0000
vn -0.9541 -0.2994 0.0000
vn -0.9949 -0.1012 0.0000
vn -0.0506 0.9987 0.0000
vn -0.0506 -0.9987 0.0000
vn -1.0000 0.0000 0.0000
vn -0.7660 -0.0000 0.6428
vn 0.0000 -1.0000 0.0000
vn 0.0000 -1.0000 -0.0001
usemtl Default_OBJ
s off
f 1//1 2//1 3//1
f 4//2 1//2 3//2
f 5//3 1//3 4//3
f 6//4 5//4 4//4
f 7//5 3//5 8//5
f 7//6 8//6 9//6
f 7//7 9//7 10//7
f 7//8 10//8 4//8
f 7//9 4//9 3//9
f 11//10 12//10 13//10
f 14//11 15//11 16//11
f 17//12 9//12 8//12
f 17//13 8//13 12//13
f 17//14 11//14 16//14
f 17//15 15//15 18//15
f 17//16 18//16 9//16
f 17//17 12//17 11//17
f 17//18 16//18 15//18
f 19//19 12//19 8//19
f 20//20 13//20 12//20
f 21//21 20//21 12//21
f 21//22 12//22 19//22
f 22//23 21//23 19//23
f 19//24 8//24 23//24
f 24//25 23//25 25//25
f 24//26 26//26 27//26
f 24//27 28//27 26//27
f 24//28 25//28 28//28
f 24//29 27//29 19//29
f 24//30 19//30 23//30
f 29//31 23//31 8//31
f 30//32 25//32 23//32
f 31//33 23//33 29//33
f 31//34 30//34 23//34
f 32//35 31//35 29//35
f 33//36 34//36 35//36
f 36//37 37//37 34//37
f 38//38 34//38 33//38
f 38//39 36//39 34//39
f 39//40 38//40 33//40
f 33//41 35//41 40//41
f 41//42 40//42 42//42
f 43//43 33//43 40//43
f 43//44 40//44 41//44
f 44//45 33//45 43//45
f 45//46 42//46 40//46
f 46//47 47//47 48//47
f 49//48 40//48 35//48
f 49//49 35//49 50//49
f 49//50 50//50 51//50
f 49//51 51//51 48//51
f 49//52 47//52 45//52
f 49//53 45//53 40//53
f 49//54 48//54 47//54
f 52//55 53//55 54//55
f 55//56 53//56 52//56
f 56//57 55//57 52//57
f 57//58 55//58 56//58
f 58//59 50//59 35//59
f 58//60 35//60 53//60
f 58//61 55//61 59//61
f 58//62 59//62 50//62
f 58//63 53//63 55//63
f 60//64 54//64 53//64
f 61//65 62//65 63//65
f 64//66 53//66 35//66
f 64//67 35//67 63//67
f 64//68 62//68 60//68
f 64//69 60//69 53//69
f 64//70 63//70 62//70
f 65//71 66//71 67//71
f 68//72 69//72 66//72
f 70//73 66//73 65//73
f 70//74 68//74 66//74
f 71//75 70//75 65//75
f 65//76 67//76 72//76
f 73//77 72//77 74//77
f 75//78 65//78 72//78
f 75//79 72//79 73//79
f 76//80 65//80 75//80
f 77//81 78//81 79//81
f 80//82 74//82 72//82
f 80//83 81//83 74//83
f 80//84 78//84 81//84
f 80//85 79//85 78//85
f 82//86 72//86 67//86
f 82//87 67//87 83//87
f 82//88 83//88 84//88
f 82//89 84//89 79//89
f 82//90 80//90 72//90
f 82//91 79//91 80//91
f 85//92 86//92 87//92
f 88//93 86//93 85//93
f 89//94 88//94 85//94
f 90//95 88//95 89//95
f 91//96 83//96 67//96
f 91//97 67//97 86//97
f 91//98 88//98 92//98
f 91//99 92//99 83//99
f 91//100 86//100 88//100
f 93//101 86//101 67//101
f 94//102 95//102 93//102
f 96//103 87//103 86//103
f 96//104 97//104 87//104
f 96//105 95//105 97//105
f 96//106 86//106 93//106
f 96//107 93//107 95//107
f 98//108 99//108 100//108
f 101//109 98//109 100//109
f 102//110 98//110 101//110
f 103//111 102//111 101//111
f 104//112 100//112 105//112
f 104//113 105//113 106//113
f 104//114 106//114 107//114
f 104//115 107//115 101//115
f 104//116 101//116 100//116
f 108//117 109//117 110//117
f 111//118 112//118 113//118
f 114//119 106//119 105//119
f 114//120 105//120 109//120
f 114//121 108//121 113//121
f 114//122 112//122 115//122
f 114//123 115//123 106//123
f 114//124 109//124 108//124
f 114//125 113//125 112//125
f 116//126 109//126 105//126
f 117//127 110//127 109//127
f 118//128 117//128 109//128
f 118//129 109//129 116//129
f 119//130 118//130 116//130
f 120//131 121//131 122//131
f 123//132 121//132 120//132
f 124//133 116//133 105//133
f 124//134 105//134 121//134
f 124//135 123//135 125//135
f 124//136 125//136 116//136
f 124//137 121//137 123//137
f 126//138 121//138 105//138
f 127//139 128//139 126//139
f 129//140 122//140 121//140
f 129//141 130//141 122//141
f 129//142 128//142 130//142
f 129//143 121//143 126//143
f 129//144 126//144 128//144
f 131//145 132//145 133//145
f 131//146 133//146 134//146
f 135//147 131//147 134//147
f 136//148 137//148 132//148
f 136//149 131//149 135//149
f 136//150 132//150 131//150
f 138//151 134//151 139//151
f 138//152 135//152 134//152
f 140//153 141//153 142//153
f 140//154 142//154 137//154
f 140//155 137//155 136//155
f 143//156 135//156 138//156
f 143//157 136//157 135//157
f 144//158 140//158 136//158
f 144//159 141//159 140//159
f 144//160 136//160 143//160
f 145//161 146//161 147//161
f 145//162 139//162 146//162
f 145//163 138//163 139//163
f 145//164 143//164 138//164
f 148//165 147//165 141//165
f 148//166 141//166 144//166
f 148//167 145//167 147//167
f 148//168 144//168 143//168
f 148//169 143//169 145//169
f 149//170 150//170 151//170
f 152//171 153//171 154//171
f 152//172 154//172 150//172
f 152//173 150//173 149//173
f 155//174 149//174 151//174
f 156//175 153//175 152//175
f 156//176 152//176 149//176
f 156//177 149//177 155//177
f 157//178 158//178 159//178
f 157//179 151//179 158//179
f 157//180 155//180 151//180
f 160//181 159//181 161//181
f 160//182 157//182 159//182
f 160//183 156//183 155//183
f 160//184 155//184 157//184
f 162//185 163//185 153//185
f 162//186 153//186 156//186
f 162//187 156//187 160//187
f 164//188 161//188 165//188
f 164//189 165//189 163//189
f 164//190 163//190 162//190
f 164//191 160//191 161//191
f 164//192 162//192 160//192
f 166//193 167//193 168//193
f 169//194 170//194 167//194
f 169//195 167//195 166//195
f 171//196 168//196 172//196
f 171//197 166//197 168//197
f 173//198 166//198 171//198
f 173//199 169//199 166//199
f 174//200 175//200 176//200
f 174//201 176//201 170//201
f 174//202 170//202 169//202
f 174//203 169//203 173//203
f 177//204 172//204 178//204
f 177//205 173//205 171//205
f 177//206 171//206 172//206
f 179//207 178//207 180//207
f 179//208 180//208 181//208
f 179//209 181//209 175//209
f 179//209 175//209 174//209
f 179//210 174//210 173//210
f 179//211 177//211 178//211
f 179//212 173//212 177//212
f 172//213 168//213 182//213
f 172//214 182//214 183//214
f 178//215 183//215 184//215
f 178//216 172//216 183//216
f 180//217 178//217 184//217
f 185//218 186//218 187//218
f 185//219 187//219 188//219
f 185//220 189//220 186//220
f 190//221 191//221 189//221
f 190//222 189//222 185//222
f 192//223 188//223 193//223
f 192//224 193//224 194//224
f 192//219 185//219 188//219
f 195//225 190//225 185//225
f 195//226 185//226 192//226
f 196//227 197//227 191//227
f 196//228 191//228 190//228
f 196//229 190//229 195//229
f 198//230 194//230 199//230
f 198//231 195//231 192//231
f 198//232 192//232 194//232
f 200//233 199//233 197//233
f 200//234 197//234 196//234
f 200//235 196//235 195//235
f 200//236 198//236 199//236
f 200//237 195//237 198//237
f 201//238 182//238 202//238
f 183//238 182//238 201//238
f 203//239 183//239 201//239
f 184//239 183//239 203//239
f 126//240 105//240 100//240
f 204//241 100//241 99//241
f 205//242 126//242 100//242
f 205//243 100//243 204//243
f 206//244 126//244 205//244
f 93//245 67//245 66//245
f 207//246 66//246 69//246
f 208//247 93//247 66//247
f 208//248 66//248 207//248
f 209//249 93//249 208//249
f 63//250 35//250 34//250
f 210//251 63//251 211//251
f 212//252 34//252 37//252
f 212//253 213//253 211//253
f 212//254 37//254 213//254
f 212//255 63//255 34//255
f 212//256 211//256 63//256
f 62//257 214//257 215//257
f 62//258 61//258 214//258
f 60//259 62//259 215//259
f 54//260 215//260 216//260
f 54//261 60//261 215//261
f 52//262 54//262 216//262
f 56//263 216//263 217//263
f 56//264 52//264 216//264
f 57//265 56//265 217//265
f 29//266 8//266 3//266
f 218//267 3//267 2//267
f 219//268 29//268 3//268
f 219//269 3//269 218//269
f 220//270 29//270 219//270
f 21//271 22//271 44//271
f 21//271 44//271 43//271
f 20//272 43//272 41//272
f 20//272 21//272 43//272
f 13//273 41//273 42//273
f 13//274 42//274 45//274
f 13//273 20//273 41//273
f 11//275 45//275 47//275
f 11//276 13//276 45//276
f 16//277 47//277 46//277
f 16//275 11//275 47//275
f 14//277 16//277 46//277
f 221//278 220//278 219//278
f 221//279 219//279 218//279
f 222//280 218//280 2//280
f 222//281 2//281 1//281
f 222//282 1//282 5//282
f 222//283 221//283 218//283
f 223//284 5//284 6//284
f 223//285 222//285 5//285
f 71//286 224//286 70//286
f 208//287 225//287 209//287
f 207//288 225//288 208//288
f 224//289 226//289 70//289
f 207//290 226//290 225//290
f 68//291 226//291 69//291
f 70//292 226//292 68//292
f 69//293 226//293 207//293
f 224//294 227//294 226//294
f 226//295 227//295 225//295
f 225//296 227//296 228//296
f 229//297 230//297 224//297
f 224//298 230//298 227//298
f 227//299 230//299 228//299
f 228//300 230//300 231//300
f 229//301 232//301 230//301
f 230//302 232//302 231//302
f 233//303 234//303 229//303
f 232//304 234//304 231//304
f 231//305 234//305 235//305
f 229//306 234//306 232//306
f 233//307 236//307 234//307
f 234//308 236//308 235//308
f 237//309 238//309 233//309
f 233//310 238//310 236//310
f 236//311 238//311 235//311
f 235//312 238//312 239//312
f 237//313 240//313 238//313
f 238//314 240//314 239//314
f 240//315 241//315 239//315
f 242//316 241//316 237//316
f 237//317 241//317 240//317
f 239//318 241//318 243//318
f 242//319 244//319 241//319
f 241//320 244//320 243//320
f 244//321 245//321 243//321
f 242//322 245//322 244//322
f 243//323 245//323 246//323
f 247//324 248//324 242//324
f 245//325 248//325 246//325
f 242//326 248//326 245//326
f 246//327 248//327 249//327
f 250//328 251//328 247//328
f 248//327 251//327 249//327
f 247//329 251//329 248//329
f 251//330 252//330 249//330
f 250//331 252//331 251//331
f 250//332 253//332 252//332
f 253//333 254//333 255//333
f 256//334 257//334 254//334
f 257//335 258//335 259//335
f 260//336 261//336 258//336
f 262//337 263//337 264//337
f 265//338 266//338 263//338
f 266//339 267//339 268//339
f 269//340 270//340 267//340
f 270//341 271//341 272//341
f 273//342 274//342 275//342
f 275//343 274//343 271//343
f 272//344 274//344 276//344
f 271//345 274//345 272//345
f 274//346 277//346 276//346
f 276//347 277//347 278//347
f 273//342 277//342 274//342
f 277//348 279//348 278//348
f 273//349 279//349 277//349
f 280//350 279//350 273//350
f 279//351 281//351 278//351
f 280//352 281//352 279//352
f 281//353 282//353 278//353
f 280//354 282//354 281//354
f 283//355 282//355 280//355
f 278//353 282//353 284//353
f 283//356 285//356 282//356
f 282//357 285//357 284//357
f 284//358 285//358 286//358
f 285//359 287//359 286//359
f 283//360 287//360 285//360
f 287//361 288//361 286//361
f 283//362 288//362 287//362
f 289//363 288//363 283//363
f 286//364 288//364 290//364
f 289//365 291//365 288//365
f 288//366 291//366 290//366
f 291//367 292//367 290//367
f 293//368 292//368 289//368
f 290//369 292//369 294//369
f 289//370 292//370 291//370
f 292//371 295//371 294//371
f 293//372 295//372 292//372
f 27//373 296//373 293//373
f 26//374 296//374 27//374
f 26//375 297//375 296//375
f 296//376 297//376 293//376
f 293//377 297//377 295//377
f 28//378 297//378 26//378
f 25//379 297//379 28//379
f 297//380 298//380 295//380
f 25//381 298//381 297//381
f 294//382 298//382 32//382
f 295//383 298//383 294//383
f 30//384 298//384 25//384
f 31//385 298//385 30//385
f 32//386 298//386 31//386
f 253//387 299//387 252//387
f 255//388 299//388 253//388
f 249//389 299//389 255//389
f 252//390 299//390 249//390
f 256//391 300//391 250//391
f 253//392 300//392 254//392
f 254//393 300//393 256//393
f 250//394 300//394 253//394
f 257//395 301//395 254//395
f 259//396 301//396 257//396
f 254//397 301//397 255//397
f 255//398 301//398 259//398
f 260//399 302//399 256//399
f 257//400 302//400 258//400
f 258//401 302//401 260//401
f 256//402 302//402 257//402
f 303//403 304//403 305//403
f 261//404 304//404 303//404
f 261//405 306//405 258//405
f 303//406 306//406 261//406
f 305//407 307//407 303//407
f 308//408 307//408 305//408
f 309//409 307//409 308//409
f 310//410 311//410 312//410
f 309//411 311//411 310//411
f 312//412 313//412 310//412
f 314//413 313//413 312//413
f 315//414 313//414 314//414
f 315//415 316//415 317//415
f 317//416 316//416 318//416
f 319//417 320//417 318//417
f 318//418 320//418 317//418
f 321//419 320//419 319//419
f 321//420 322//420 323//420
f 324//421 325//421 326//421
f 327//422 328//422 329//422
f 329//423 328//423 330//423
f 331//424 332//424 330//424
f 333//425 332//425 331//425
f 334//426 335//426 336//426
f 337//427 338//427 334//427
f 334//428 338//428 335//428
f 335//429 338//429 339//429
f 336//430 340//430 334//430
f 334//431 341//431 337//431
f 340//432 341//432 334//432
f 342//433 341//433 340//433
f 343//434 344//434 345//434
f 346//435 347//435 348//435
f 349//436 350//436 351//436
f 352//437 353//437 354//437
f 352//438 355//438 353//438
f 356//439 357//439 354//439
f 358//440 359//440 360//440
f 359//441 361//441 362//441
f 358//442 361//442 359//442
f 363//443 361//443 358//443
f 364//444 365//444 358//444
f 358//445 365//445 363//445
f 366//446 367//446 368//446
f 368//447 367//447 369//447
f 366//448 370//448 371//448
f 370//449 372//449 371//449
f 373//450 374//450 375//450
f 376//451 377//451 378//451
f 379//452 380//452 381//452
f 382//453 383//453 384//453
f 385//454 383//454 382//454
f 384//455 386//455 382//455
f 387//456 388//456 389//456
f 390//457 391//457 392//457
f 392//458 391//458 393//458
f 394//459 391//459 395//459
f 395//460 391//460 390//460
f 395//461 396//461 394//461
f 396//462 397//462 394//462
f 398//463 399//463 400//463
f 399//464 401//464 402//464
f 398//465 401//465 399//465
f 403//466 401//466 398//466
f 404//467 405//467 398//467
f 398//468 405//468 403//468
f 406//469 407//469 408//469
f 409//470 407//470 406//470
f 409//471 410//471 407//471
f 408//472 411//472 406//472
f 411//473 412//473 406//473
f 406//474 412//474 409//474
f 413//475 412//475 411//475
f 414//476 415//476 416//476
f 416//477 415//477 417//477
f 417//478 418//478 416//478
f 419//479 418//479 417//479
f 420//480 418//480 419//480
f 421//481 422//481 423//481
f 424//482 425//482 426//482
f 427//483 428//483 429//483
f 430//484 431//484 429//484
f 432//485 431//485 430//485
f 433//486 431//486 432//486
f 432//487 434//487 433//487
f 433//488 434//488 435//488
f 436//489 437//489 435//489
f 438//490 437//490 436//490
f 439//491 437//491 438//491
f 438//492 440//492 439//492
f 439//493 440//493 441//493
f 442//494 443//494 441//494
f 262//495 443//495 442//495
f 441//496 443//496 439//496
f 262//497 444//497 263//497
f 264//498 445//498 268//498
f 263//499 445//499 264//499
f 266//500 445//500 263//500
f 268//501 445//501 266//501
f 269//502 446//502 265//502
f 267//503 446//503 269//503
f 265//504 446//504 266//504
f 266//505 446//505 267//505
f 268//506 447//506 272//506
f 267//507 447//507 268//507
f 270//508 447//508 267//508
f 272//509 447//509 270//509
f 275//510 448//510 269//510
f 271//511 448//511 275//511
f 269//512 448//512 270//512
f 270//513 448//513 271//513
f 306//514 449//514 258//514
f 258//515 449//515 259//515
f 303//516 449//516 306//516
f 259//517 449//517 303//517
f 304//518 450//518 305//518
f 305//519 450//519 308//519
f 309//520 451//520 311//520
f 308//521 451//521 309//521
f 309//522 452//522 307//522
f 303//523 452//523 310//523
f 310//524 452//524 309//524
f 307//525 452//525 303//525
f 314//526 453//526 315//526
f 315//527 453//527 316//527
f 313//528 454//528 310//528
f 317//529 454//529 315//529
f 315//530 454//530 313//530
f 310//531 454//531 317//531
f 321//532 455//532 322//532
f 319//533 455//533 321//533
f 321//534 456//534 320//534
f 323//535 456//535 321//535
f 320//536 456//536 317//536
f 317//537 456//537 323//537
f 325//538 457//538 326//538
f 326//539 457//539 322//539
f 322//540 457//540 323//540
f 327//541 458//541 328//541
f 458//542 459//542 324//542
f 327//543 459//543 458//543
f 324//544 459//544 325//544
f 457//545 460//545 323//545
f 327//546 460//546 459//546
f 459//547 460//547 325//547
f 329//548 460//548 327//548
f 323//549 460//549 329//549
f 325//550 460//550 457//550
f 330//551 461//551 329//551
f 332//552 461//552 330//552
f 339//553 462//553 333//553
f 333//554 462//554 332//554
f 339//555 463//555 335//555
f 335//556 463//556 336//556
f 461//557 464//557 329//557
f 332//558 464//558 461//558
f 462//559 464//559 332//559
f 337//560 464//560 338//560
f 329//561 464//561 337//561
f 339//562 464//562 462//562
f 338//563 464//563 339//563
f 465//564 466//564 345//564
f 342//565 466//565 465//565
f 342//566 467//566 341//566
f 341//567 467//567 337//567
f 337//568 467//568 346//568
f 345//569 468//569 465//569
f 342//570 468//570 467//570
f 344//571 468//571 345//571
f 467//572 468//572 344//572
f 465//573 468//573 342//573
f 345//574 469//574 343//574
f 346//575 470//575 347//575
f 469//576 470//576 343//576
f 343//577 471//577 344//577
f 346//578 471//578 470//578
f 467//579 471//579 346//579
f 344//580 471//580 467//580
f 470//581 471//581 343//581
f 347//582 472//582 348//582
f 348//583 472//583 351//583
f 351//584 472//584 349//584
f 348//585 473//585 346//585
f 351//586 473//586 348//586
f 350//587 474//587 475//587
f 475//588 476//588 350//588
f 350//589 476//589 351//589
f 474//590 477//590 475//590
f 475//591 477//591 355//591
f 355//592 477//592 353//592
f 475//593 478//593 476//593
f 352//594 478//594 355//594
f 355//595 478//595 475//595
f 351//596 478//596 473//596
f 473//597 478//597 346//597
f 476//598 478//598 351//598
f 346//599 478//599 352//599
f 353//600 479//600 354//600
f 354//601 479//601 356//601
f 357//602 480//602 354//602
f 354//603 480//603 352//603
f 481//604 482//604 357//604
f 483//605 482//605 481//605
f 362//606 482//606 483//606
f 482//607 484//607 357//607
f 363//608 484//608 361//608
f 361//609 484//609 362//609
f 352//610 484//610 363//610
f 357//611 484//611 480//611
f 480//612 484//612 352//612
f 362//613 484//613 482//613
f 364//614 485//614 365//614
f 365//615 486//615 363//615
f 485//616 486//616 365//616
f 487//617 486//617 485//617
f 363//618 486//618 371//618
f 487//619 488//619 486//619
f 367//620 488//620 369//620
f 486//621 488//621 367//621
f 368//622 489//622 366//622
f 366//623 489//623 370//623
f 366//624 490//624 367//624
f 371//625 490//625 366//625
f 486//626 490//626 371//626
f 367//627 490//627 486//627
f 372//628 491//628 492//628
f 370//629 491//629 372//629
f 492//630 493//630 375//630
f 491//631 493//631 492//631
f 372//632 494//632 371//632
f 492//633 494//633 372//633
f 371//634 494//634 378//634
f 375//635 495//635 492//635
f 494//636 495//636 374//636
f 374//637 495//637 375//637
f 492//638 495//638 494//638
f 376//639 496//639 377//639
f 374//640 496//640 376//640
f 373//641 496//641 374//641
f 374//642 497//642 494//642
f 378//643 497//643 376//643
f 376//644 497//644 374//644
f 494//645 497//645 378//645
f 377//646 498//646 378//646
f 499//647 498//647 500//647
f 378//648 498//648 499//648
f 498//649 501//649 500//649
f 500//650 501//650 502//650
f 500//651 503//651 499//651
f 502//652 503//652 500//652
f 378//653 503//653 504//653
f 499//654 503//654 378//654
f 503//655 505//655 380//655
f 502//656 505//656 503//656
f 505//657 506//657 380//657
f 502//658 506//658 505//658
f 507//659 506//659 502//659
f 381//660 506//660 507//660
f 380//661 506//661 381//661
f 381//662 508//662 379//662
f 504//663 509//663 510//663
f 508//664 509//664 379//664
f 379//665 509//665 511//665
f 511//666 509//666 504//666
f 503//667 512//667 504//667
f 380//668 512//668 503//668
f 379//669 512//669 380//669
f 511//670 512//670 379//670
f 504//671 512//671 511//671
f 513//672 514//672 515//672
f 515//673 514//673 516//673
f 510//674 514//674 513//674
f 510//675 517//675 504//675
f 515//676 517//676 513//676
f 513//677 517//677 510//677
f 518//678 519//678 520//678
f 516//679 519//679 515//679
f 520//680 519//680 516//680
f 520//681 521//681 518//681
f 517//682 522//682 504//682
f 515//683 522//683 517//683
f 519//684 522//684 515//684
f 504//685 522//685 382//685
f 518//686 522//686 519//686
f 385//687 522//687 518//687
f 382//688 522//688 385//688
f 521//689 523//689 518//689
f 518//690 523//690 385//690
f 385//691 523//691 383//691
f 384//692 524//692 525//692
f 383//693 524//693 384//693
f 389//694 526//694 387//694
f 382//695 526//695 389//695
f 386//696 526//696 382//696
f 388//697 527//697 389//697
f 528//698 527//698 393//698
f 389//699 527//699 528//699
f 527//700 529//700 393//700
f 394//701 530//701 391//701
f 391//702 530//702 393//702
f 389//703 530//703 394//703
f 393//704 530//704 528//704
f 528//705 530//705 389//705
f 395//706 531//706 396//706
f 390//707 531//707 395//707
f 396//708 532//708 397//708
f 402//709 533//709 399//709
f 532//710 533//710 402//710
f 397//711 534//711 394//711
f 401//712 534//712 402//712
f 403//713 534//713 401//713
f 532//714 534//714 397//714
f 394//715 534//715 403//715
f 402//716 534//716 532//716
f 405//717 535//717 536//717
f 404//718 535//718 405//718
f 536//719 537//719 405//719
f 405//720 537//720 403//720
f 409//721 537//721 410//721
f 410//722 537//722 536//722
f 403//723 537//723 409//723
f 411//724 538//724 413//724
f 413//725 539//725 414//725
f 414//726 539//726 415//726
f 538//727 539//727 413//727
f 412//728 540//728 409//728
f 414//729 540//729 413//729
f 416//730 540//730 414//730
f 413//731 540//731 412//731
f 409//732 540//732 416//732
f 415//733 541//733 417//733
f 417//734 541//734 419//734
f 419//735 542//735 420//735
f 420//736 543//736 418//736
f 418//737 543//737 416//737
f 416//738 543//738 421//738
f 542//739 544//739 420//739
f 543//740 544//740 421//740
f 420//741 544//741 543//741
f 421//742 544//742 422//742
f 423//743 545//743 421//743
f 421//744 545//744 546//744
f 547//745 548//745 423//745
f 545//746 548//746 549//746
f 423//747 548//747 545//747
f 550//748 548//748 547//748
f 549//749 548//749 550//749
f 549//750 551//750 552//750
f 550//751 551//751 549//751
f 552//752 551//752 553//752
f 549//753 554//753 545//753
f 552//754 554//754 549//754
f 545//755 554//755 546//755
f 546//756 554//756 553//756
f 553//757 554//757 552//757
f 553//758 555//758 546//758
f 546//759 555//759 556//759
f 555//760 557//760 556//760
f 556//761 557//761 426//761
f 546//762 558//762 427//762
f 556//763 558//763 546//763
f 556//764 559//764 558//764
f 425//765 559//765 426//765
f 426//766 559//766 556//766
f 558//767 559//767 425//767
f 558//768 560//768 427//768
f 424//769 560//769 425//769
f 428//770 560//770 424//770
f 427//771 560//771 428//771
f 425//772 560//772 558//772
f 429//773 561//773 430//773
f 428//774 561//774 429//774
f 427//775 562//775 433//775
f 433//776 562//776 431//776
f 429//777 562//777 427//777
f 431//778 562//778 429//778
f 432//779 563//779 434//779
f 430//780 563//780 432//780
f 439//781 564//781 437//781
f 433//782 564//782 439//782
f 437//783 564//783 435//783
f 435//784 564//784 433//784
f 438//785 565//785 440//785
f 436//786 565//786 438//786
f 442//787 566//787 262//787
f 262//788 566//788 444//788
f 439//789 567//789 264//789
f 262//790 567//790 443//790
f 443//791 567//791 439//791
f 264//792 567//792 262//792
f 450//793 568//793 308//793
f 308//794 568//794 260//794
f 261//795 568//795 304//795
f 260//796 568//796 261//796
f 304//797 568//797 450//797
f 314//798 569//798 308//798
f 312//799 569//799 314//799
f 311//800 569//800 312//800
f 308//801 569//801 451//801
f 451//802 569//802 311//802
f 314//803 570//803 453//803
f 319//804 570//804 314//804
f 453//805 570//805 316//805
f 318//806 570//806 319//806
f 316//807 570//807 318//807
f 319//808 571//808 455//808
f 324//809 571//809 319//809
f 326//810 571//810 324//810
f 455//811 571//811 322//811
f 322//812 571//812 326//812
f 331//813 572//813 324//813
f 324//814 572//814 458//814
f 458//815 572//815 328//815
f 330//816 572//816 331//816
f 328//817 572//817 330//817
f 336//818 573//818 331//818
f 339//819 573//819 463//819
f 463//820 573//820 336//820
f 331//821 573//821 333//821
f 333//822 573//822 339//822
f 345//823 574//823 336//823
f 342//824 574//824 466//824
f 466//825 574//825 345//825
f 336//826 574//826 340//826
f 340//827 574//827 342//827
f 349//828 575//828 345//828
f 347//829 575//829 472//829
f 345//830 575//830 469//830
f 470//831 575//831 347//831
f 469//832 575//832 470//832
f 472//833 575//833 349//833
f 349//834 576//834 350//834
f 350//835 576//835 474//835
f 353//836 577//836 479//836
f 356//837 577//837 349//837
f 474//838 577//838 477//838
f 349//839 577//839 576//839
f 477//840 577//840 353//840
f 479//841 577//841 356//841
f 576//842 577//842 474//842
f 357//843 578//843 481//843
f 356//844 578//844 357//844
f 481//845 578//845 483//845
f 578//846 579//846 483//846
f 360//847 579//847 356//847
f 362//848 579//848 359//848
f 483//849 579//849 362//849
f 356//850 579//850 578//850
f 359//851 579//851 360//851
f 358//852 580//852 364//852
f 364//853 580//853 485//853
f 360//854 580//854 358//854
f 580//855 581//855 485//855
f 368//856 581//856 360//856
f 487//857 581//857 488//857
f 360//858 581//858 580//858
f 369//859 581//859 368//859
f 485//860 581//860 487//860
f 488//861 581//861 369//861
f 370//862 582//862 491//862
f 373//863 582//863 368//863
f 368//864 582//864 489//864
f 491//865 582//865 493//865
f 489//866 582//866 370//866
f 493//867 583//867 375//867
f 373//868 583//868 582//868
f 375//869 583//869 373//869
f 582//870 583//870 493//870
f 373//871 584//871 496//871
f 507//872 584//872 373//872
f 498//873 584//873 501//873
f 377//874 584//874 498//874
f 496//875 584//875 377//875
f 507//876 585//876 584//876
f 584//877 585//877 501//877
f 501//878 585//878 502//878
f 502//879 585//879 507//879
f 381//880 586//880 508//880
f 507//881 586//881 381//881
f 510//882 587//882 514//882
f 507//883 587//883 586//883
f 516//884 587//884 507//884
f 586//885 587//885 508//885
f 509//886 587//886 510//886
f 514//887 587//887 516//887
f 508//888 587//888 509//888
f 516//889 588//889 520//889
f 520//890 588//890 521//890
f 525//891 589//891 516//891
f 516//892 589//892 588//892
f 588//893 589//893 521//893
f 521//894 589//894 523//894
f 523//895 589//895 383//895
f 524//896 589//896 525//896
f 383//897 589//897 524//897
f 525//898 590//898 384//898
f 384//899 590//899 386//899
f 591//900 590//900 525//900
f 387//901 590//901 591//901
f 526//902 590//902 387//902
f 386//903 590//903 526//903
f 525//904 592//904 591//904
f 390//905 592//905 525//905
f 387//906 592//906 388//906
f 591//907 592//907 387//907
f 388//908 592//908 527//908
f 527//909 592//909 529//909
f 392//910 593//910 390//910
f 393//911 593//911 392//911
f 592//912 593//912 529//912
f 529//913 593//913 393//913
f 390//914 593//914 592//914
f 400//915 594//915 390//915
f 531//916 594//916 396//916
f 390//917 594//917 531//917
f 396//918 594//918 532//918
f 532//919 594//919 533//919
f 399//920 595//920 400//920
f 533//921 595//921 399//921
f 594//922 595//922 533//922
f 400//923 595//923 594//923
f 400//924 596//924 398//924
f 398//925 596//925 404//925
f 404//926 596//926 535//926
f 535//927 597//927 536//927
f 408//928 597//928 400//928
f 410//929 597//929 407//929
f 536//930 597//930 410//930
f 407//931 597//931 408//931
f 596//932 597//932 535//932
f 400//933 597//933 596//933
f 411//934 598//934 538//934
f 408//935 598//935 411//935
f 539//936 599//936 415//936
f 538//937 599//937 539//937
f 415//938 599//938 541//938
f 419//939 599//939 408//939
f 541//940 599//940 419//940
f 598//941 599//941 538//941
f 408//942 599//942 598//942
f 419//943 600//943 542//943
f 542//944 600//944 544//944
f 544//945 600//945 422//945
f 423//946 600//946 547//946
f 547//947 600//947 550//947
f 550//948 600//948 419//948
f 422//949 600//949 423//949
f 551//950 601//950 553//950
f 550//951 601//951 551//951
f 426//952 601//952 550//952
f 553//953 601//953 555//953
f 557//954 601//954 426//954
f 555//955 601//955 557//955
f 430//956 602//956 426//956
f 561//957 602//957 430//957
f 428//958 602//958 561//958
f 424//959 602//959 428//959
f 426//960 602//960 424//960
f 436//961 603//961 430//961
f 430//962 603//962 563//962
f 563//963 603//963 434//963
f 434//964 603//964 435//964
f 435//965 603//965 436//965
f 442//966 604//966 436//966
f 441//967 604//967 442//967
f 436//968 604//968 565//968
f 565//969 604//969 440//969
f 440//970 604//970 441//970
f 265//971 605//971 442//971
f 442//972 605//972 566//972
f 566//973 605//973 444//973
f 444//974 605//974 263//974
f 263//975 605//975 265//975
f 606//976 607//976 221//976
f 606//976 221//976 222//976
f 608//977 222//977 223//977
f 608//977 606//977 222//977
f 39//978 609//978 38//978
f 211//979 610//979 210//979
f 213//980 610//980 211//980
f 609//981 611//981 38//981
f 213//982 611//982 610//982
f 36//983 611//983 37//983
f 38//984 611//984 36//984
f 37//985 611//985 213//985
f 609//986 612//986 611//986
f 611//987 612//987 610//987
f 610//988 612//988 613//988
f 614//989 615//989 609//989
f 609//990 615//990 612//990
f 612//991 615//991 613//991
f 613//992 615//992 616//992
f 614//993 617//993 615//993
f 615//994 617//994 616//994
f 618//995 619//995 614//995
f 617//996 619//996 616//996
f 616//997 619//997 620//997
f 614//998 619//998 617//998
f 618//999 621//999 619//999
f 619//1000 621//1000 620//1000
f 622//1001 623//1001 618//1001
f 618//1002 623//1002 621//1002
f 621//1003 623//1003 620//1003
f 620//1004 623//1004 624//1004
f 622//1005 625//1005 623//1005
f 623//1006 625//1006 624//1006
f 625//1007 626//1007 624//1007
f 627//1008 626//1008 622//1008
f 622//1009 626//1009 625//1009
f 624//1010 626//1010 628//1010
f 627//1011 629//1011 626//1011
f 626//1012 629//1012 628//1012
f 629//1013 630//1013 628//1013
f 627//1014 630//1014 629//1014
f 628//1015 630//1015 631//1015
f 632//1016 633//1016 627//1016
f 630//1017 633//1017 631//1017
f 627//1018 633//1018 630//1018
f 631//1019 633//1019 634//1019
f 635//1020 636//1020 632//1020
f 633//1019 636//1019 634//1019
f 632//1021 636//1021 633//1021
f 636//1022 637//1022 634//1022
f 635//1023 637//1023 636//1023
f 635//1024 638//1024 637//1024
f 638//1025 639//1025 640//1025
f 641//1026 642//1026 639//1026
f 642//1027 643//1027 644//1027
f 645//1028 646//1028 643//1028
f 647//1029 648//1029 649//1029
f 650//1030 651//1030 648//1030
f 651//1031 652//1031 653//1031
f 654//1032 655//1032 656//1032
f 656//1033 655//1033 652//1033
f 654//1034 657//1034 655//1034
f 655//1035 657//1035 658//1035
f 659//1036 660//1036 654//1036
f 654//1037 660//1037 657//1037
f 658//1038 660//1038 661//1038
f 657//1039 660//1039 658//1039
f 659//1040 662//1040 660//1040
f 660//1041 662//1041 661//1041
f 662//1042 663//1042 661//1042
f 664//1043 663//1043 659//1043
f 661//1042 663//1042 665//1042
f 659//1044 663//1044 662//1044
f 664//1045 666//1045 663//1045
f 663//1046 666//1046 665//1046
f 666//1047 667//1047 665//1047
f 668//1048 667//1048 664//1048
f 665//1049 667//1049 669//1049
f 664//1050 667//1050 666//1050
f 668//1051 670//1051 667//1051
f 667//1052 670//1052 669//1052
f 670//1053 671//1053 669//1053
f 669//1054 671//1054 672//1054
f 668//1055 671//1055 670//1055
f 668//1056 673//1056 671//1056
f 671//1057 673//1057 672//1057
f 674//1058 673//1058 668//1058
f 672//1059 673//1059 675//1059
f 674//1060 676//1060 673//1060
f 673//1061 676//1061 675//1061
f 676//1062 677//1062 675//1062
f 678//1063 677//1063 674//1063
f 675//1064 677//1064 679//1064
f 674//1065 677//1065 676//1065
f 677//1066 680//1066 679//1066
f 678//1067 680//1067 677//1067
f 125//1068 681//1068 678//1068
f 123//1069 681//1069 125//1069
f 123//1070 682//1070 681//1070
f 681//1071 682//1071 678//1071
f 678//1072 682//1072 680//1072
f 120//1073 682//1073 123//1073
f 122//1074 682//1074 120//1074
f 682//1075 683//1075 680//1075
f 122//1076 683//1076 682//1076
f 679//1077 683//1077 127//1077
f 680//1078 683//1078 679//1078
f 130//1079 683//1079 122//1079
f 128//1080 683//1080 130//1080
f 127//1081 683//1081 128//1081
f 638//1082 684//1082 637//1082
f 640//1083 684//1083 638//1083
f 634//1084 684//1084 640//1084
f 637//1085 684//1085 634//1085
f 641//1086 685//1086 635//1086
f 638//1087 685//1087 639//1087
f 639//1088 685//1088 641//1088
f 635//1089 685//1089 638//1089
f 642//1090 686//1090 639//1090
f 644//1091 686//1091 642//1091
f 639//1092 686//1092 640//1092
f 640//1093 686//1093 644//1093
f 645//1094 687//1094 641//1094
f 642//1095 687//1095 643//1095
f 643//1096 687//1096 645//1096
f 641//1097 687//1097 642//1097
f 688//1098 689//1098 690//1098
f 646//1099 689//1099 688//1099
f 646//1100 691//1100 643//1100
f 688//1101 691//1101 646//1101
f 690//1102 692//1102 688//1102
f 693//1103 692//1103 690//1103
f 694//1104 692//1104 693//1104
f 695//1105 696//1105 697//1105
f 694//1106 696//1106 695//1106
f 697//1107 698//1107 695//1107
f 699//1108 698//1108 697//1108
f 700//1109 698//1109 699//1109
f 700//1110 701//1110 702//1110
f 702//1111 701//1111 703//1111
f 704//1112 705//1112 703//1112
f 703//1113 705//1113 702//1113
f 706//1114 705//1114 704//1114
f 706//1115 707//1115 708//1115
f 709//1116 710//1116 711//1116
f 712//1117 713//1117 714//1117
f 714//1118 713//1118 715//1118
f 716//1119 717//1119 715//1119
f 718//1120 717//1120 716//1120
f 719//1121 720//1121 721//1121
f 722//1122 723//1122 719//1122
f 719//1123 723//1123 720//1123
f 720//1124 723//1124 724//1124
f 721//1125 725//1125 719//1125
f 719//1126 726//1126 722//1126
f 725//1127 726//1127 719//1127
f 727//1128 726//1128 725//1128
f 728//1129 729//1129 730//1129
f 731//1130 732//1130 733//1130
f 734//1131 735//1131 736//1131
f 737//1132 738//1132 739//1132
f 737//1133 740//1133 738//1133
f 741//1134 742//1134 739//1134
f 743//1135 744//1135 745//1135
f 744//1136 746//1136 747//1136
f 743//1137 746//1137 744//1137
f 748//1138 746//1138 743//1138
f 749//1139 750//1139 743//1139
f 743//1140 750//1140 748//1140
f 751//1141 752//1141 753//1141
f 753//1142 752//1142 754//1142
f 751//1143 755//1143 756//1143
f 755//1144 757//1144 756//1144
f 758//1145 759//1145 760//1145
f 761//1146 762//1146 763//1146
f 764//1147 765//1147 766//1147
f 767//1148 768//1148 769//1148
f 770//1149 768//1149 767//1149
f 769//1150 771//1150 767//1150
f 772//1151 773//1151 774//1151
f 775//1152 776//1152 777//1152
f 778//1153 776//1153 775//1153
f 779//1154 776//1154 778//1154
f 778//1155 780//1155 779//1155
f 780//1156 781//1156 779//1156
f 782//1157 783//1157 784//1157
f 783//1158 785//1158 786//1158
f 782//1159 785//1159 783//1159
f 787//1160 785//1160 782//1160
f 788//1161 789//1161 782//1161
f 782//1162 789//1162 787//1162
f 790//1163 791//1163 792//1163
f 792//1164 791//1164 793//1164
f 790//1165 794//1165 791//1165
f 793//1166 795//1166 792//1166
f 795//1167 796//1167 792//1167
f 792//1168 796//1168 790//1168
f 797//1169 796//1169 795//1169
f 798//1170 799//1170 800//1170
f 798//1171 801//1171 799//1171
f 802//1172 803//1172 800//1172
f 804//1173 803//1173 802//1173
f 800//1174 803//1174 798//1174
f 805//1175 806//1175 807//1175
f 808//1176 809//1176 810//1176
f 808//1177 811//1177 812//1177
f 812//1178 811//1178 813//1178
f 814//1179 815//1179 813//1179
f 816//1180 815//1180 814//1180
f 817//1181 815//1181 816//1181
f 816//1182 818//1182 817//1182
f 817//1183 818//1183 819//1183
f 820//1184 821//1184 819//1184
f 822//1185 821//1185 820//1185
f 823//1186 821//1186 822//1186
f 822//1187 824//1187 823//1187
f 823//1188 824//1188 825//1188
f 826//1189 827//1189 825//1189
f 647//1190 827//1190 826//1190
f 825//1191 827//1191 823//1191
f 647//1192 828//1192 648//1192
f 649//1193 829//1193 653//1193
f 648//1194 829//1194 649//1194
f 653//1195 829//1195 651//1195
f 651//1196 829//1196 648//1196
f 656//1197 830//1197 650//1197
f 650//1198 830//1198 651//1198
f 652//1199 830//1199 656//1199
f 651//1200 830//1200 652//1200
f 653//1201 831//1201 658//1201
f 652//1202 831//1202 653//1202
f 655//1203 831//1203 652//1203
f 658//1204 831//1204 655//1204
f 691//1205 832//1205 643//1205
f 643//1206 832//1206 644//1206
f 688//1207 832//1207 691//1207
f 644//1208 832//1208 688//1208
f 689//1209 833//1209 690//1209
f 690//1210 833//1210 693//1210
f 694//1211 834//1211 696//1211
f 693//1212 834//1212 694//1212
f 694//1213 835//1213 692//1213
f 688//1214 835//1214 695//1214
f 695//1215 835//1215 694//1215
f 692//1216 835//1216 688//1216
f 699//1217 836//1217 700//1217
f 700//1218 836//1218 701//1218
f 698//1219 837//1219 695//1219
f 702//1220 837//1220 700//1220
f 700//1221 837//1221 698//1221
f 695//1222 837//1222 702//1222
f 706//1223 838//1223 707//1223
f 704//1224 838//1224 706//1224
f 706//1225 839//1225 705//1225
f 708//1226 839//1226 706//1226
f 705//1227 839//1227 702//1227
f 702//1228 839//1228 708//1228
f 710//1229 840//1229 711//1229
f 711//1230 840//1230 707//1230
f 707//1231 840//1231 708//1231
f 712//1232 841//1232 713//1232
f 841//1233 842//1233 709//1233
f 712//1234 842//1234 841//1234
f 709//1235 842//1235 710//1235
f 840//1236 843//1236 708//1236
f 712//1237 843//1237 842//1237
f 842//1238 843//1238 710//1238
f 714//1239 843//1239 712//1239
f 708//1240 843//1240 714//1240
f 710//1241 843//1241 840//1241
f 715//1242 844//1242 714//1242
f 717//1243 844//1243 715//1243
f 724//1244 845//1244 718//1244
f 718//1245 845//1245 717//1245
f 720//1246 846//1246 721//1246
f 724//1247 846//1247 720//1247
f 844//1248 847//1248 714//1248
f 717//1249 847//1249 844//1249
f 845//1250 847//1250 717//1250
f 722//1251 847//1251 723//1251
f 714//1252 847//1252 722//1252
f 724//1253 847//1253 845//1253
f 723//1254 847//1254 724//1254
f 848//1255 849//1255 730//1255
f 727//1256 849//1256 848//1256
f 727//1257 850//1257 726//1257
f 726//1258 850//1258 722//1258
f 722//1259 850//1259 731//1259
f 730//1260 851//1260 848//1260
f 848//1261 851//1261 727//1261
f 727//1262 851//1262 850//1262
f 850//1263 851//1263 729//1263
f 729//1264 851//1264 730//1264
f 730//1265 852//1265 728//1265
f 731//1266 853//1266 732//1266
f 852//1267 853//1267 728//1267
f 728//1268 854//1268 729//1268
f 731//1269 854//1269 853//1269
f 850//1270 854//1270 731//1270
f 729//1271 854//1271 850//1271
f 853//1272 854//1272 728//1272
f 732//1273 855//1273 733//1273
f 736//1274 855//1274 734//1274
f 733//1275 855//1275 736//1275
f 733//1276 856//1276 731//1276
f 736//1277 856//1277 733//1277
f 735//1278 857//1278 858//1278
f 735//1279 859//1279 736//1279
f 858//1280 859//1280 735//1280
f 857//1281 860//1281 858//1281
f 858//1282 860//1282 740//1282
f 740//1283 860//1283 738//1283
f 737//1284 861//1284 740//1284
f 740//1285 861//1285 858//1285
f 736//1286 861//1286 856//1286
f 856//1287 861//1287 731//1287
f 859//1288 861//1288 736//1288
f 858//1289 861//1289 859//1289
f 731//1290 861//1290 737//1290
f 738//1291 862//1291 739//1291
f 739//1292 862//1292 741//1292
f 742//1293 863//1293 739//1293
f 739//1294 863//1294 737//1294
f 864//1295 865//1295 742//1295
f 866//1296 865//1296 864//1296
f 747//1297 865//1297 866//1297
f 865//1298 867//1298 742//1298
f 746//1299 867//1299 747//1299
f 737//1300 867//1300 748//1300
f 742//1301 867//1301 863//1301
f 863//1302 867//1302 737//1302
f 747//1303 867//1303 865//1303
f 748//1304 867//1304 746//1304
f 749//1305 868//1305 750//1305
f 750//1306 869//1306 748//1306
f 868//1307 869//1307 750//1307
f 870//1308 869//1308 868//1308
f 748//1309 869//1309 756//1309
f 752//1310 871//1310 754//1310
f 869//1311 871//1311 752//1311
f 870//1312 871//1312 869//1312
f 753//1313 872//1313 751//1313
f 751//1314 872//1314 755//1314
f 751//1315 873//1315 752//1315
f 756//1316 873//1316 751//1316
f 752//1317 873//1317 869//1317
f 869//1318 873//1318 756//1318
f 757//1319 874//1319 875//1319
f 755//1320 874//1320 757//1320
f 875//1321 876//1321 760//1321
f 874//1322 876//1322 875//1322
f 757//1323 877//1323 756//1323
f 875//1324 877//1324 757//1324
f 756//1325 877//1325 763//1325
f 877//1326 878//1326 759//1326
f 760//1327 878//1327 875//1327
f 759//1328 878//1328 760//1328
f 875//1329 878//1329 877//1329
f 761//1330 879//1330 762//1330
f 759//1331 879//1331 761//1331
f 758//1332 879//1332 759//1332
f 759//1333 880//1333 877//1333
f 877//1334 880//1334 763//1334
f 763//1335 880//1335 761//1335
f 761//1336 880//1336 759//1336
f 762//1337 881//1337 763//1337
f 882//1338 881//1338 883//1338
f 763//1339 881//1339 882//1339
f 881//1340 884//1340 883//1340
f 883//1341 884//1341 885//1341
f 883//1342 886//1342 882//1342
f 885//1343 886//1343 883//1343
f 763//1344 886//1344 887//1344
f 882//1345 886//1345 763//1345
f 886//1346 888//1346 765//1346
f 885//1347 888//1347 886//1347
f 888//1348 889//1348 765//1348
f 885//1349 889//1349 888//1349
f 890//1350 889//1350 885//1350
f 766//1351 889//1351 890//1351
f 765//1352 889//1352 766//1352
f 766//1353 891//1353 764//1353
f 887//1354 892//1354 893//1354
f 891//1355 892//1355 764//1355
f 764//1356 892//1356 894//1356
f 894//1357 892//1357 887//1357
f 886//1358 895//1358 887//1358
f 765//1359 895//1359 886//1359
f 764//1360 895//1360 765//1360
f 894//1361 895//1361 764//1361
f 887//1362 895//1362 894//1362
f 893//1363 896//1363 897//1363
f 898//1364 896//1364 899//1364
f 897//1365 896//1365 898//1365
f 893//1366 900//1366 887//1366
f 897//1367 900//1367 893//1367
f 898//1368 900//1368 897//1368
f 899//1369 901//1369 898//1369
f 902//1370 901//1370 903//1370
f 903//1371 901//1371 899//1371
f 903//1372 904//1372 902//1372
f 900//1373 905//1373 887//1373
f 901//1374 905//1374 898//1374
f 898//1375 905//1375 900//1375
f 902//1376 905//1376 901//1376
f 887//1377 905//1377 767//1377
f 770//1378 905//1378 902//1378
f 767//1379 905//1379 770//1379
f 904//1380 906//1380 902//1380
f 902//1381 906//1381 770//1381
f 770//1382 906//1382 768//1382
f 769//1383 907//1383 908//1383
f 768//1384 907//1384 769//1384
f 774//1385 909//1385 772//1385
f 771//1386 909//1386 767//1386
f 767//1387 909//1387 774//1387
f 773//1388 910//1388 774//1388
f 911//1389 910//1389 912//1389
f 774//1390 910//1390 911//1390
f 910//1391 913//1391 912//1391
f 777//1392 914//1392 912//1392
f 779//1393 914//1393 776//1393
f 776//1394 914//1394 777//1394
f 774//1395 914//1395 779//1395
f 912//1396 914//1396 911//1396
f 911//1397 914//1397 774//1397
f 775//1398 915//1398 778//1398
f 778//1399 915//1399 780//1399
f 780//1400 916//1400 781//1400
f 786//1401 917//1401 783//1401
f 916//1402 917//1402 786//1402
f 916//1403 918//1403 781//1403
f 781//1404 918//1404 779//1404
f 785//1405 918//1405 786//1405
f 787//1406 918//1406 785//1406
f 779//1407 918//1407 787//1407
f 786//1408 918//1408 916//1408
f 789//1409 919//1409 920//1409
f 788//1410 919//1410 789//1410
f 790//1411 921//1411 794//1411
f 920//1412 921//1412 789//1412
f 789//1413 921//1413 787//1413
f 794//1414 921//1414 920//1414
f 787//1415 921//1415 790//1415
f 795//1416 922//1416 797//1416
f 797//1417 923//1417 801//1417
f 801//1418 923//1418 799//1418
f 922//1419 923//1419 797//1419
f 796//1420 924//1420 790//1420
f 797//1421 924//1421 796//1421
f 798//1422 924//1422 801//1422
f 801//1423 924//1423 797//1423
f 790//1424 924//1424 798//1424
f 800//1425 925//1425 802//1425
f 799//1426 925//1426 800//1426
f 802//1427 926//1427 804//1427
f 804//1428 927//1428 803//1428
f 803//1429 927//1429 798//1429
f 798//1430 927//1430 805//1430
f 926//1431 928//1431 804//1431
f 927//1432 928//1432 805//1432
f 804//1433 928//1433 927//1433
f 805//1434 928//1434 806//1434
f 806//1435 929//1435 807//1435
f 807//1436 930//1436 805//1436
f 805//1437 930//1437 931//1437
f 929//1438 932//1438 807//1438
f 807//1439 932//1439 930//1439
f 933//1440 932//1440 934//1440
f 934//1441 932//1441 929//1441
f 930//1442 932//1442 933//1442
f 934//1443 935//1443 933//1443
f 933//1444 935//1444 936//1444
f 936//1445 935//1445 937//1445
f 930//1446 938//1446 931//1446
f 933//1447 938//1447 930//1447
f 936//1448 938//1448 933//1448
f 937//1449 938//1449 936//1449
f 931//1450 938//1450 937//1450
f 937//1451 939//1451 931//1451
f 931//1452 939//1452 940//1452
f 939//1453 941//1453 940//1453
f 940//1454 941//1454 810//1454
f 931//1455 942//1455 812//1455
f 940//1456 942//1456 931//1456
f 942//1457 943//1457 809//1457
f 940//1458 943//1458 942//1458
f 810//1459 943//1459 940//1459
f 809//1460 943//1460 810//1460
f 808//1461 944//1461 811//1461
f 810//1462 944//1462 808//1462
f 809//1463 945//1463 942//1463
f 942//1464 945//1464 812//1464
f 808//1465 945//1465 809//1465
f 812//1466 945//1466 808//1466
f 812//1467 946//1467 817//1467
f 817//1468 946//1468 815//1468
f 815//1469 946//1469 813//1469
f 813//1470 946//1470 812//1470
f 816//1471 947//1471 818//1471
f 814//1472 947//1472 816//1472
f 823//1473 948//1473 821//1473
f 817//1474 948//1474 823//1474
f 821//1475 948//1475 819//1475
f 819//1476 948//1476 817//1476
f 822//1477 949//1477 824//1477
f 820//1478 949//1478 822//1478
f 826//1479 950//1479 647//1479
f 647//1480 950//1480 828//1480
f 823//1481 951//1481 649//1481
f 647//1482 951//1482 827//1482
f 827//1483 951//1483 823//1483
f 649//1484 951//1484 647//1484
f 693//1485 952//1485 645//1485
f 646//1486 952//1486 689//1486
f 645//1487 952//1487 646//1487
f 689//1488 952//1488 833//1488
f 833//1489 952//1489 693//1489
f 699//1490 953//1490 693//1490
f 697//1491 953//1491 699//1491
f 696//1492 953//1492 697//1492
f 834//1493 953//1493 696//1493
f 693//1494 953//1494 834//1494
f 704//1495 954//1495 699//1495
f 836//1496 954//1496 701//1496
f 703//1497 954//1497 704//1497
f 701//1498 954//1498 703//1498
f 699//1499 954//1499 836//1499
f 704//1500 955//1500 838//1500
f 709//1501 955//1501 704//1501
f 711//1502 955//1502 709//1502
f 838//1503 955//1503 707//1503
f 707//1504 955//1504 711//1504
f 709//1505 956//1505 841//1505
f 716//1506 956//1506 709//1506
f 841//1507 956//1507 713//1507
f 715//1508 956//1508 716//1508
f 713//1509 956//1509 715//1509
f 721//1510 957//1510 716//1510
f 724//1511 957//1511 846//1511
f 846//1512 957//1512 721//1512
f 716//1513 957//1513 718//1513
f 718//1514 957//1514 724//1514
f 849//1515 958//1515 730//1515
f 730//1516 958//1516 721//1516
f 727//1517 958//1517 849//1517
f 721//1518 958//1518 725//1518
f 725//1519 958//1519 727//1519
f 734//1520 959//1520 730//1520
f 730//1521 959//1521 852//1521
f 853//1522 959//1522 732//1522
f 852//1523 959//1523 853//1523
f 855//1524 959//1524 734//1524
f 732//1525 959//1525 855//1525
f 735//1526 960//1526 857//1526
f 734//1527 960//1527 735//1527
f 741//1528 961//1528 734//1528
f 860//1529 961//1529 738//1529
f 862//1530 961//1530 741//1530
f 857//1531 961//1531 860//1531
f 738//1532 961//1532 862//1532
f 960//1533 961//1533 857//1533
f 734//1534 961//1534 960//1534
f 742//1535 962//1535 864//1535
f 741//1536 962//1536 742//1536
f 864//1537 962//1537 866//1537
f 745//1538 963//1538 741//1538
f 747//1539 963//1539 744//1539
f 866//1540 963//1540 747//1540
f 741//1541 963//1541 962//1541
f 744//1542 963//1542 745//1542
f 962//1543 963//1543 866//1543
f 743//1544 964//1544 749//1544
f 749//1545 964//1545 868//1545
f 745//1546 964//1546 743//1546
f 871//1547 965//1547 754//1547
f 964//1548 965//1548 868//1548
f 753//1549 965//1549 745//1549
f 745//1550 965//1550 964//1550
f 754//1551 965//1551 753//1551
f 868//1552 965//1552 870//1552
f 870//1553 965//1553 871//1553
f 755//1554 966//1554 874//1554
f 758//1555 966//1555 753//1555
f 753//1556 966//1556 872//1556
f 874//1557 966//1557 876//1557
f 872//1558 966//1558 755//1558
f 758//1559 967//1559 966//1559
f 760//1560 967//1560 758//1560
f 966//1561 967//1561 876//1561
f 876//1562 967//1562 760//1562
f 758//1563 968//1563 879//1563
f 881//1564 968//1564 884//1564
f 890//1565 968//1565 758//1565
f 762//1566 968//1566 881//1566
f 879//1567 968//1567 762//1567
f 968//1568 969//1568 884//1568
f 890//1569 969//1569 968//1569
f 884//1570 969//1570 885//1570
f 885//1571 969//1571 890//1571
f 766//1572 970//1572 891//1572
f 890//1573 970//1573 766//1573
f 893//1574 971//1574 896//1574
f 890//1575 971//1575 970//1575
f 970//1576 971//1576 891//1576
f 899//1577 971//1577 890//1577
f 891//1578 971//1578 892//1578
f 896//1579 971//1579 899//1579
f 892//1580 971//1580 893//1580
f 903//1581 972//1581 904//1581
f 899//1582 972//1582 903//1582
f 908//1583 973//1583 899//1583
f 899//1584 973//1584 972//1584
f 972//1585 973//1585 904//1585
f 906//1586 973//1586 768//1586
f 904//1587 973//1587 906//1587
f 768//1588 973//1588 907//1588
f 907//1589 973//1589 908//1589
f 908//1590 974//1590 769//1590
f 769//1591 974//1591 771//1591
f 975//1592 974//1592 908//1592
f 772//1593 974//1593 975//1593
f 909//1594 974//1594 772//1594
f 771//1595 974//1595 909//1595
f 775//1596 976//1596 908//1596
f 908//1597 976//1597 975//1597
f 975//1598 976//1598 772//1598
f 773//1599 976//1599 910//1599
f 910//1600 976//1600 913//1600
f 772//1601 976//1601 773//1601
f 777//1602 977//1602 775//1602
f 912//1603 977//1603 777//1603
f 913//1604 977//1604 912//1604
f 976//1605 977//1605 913//1605
f 775//1606 977//1606 976//1606
f 915//1607 978//1607 780//1607
f 784//1608 978//1608 775//1608
f 775//1609 978//1609 915//1609
f 780//1610 978//1610 916//1610
f 916//1611 978//1611 917//1611
f 783//1612 979//1612 784//1612
f 978//1613 979//1613 917//1613
f 917//1614 979//1614 783//1614
f 784//1615 979//1615 978//1615
f 782//1616 980//1616 788//1616
f 788//1617 980//1617 919//1617
f 784//1618 980//1618 782//1618
f 791//1619 981//1619 793//1619
f 920//1620 981//1620 794//1620
f 793//1621 981//1621 784//1621
f 794//1622 981//1622 791//1622
f 980//1623 981//1623 919//1623
f 784//1624 981//1624 980//1624
f 919//1625 981//1625 920//1625
f 793//1626 982//1626 795//1626
f 795//1627 982//1627 922//1627
f 925//1628 983//1628 802//1628
f 799//1629 983//1629 925//1629
f 802//1630 983//1630 793//1630
f 793//1631 983//1631 982//1631
f 982//1632 983//1632 922//1632
f 923//1633 983//1633 799//1633
f 922//1634 983//1634 923//1634
f 928//1635 984//1635 806//1635
f 806//1636 984//1636 929//1636
f 934//1637 984//1637 802//1637
f 929//1638 984//1638 934//1638
f 926//1639 984//1639 928//1639
f 802//1640 984//1640 926//1640
f 941//1641 985//1641 810//1641
f 935//1642 985//1642 937//1642
f 937//1643 985//1643 939//1643
f 810//1644 985//1644 934//1644
f 939//1645 985//1645 941//1645
f 934//1646 985//1646 935//1646
f 814//1647 986//1647 810//1647
f 813//1648 986//1648 814//1648
f 810//1649 986//1649 944//1649
f 944//1650 986//1650 811//1650
f 811//1651 986//1651 813//1651
f 820//1652 987//1652 814//1652
f 814//1653 987//1653 947//1653
f 947//1654 987//1654 818//1654
f 818//1655 987//1655 819//1655
f 819//1656 987//1656 820//1656
f 826//1657 988//1657 820//1657
f 825//1658 988//1658 826//1658
f 820//1659 988//1659 949//1659
f 949//1660 988//1660 824//1660
f 824//1661 988//1661 825//1661
f 650//1662 989//1662 826//1662
f 826//1663 989//1663 950//1663
f 950//1664 989//1664 828//1664
f 828//1665 989//1665 648//1665
f 648//1666 989//1666 650//1666
f 202//1667 90//1667 89//1667
f 201//1668 89//1668 85//1668
f 201//1669 85//1669 87//1669
f 201//1670 87//1670 97//1670
f 201//1671 202//1671 89//1671
f 203//1672 97//1672 95//1672
f 203//1673 95//1673 94//1673
f 203//1674 201//1674 97//1674
f 77//1675 111//1675 113//1675
f 78//1676 113//1676 108//1676
f 78//1675 77//1675 113//1675
f 81//1677 108//1677 110//1677
f 81//1676 78//1676 108//1676
f 74//1677 81//1677 110//1677
f 73//1678 110//1678 117//1678
f 73//1678 74//1678 110//1678
f 75//1679 117//1679 118//1679
f 75//1679 73//1679 117//1679
f 76//1680 118//1680 119//1680
f 76//1680 75//1680 118//1680
f 194//1681 193//1681 607//1681
f 194//1682 607//1682 606//1682
f 199//1683 606//1683 608//1683
f 199//1684 194//1684 606//1684
f 197//1685 199//1685 608//1685
f 102//1686 990//1686 991//1686
f 102//1687 103//1687 990//1687
f 98//1688 102//1688 991//1688
f 99//1689 991//1689 992//1689
f 99//1690 98//1690 991//1690
f 204//1691 99//1691 992//1691
f 205//1692 992//1692 993//1692
f 205//1693 204//1693 992//1693
f 206//1694 205//1694 993//1694
f 165//1695 186//1695 189//1695
f 163//1695 165//1695 189//1695
f 153//1696 189//1696 191//1696
f 153//1696 163//1696 189//1696
f 154//1697 191//1697 197//1697
f 154//1697 153//1697 191//1697
f 181//1698 180//1698 193//1698
f 181//1698 193//1698 188//1698
f 175//1699 188//1699 187//1699
f 175//1699 181//1699 188//1699
f 176//1700 187//1700 186//1700
f 176//1700 175//1700 187//1700
f 146//1701 168//1701 167//1701
f 147//1701 146//1701 167//1701
f 141//1702 170//1702 176//1702
f 141//1703 167//1703 170//1703
f 141//1703 147//1703 167//1703
f 142//1702 141//1702 176//1702
f 994//1704 158//1704 151//1704
f 995//1705 151//1705 150//1705
f 995//1706 994//1706 151//1706
f 996//1707 150//1707 154//1707
f 996//1708 995//1708 150//1708
f 137//1709 142//1709 165//1709
f 137//1709 165//1709 161//1709
f 132//1710 161//1710 159//1710
f 132//1710 137//1710 161//1710
f 133//1711 159//1711 158//1711
f 133//1711 132//1711 159//1711
f 997//1712 146//1712 139//1712
f 998//1713 139//1713 134//1713
f 998//1714 997//1714 139//1714
f 999//1715 134//1715 133//1715
f 999//1716 998//1716 134//1716
f 32//1717 29//1717 220//1717
f 294//1717 32//1717 220//1717
f 290//1717 294//1717 220//1717
f 286//1717 290//1717 220//1717
f 221//1717 284//1717 286//1717
f 221//1717 278//1717 284//1717
f 221//1717 276//1717 278//1717
f 221//1717 272//1717 276//1717
f 221//1717 268//1717 272//1717
f 221//1717 264//1717 268//1717
f 221//1717 439//1717 264//1717
f 221//1717 433//1717 439//1717
f 221//1717 427//1717 433//1717
f 221//1717 546//1717 427//1717
f 221//1717 421//1717 546//1717
f 221//1717 416//1717 421//1717
f 221//1717 409//1717 416//1717
f 221//1717 403//1717 409//1717
f 221//1717 394//1717 403//1717
f 221//1717 389//1717 394//1717
f 221//1717 286//1717 220//1717
f 382//1717 389//1717 221//1717
f 504//1717 382//1717 221//1717
f 378//1717 504//1717 221//1717
f 94//1717 93//1717 209//1717
f 94//1717 235//1717 239//1717
f 94//1717 231//1717 235//1717
f 94//1717 228//1717 231//1717
f 94//1717 225//1717 228//1717
f 94//1717 209//1717 225//1717
f 203//1717 378//1717 221//1717
f 203//1717 371//1717 378//1717
f 203//1717 363//1717 371//1717
f 203//1717 352//1717 363//1717
f 203//1717 346//1717 352//1717
f 203//1717 337//1717 346//1717
f 203//1717 329//1717 337//1717
f 203//1717 323//1717 329//1717
f 203//1717 317//1717 323//1717
f 203//1717 310//1717 317//1717
f 203//1717 303//1717 310//1717
f 203//1717 259//1717 303//1717
f 203//1717 255//1717 259//1717
f 203//1717 249//1717 255//1717
f 203//1717 246//1717 249//1717
f 203//1717 243//1717 246//1717
f 203//1717 239//1717 243//1717
f 203//1717 94//1717 239//1717
f 1000//1718 1001//1718 221//1718
f 1002//1718 221//1718 1001//1718
f 1003//1718 1000//1718 221//1718
f 1004//1718 221//1718 1002//1718
f 1005//1718 1003//1718 221//1718
f 1006//1718 221//1718 1004//1718
f 1007//1718 1005//1718 221//1718
f 1008//1718 221//1718 1006//1718
f 1009//1718 1007//1718 221//1718
f 1010//1718 221//1718 1008//1718
f 1011//1718 221//1718 1010//1718
f 607//1718 1012//1718 1013//1718
f 607//1718 1013//1718 1014//1718
f 607//1718 1014//1718 1015//1718
f 607//1718 1015//1718 1016//1718
f 607//1718 1016//1718 1017//1718
f 607//1718 1017//1718 1018//1718
f 607//1718 1018//1718 1009//1718
f 607//1718 1019//1718 1020//1718
f 607//1718 1020//1718 1021//1718
f 607//1718 1021//1718 1012//1718
f 607//1718 1009//1718 221//1718
f 1022//1718 1023//1718 1024//1718
f 1022//1718 1024//1718 1025//1718
f 1026//1718 1024//1718 1023//1718
f 1026//1718 1011//1718 1024//1718
f 1027//1718 1022//1718 1025//1718
f 1027//1718 1025//1718 1028//1718
f 1029//1718 1027//1718 1028//1718
f 1029//1718 1028//1718 1030//1718
f 1031//1718 1029//1718 1030//1718
f 1031//1718 1030//1718 1032//1718
f 203//1718 1011//1718 1026//1718
f 203//1718 1026//1718 1033//1718
f 203//1718 1033//1718 1034//1718
f 203//1718 221//1718 1011//1718
f 1035//1718 203//1718 1034//1718
f 1036//1718 1032//1718 1037//1718
f 1036//1718 1031//1718 1032//1718
f 1038//1718 203//1718 1035//1718
f 1039//1718 1036//1718 1037//1718
f 1039//1718 1037//1718 1040//1718
f 1041//1718 203//1718 1038//1718
f 1042//1718 1039//1718 1040//1718
f 1042//1718 1040//1718 1043//1718
f 1044//1718 203//1718 1041//1718
f 1045//1718 1042//1718 1043//1718
f 1045//1718 1043//1718 1046//1718
f 1047//1718 203//1718 1044//1718
f 1048//1718 1046//1718 1019//1718
f 1048//1718 1045//1718 1046//1718
f 1048//1718 1019//1718 607//1718
f 1049//1718 203//1718 1047//1718
f 1050//1718 203//1718 1049//1718
f 1051//1718 203//1718 1050//1718
f 1052//1718 203//1718 1051//1718
f 184//1718 1053//1718 1054//1718
f 184//1718 1054//1718 1055//1718
f 184//1718 1055//1718 1048//1718
f 184//1718 1052//1718 1056//1718
f 184//1718 1056//1718 1057//1718
f 184//1718 1057//1718 1058//1718
f 184//1718 1058//1718 1059//1718
f 184//1718 1059//1718 1060//1718
f 184//1718 1060//1718 1061//1718
f 184//1718 1061//1718 1053//1718
f 184//1718 1048//1718 607//1718
f 184//1718 203//1718 1052//1718
f 103//1719 202//1719 990//1719
f 115//1719 107//1719 106//1719
f 112//1719 101//1719 107//1719
f 112//1719 103//1719 101//1719
f 112//1720 107//1720 115//1720
f 111//1719 103//1719 112//1719
f 997//1719 990//1719 202//1719
f 90//1719 111//1719 77//1719
f 90//1719 202//1719 103//1719
f 90//1719 103//1719 111//1719
f 83//1719 79//1719 84//1719
f 83//1721 77//1721 79//1721
f 83//1719 88//1719 90//1719
f 83//1719 92//1719 88//1719
f 83//1719 90//1719 77//1719
f 182//1719 997//1719 202//1719
f 146//1719 182//1719 168//1719
f 146//1719 997//1719 182//1719
f 999//1722 133//1722 158//1722
f 999//1722 158//1722 994//1722
f 996//1723 994//1723 995//1723
f 1062//1723 996//1723 1063//1723
f 1064//1723 1063//1723 996//1723
f 1065//1723 996//1723 1062//1723
f 1066//1723 1064//1723 996//1723
f 1067//1723 996//1723 1065//1723
f 1068//1723 1066//1723 996//1723
f 1069//1723 994//1723 996//1723
f 1069//1723 996//1723 1067//1723
f 1070//1723 994//1723 1069//1723
f 1071//1723 994//1723 1070//1723
f 1072//1723 994//1723 1071//1723
f 217//1723 1068//1723 996//1723
f 217//1723 1073//1723 1074//1723
f 217//1723 1074//1723 1075//1723
f 217//1723 1075//1723 1076//1723
f 217//1723 1076//1723 1077//1723
f 217//1723 1077//1723 1078//1723
f 217//1723 1078//1723 1068//1723
f 214//1723 216//1723 215//1723
f 214//1723 217//1723 216//1723
f 214//1723 1073//1723 217//1723
f 214//1723 1079//1723 1080//1723
f 214//1723 1080//1723 1081//1723
f 214//1723 1081//1723 1082//1723
f 214//1723 1082//1723 1083//1723
f 214//1723 1083//1723 1073//1723
f 997//1723 998//1723 999//1723
f 1084//1723 994//1723 1072//1723
f 1084//1723 999//1723 994//1723
f 1084//1723 1072//1723 1085//1723
f 1084//1723 1085//1723 1086//1723
f 1087//1723 1085//1723 1088//1723
f 1087//1723 1088//1723 1089//1723
f 1087//1723 1086//1723 1085//1723
f 1090//1723 999//1723 1084//1723
f 1091//1723 1087//1723 1089//1723
f 1092//1723 999//1723 1090//1723
f 1093//1723 1089//1723 1094//1723
f 1093//1723 1091//1723 1089//1723
f 1095//1723 997//1723 999//1723
f 1095//1723 999//1723 1092//1723
f 1096//1723 1093//1723 1094//1723
f 1096//1723 1094//1723 1097//1723
f 1096//1723 1097//1723 1098//1723
f 1099//1723 997//1723 1095//1723
f 1100//1723 1096//1723 1098//1723
f 1101//1723 997//1723 1099//1723
f 1102//1723 1098//1723 1103//1723
f 1102//1723 1103//1723 1104//1723
f 1102//1723 1100//1723 1098//1723
f 1105//1723 997//1723 1101//1723
f 1106//1723 1102//1723 1104//1723
f 1107//1723 997//1723 1105//1723
f 1108//1723 1104//1723 1109//1723
f 1108//1723 1109//1723 1079//1723
f 1108//1723 1106//1723 1104//1723
f 1110//1723 997//1723 1107//1723
f 1111//1723 1108//1723 1079//1723
f 1112//1723 997//1723 1110//1723
f 1113//1723 997//1723 1112//1723
f 993//1723 1079//1723 214//1723
f 993//1723 1114//1723 1115//1723
f 993//1723 1115//1723 1116//1723
f 993//1723 1116//1723 1117//1723
f 993//1723 1117//1723 1118//1723
f 993//1723 1118//1723 1111//1723
f 993//1723 1111//1723 1079//1723
f 990//1723 1114//1723 993//1723
f 990//1723 1113//1723 1119//1723
f 990//1723 1119//1723 1120//1723
f 990//1723 1120//1723 1121//1723
f 990//1723 1121//1723 1122//1723
f 990//1723 1122//1723 1123//1723
f 990//1723 1123//1723 1114//1723
f 990//1723 997//1723 1113//1723
f 991//1723 990//1723 993//1723
f 992//1724 991//1724 993//1724
f 39//1725 33//1725 44//1725
f 27//1726 609//1726 39//1726
f 27//1727 44//1727 22//1727
f 27//1728 22//1728 19//1728
f 27//1729 39//1729 44//1729
f 293//1730 609//1730 27//1730
f 293//1731 614//1731 609//1731
f 289//1732 614//1732 293//1732
f 289//1733 618//1733 614//1733
f 283//1734 618//1734 289//1734
f 283//1735 622//1735 618//1735
f 280//1736 622//1736 283//1736
f 280//1737 627//1737 622//1737
f 273//1738 627//1738 280//1738
f 273//1739 632//1739 627//1739
f 275//1740 632//1740 273//1740
f 275//1741 635//1741 632//1741
f 269//1742 635//1742 275//1742
f 269//1743 641//1743 635//1743
f 265//1744 641//1744 269//1744
f 265//1745 645//1745 641//1745
f 442//1746 645//1746 265//1746
f 442//1747 693//1747 645//1747
f 436//1748 693//1748 442//1748
f 436//1749 699//1749 693//1749
f 430//1750 699//1750 436//1750
f 430//1751 704//1751 699//1751
f 426//1752 704//1752 430//1752
f 426//1753 709//1753 704//1753
f 550//1754 709//1754 426//1754
f 550//1755 716//1755 709//1755
f 419//1756 716//1756 550//1756
f 419//1757 721//1757 716//1757
f 419//1758 730//1758 721//1758
f 408//1759 734//1759 730//1759
f 408//1760 730//1760 419//1760
f 400//1761 741//1761 734//1761
f 400//1762 734//1762 408//1762
f 390//1763 745//1763 741//1763
f 390//1764 741//1764 400//1764
f 525//1765 753//1765 745//1765
f 525//1766 745//1766 390//1766
f 516//1767 758//1767 753//1767
f 516//1768 753//1768 525//1768
f 507//1769 890//1769 758//1769
f 507//1770 758//1770 516//1770
f 373//1771 899//1771 890//1771
f 373//1772 890//1772 507//1772
f 368//1773 908//1773 899//1773
f 368//1774 899//1774 373//1774
f 360//1775 775//1775 908//1775
f 360//1776 908//1776 368//1776
f 356//1777 784//1777 775//1777
f 356//1778 775//1778 360//1778
f 349//1779 784//1779 356//1779
f 349//1780 793//1780 784//1780
f 345//1781 793//1781 349//1781
f 345//1782 802//1782 793//1782
f 336//1783 802//1783 345//1783
f 331//1784 802//1784 336//1784
f 331//1785 934//1785 802//1785
f 324//1786 934//1786 331//1786
f 324//1787 810//1787 934//1787
f 319//1788 810//1788 324//1788
f 319//1789 814//1789 810//1789
f 314//1790 814//1790 319//1790
f 314//1791 820//1791 814//1791
f 308//1792 820//1792 314//1792
f 308//1793 826//1793 820//1793
f 260//1794 826//1794 308//1794
f 260//1795 650//1795 826//1795
f 256//1796 650//1796 260//1796
f 256//1797 656//1797 650//1797
f 250//1798 656//1798 256//1798
f 250//1799 654//1799 656//1799
f 247//1800 654//1800 250//1800
f 247//1801 659//1801 654//1801
f 242//1802 659//1802 247//1802
f 242//1803 664//1803 659//1803
f 237//1804 664//1804 242//1804
f 237//1805 668//1805 664//1805
f 233//1806 668//1806 237//1806
f 233//1807 674//1807 668//1807
f 229//1808 674//1808 233//1808
f 229//1809 678//1809 674//1809
f 119//1810 116//1810 125//1810
f 224//1811 678//1811 229//1811
f 224//1812 125//1812 678//1812
f 71//1813 125//1813 224//1813
f 76//1814 119//1814 125//1814
f 76//1815 125//1815 71//1815
f 65//1816 76//1816 71//1816
f 142//1817 186//1817 165//1817
f 142//1817 176//1817 186//1817
f 1069//1818 1067//1818 1012//1818
f 1012//1818 1067//1818 1013//1818
f 1013//1819 1065//1819 1014//1819
f 1067//1819 1065//1819 1013//1819
f 1014//1820 1062//1820 1015//1820
f 1065//1820 1062//1820 1014//1820
f 1015//1821 1063//1821 1016//1821
f 1062//1821 1063//1821 1015//1821
f 1016//1822 1064//1822 1017//1822
f 1063//1822 1064//1822 1016//1822
f 1017//1823 1066//1823 1018//1823
f 1064//1823 1066//1823 1017//1823
f 1018//1824 1068//1824 1009//1824
f 1009//1825 1068//1825 1007//1825
f 1066//1824 1068//1824 1018//1824
f 1068//1825 1078//1825 1007//1825
f 1007//1826 1077//1826 1005//1826
f 1005//1827 1077//1827 1003//1827
f 1078//1826 1077//1826 1007//1826
f 1077//1827 1076//1827 1003//1827
f 1076//1828 1075//1828 1003//1828
f 1003//1828 1075//1828 1000//1828
f 1000//1829 1075//1829 1001//1829
f 1075//1829 1074//1829 1001//1829
f 1074//1830 1073//1830 1001//1830
f 1001//1830 1073//1830 1002//1830
f 1002//1831 1073//1831 1004//1831
f 1073//1831 1083//1831 1004//1831
f 1083//1832 1082//1832 1004//1832
f 1004//1832 1082//1832 1006//1832
f 1082//1717 1081//1717 1006//1717
f 1006//1717 1081//1717 1008//1717
f 1081//1833 1080//1833 1008//1833
f 1008//1833 1080//1833 1010//1833
f 1080//1834 1079//1834 1010//1834
f 1010//1834 1079//1834 1011//1834
f 1011//1835 1079//1835 1024//1835
f 1079//1835 1109//1835 1024//1835
f 1109//1836 1104//1836 1024//1836
f 1024//1836 1104//1836 1025//1836
f 1104//1837 1103//1837 1025//1837
f 1025//1837 1103//1837 1028//1837
f 1028//1838 1098//1838 1030//1838
f 1103//1838 1098//1838 1028//1838
f 1030//1839 1097//1839 1032//1839
f 1032//1840 1097//1840 1037//1840
f 1098//1839 1097//1839 1030//1839
f 1097//1840 1094//1840 1037//1840
f 1037//1841 1089//1841 1040//1841
f 1040//1842 1089//1842 1043//1842
f 1094//1841 1089//1841 1037//1841
f 1089//1842 1088//1842 1043//1842
f 1043//1843 1085//1843 1046//1843
f 1046//1844 1085//1844 1019//1844
f 1088//1843 1085//1843 1043//1843
f 1085//1844 1072//1844 1019//1844
f 1019//1845 1071//1845 1020//1845
f 1072//1845 1071//1845 1019//1845
f 1020//1846 1070//1846 1021//1846
f 1071//1846 1070//1846 1020//1846
f 1021//1847 1069//1847 1012//1847
f 1070//1847 1069//1847 1021//1847
f 1095//1818 1092//1818 1053//1818
f 1053//1818 1092//1818 1054//1818
f 1054//1819 1090//1819 1055//1819
f 1092//1819 1090//1819 1054//1819
f 1055//1820 1084//1820 1048//1820
f 1090//1820 1084//1820 1055//1820
f 1048//1821 1086//1821 1045//1821
f 1084//1821 1086//1821 1048//1821
f 1045//1822 1087//1822 1042//1822
f 1086//1822 1087//1822 1045//1822
f 1042//1823 1091//1823 1039//1823
f 1087//1823 1091//1823 1042//1823
f 1039//1824 1093//1824 1036//1824
f 1036//1848 1093//1848 1031//1848
f 1091//1824 1093//1824 1039//1824
f 1093//1848 1096//1848 1031//1848
f 1031//1826 1100//1826 1029//1826
f 1029//1827 1100//1827 1027//1827
f 1096//1826 1100//1826 1031//1826
f 1100//1827 1102//1827 1027//1827
f 1102//1828 1106//1828 1027//1828
f 1027//1828 1106//1828 1022//1828
f 1022//1829 1106//1829 1023//1829
f 1106//1829 1108//1829 1023//1829
f 1108//1830 1111//1830 1023//1830
f 1023//1830 1111//1830 1026//1830
f 1026//1831 1111//1831 1033//1831
f 1111//1831 1118//1831 1033//1831
f 1118//1832 1117//1832 1033//1832
f 1033//1832 1117//1832 1034//1832
f 1117//1717 1116//1717 1034//1717
f 1034//1717 1116//1717 1035//1717
f 1116//1833 1115//1833 1035//1833
f 1035//1833 1115//1833 1038//1833
f 1115//1834 1114//1834 1038//1834
f 1038//1834 1114//1834 1041//1834
f 1041//1835 1114//1835 1044//1835
f 1114//1835 1123//1835 1044//1835
f 1123//1836 1122//1836 1044//1836
f 1044//1836 1122//1836 1047//1836
f 1122//1837 1121//1837 1047//1837
f 1047//1837 1121//1837 1049//1837
f 1049//1838 1120//1838 1050//1838
f 1121//1838 1120//1838 1049//1838
f 1050//1839 1119//1839 1051//1839
f 1051//1849 1119//1849 1052//1849
f 1120//1839 1119//1839 1050//1839
f 1119//1849 1113//1849 1052//1849
f 1052//1841 1112//1841 1056//1841
f 1056//1842 1112//1842 1057//1842
f 1113//1841 1112//1841 1052//1841
f 1112//1842 1110//1842 1057//1842
f 1057//1843 1107//1843 1058//1843
f 1058//1844 1107//1844 1059//1844
f 1110//1843 1107//1843 1057//1843
f 1107//1844 1105//1844 1059//1844
f 1059//1845 1101//1845 1060//1845
f 1105//1845 1101//1845 1059//1845
f 1060//1846 1099//1846 1061//1846
f 1101//1846 1099//1846 1060//1846
f 1061//1847 1095//1847 1053//1847
f 1099//1847 1095//1847 1061//1847
f 624//1850 214//1850 61//1850
f 624//1850 61//1850 620//1850
f 616//1850 620//1850 61//1850
f 613//1850 616//1850 61//1850
f 628//1850 214//1850 624//1850
f 610//1850 613//1850 61//1850
f 631//1850 214//1850 628//1850
f 210//1850 61//1850 63//1850
f 210//1850 610//1850 61//1850
f 634//1850 214//1850 631//1850
f 640//1850 214//1850 634//1850
f 644//1850 214//1850 640//1850
f 688//1850 214//1850 644//1850
f 695//1850 214//1850 688//1850
f 702//1850 214//1850 695//1850
f 708//1850 214//1850 702//1850
f 714//1850 214//1850 708//1850
f 722//1850 214//1850 714//1850
f 731//1850 214//1850 722//1850
f 737//1850 214//1850 731//1850
f 748//1850 214//1850 737//1850
f 756//1850 214//1850 748//1850
f 763//1850 214//1850 756//1850
f 993//1850 214//1850 763//1850
f 887//1850 993//1850 763//1850
f 767//1850 993//1850 887//1850
f 774//1850 993//1850 767//1850
f 779//1850 993//1850 774//1850
f 787//1850 993//1850 779//1850
f 790//1850 993//1850 787//1850
f 798//1850 993//1850 790//1850
f 805//1850 993//1850 798//1850
f 931//1850 993//1850 805//1850
f 812//1850 993//1850 931//1850
f 817//1850 993//1850 812//1850
f 823//1850 993//1850 817//1850
f 649//1850 993//1850 823//1850
f 653//1850 993//1850 649//1850
f 658//1850 993//1850 653//1850
f 661//1850 993//1850 658//1850
f 665//1850 993//1850 661//1850
f 669//1850 993//1850 665//1850
f 672//1850 993//1850 669//1850
f 206//1850 679//1850 127//1850
f 206//1850 675//1850 679//1850
f 206//1850 672//1850 675//1850
f 206//1850 993//1850 672//1850
f 126//1850 206//1850 127//1850
f 180//1851 184//1851 607//1851
f 180//1851 607//1851 193//1851
f 55//1852 48//1852 59//1852
f 59//1853 48//1853 50//1853
f 50//1852 48//1852 51//1852
f 48//1852 57//1852 46//1852
f 55//1852 57//1852 48//1852
f 46//1852 6//1852 14//1852
f 14//1852 6//1852 15//1852
f 15//1852 6//1852 18//1852
f 18//1852 6//1852 9//1852
f 9//1852 6//1852 10//1852
f 10//1852 6//1852 4//1852
f 57//1852 6//1852 46//1852
f 57//1852 223//1852 6//1852
f 57//1852 217//1852 223//1852
f 608//1852 154//1852 197//1852
f 223//1852 996//1852 608//1852
f 217//1852 996//1852 223//1852
f 608//1852 996//1852 154//1852
