# File generated by ImageToStl.com - Free Image and 3D model conversion tools

o obj1
v 128.2157135 189.42764282 50
v 112.75170135 189.42764282 50
v 111.67723846 188.35317993 50
v 113.14498138 190.89538574 50
v 129.29017639 188.35317993 50
v 110.20949554 187.9598999 50
v 130.75791931 187.9598999 50
v 127.82242584 190.89538574 50
v 127.82242584 209.48681641 50
v 113.14498138 209.48681641 50
v 128.2157135 210.95455933 50
v 112.75170135 210.95455933 50
v 129.29017639 212.02902222 50
v 111.67723846 212.02902222 50
v 130.75791931 212.42230225 50
v 110.20949554 212.42230225 50
v 110.20949554 187.9598999 100
v 111.67723846 188.35317993 100
v 112.75170135 189.42764282 100
v 113.14498138 190.89538574 100
v 88.68257904 209.48681641 100
v 88.68257904 209.48681641 0
v 88.68257904 190.89538574 0
v 88.68257904 190.89538574 100
v 91.61806488 212.42230225 100
v 91.61806488 212.42230225 0
v 90.15032196 212.02902222 0
v 90.15032196 212.02902222 100
v 89.07585907 210.95455933 0
v 89.07585907 210.95455933 100
v 113.14498138 209.48681641 100
v 112.75170135 210.95455933 100
v 111.67723846 212.02902222 100
v 110.20949554 212.42230225 100
v 89.07585907 189.42764282 100
v 89.07585907 189.42764282 0
v 90.15032196 188.35317993 100
v 90.15032196 188.35317993 0
v 91.61806488 187.9598999 100
v 91.61806488 187.9598999 0
v 130.75791931 212.42230225 100
v 129.29017639 212.02902222 100
v 128.2157135 210.95455933 100
v 127.82242584 209.48681641 100
v 127.82242584 190.89538574 100
v 128.2157135 189.42764282 100
v 129.29017639 188.35317993 100
v 130.75791931 187.9598999 100
v 149.34934998 212.42230225 0
v 149.34934998 212.42230225 100
v 151.89155579 210.95455933 100
v 152.28483582 209.48681641 0
v 151.89155579 210.95455933 0
v 152.28483582 209.48681641 100
v 150.8170929 212.02902222 100
v 150.8170929 212.02902222 0
v 152.28483582 190.89538574 100
v 152.28483582 190.89538574 0
v 149.34934998 187.9598999 100
v 149.34934998 187.9598999 0
v 150.8170929 188.35317993 0
v 150.8170929 188.35317993 100
v 151.89155579 189.42764282 100
v 151.89155579 189.42764282 0
v 22.36673927 154.99024963 40
v -1.77760375 179.13459778 0
v 22.36673927 154.99024963 0
v -1.77760375 179.13459778 40
v -3.00751185 181.26486206 40
v -3.16943216 182.49476624 0
v -3.00751185 181.26486206 0
v -3.16943216 182.49476624 40
v -2.53278494 180.11877441 40
v -2.53278494 180.11877441 0
v -3.16943216 207.96211243 0
v -3.16943216 207.96211243 40
v -0.7934323 212.07746887 40
v 1.58256769 212.71411133 0
v -0.7934323 212.07746887 0
v 1.58256769 212.71411133 40
v -2.53278494 210.33810425 40
v -2.53278494 210.33810425 0
v 55.43856812 212.71411133 0
v 55.43856812 212.71411133 40
v 59.55392075 210.33810425 40
v 60.19056702 207.96211243 0
v 59.55392075 210.33810425 0
v 57.81456757 212.07746887 0
v 60.19056702 207.96211243 40
v 57.81456757 212.07746887 40
v 60.19056702 182.49476624 40
v 60.19056702 182.49476624 0
v 58.79874039 179.13459778 40
v 58.79874039 179.13459778 0
v 59.55392075 180.11877441 0
v 59.55392075 180.11877441 40
v 60.02864838 181.26486206 0
v 60.02864838 181.26486206 40
v 34.65439606 154.99024963 0
v 34.65439606 154.99024963 40
v 32.52413177 153.76034546 40
v 31.29422569 153.59841919 0
v 32.52413177 153.76034546 0
v 31.29422569 153.59841919 40
v 33.67022324 154.2350769 40
v 33.67022324 154.2350769 0
v 25.72690964 153.59841919 0
v 25.72690964 153.59841919 40
v 23.35091019 154.2350769 40
v 23.35091019 154.2350769 0
v 24.49700165 153.76034546 40
v 24.49700165 153.76034546 0
v 19.82823181 165.57279968 40
v 22.15114975 162.37557983 40
v 25.57366943 160.39958191 40
v 19.006567 169.43843079 40
v 29.50400543 159.98649597 40
v 19.82823181 173.30404663 40
v 33.26256943 161.2077179 40
v 6.31115055 189.81126404 40
v 3.98823166 193.00848389 40
v 9.73367023 187.83526611 40
v 3.1665678 196.87411499 40
v 36.19946671 163.85211182 40
v 13.66400623 187.42218018 40
v 22.15114975 176.50126648 40
v 3.98823166 200.73973083 40
v 17.42256737 188.6434021 40
v 25.57366943 178.4772644 40
v 6.31115055 203.93696594 40
v 20.35946465 191.28779602 40
v 29.50400543 178.8903656 40
v 9.73367023 205.91294861 40
v 13.66400623 206.3260498 40
v 37.9911499 189.81126404 40
v 33.26256943 177.66912842 40
v 35.66823196 193.00848389 40
v 21.96688271 194.89811707 40
v 41.41366959 187.83526611 40
v 36.19946671 175.0247345 40
v 34.84656906 196.87411499 40
v 21.96688271 198.85009766 40
v 45.34400558 187.42218018 40
v 37.80688095 171.41441345 40
v 35.66823196 200.73973083 40
v 20.35946465 202.4604187 40
v 37.80688095 167.46243286 40
v 49.10256958 188.6434021 40
v 37.9911499 203.93696594 40
v 17.42256737 205.10481262 40
v 52.03946686 191.28779602 40
v 41.41366959 205.91294861 40
v 53.6468811 194.89811707 40
v 49.10256958 205.10481262 40
v 52.03946686 202.4604187 40
v 45.34400558 206.3260498 40
v 53.6468811 198.85009766 40
v 34.84656906 196.87411499 100
v 35.66823196 193.00848389 100
v 37.9911499 189.81126404 100
v 41.41366959 187.83526611 100
v 45.34400558 187.42218018 100
v 49.10256958 188.6434021 100
v 52.03946686 191.28779602 100
v 53.6468811 194.89811707 100
v 53.6468811 198.85009766 100
v 52.03946686 202.4604187 100
v 49.10256958 205.10481262 100
v 45.34400558 206.3260498 100
v 41.41366959 205.91294861 100
v 37.9911499 203.93696594 100
v 35.66823196 200.73973083 100
v 3.1665678 196.87411499 100
v 3.98823166 193.00848389 100
v 6.31115055 189.81126404 100
v 9.73367023 187.83526611 100
v 13.66400623 187.42218018 100
v 17.42256737 188.6434021 100
v 20.35946465 191.28779602 100
v 21.96688271 194.89811707 100
v 21.96688271 198.85009766 100
v 20.35946465 202.4604187 100
v 17.42256737 205.10481262 100
v 13.66400623 206.3260498 100
v 9.73367023 205.91294861 100
v 6.31115055 203.93696594 100
v 3.98823166 200.73973083 100
v 19.006567 169.43843079 100
v 19.82823181 165.57279968 100
v 22.15114975 162.37557983 100
v 25.57366943 160.39958191 100
v 29.50400543 159.98649597 100
v 33.26256943 161.2077179 100
v 36.19946671 163.85211182 100
v 37.80688095 167.46243286 100
v 37.80688095 171.41441345 100
v 36.19946671 175.0247345 100
v 33.26256943 177.66912842 100
v 29.50400543 178.8903656 100
v 25.57366943 178.4772644 100
v 22.15114975 176.50126648 100
v 19.82823181 173.30404663 100
v 331.84835815 82.54499054 50
v 315.21820068 81.62535095 50
v 313.76873779 80.17588806 50
v 335.06015015 80.39894104 50
v 311.78872681 79.6453476 50
v 329.70233154 85.75678253 50
v 315.74871826 83.60534668 50
v 338.84872437 79.6453476 50
v 328.94873047 89.54534912 50
v 315.74871826 95.48534393 50
v 329.70233154 93.33391571 50
v 315.21820068 97.46534729 50
v 331.84835815 96.5457077 50
v 313.76873779 98.91481018 50
v 338.84872437 99.44535065 50
v 311.78872681 99.44535065 50
v 335.06015015 98.6917572 50
v 328.94873047 89.54534912 100
v 329.80462646 85.51865387 100
v 332.22433472 82.18821716 100
v 335.78945923 80.12989044 100
v 342.63729858 80.39894104 0
v 338.84872437 79.6453476 0
v 339.88357544 79.69957733 100
v 343.79873657 80.97169495 100
v 345.84909058 82.54499054 0
v 346.85800171 83.72627258 100
v 347.99514771 85.75678253 0
v 348.53237915 87.4870224 100
v 348.74871826 89.54534912 0
v 348.53237915 91.60367584 100
v 347.99514771 93.33391571 0
v 346.85800171 95.36441803 100
v 345.84909058 96.5457077 0
v 343.79873657 98.11899567 100
v 342.63729858 98.6917572 0
v 338.84872437 99.44535065 0
v 339.88357544 99.39111328 100
v 335.78945923 98.9608078 100
v 332.22433472 96.90248108 100
v 329.80462646 93.57203674 100
v 313.76873779 80.17588806 100
v 311.78872681 79.6453476 100
v 315.21820068 81.62535095 100
v 315.74871826 83.60534668 100
v 315.74871826 95.48534393 100
v 315.21820068 97.46534729 100
v 313.76873779 98.91481018 100
v 311.78872681 99.44535065 100
v 295.94873047 83.60534668 100
v 295.94873047 95.48534393 0
v 295.94873047 83.60534668 0
v 295.94873047 95.48534393 100
v 297.92874146 98.91481018 100
v 299.90872192 99.44535065 0
v 297.92874146 98.91481018 0
v 299.90872192 99.44535065 100
v 296.47927856 97.46534729 100
v 296.47927856 97.46534729 0
v 299.90872192 79.6453476 0
v 299.90872192 79.6453476 100
v 296.47927856 81.62535095 100
v 296.47927856 81.62535095 0
v 297.92874146 80.17588806 0
v 297.92874146 80.17588806 100
v 301.20001221 24.79999924 0
v 301.30145264 23.40605736 75
v 301.20001221 24.79999924 100
v 301.6194458 21.97593689 50
v 301.30145264 23.40605736 25
v 301.25656128 23.75868607 6.25
v 301.43218994 22.69427299 12.5
v 302.96652222 19.09645081 0
v 302.01052856 20.89230537 6.25
v 304.47763062 17.17398262 12.5
v 307.97717285 14.32581997 0
v 306.08459473 15.67968941 6.25
v 310.88891602 12.78730106 12.5
v 301.73492432 21.61517525 18.75
v 302.17102051 20.53097343 25
v 303.14889526 18.82250214 18.75
v 303.92202759 17.8021698 25
v 306.44146729 15.39649868 25
v 308.53527832 13.98688698 18.75
v 314.47009277 11.51386929 6.25
v 315.77755737 11.18227768 12.5
v 301.98736572 20.94745827 31.25
v 313.98184204 11.65465641 18.75
v 314.09533691 11.62108326 25
v 317.21032715 10.890522 25
v 330.33242798 11.30395126 0
v 328.29190063 10.8732233 6.25
v 324.31570435 10.43549633 0
v 304.74954224 16.89104271 31.25
v 303.37893677 18.49719048 37.5
v 308.22067261 14.17500687 37.5
v 332.27947998 11.86083984 12.5
v 326.48034668 10.61056614 12.5
v 324.69784546 10.45569229 18.75
v 320.81387329 10.4610033 12.5
v 322.94796753 10.40033817 25
v 328.70169067 10.94792271 25
v 311.02667236 12.72710133 31.25
v 313.60943604 11.76852322 37.5
v 302.31903076 20.22521973 43.75
v 305.08389282 16.5618763 50
v 338.88708496 15.19062233 12.5
v 341.0770874 17.12584496 6.25
v 342.12658691 18.36942863 12.5
v 306.55050659 15.31284237 43.75
v 310.19830322 13.10466194 50
v 344.16503906 22.68185616 0
v 343.42626953 20.52516747 6.25
v 339.83132935 15.94325638 0
v 344.39276123 25.17257118 12.5
v 321.20614624 10.43925571 31.25
v 344.36264038 23.95328331 6.25
v 302.31903076 20.22521973 56.25
v 340.26184082 16.32403946 18.75
v 343.28424072 29.36831474 0
v 344.08496094 27.25042915 6.25
v 341.79779053 31.65222549 12.5
v 315.79870605 11.17743778 50
v 317.6126709 10.82141972 43.75
v 321.59631348 10.42237568 50
v 319.42196655 10.57718849 37.5
v 342.97424316 19.65500832 18.75
v 341.44900513 17.53441811 25
v 343.61865234 20.96194649 25
v 303.37893677 18.49719048 62.5
v 306.55050659 15.31284237 56.25
v 308.22067261 14.17500687 62.5
v 342.62002563 30.52427864 6.25
v 344.2489624 23.1000824 18.75
v 344.39004517 24.36275291 25
v 338.01016235 14.57561684 31.25
v 335.9510498 13.3766346 25
v 301.98736572 20.94745827 68.75
v 302.17102051 20.53097343 75
v 303.92202759 17.8021698 75
v 337.96286011 35.05557632 0
v 340.08062744 33.43943405 6.25
v 335.69647217 36.35164261 12.5
v 344.26455688 26.41014481 18.75
v 343.96554565 27.67356873 25
v 329.35455322 11.07900715 37.5
v 330.45855713 11.33553982 43.75
v 325.09164429 10.48127365 37.5
v 327.28915405 10.71442604 50
v 333.06887817 12.13140202 50
v 333.54629517 12.30862713 37.5
v 304.74954224 16.89104271 68.75
v 306.44146729 15.39649868 75
v 342.12402344 18.3659935 31.25
v 339.82608032 15.93877316 37.5
v 317.6126709 10.82141972 56.25
v 343.11999512 29.68346024 18.75
v 342.36367798 30.90364075 25
v 339.68759155 33.77822113 25
v 335.80731201 13.30372429 43.75
v 337.88082886 14.49080372 50
v 301.51861572 22.33575439 81.25
v 344.05783081 22.24698448 31.25
v 344.3140564 23.51681328 37.5
v 311.02667236 12.72710133 68.75
v 313.60943604 11.76852322 62.5
v 319.42196655 10.57718849 62.5
v 344.36911011 25.56990814 31.25
v 342.90270996 30.06796837 37.5
v 303.14889526 18.82250214 81.25
v 301.86520386 21.25383759 87.5
v 304.47763062 17.17398262 87.5
v 337.81552124 35.15147781 18.75
v 341.44607544 17.53107071 43.75
v 342.71435547 19.22310066 50
v 330.45855713 11.33553982 56.25
v 318.26693726 38.87932205 0
v 322.57684326 39.19923019 6.25
v 324.10464478 39.17370987 0
v 343.51800537 28.87291718 31.25
v 317.21032715 10.890522 75
v 321.20614624 10.43925571 68.75
v 322.94796753 10.40033817 75
v 343.78018188 21.37513161 43.75
v 344.32562256 25.99407768 50
v 301.3598938 23.05114937 93.75
v 302.96652222 19.09645081 100
v 333.54629517 12.30862713 62.5
v 335.80731201 13.30372429 56.25
v 339.82608032 15.93877316 62.5
v 308.53527832 13.98688698 81.25
v 310.88891602 12.78730106 87.5
v 329.35455322 11.07900715 62.5
v 325.09164429 10.48127365 62.5
v 341.51919556 31.98490334 31.25
v 337.3453064 35.44569397 37.5
v 313.6388855 37.84069061 0
v 314.78173828 38.1710701 6.25
v 302.34683228 20.17024231 93.75
v 344.39990234 24.75672722 43.75
v 319.17550659 38.99581909 12.5
v 311.41925049 37.03907394 12.5
v 313.98184204 11.65465641 81.25
v 314.09533691 11.62108326 75
v 341.44607544 17.53107071 56.25
v 343.85205078 28.0229187 43.75
v 341.16183472 32.38368607 50
v 334.7237854 36.80709457 31.25
v 336.10699463 36.14281082 25
v 306.08459473 15.67968941 93.75
v 307.97717285 14.32581997 100
v 304.5730896 32.52701187 0
v 306.56533813 34.29843903 6.25
v 308.53787231 35.61463928 0
v 304.87039185 32.83018494 12.5
v 343.78018188 21.37513161 56.25
v 322.87789917 39.1999054 25
v 317.13497925 38.69592285 18.75
v 314.55200195 38.10882187 25
v 342.11688232 31.24351692 43.75
v 315.77755737 11.18227768 87.5
v 335.9510498 13.3766346 75
v 338.01016235 14.57561684 68.75
v 341.44900513 17.53441811 75
v 328.70169067 10.94792271 75
v 324.69784546 10.45569229 81.25
v 344.39990234 24.75672722 56.25
v 344.3140564 23.51681328 62.5
v 302.59631348 29.89341545 6.25
v 303.36935425 31.089674 12.5
v 301.49438477 27.16931534 12.5
v 339.41918945 33.99812317 43.75
v 334.64746094 36.84062195 50
v 314.47009277 11.51386929 93.75
v 309.16217041 35.9668045 18.75
v 307.11703491 34.70183945 25
v 342.12402344 18.3659935 68.75
v 343.61865234 20.96194649 75
v 343.85205078 28.0229187 56.25
v 342.90270996 30.06796837 62.5
v 301.27151489 25.97072792 6.25
v 326.48034668 10.61056614 87.5
v 320.81387329 10.4610033 87.5
v 331.78479004 37.89509583 43.75
v 327.50341797 38.85446548 50
v 342.11688232 31.24351692 56.25
v 344.05783081 22.24698448 68.75
v 344.39004517 24.36275291 75
v 303.48757935 31.24947548 18.75
v 302.43502808 29.59941292 25
v 339.41918945 33.99812317 56.25
v 337.3453064 35.44569397 62.5
v 338.88708496 15.19062233 87.5
v 340.26184082 16.32403946 81.25
v 342.12658691 18.36942863 87.5
v 344.36911011 25.56990814 68.75
v 343.96554565 27.67356873 75
v 324.31570435 10.43549633 100
v 328.29190063 10.8732233 93.75
v 330.33242798 11.30395126 100
v 332.27947998 11.86083984 87.5
v 301.87954712 28.38354683 18.75
v 328.79959106 38.63337326 37.5
v 323.9793396 39.1785202 43.75
v 319.259552 39.00524521 50
v 343.51800537 28.87291718 68.75
v 342.36367798 30.90364075 75
v 342.97424316 19.65500832 81.25
v 310.15710449 36.47555542 37.5
v 305.46606445 33.39185333 31.25
v 304.0708313 31.97335815 37.5
v 331.78479004 37.89509583 56.25
v 341.51919556 31.98490334 68.75
v 339.68759155 33.77822113 75
v 344.2489624 23.1000824 81.25
v 344.39276123 25.17257118 87.5
v 315.04806519 38.24069214 50
v 314.59448242 38.12047958 43.75
v 310.9888916 36.8564949 50
v 303.16534424 30.80147552 31.25
v 341.0770874 17.12584496 93.75
v 344.26455688 26.41014481 81.25
v 323.9793396 39.1785202 56.25
v 328.79959106 38.63337326 62.5
v 308.17034912 35.39419937 43.75
v 306.38577271 34.16027832 50
v 334.7237854 36.80709457 68.75
v 301.27151489 25.97072792 31.25
v 343.11999512 29.68346024 81.25
v 341.79779053 31.65222549 87.5
v 339.83132935 15.94325638 100
v 343.42626953 20.52516747 93.75
v 344.16503906 22.68185616 100
v 336.10699463 36.14281082 75
v 314.59448242 38.12047958 56.25
v 344.36264038 23.95328331 93.75
v 337.81552124 35.15147781 81.25
v 335.69647217 36.35164261 87.5
v 344.08496094 27.25042915 93.75
v 343.28424072 29.36831474 100
v 308.17034912 35.39419937 56.25
v 310.15710449 36.47555542 62.5
v 304.0708313 31.97335815 62.5
v 342.62002563 30.52427864 93.75
v 303.16534424 30.80147552 56.25
v 302.43502808 29.59941292 50
v 340.08062744 33.43943405 93.75
v 337.96286011 35.05557632 100
v 307.11703491 34.70183945 75
v 305.46606445 33.39185333 68.75
v 302.43502808 29.59941292 75
v 314.55200195 38.10882187 75
v 317.13497925 38.69592285 81.25
v 322.87789917 39.1999054 75
v 303.16534424 30.80147552 68.75
v 301.87954712 28.38354683 68.75
v 301.49438477 27.16931534 62.5
v 309.16217041 35.9668045 81.25
v 311.41925049 37.03907394 87.5
v 304.87039185 32.83018494 87.5
v 324.10464478 39.17370987 100
v 322.57684326 39.19923019 93.75
v 318.26693726 38.87932205 100
v 314.78173828 38.1710701 93.75
v 319.17550659 38.99581909 87.5
v 313.6388855 37.84069061 100
v 303.48757935 31.24947548 81.25
v 303.36935425 31.089674 87.5
v 301.87954712 28.38354683 81.25
v 301.49438477 27.16931534 87.5
v 301.27151489 25.97072792 81.25
v 308.53787231 35.61463928 100
v 306.56533813 34.29843903 93.75
v 304.5730896 32.52701187 100
v 302.59631348 29.89341545 93.75
v 301.27151489 25.97072792 93.75
v 312.61483765 12.10140133 0
v 311.06402588 12.7109499 3.125
v 309.93148804 13.23451233 6.25
v 318.20996094 10.7288866 0
v 319.45828247 10.5733757 3.125
v 317.64929199 10.81540012 9.375
v 321.43344116 10.42884827 6.25
v 317.40090942 10.85710526 15.625
v 324.49807739 10.44456673 9.375
v 311.20248413 12.65170193 21.875
v 335.65475464 13.22770214 0
v 332.08041382 11.79685974 3.125
v 319.41143799 10.57830143 18.75
v 335.47982788 13.1422472 6.25
v 338.64227295 15.01151657 3.125
v 321.01028442 10.4495163 21.875
v 314.05535889 11.63285065 28.125
v 328.49310303 10.90917683 15.625
v 337.21224976 14.07419014 9.375
v 316.05288696 11.12055397 31.25
v 336.65863037 13.75467014 15.625
v 309.83102417 13.28448868 40.625
v 317.41149902 10.85527992 34.375
v 324.89453125 10.46786118 28.125
v 311.66891479 12.45929909 43.75
v 325.21487427 10.49027634 34.375
v 333.62353516 12.33830738 28.125
v 313.80575562 11.70778275 46.875
v 321.40151978 10.43021297 40.625
v 333.93081665 12.45918655 34.375
v 323.98538208 10.42170143 43.75
v 313.80575562 11.70778275 53.125
v 311.66891479 12.45929909 56.25
v 309.83102417 13.28448868 59.375
v 330.94577026 38.13677597 0
v 335.95254517 36.22260284 3.125
v 325.96005249 10.55493736 46.875
v 325.96005249 10.55493736 53.125
v 326.71261597 38.96178818 3.125
v 323.98538208 10.42170143 56.25
v 321.40151978 10.43021297 59.375
v 342.27120972 18.56632614 40.625
v 317.41149902 10.85527992 65.625
v 331.40829468 38.00702667 12.5
v 334.77590942 36.78402328 15.625
v 326.9453125 38.93233109 9.375
v 326.87051392 38.9419899 12.5
v 316.05288696 11.12055397 68.75
v 314.05535889 11.63285065 71.875
v 311.20248413 12.65170193 78.125
v 334.98892212 36.68819046 21.875
v 331.86608887 37.87017059 25
v 325.21487427 10.49027634 65.625
v 311.52767944 37.08358383 3.125
v 322.03863525 39.19105148 15.625
v 324.89453125 10.46786118 71.875
v 310.37249756 36.5778923 6.25
v 333.93081665 12.45918655 65.625
v 321.01028442 10.4495163 78.125
v 331.10717773 38.09244919 28.125
v 327.33660889 38.8788147 25
v 319.41143799 10.57830143 81.25
v 342.27120972 18.56632614 59.375
v 317.40090942 10.85710526 84.375
v 314.2265625 38.01710129 15.625
v 333.62353516 12.33830738 71.875
v 309.93148804 13.23451233 93.75
v 331.82546997 37.88266373 34.375
v 333.27804565 37.39224625 37.5
v 317.64929199 10.81540012 90.625
v 311.06402588 12.7109499 96.875
v 312.61483765 12.10140133 100
v 334.68566895 36.82388687 40.625
v 319.70556641 39.05146408 28.125
v 316.44396973 38.56244278 31.25
v 328.49310303 10.90917683 84.375
v 319.44766235 39.0255127 37.5
v 322.63082886 39.19955826 34.375
v 324.49807739 10.44456673 90.625
v 321.43344116 10.42884827 93.75
v 324.07107544 39.17504501 37.5
v 319.45828247 10.5733757 96.875
v 318.20996094 10.7288866 100
v 311.47720337 37.0629425 28.125
v 336.65863037 13.75467014 84.375
v 310.41314697 36.59690857 31.25
v 313.21472168 37.7044754 34.375
v 314.68807983 38.14594269 37.5
v 319.3536377 39.01552582 43.75
v 337.21224976 14.07419014 90.625
v 332.08041382 11.79685974 96.875
v 335.65475464 13.22770214 100
v 335.47982788 13.1422472 93.75
v 334.68566895 36.82388687 59.375
v 333.27804565 37.39224625 62.5
v 301.49438477 27.16931534 25
v 338.64227295 15.01151657 96.875
v 302.13562012 28.9922123 34.375
v 331.82546997 37.88266373 65.625
v 319.3536377 39.01552582 56.25
v 319.44766235 39.0255127 62.5
v 324.07107544 39.17504501 62.5
v 304.20626831 32.12827301 43.75
v 301.87954712 28.38354683 43.75
v 301.49438477 27.16931534 37.5
v 331.10717773 38.09244919 71.875
v 331.86608887 37.87017059 75
v 327.33660889 38.8788147 75
v 316.44396973 38.56244278 68.75
v 322.63082886 39.19955826 65.625
v 303.59634399 31.39223289 46.875
v 334.98892212 36.68819046 78.125
v 314.68807983 38.14594269 62.5
v 334.77590942 36.78402328 84.375
v 331.40829468 38.00702667 87.5
v 313.21472168 37.7044754 65.625
v 319.70556641 39.05146408 71.875
v 301.87954712 28.38354683 56.25
v 310.41314697 36.59690857 68.75
v 311.47720337 37.0629425 71.875
v 335.95254517 36.22260284 96.875
v 330.94577026 38.13677597 100
v 326.87051392 38.9419899 87.5
v 322.03863525 39.19105148 84.375
v 326.9453125 38.93233109 90.625
v 314.2265625 38.01710129 84.375
v 326.71261597 38.96178818 96.875
v 301.49438477 27.16931534 75
v 310.37249756 36.5778923 93.75
v 311.52767944 37.08358383 96.875
v 309.96652222 13.21721268 26.5625
v 332.73782349 12.01460075 15.625
v 332.34207153 11.88129616 20.3125
v 329.29495239 11.06641293 28.125
v 329.45800781 11.1011591 31.25
v 329.62094116 11.1368351 34.375
v 331.4730835 37.98816681 3.125
v 331.58770752 37.95440292 6.25
v 309.96652222 13.21721268 73.4375
v 330.90463257 38.14791107 14.0625
v 331.13522339 38.0846405 20.3125
v 329.62094116 11.1368351 65.625
v 331.25033569 38.05228806 23.4375
v 329.45800781 11.1011591 68.75
v 329.29495239 11.06641293 71.875
v 326.82122803 38.94825745 31.25
v 327.18588257 38.90002441 34.375
v 332.34207153 11.88129616 79.6875
v 332.73782349 12.01460075 84.375
v 327.18588257 38.90002441 65.625
v 326.82122803 38.94825745 68.75
v 331.25033569 38.05228806 76.5625
v 331.13522339 38.0846405 79.6875
v 330.90463257 38.14791107 85.9375
v 331.58770752 37.95440292 93.75
v 331.4730835 37.98816681 96.875
v 336.68600464 13.76997089 19.53125
v 336.23587036 36.07509995 6.25
v 326.41094971 38.99735641 14.84375
v 326.52703857 38.98401642 17.96875
v 336.68600464 13.76997089 80.46875
v 326.52703857 38.98401642 82.03125
v 336.23587036 36.07509995 93.75
v 326.41094971 38.99735641 85.15625
v 321.87265015 39.1867218 18.359375
v 321.87265015 39.1867218 81.640625
v 691.46710205 2.15897942 100
v 691.2701416 4.03314829 0
v 691.46710205 2.15897942 0
v 691.2701416 4.03314829 100
v 692.99169922 1.05130267 100
v 692.99169922 1.05130267 0
v 694.83502197 1.44311059 0
v 694.83502197 1.44311059 100
v 694.37609863 13.59230137 0
v 694.37609863 13.59230137 100
v 686.24456787 19.50018311 0
v 686.24456787 19.50018311 100
v 685.88464355 22.92445946 100
v 687.60626221 23.6909523 0
v 685.88464355 22.92445946 0
v 687.60626221 23.6909523 100
v 685.30230713 21.13220215 100
v 685.30230713 21.13220215 0
v 697.65734863 23.6909523 100
v 697.65734863 23.6909523 0
v 700.76330566 33.25010681 0
v 700.76330566 33.25010681 100
v 705.16973877 33.25010681 100
v 705.16973877 33.25010681 0
v 703.90875244 34.65055466 0
v 703.90875244 34.65055466 100
v 702.02423096 34.65055466 0
v 702.02423096 34.65055466 100
v 708.2756958 23.6909523 0
v 708.2756958 23.6909523 100
v 718.32678223 23.6909523 0
v 718.32678223 23.6909523 100
v 720.63067627 21.13220215 100
v 719.68841553 19.50018311 0
v 720.63067627 21.13220215 0
v 719.68841553 19.50018311 100
v 720.04833984 22.92445946 100
v 720.04833984 22.92445946 0
v 711.5569458 13.59230137 0
v 711.5569458 13.59230137 100
v 714.66290283 4.03314829 0
v 714.66290283 4.03314829 100
v 711.09802246 1.44311059 100
v 711.09802246 1.44311059 0
v 712.94128418 1.05130267 0
v 712.94128418 1.05130267 100
v 714.46588135 2.15897942 100
v 714.46588135 2.15897942 0
v 702.9664917 7.3509922 0
v 702.9664917 7.3509922 100
v 683.66149902 61.17110062 100
v 683.66149902 79.7039032 0
v 683.66149902 61.17110062 0
v 683.66149902 79.7039032 100
v 684.81982422 81.71013641 100
v 685.97808838 82.02050018 0
v 684.81982422 81.71013641 0
v 685.97808838 82.02050018 100
v 683.97186279 80.86219788 100
v 683.97186279 80.86219788 0
v 719.95489502 82.02050018 100
v 719.95489502 82.02050018 0
v 721.96112061 80.86219788 100
v 722.27148438 79.7039032 0
v 721.96112061 80.86219788 0
v 722.27148438 79.7039032 100
v 721.11322021 81.71013641 100
v 721.11322021 81.71013641 0
v 722.27148438 61.17110062 0
v 722.27148438 61.17110062 100
v 721.11322021 59.1648674 100
v 719.95489502 58.85449982 0
v 721.11322021 59.1648674 0
v 719.95489502 58.85449982 100
v 721.96112061 60.01279831 100
v 721.96112061 60.01279831 0
v 717.45428467 58.85449982 0
v 717.45428467 58.85449982 100
v 715.5814209 59.80759048 100
v 715.16668701 60.80532074 0
v 715.5814209 59.80759048 0
v 715.16668701 60.80532074 100
v 716.40356445 59.10647583 100
v 716.40356445 59.10647583 0
v 713.96862793 64.4763031 100
v 713.96862793 64.4763031 0
v 711.69573975 67.59812164 100
v 711.69573975 67.59812164 0
v 708.57019043 69.86582947 100
v 708.57019043 69.86582947 0
v 704.89727783 71.0579071 100
v 704.89727783 71.0579071 0
v 701.03570557 71.0579071 100
v 701.03570557 71.0579071 0
v 697.36279297 69.86582947 0
v 697.36279297 69.86582947 100
v 694.23724365 67.59812164 100
v 694.23724365 67.59812164 0
v 691.9644165 64.4763031 100
v 691.9644165 64.4763031 0
v 690.76629639 60.80532074 0
v 690.76629639 60.80532074 100
v 688.47875977 58.85449982 100
v 688.47875977 58.85449982 0
v 689.52941895 59.10647583 0
v 689.52941895 59.10647583 100
v 690.3515625 59.80759048 100
v 690.3515625 59.80759048 0
v 685.97808838 58.85449982 0
v 685.97808838 58.85449982 100
v 683.97186279 60.01279831 100
v 683.97186279 60.01279831 0
v 684.81982422 59.1648674 100
v 684.81982422 59.1648674 0
v 115.42176056 55.69571304 100
v 134.45751953 44.70540619 0
v 115.42176056 55.69571304 0
v 134.45751953 44.70540619 100
v 136.02174377 42.84124756 100
v 136.23628235 41.62450409 0
v 136.02174377 42.84124756 0
v 136.23628235 41.62450409 100
v 135.4039917 43.91123581 100
v 135.4039917 43.91123581 0
v 136.23628235 19.6438942 0
v 136.23628235 19.6438942 100
v 135.4039917 17.35716629 100
v 134.45751953 16.5629921 0
v 135.4039917 17.35716629 0
v 134.45751953 16.5629921 100
v 136.02174377 18.42715073 100
v 136.02174377 18.42715073 0
v 115.42176056 5.57268763 100
v 115.42176056 5.57268763 0
v 113.02524567 5.15011692 100
v 111.86424255 5.57268763 0
v 113.02524567 5.15011692 0
v 111.86424255 5.57268763 100
v 114.26075745 5.15011692 100
v 114.26075745 5.15011692 0
v 92.82847595 16.5629921 100
v 92.82847595 16.5629921 0
v 91.26425934 18.42715073 100
v 91.04971313 19.6438942 0
v 91.26425934 18.42715073 0
v 91.04971313 19.6438942 100
v 91.88201141 17.35716629 100
v 91.88201141 17.35716629 0
v 91.04971313 41.62450409 0
v 91.04971313 41.62450409 100
v 92.82847595 44.70540619 100
v 92.82847595 44.70540619 0
v 91.88201141 43.91123581 0
v 91.88201141 43.91123581 100
v 91.26425934 42.84124756 0
v 91.26425934 42.84124756 100
v 111.86424255 55.69571304 100
v 111.86424255 55.69571304 0
v 114.26075745 56.11828232 0
v 114.26075745 56.11828232 100
v 113.02524567 56.11828232 0
v 113.02524567 56.11828232 100
v 134.9881134 97.6341629 100
v 92.29788208 97.6341629 0
v 134.9881134 97.6341629 0
v 92.29788208 97.6341629 100
v 89.21697998 99.41291809 100
v 88.74035645 101.19168091 0
v 89.21697998 99.41291809 0
v 88.74035645 101.19168091 100
v 90.51911926 98.11077881 100
v 90.51911926 98.11077881 0
v 88.74035645 126.0943222 0
v 88.74035645 126.0943222 100
v 90.51911926 129.17521667 100
v 92.29788208 129.65184021 0
v 90.51911926 129.17521667 0
v 89.21697998 127.87307739 0
v 92.29788208 129.65184021 100
v 89.21697998 127.87307739 100
v 134.9881134 129.65184021 0
v 134.9881134 129.65184021 100
v 138.0690155 127.87307739 100
v 138.54563904 126.0943222 0
v 138.0690155 127.87307739 0
v 136.76687622 129.17521667 0
v 138.54563904 126.0943222 100
v 136.76687622 129.17521667 100
v 138.54563904 101.19168091 0
v 138.54563904 101.19168091 100
v 136.76687622 98.11077881 100
v 136.76687622 98.11077881 0
v 138.0690155 99.41291809 0
v 138.0690155 99.41291809 100
v 173.06359863 41.85599518 100
v 188.49868774 41.85599518 0
v 173.06359863 41.85599518 0
v 188.49868774 41.85599518 100
v 193.2684021 56.53564453 0
v 193.2684021 56.53564453 100
v 198.09877014 58.68626785 100
v 200.03520203 56.53564453 0
v 198.09877014 58.68626785 0
v 200.03520203 56.53564453 100
v 195.20481873 58.68626785 100
v 195.20481873 58.68626785 0
v 204.80491638 41.85599518 0
v 204.80491638 41.85599518 100
v 220.24000549 41.85599518 0
v 220.24000549 41.85599518 100
v 223.77804565 37.92661285 100
v 222.33106995 35.42037964 0
v 223.77804565 37.92661285 0
v 222.33106995 35.42037964 100
v 222.88375854 40.67892075 100
v 222.88375854 40.67892075 0
v 209.84381104 26.34785652 0
v 209.84381104 26.34785652 100
v 214.61351013 11.66820526 0
v 214.61351013 11.66820526 100
v 211.96977234 7.0890913 100
v 209.13905334 7.69077682 0
v 211.96977234 7.0890913 0
v 209.13905334 7.69077682 100
v 214.3110199 8.79011059 100
v 214.3110199 8.79011059 0
v 196.65179443 16.76329994 0
v 196.65179443 16.76329994 100
v 184.16453552 7.69077682 0
v 184.16453552 7.69077682 100
v 178.99258423 8.79011059 100
v 178.69007874 11.66820526 0
v 178.99258423 8.79011059 0
v 178.69007874 11.66820526 100
v 181.33383179 7.0890913 100
v 181.33383179 7.0890913 0
v 183.45979309 26.34785652 0
v 183.45979309 26.34785652 100
v 170.97253418 35.42037964 0
v 170.97253418 35.42037964 100
v 170.41984558 40.67892075 100
v 170.41984558 40.67892075 0
v 169.52555847 37.92661285 0
v 169.52555847 37.92661285 100
v 410.16000366 81.91999817 100
v 410.16000366 81.91999817 0
v 410.16000366 102.08000183 0
v 410.16000366 102.08000183 100
v 408.72000122 79.42584991 100
v 407.27999878 79.04000092 0
v 408.72000122 79.42584991 0
v 407.27999878 79.04000092 100
v 409.7741394 80.48000336 100
v 409.7741394 80.48000336 0
v 372.72000122 79.04000092 0
v 372.72000122 79.04000092 100
v 370.2258606 80.48000336 100
v 369.83999634 81.91999817 0
v 370.2258606 80.48000336 0
v 369.83999634 81.91999817 100
v 371.27999878 79.42584991 100
v 371.27999878 79.42584991 0
v 369.83999634 102.08000183 100
v 369.83999634 102.08000183 0
v 371.27999878 104.57415009 100
v 372.72000122 104.95999908 0
v 371.27999878 104.57415009 0
v 372.72000122 104.95999908 100
v 370.2258606 103.51999664 100
v 370.2258606 103.51999664 0
v 407.27999878 104.95999908 0
v 407.27999878 104.95999908 100
v 409.7741394 103.51999664 100
v 409.7741394 103.51999664 0
v 408.72000122 104.57415009 100
v 408.72000122 104.57415009 0
v 437.48052979 155.00849915 100
v 437.04000854 159.19999695 100
v 437.04000854 159.19999695 0
v 437.48052979 155.00849915 0
v 438.78292847 151.00018311 0
v 438.78292847 151.00018311 100
v 440.89022827 147.35025024 100
v 440.89022827 147.35025024 0
v 443.71032715 144.21820068 100
v 443.71032715 144.21820068 0
v 447.11999512 141.74092102 0
v 447.11999512 141.74092102 100
v 450.97021484 140.02670288 100
v 450.97021484 140.02670288 0
v 455.0927124 139.1504364 100
v 455.0927124 139.1504364 0
v 459.30728149 139.1504364 100
v 459.30728149 139.1504364 0
v 463.42977905 140.02670288 0
v 463.42977905 140.02670288 100
v 467.27999878 141.74092102 0
v 467.27999878 141.74092102 100
v 470.68966675 144.21820068 100
v 470.68966675 144.21820068 0
v 473.50979614 147.35025024 0
v 473.50979614 147.35025024 100
v 475.61706543 151.00018311 100
v 475.61706543 151.00018311 0
v 476.91946411 155.00849915 100
v 476.91946411 155.00849915 0
v 477.35998535 159.19999695 100
v 477.35998535 159.19999695 0
v 476.91946411 163.39149475 100
v 476.91946411 163.39149475 0
v 475.61706543 167.39981079 100
v 475.61706543 167.39981079 0
v 473.50979614 171.04974365 100
v 473.50979614 171.04974365 0
v 470.68966675 174.18179321 0
v 470.68966675 174.18179321 100
v 467.27999878 176.65907288 100
v 467.27999878 176.65907288 0
v 463.42977905 178.37330627 0
v 463.42977905 178.37330627 100
v 459.30728149 179.2495575 100
v 459.30728149 179.2495575 0
v 455.0927124 179.2495575 0
v 455.0927124 179.2495575 100
v 450.97021484 178.37330627 100
v 450.97021484 178.37330627 0
v 447.11999512 176.65907288 100
v 447.11999512 176.65907288 0
v 443.71032715 174.18179321 100
v 443.71032715 174.18179321 0
v 440.89022827 171.04974365 100
v 440.89022827 171.04974365 0
v 438.78292847 167.39981079 100
v 438.78292847 167.39981079 0
v 437.48052979 163.39149475 100
v 437.48052979 163.39149475 0
v 389.49990845 4.16929102 100
v 388.55999756 4.51138449 0
v 389.49990845 4.16929102 0
v 388.55999756 4.51138449 100
v 390.50009155 4.16929102 100
v 390.50009155 4.16929102 0
v 391.44000244 4.51138449 100
v 391.44000244 4.51138449 0
v 373.14953613 13.40861607 0
v 373.14953613 13.40861607 100
v 371.88323975 14.91775036 100
v 371.70953369 15.90276909 0
v 371.88323975 14.91775036 0
v 371.70953369 15.90276909 100
v 372.3833313 14.05154037 100
v 372.3833313 14.05154037 0
v 371.70953369 33.69723129 0
v 371.70953369 33.69723129 100
v 372.3833313 35.5484581 100
v 373.14953613 36.19138336 0
v 372.3833313 35.5484581 0
v 373.14953613 36.19138336 100
v 371.88323975 34.68225098 100
v 371.88323975 34.68225098 0
v 388.55999756 45.08861542 0
v 388.55999756 45.08861542 100
v 390.50009155 45.43070984 100
v 391.44000244 45.08861542 0
v 390.50009155 45.43070984 0
v 391.44000244 45.08861542 100
v 389.49990845 45.43070984 100
v 389.49990845 45.43070984 0
v 406.85046387 36.19138336 0
v 406.85046387 36.19138336 100
v 408.29046631 33.69723129 100
v 408.29046631 33.69723129 0
v 408.11676025 34.68225098 0
v 408.11676025 34.68225098 100
v 407.6166687 35.5484581 0
v 407.6166687 35.5484581 100
v 408.29046631 15.90276909 0
v 408.29046631 15.90276909 100
v 406.85046387 13.40861607 100
v 406.85046387 13.40861607 0
v 407.6166687 14.05154037 0
v 407.6166687 14.05154037 100
v 408.11676025 14.91775036 0
v 408.11676025 14.91775036 100
v 652.75653076 118.0026474 50
v 643.24212646 118.92925262 50
v 642.99389648 118.0026474 50
v 653.43481445 117.32432556 50
v 642.31555176 117.32432556 50
v 652.50823975 118.92925262 50
v 654.3614502 117.07604218 50
v 641.38891602 117.07604218 50
v 643.24212646 130.66627502 50
v 652.50823975 130.66627502 50
v 642.99389648 131.59288025 50
v 652.75653076 131.59288025 50
v 653.43481445 132.27119446 50
v 642.31555176 132.27119446 50
v 654.3614502 132.51948547 50
v 641.38891602 132.51948547 50
v 642.31555176 117.32432556 100
v 641.38891602 117.07604218 100
v 642.99389648 118.0026474 100
v 643.24212646 118.92925262 100
v 628.04699707 118.0026474 100
v 627.79870605 118.92925262 0
v 628.04699707 118.0026474 0
v 627.79870605 118.92925262 100
v 628.7253418 117.32432556 100
v 628.7253418 117.32432556 0
v 629.6519165 117.07604218 100
v 629.6519165 117.07604218 0
v 627.79870605 130.66627502 0
v 627.79870605 130.66627502 100
v 628.7253418 132.27119446 100
v 629.6519165 132.51948547 0
v 628.7253418 132.27119446 0
v 629.6519165 132.51948547 100
v 628.04699707 131.59288025 100
v 628.04699707 131.59288025 0
v 642.99389648 131.59288025 100
v 643.24212646 130.66627502 100
v 642.31555176 132.27119446 100
v 641.38891602 132.51948547 100
v 653.43481445 132.27119446 100
v 654.3614502 132.51948547 100
v 652.75653076 131.59288025 100
v 652.50823975 130.66627502 100
v 652.50823975 118.92925262 100
v 652.75653076 118.0026474 100
v 653.43481445 117.32432556 100
v 654.3614502 117.07604218 100
v 666.09844971 117.07604218 0
v 666.09844971 117.07604218 100
v 666.09844971 132.51948547 0
v 666.09844971 132.51948547 100
v 667.70336914 131.59288025 100
v 667.95166016 130.66627502 0
v 667.70336914 131.59288025 0
v 667.95166016 130.66627502 100
v 667.02502441 132.27119446 100
v 667.02502441 132.27119446 0
v 667.95166016 118.92925262 0
v 667.95166016 118.92925262 100
v 667.02502441 117.32432556 100
v 667.02502441 117.32432556 0
v 667.70336914 118.0026474 100
v 667.70336914 118.0026474 0
v 313.01983643 120.08563995 40
v 292.89953613 140.20593262 0
v 313.01983643 120.08563995 0
v 292.89953613 140.20593262 40
v 291.73968506 143.006073 40
v 291.73968506 143.006073 0
v 291.87460327 141.9811554 0
v 291.87460327 141.9811554 40
v 292.27023315 141.02607727 0
v 292.27023315 141.02607727 40
v 291.73968506 164.22885132 0
v 291.73968506 164.22885132 40
v 293.71969604 167.65830994 40
v 295.69967651 168.18885803 0
v 293.71969604 167.65830994 0
v 292.27023315 166.2088623 0
v 295.69967651 168.18885803 40
v 292.27023315 166.2088623 40
v 340.5796814 168.18885803 0
v 340.5796814 168.18885803 40
v 344.00915527 166.2088623 40
v 344.53967285 164.22885132 0
v 344.00915527 166.2088623 0
v 344.53967285 164.22885132 40
v 342.55969238 167.65830994 40
v 342.55969238 167.65830994 0
v 344.53967285 143.006073 0
v 344.53967285 143.006073 40
v 343.37982178 140.20593262 40
v 343.37982178 140.20593262 0
v 344.00915527 141.02607727 0
v 344.00915527 141.02607727 40
v 344.40475464 141.9811554 40
v 344.40475464 141.9811554 0
v 323.259552 120.08563995 40
v 323.259552 120.08563995 0
v 320.45941162 118.92578888 40
v 320.45941162 118.92578888 0
v 321.48431396 119.06072235 0
v 321.48431396 119.06072235 40
v 322.43939209 119.45632172 0
v 322.43939209 119.45632172 40
v 315.81997681 118.92578888 0
v 315.81997681 118.92578888 40
v 313.83996582 119.45632172 40
v 313.83996582 119.45632172 0
v 314.79504395 119.06072235 40
v 314.79504395 119.06072235 0
v 314.1796875 125.26686096 40
v 311.28076172 128.16578674 40
v 318.13967896 124.20578766 40
v 310.21969604 132.1257782 40
v 311.28076172 136.08578491 40
v 322.09967041 125.26686096 40
v 300.97967529 148.12992859 40
v 298.08074951 151.02885437 40
v 304.93969727 147.06886292 40
v 297.01968384 154.98886108 40
v 324.99859619 128.16578674 40
v 298.08074951 158.94885254 40
v 308.89968872 148.12992859 40
v 314.1796875 138.98471069 40
v 300.97967529 161.84777832 40
v 311.7986145 151.02885437 40
v 318.13967896 140.04579163 40
v 304.93969727 162.90885925 40
v 308.89968872 161.84777832 40
v 324.48077393 151.02885437 40
v 322.09967041 138.98471069 40
v 327.37966919 148.12992859 40
v 324.99859619 136.08578491 40
v 323.41967773 154.98886108 40
v 312.85968018 154.98886108 40
v 331.33969116 147.06886292 40
v 324.48077393 158.94885254 40
v 311.7986145 158.94885254 40
v 326.05969238 132.1257782 40
v 335.29968262 148.12992859 40
v 327.37966919 161.84777832 40
v 338.1986084 151.02885437 40
v 339.25967407 154.98886108 40
v 338.1986084 158.94885254 40
v 335.29968262 161.84777832 40
v 331.33969116 162.90885925 40
v 311.28076172 128.16578674 100
v 310.21969604 132.1257782 100
v 314.1796875 125.26686096 100
v 318.13967896 124.20578766 100
v 322.09967041 125.26686096 100
v 324.99859619 128.16578674 100
v 326.05969238 132.1257782 100
v 324.99859619 136.08578491 100
v 322.09967041 138.98471069 100
v 318.13967896 140.04579163 100
v 314.1796875 138.98471069 100
v 311.28076172 136.08578491 100
v 324.48077393 151.02885437 100
v 323.41967773 154.98886108 100
v 327.37966919 148.12992859 100
v 331.33969116 147.06886292 100
v 335.29968262 148.12992859 100
v 338.1986084 151.02885437 100
v 339.25967407 154.98886108 100
v 338.1986084 158.94885254 100
v 335.29968262 161.84777832 100
v 331.33969116 162.90885925 100
v 327.37966919 161.84777832 100
v 324.48077393 158.94885254 100
v 298.08074951 151.02885437 100
v 297.01968384 154.98886108 100
v 300.97967529 148.12992859 100
v 304.93969727 147.06886292 100
v 308.89968872 148.12992859 100
v 311.7986145 151.02885437 100
v 312.85968018 154.98886108 100
v 311.7986145 158.94885254 100
v 308.89968872 161.84777832 100
v 304.93969727 162.90885925 100
v 300.97967529 161.84777832 100
v 298.08074951 158.94885254 100
v 401.22729492 148.78346252 50
v 388.34063721 148.78346252 50
v 387.44525146 147.88807678 50
v 388.66836548 150.0065918 50
v 402.12268066 147.88807678 50
v 386.22213745 147.56034851 50
v 403.34579468 147.56034851 50
v 400.89956665 150.0065918 50
v 400.89956665 165.49945068 50
v 388.66836548 165.49945068 50
v 388.34063721 166.7225647 50
v 401.22729492 166.7225647 50
v 402.12268066 167.61795044 50
v 387.44525146 167.61795044 50
v 403.34579468 167.94569397 50
v 386.22213745 167.94569397 50
v 387.44525146 147.88807678 100
v 386.22213745 147.56034851 100
v 388.34063721 148.78346252 100
v 388.66836548 150.0065918 100
v 368.28302002 150.0065918 100
v 368.28302002 165.49945068 0
v 368.28302002 150.0065918 0
v 368.28302002 165.49945068 100
v 369.50613403 167.61795044 100
v 370.72927856 167.94569397 0
v 369.50613403 167.61795044 0
v 370.72927856 167.94569397 100
v 368.61074829 166.7225647 100
v 368.61074829 166.7225647 0
v 388.34063721 166.7225647 100
v 388.66836548 165.49945068 100
v 387.44525146 167.61795044 100
v 386.22213745 167.94569397 100
v 368.61074829 148.78346252 100
v 368.61074829 148.78346252 0
v 369.50613403 147.88807678 100
v 369.50613403 147.88807678 0
v 370.72927856 147.56034851 100
v 370.72927856 147.56034851 0
v 402.12268066 167.61795044 100
v 403.34579468 167.94569397 100
v 401.22729492 166.7225647 100
v 400.89956665 165.49945068 100
v 400.89956665 150.0065918 100
v 401.22729492 148.78346252 100
v 402.12268066 147.88807678 100
v 403.34579468 147.56034851 100
v 418.83865356 167.94569397 0
v 418.83865356 167.94569397 100
v 420.95718384 166.7225647 100
v 421.28491211 165.49945068 0
v 420.95718384 166.7225647 0
v 421.28491211 165.49945068 100
v 420.06176758 167.61795044 100
v 420.06176758 167.61795044 0
v 421.28491211 150.0065918 0
v 421.28491211 150.0065918 100
v 420.06176758 147.88807678 100
v 418.83865356 147.56034851 0
v 420.06176758 147.88807678 0
v 418.83865356 147.56034851 100
v 420.95718384 148.78346252 100
v 420.95718384 148.78346252 0
v 46.37853241 108.73077393 50
v 25.004776 108.83789825 50
v 23.26542282 107.09854889 50
v 43.75030136 111.35900879 50
v 25.64142227 111.21389771 50
v 49.69029999 107.04335022 50
v 20.88942337 106.4618988 50
v 42.06287003 114.67077637 50
v 53.36142349 106.4618988 50
v 41.48142242 118.34189606 50
v 25.64142227 125.46990204 50
v 42.06287003 122.01302338 50
v 43.75030136 125.32479095 50
v 25.004776 127.84590149 50
v 46.37853241 127.95301819 50
v 23.26542282 129.58525085 50
v 53.36142349 130.22189331 50
v 20.88942337 130.22189331 50
v 49.69029999 129.64045715 50
v 23.26542282 107.09854889 100
v 20.88942337 106.4618988 100
v 25.004776 108.83789825 100
v 25.64142227 111.21389771 100
v 25.64142227 125.46990204 100
v 25.004776 127.84590149 100
v 23.26542282 129.58525085 100
v 20.88942337 130.22189331 100
v 1.881423 111.21389771 100
v 1.881423 125.46990204 0
v 1.881423 111.21389771 0
v 1.881423 125.46990204 100
v 4.25742292 129.58525085 100
v 6.63342285 130.22189331 0
v 4.25742292 129.58525085 0
v 6.63342285 130.22189331 100
v 2.51807022 127.84590149 100
v 2.51807022 127.84590149 0
v 53.36142349 130.22189331 0
v 6.63342285 106.4618988 0
v 53.36142349 106.4618988 0
v 6.63342285 106.4618988 100
v 2.51807022 108.83789825 100
v 2.51807022 108.83789825 0
v 4.25742292 107.09854889 100
v 4.25742292 107.09854889 0
v 41.48142242 118.34189606 100
v 42.19787598 114.27870178 100
v 44.26081467 110.70558167 100
v 47.42142105 108.0535202 100
v 51.29848099 106.64237976 100
v 57.42462158 107.17835236 0
v 55.42436218 106.64237976 100
v 59.30142212 108.0535202 100
v 60.9977417 109.24129486 0
v 62.46203232 110.70558167 100
v 63.64980316 112.40190125 0
v 64.52497101 114.27870178 100
v 65.06093597 116.27896118 0
v 65.24142456 118.34189606 100
v 65.06093597 120.40483856 0
v 64.52497101 122.40509796 100
v 63.64980316 124.2818985 0
v 62.46203232 125.97821808 100
v 60.99773788 127.44250488 0
v 59.30142212 128.63027954 100
v 57.42462158 129.50544739 0
v 55.42436218 130.04141235 100
v 51.29848099 130.04141235 100
v 47.42142105 128.63027954 100
v 44.26081467 125.97821808 100
v 42.19787598 122.40509796 100
v 601.75 66.63009644 50
v 587.5980835 67.12528229 50
v 586.5 66.02720642 50
v 599.00482178 69.37528229 50
v 588 68.62528229 50
v 605.5 65.62528229 50
v 585 65.62528229 50
v 598 73.12528229 50
v 588 77.62528229 50
v 599.00482178 76.87528229 50
v 587.5980835 79.12528229 50
v 601.75 79.62047577 50
v 586.5 80.22335815 50
v 605.5 80.62528229 50
v 585 80.62528229 50
v 586.5 66.02720642 100
v 585 65.62528229 100
v 587.5980835 67.12528229 100
v 588 68.62528229 100
v 576 65.62528229 0
v 605.5 65.62528229 0
v 576 65.62528229 100
v 573.4019165 67.12528229 100
v 573 68.62528229 0
v 573.4019165 67.12528229 0
v 573 68.62528229 100
v 574.5 66.02720642 100
v 574.5 66.02720642 0
v 573 77.62528229 0
v 573 77.62528229 100
v 574.5 80.22335815 100
v 576 80.62528229 0
v 574.5 80.22335815 0
v 573.4019165 79.12528229 0
v 576 80.62528229 100
v 573.4019165 79.12528229 100
v 605.5 80.62528229 0
v 585 80.62528229 100
v 588 77.62528229 100
v 587.5980835 79.12528229 100
v 586.5 80.22335815 100
v 599.00482178 69.37528229 100
v 598 73.12528229 100
v 601.75 66.63009644 100
v 609.25 66.63009644 0
v 605.5 65.62528229 100
v 609.25 66.63009644 100
v 611.99517822 69.37528229 0
v 611.99517822 69.37528229 100
v 613 73.12528229 0
v 613 73.12528229 100
v 611.99517822 76.87528229 0
v 611.99517822 76.87528229 100
v 609.25 79.62047577 0
v 609.25 79.62047577 100
v 605.5 80.62528229 100
v 601.75 79.62047577 100
v 599.00482178 76.87528229 100
v 442.90393066 7.11605835 100
v 442.65905762 9.4460268 0
v 442.90393066 7.11605835 0
v 444.79928589 5.73899317 0
v 442.65905762 9.4460268 100
v 444.79928589 5.73899317 100
v 447.09091187 6.22608948 100
v 447.09091187 6.22608948 0
v 446.52038574 21.32997894 0
v 446.52038574 21.32997894 100
v 436.4112854 28.67466545 100
v 436.4112854 28.67466545 0
v 435.96383667 32.93172836 100
v 438.10409546 33.88463211 0
v 435.96383667 32.93172836 0
v 438.10409546 33.88463211 100
v 435.23986816 30.7035923 100
v 435.23986816 30.7035923 0
v 450.59963989 33.88463211 0
v 450.59963989 33.88463211 100
v 454.46096802 45.76858521 0
v 454.46096802 45.76858521 100
v 459.9390564 45.76858521 100
v 459.9390564 45.76858521 0
v 458.37139893 47.5096283 0
v 458.37139893 47.5096283 100
v 456.02859497 47.5096283 0
v 456.02859497 47.5096283 100
v 463.80038452 33.88463211 0
v 463.80038452 33.88463211 100
v 476.29589844 33.88463211 0
v 476.29589844 33.88463211 100
v 479.16012573 30.7035923 100
v 477.9887085 28.67466545 0
v 479.16012573 30.7035923 0
v 477.9887085 28.67466545 100
v 478.43615723 32.93172836 100
v 478.43615723 32.93172836 0
v 467.87963867 21.32997894 0
v 467.87963867 21.32997894 100
v 471.7409668 9.4460268 0
v 471.7409668 9.4460268 100
v 469.60070801 5.73899317 100
v 467.30908203 6.22608948 0
v 469.60070801 5.73899317 0
v 467.30908203 6.22608948 100
v 471.49606323 7.11605835 100
v 471.49606323 7.11605835 0
v 457.20001221 13.57077503 0
v 457.20001221 13.57077503 100
v 648.51025391 -0.21132638 100
v 647.75421143 0.06384481 0
v 648.51025391 -0.21132638 0
v 647.75421143 0.06384481 100
v 649.3147583 -0.21132638 100
v 649.3147583 -0.21132638 0
v 650.07080078 0.06384481 100
v 650.07080078 0.06384481 0
v 635.35839844 7.22055531 0
v 635.35839844 7.22055531 100
v 634.33984375 8.43446541 100
v 634.20013428 9.22678947 0
v 634.33984375 8.43446541 0
v 634.20013428 9.22678947 100
v 634.74206543 7.73770809 100
v 634.74206543 7.73770809 0
v 634.20013428 23.54021072 0
v 634.20013428 23.54021072 100
v 634.74206543 25.02929306 100
v 635.35839844 25.54644394 0
v 634.74206543 25.02929306 0
v 634.33984375 24.33253479 0
v 635.35839844 25.54644394 100
v 634.33984375 24.33253479 100
v 647.75421143 32.70315552 100
v 647.75421143 32.70315552 0
v 649.3147583 32.97832489 100
v 650.07080078 32.70315552 0
v 649.3147583 32.97832489 0
v 650.07080078 32.70315552 100
v 648.51025391 32.97832489 100
v 648.51025391 32.97832489 0
v 662.46661377 25.54644394 0
v 662.46661377 25.54644394 100
v 663.48516846 24.33253479 100
v 663.62487793 23.54021072 0
v 663.48516846 24.33253479 0
v 663.62487793 23.54021072 100
v 663.08288574 25.02929306 100
v 663.08288574 25.02929306 0
v 663.62487793 9.22678947 0
v 663.62487793 9.22678947 100
v 663.08288574 7.73770809 100
v 662.46661377 7.22055531 0
v 663.08288574 7.73770809 0
v 662.46661377 7.22055531 100
v 663.48516846 8.43446541 100
v 663.48516846 8.43446541 0
v 433.20001221 80.48000336 100
v 433.20001221 103.51999664 0
v 433.20001221 80.48000336 0
v 433.20001221 103.51999664 100
v 436.07998657 106.40000153 100
v 436.07998657 106.40000153 0
v 434.64001465 106.01415253 0
v 434.64001465 106.01415253 100
v 433.58584595 104.95999908 0
v 433.58584595 104.95999908 100
v 478.32000732 106.40000153 0
v 478.32000732 106.40000153 100
v 480.81414795 104.95999908 100
v 481.20001221 103.51999664 0
v 480.81414795 104.95999908 0
v 481.20001221 103.51999664 100
v 479.76000977 106.01415253 100
v 479.76000977 106.01415253 0
v 481.20001221 80.48000336 0
v 481.20001221 80.48000336 100
v 479.76000977 77.98584747 100
v 478.32000732 77.59999847 0
v 479.76000977 77.98584747 0
v 478.32000732 77.59999847 100
v 480.81414795 79.04000092 100
v 480.81414795 79.04000092 0
v 475.21118164 77.59999847 0
v 475.21118164 77.59999847 100
v 472.88290405 78.78488159 100
v 472.36730957 80.02526093 0
v 472.88290405 78.78488159 0
v 472.36730957 80.02526093 100
v 473.90496826 77.91325378 100
v 473.90496826 77.91325378 0
v 471.25415039 83.79762268 0
v 471.25415039 83.79762268 100
v 469.2194519 87.16359711 0
v 469.2194519 87.16359711 100
v 466.39663696 89.90249634 0
v 466.39663696 89.90249634 100
v 462.97079468 91.83472443 0
v 462.97079468 91.83472443 100
v 459.16659546 92.83358765 0
v 459.16659546 92.83358765 100
v 455.23342896 92.83358765 0
v 455.23342896 92.83358765 100
v 451.42919922 91.83472443 0
v 451.42919922 91.83472443 100
v 448.00335693 89.90249634 100
v 448.00335693 89.90249634 0
v 445.18054199 87.16359711 100
v 445.18054199 87.16359711 0
v 443.14584351 83.79762268 100
v 443.14584351 83.79762268 0
v 442.03268433 80.02526093 100
v 442.03268433 80.02526093 0
v 440.49502563 77.91325378 100
v 439.18881226 77.59999847 0
v 440.49502563 77.91325378 0
v 439.18881226 77.59999847 100
v 441.51708984 78.78488159 100
v 441.51708984 78.78488159 0
v 436.07998657 77.59999847 0
v 436.07998657 77.59999847 100
v 433.58584595 79.04000092 100
v 433.58584595 79.04000092 0
v 434.64001465 77.98584747 100
v 434.64001465 77.98584747 0
v 15.36234474 16.04855156 40.625
v 19.03989601 14.61380768 45.3125
v 15.07426548 16.18450928 46.875
v 19.35175323 14.51515007 39.0625
v 45.5968399 15.90680218 21.875
v 50.52353668 18.77743721 18.75
v 49.04113388 17.75731468 25
v 48.98738861 17.72326469 17.1875
v 54.23336792 22.33490181 15.625
v 51.89593887 19.88792419 12.5
v 18.88443375 14.66422653 48.4375
v 18.23501968 14.88396263 50
v 22.90556335 13.60918236 50
v 51.9306488 19.91851234 20.3125
v 54.41138077 22.56387711 25
v 55.90974426 24.93647957 18.75
v 18.88443375 14.66422653 51.5625
v 15.07426548 16.18450928 53.125
v 19.03989601 14.61380768 54.6875
v 15.36234474 16.04855156 59.375
v 12.98934269 17.29160118 62.5
v 11.88894463 17.97608948 67.1875
v 9.43422318 19.83382797 65.625
v 9.63106918 19.66422844 71.875
v 19.35175323 14.51515007 60.9375
v 18.85320663 14.67445469 62.5
v 23.54611778 13.48574734 62.5
v 46.06942368 16.12518501 50
v 48.70742416 17.54891205 45.3125
v 50.89078522 19.05706215 50
v 54.41257095 22.56543541 43.75
v 51.05870438 19.18893623 40.625
v 38.3685379 47.6580658 0
v 38.51309204 47.628582 6.25
v 42.56617737 46.54401398 0
v 33.54693222 48.31549072 3.125
v 39.06285095 47.51094055 12.5
v 34.2432251 48.25832367 12.5
v 43.41505432 46.24825287 9.375
v 6.12184381 23.60911751 96.875
v 8.24055767 20.96358299 92.1875
v 10.83462906 18.71085167 96.875
v 13.8011713 16.83329391 93.75
v 6.24592733 23.41973114 87.5
v 4.69214916 26.47582817 93.75
v 10.69464684 18.81498146 87.5
v 48.70742416 17.54891205 54.6875
v 51.05870438 19.18893623 59.375
v 54.41257095 22.56543541 56.25
v 24.99940491 13.24779129 84.375
v 21.07294655 14.02791595 85.9375
v 20.44450378 14.19485474 81.25
v 24.82714462 13.27300167 87.5
v 17.25217056 15.24562645 87.5
v 28.87678528 12.8852272 75
v 29.27031898 12.86985493 79.6875
v 24.67948914 13.29524517 78.125
v 33.44334793 12.94546127 75
v 21.21725655 13.9913063 89.0625
v 21.01999474 14.04150867 93.75
v 25.28977203 13.20709229 90.625
v 31.28068161 12.8518219 81.25
v 37.62672806 13.46832085 78.125
v 29.49600601 12.86279202 87.5
v 38.59222412 47.61218643 18.75
v 43.46746826 46.22913361 15.625
v 44.22743988 45.9402771 21.875
v 38.99279022 47.52642059 21.875
v 40.65696335 47.11909103 25
v 33.64859772 48.30791473 21.875
v 38.41474915 47.64870453 25
v 33.49627304 12.94923306 82.8125
v 37.94709015 13.52775288 84.375
v 33.6535759 12.96086216 85.9375
v 34.07355118 12.99500179 87.5
v 29.87240601 12.85385132 92.1875
v 25.60903549 13.16492748 96.875
v 30.10283279 12.85012817 100
v 55.00463104 37.8754158 43.75
v 50.84246445 42.24880981 42.1875
v 52.97854996 40.35535812 46.875
v 52.56539536 40.76489639 37.5
v 47.50830841 44.41279221 46.875
v 48.3347168 43.94399261 37.5
v 45.08997726 45.5848999 40.625
v 44.33900452 45.89599609 43.75
v 44.93432999 45.65127945 34.375
v 40.11670303 47.26054001 37.5
v 41.23754883 46.9568634 31.25
v 45.5968399 15.90680218 78.125
v 48.98738861 17.72326469 82.8125
v 41.80380249 14.48025894 81.25
v 45.29748154 15.77358437 87.5
v 51.89593887 19.88792419 87.5
v 50.52353668 18.77743721 81.25
v 54.23336792 22.33490181 84.375
v 49.04113388 17.75731468 75
v 55.90974426 24.93647957 81.25
v 51.9306488 19.91851234 79.6875
v 54.41138077 22.56387711 75
v 41.56806564 46.8596611 43.75
v 40.2002182 47.23926544 40.625
v 35.13277054 48.1671524 40.625
v 22.41555214 47.55691147 28.125
v 28.80597687 48.37999344 31.25
v 28.86145782 48.38249588 25
v 34.96495056 48.18592453 28.125
v 22.49991035 47.57501602 34.375
v 8.53462982 40.60094833 21.875
v 11.16205025 42.79483795 17.1875
v 6.25593376 37.86368561 18.75
v 14.99545193 45.04602814 21.875
v 8.35723209 40.42385101 12.5
v 14.28310108 44.69025803 12.5
v 51.65200424 19.67672539 96.875
v 48.70798111 17.54925537 92.1875
v 54.04493332 22.10100746 93.75
v 41.19743729 14.29998112 93.75
v 45.10206604 15.68869972 96.875
v 44.33900452 45.89599609 56.25
v 50.84246445 42.24880981 57.8125
v 47.50830841 44.41279221 53.125
v 52.56539536 40.76489639 62.5
v 48.3347168 43.94399261 62.5
v 55.00463104 37.8754158 56.25
v 45.08997726 45.5848999 59.375
v 52.97854996 40.35535812 53.125
v 28.88799286 48.38366318 37.5
v 35.30018616 48.14769363 46.875
v 28.96993065 48.38716125 43.75
v 29.18883133 48.39568329 50
v 22.66868591 47.61062241 46.875
v 16.11894608 45.55926514 31.25
v 17.37581062 46.07026672 34.375
v 12.71574402 43.81374741 34.375
v 12.78530216 43.85562897 40.625
v 17.41580963 46.08550262 37.5
v 16.27489853 45.62616348 43.75
v 41.56806564 46.8596611 56.25
v 40.2002182 47.23926544 59.375
v 35.13277054 48.1671524 59.375
v 44.93432999 45.65127945 65.625
v 40.11670303 47.26054001 62.5
v 41.23754883 46.9568634 68.75
v 28.96993065 48.38716125 56.25
v 35.30018616 48.14769363 53.125
v 22.66868591 47.61062241 53.125
v 28.88799286 48.38366318 62.5
v 28.86145782 48.38249588 75
v 28.80597687 48.37999344 68.75
v 22.41555214 47.55691147 71.875
v 22.49991035 47.57501602 65.625
v 34.96495056 48.18592453 71.875
v 38.41474915 47.64870453 75
v 38.99279022 47.52642059 78.125
v 40.65696335 47.11909103 75
v 33.64859772 48.30791473 78.125
v 44.22743988 45.9402771 78.125
v 38.59222412 47.61218643 81.25
v 39.06285095 47.51094055 87.5
v 34.2432251 48.25832367 87.5
v 43.46746826 46.22913361 84.375
v 12.71574402 43.81374741 65.625
v 17.41580963 46.08550262 62.5
v 12.78530216 43.85562897 59.375
v 16.27489853 45.62616348 56.25
v 17.37581062 46.07026672 65.625
v 16.11894608 45.55926514 68.75
v 8.45808315 40.52509308 59.375
v 6.29225302 37.91787338 54.6875
v 6.02246428 37.50311661 62.5
v 7.71655941 39.74289703 50
v 11.78875732 43.22602081 56.25
v 4.84368801 35.19229889 50
v 38.51309204 47.628582 93.75
v 43.41505432 46.24825287 90.625
v 38.3685379 47.6580658 100
v 33.54693222 48.31549072 96.875
v 42.56617737 46.54401398 100
v 8.53462982 40.60094833 78.125
v 11.16205025 42.79483795 82.8125
v 14.99545193 45.04602814 78.125
v 14.28310108 44.69025803 87.5
v 8.35723209 40.42385101 87.5
v 6.25593376 37.86368561 81.25
v 29.87240601 12.85385132 7.8125
v 35.46562576 13.14065266 7.03125
v 34.07355118 12.99500179 12.5
v 36.91308212 13.34614754 0
v 30.10283279 12.85012817 0
v 41.19743729 14.29998112 6.25
v 39.78116989 13.92452145 12.5
v 13.47828007 17.01115608 25
v 15.48426914 15.99214935 28.90625
v 9.63106918 19.66422844 28.125
v 11.88894463 17.97608948 32.8125
v 16.22637177 15.66294479 25
v 14.44879723 16.49316788 37.5
v 15.19519806 16.12697029 35.15625
v 18.85320663 14.67445469 37.5
v 12.98934269 17.29160118 37.5
v 23.54611778 13.48574734 37.5
v 23.64232063 13.46820354 41.40625
v 28.25306702 12.91757488 37.5
v 23.32195854 13.5276289 47.65625
v 27.62532616 12.96006584 50
v 23.32195854 13.5276289 52.34375
v 14.44879723 16.49316788 62.5
v 15.19519806 16.12697029 64.84375
v 23.64232063 13.46820354 58.59375
v 28.25306702 12.91757488 62.5
v 45.6026535 15.90942764 41.40625
v 46.5978241 16.38156128 37.5
v 42.21777344 14.61035824 37.5
v 15.48426914 15.99214935 71.09375
v 13.47828007 17.01115608 75
v 16.22637177 15.66294479 75
v 45.30989456 15.77903175 47.65625
v 41.59280777 14.41615677 50
v 43.15165329 46.34280396 6.25
v 46.75130844 44.80986023 0
v 47.45974731 44.43915939 6.25
v 45.30989456 15.77903175 52.34375
v 46.5978241 16.38156128 62.5
v 45.6026535 15.90942764 58.59375
v 42.21777344 14.61035824 62.5
v 33.61391449 48.3105278 6.25
v 29.26586533 48.39839172 12.5
v 28.87066841 48.38290405 6.25
v 33.73592377 48.30119705 18.75
v 29.03449821 48.38980103 18.75
v 35.46562576 13.14065266 92.96875
v 36.91308212 13.34614754 100
v 39.78116989 13.92452145 87.5
v 34.37451935 48.24615479 34.375
v 37.39761353 47.84083176 28.125
v 14.76802349 44.93511963 17.96875
v 19.06813812 46.66366196 12.5
v 18.83593178 46.58827209 18.75
v 34.4162941 48.2421875 37.5
v 23.12248611 47.70231628 37.5
v 23.16473198 47.71055222 40.625
v 20.08145714 46.97143173 46.875
v 34.4162941 48.2421875 62.5
v 34.37451935 48.24615479 65.625
v 37.39761353 47.84083176 71.875
v 23.16473198 47.71055222 59.375
v 20.08145714 46.97143173 53.125
v 23.12248611 47.70231628 62.5
v 33.73592377 48.30119705 81.25
v 29.26586533 48.39839172 87.5
v 29.03449821 48.38980103 81.25
v 47.45974731 44.43915939 93.75
v 43.15165329 46.34280396 93.75
v 46.75130844 44.80986023 100
v 33.61391449 48.3105278 93.75
v 28.87066841 48.38290405 93.75
v 14.76802349 44.93511963 82.03125
v 18.83593178 46.58827209 81.25
v 19.06813812 46.66366196 87.5
v 19.73078346 14.39963245 26.953125
v 24.18685532 13.37372684 25
v 19.47665405 14.47655582 25
v 19.41751862 14.49476337 33.203125
v 27.98678398 12.93437862 45.703125
v 32.8168335 12.90621567 37.5
v 41.65384293 14.43454838 39.453125
v 37.51882553 13.44894791 37.5
v 27.98678398 12.93437862 54.296875
v 32.8168335 12.90621567 62.5
v 36.87816238 13.34052753 50
v 41.33989716 14.34125423 45.703125
v 19.41751862 14.49476337 66.796875
v 19.73078346 14.39963245 73.046875
v 19.47665405 14.47655582 75
v 24.18685532 13.37372684 75
v 41.33989716 14.34125423 54.296875
v 41.65384293 14.43454838 60.546875
v 37.51882553 13.44894791 62.5
v 23.83621979 13.43362427 35.3515625
v 28.87678528 12.8852272 25
v 37.06946945 13.37172413 41.6015625
v 34.57198715 13.0413866 45.703125
v 32.37298203 12.88441086 47.8515625
v 32.19449234 12.87704086 50
v 32.37298203 12.88441086 52.1484375
v 34.57198715 13.0413866 54.296875
v 23.83621979 13.43362427 64.6484375
v 37.06946945 13.37172413 58.3984375
v 3.95280004 30.63419914 0
v 4.04585981 29.14986992 75
v 3.95280004 30.63419914 100
v 4.04585981 29.14986992 25
v 4.33617067 27.62970352 50
v 4.16537952 28.39330292 12.5
v 41.61426544 14.42260933 25
v 38.15950775 13.56874657 25
v 4.16537952 28.39330292 87.5
v 38.15950775 13.56874657 75
v 41.61426544 14.42260933 75
v 4.16669512 32.88199234 37.5
v 4.84368801 35.19229889 25
v 6.02246428 37.50311661 37.5
v 4.16669512 32.88199234 12.5
v 4.16669512 32.88199234 87.5
v 5.56188536 24.5504818 0
v 4.69214916 26.47582817 6.25
v 6.24592733 23.41973114 12.5
v 17.31203079 15.22256088 0
v 13.8011713 16.83329391 6.25
v 12.2284708 17.75654984 0
v 4.83813143 26.09009743 25
v 5.45584393 24.74834061 18.75
v 8.0292902 21.18456459 25
v 23.39587402 13.51366329 0
v 21.01999474 14.04150867 6.25
v 17.25217056 15.24562645 12.5
v 10.69464684 18.81498146 12.5
v 4.59060144 26.76821899 31.25
v 13.30600929 17.10840797 18.75
v 6.71811724 22.74840164 31.25
v 5.66496229 24.36490059 37.5
v 20.44450378 14.19485474 18.75
v 4.875453 25.99695778 43.75
v 6.77793026 22.66828728 50
v 43.26265335 14.96513176 0
v 45.29748154 15.77358437 12.5
v 9.67348289 19.62823296 37.5
v 8.10189152 21.10781097 43.75
v 10.1474781 19.23846245 50
v 12.18421268 17.784729 43.75
v 4.875453 25.99695778 56.25
v 33.44334793 12.94546127 25
v 41.80380249 14.48025894 18.75
v 54.04493332 22.10100746 6.25
v 55.07771301 23.50330353 12.5
v 8.10189152 21.10781097 56.25
v 5.66496229 24.36490059 62.5
v 9.67348289 19.62823296 62.5
v 56.35331726 25.90020561 6.25
v 4.59060144 26.76821899 68.75
v 4.83813143 26.09009743 75
v 12.18421268 17.784729 56.25
v 56.20419312 35.71455765 0
v 57.3155365 30.59592056 6.25
v 57.07952118 28.27321243 0
v 6.71811724 22.74840164 68.75
v 8.0292902 21.18456459 75
v 57.07631683 28.2573204 12.5
v 57.10083389 32.8865509 12.5
v 56.54224014 26.3826313 25
v 56.74412918 34.2959404 6.25
v 54.68377304 38.33745193 12.5
v 55.52802277 37.03540421 6.25
v 51.05784225 19.18824959 31.25
v 52.81793213 20.75090027 37.5
v 57.27653885 29.67206955 18.75
v 57.30550385 30.14491844 25
v 5.45584393 24.74834061 81.25
v 50.68548203 42.36910629 0
v 52.9058876 40.42919159 6.25
v 57.28391647 31.50076866 18.75
v 56.88299179 33.82433319 25
v 55.07875443 23.50489044 31.25
v 56.0278511 36.09352875 18.75
v 55.26535034 37.47211838 25
v 56.97640228 27.80691528 31.25
v 5.56188536 24.5504818 100
v 50.14323425 42.76853561 12.5
v 55.90135574 24.91996956 37.5
v 57.23027039 29.21276093 37.5
v 13.30600929 17.10840797 81.25
v 52.97211075 40.36193466 18.75
v 52.49625778 40.83109665 25
v 50.84792709 42.24458313 25
v 57.28455734 31.49200058 31.25
v 55.80525208 36.53392792 37.5
v 55.65472412 24.45644379 50
v 56.43003845 35.1788826 31.25
v 47.55397797 44.38787842 18.75
v 46.13783264 45.11076355 25
v 56.70365524 26.84646988 43.75
v 57.24146271 31.9593029 50
v 54.05625916 39.15357208 31.25
v 23.3701973 47.74990463 0
v 30.18818665 48.41931534 0
v 12.2284708 17.75654984 100
v 17.31203079 15.22256088 100
v 57.31550598 30.58730316 43.75
v 56.76379776 34.23303604 43.75
v 54.02758408 39.18851471 50
v 23.39587402 13.51366329 100
v 56.70365524 26.84646988 56.25
v 18.04018974 46.31558228 0
v 18.6723423 46.53403854 6.25
v 52.81793213 20.75090027 62.5
v 51.05784225 19.18824959 68.75
v 43.59936142 46.18057251 31.25
v 44.66076279 45.76551437 31.25
v 55.90135574 24.91996956 62.5
v 57.23027039 29.21276093 62.5
v 57.31550598 30.58730316 56.25
v 55.07875443 23.50489044 68.75
v 56.54224014 26.3826313 75
v 56.76379776 34.23303604 56.25
v 55.80525208 36.53392792 62.5
v 23.69965363 47.8105278 25
v 18.5458107 46.49145126 25
v 56.97640228 27.80691528 68.75
v 57.30550385 30.14491844 75
v 5.66072512 36.89599609 0
v 6.8495779 38.69477081 6.25
v 10.56584549 42.35613251 0
v 43.26265335 14.96513176 100
v 45.51481628 45.39848709 50
v 39.9750824 47.29613113 50
v 57.28455734 31.49200058 68.75
v 56.88299179 33.82433319 75
v 4.72614384 34.88572311 6.25
v 56.43003845 35.1788826 68.75
v 55.26535034 37.47211838 75
v 57.16548538 28.75 81.25
v 55.07771301 23.50330353 87.5
v 57.30844116 31.04619026 87.5
v 6.58608532 38.33947372 25
v 54.05625916 39.15357208 68.75
v 52.49625778 40.83109665 75
v 11.55393887 43.06785965 25
v 13.79565716 44.43211746 31.25
v 57.18058777 32.42137527 81.25
v 56.35331726 25.90020561 93.75
v 56.0278511 36.09352875 81.25
v 54.68377304 38.33745193 87.5
v 8.02341366 40.07758713 31.25
v 9.76599216 41.71802139 37.5
v 44.66076279 45.76551437 68.75
v 43.59936142 46.18057251 68.75
v 46.13783264 45.11076355 75
v 57.2779541 29.68963623 93.75
v 57.07952118 28.27321243 100
v 13.94116688 44.51047516 43.75
v 14.05513096 44.57106781 50
v 52.97211075 40.36193466 81.25
v 50.84792709 42.24458313 75
v 11.78875732 43.22602081 43.75
v 57.00177002 33.3543663 93.75
v 56.20419312 35.71455765 100
v 47.55397797 44.38787842 81.25
v 55.52802277 37.03540421 93.75
v 50.14323425 42.76853561 87.5
v 5.3688364 36.3519516 43.75
v 13.94116688 44.51047516 56.25
v 52.9058876 40.42919159 93.75
v 50.68548203 42.36910629 100
v 4.84368801 35.19229889 75
v 18.5458107 46.49145126 75
v 13.79565716 44.43211746 68.75
v 11.55393887 43.06785965 75
v 6.58608532 38.33947372 75
v 8.02341366 40.07758713 68.75
v 9.76599216 41.71802139 62.5
v 23.69965363 47.8105278 75
v 30.18818665 48.41931534 100
v 23.3701973 47.74990463 100
v 18.6723423 46.53403854 93.75
v 18.04018974 46.31558228 100
v 10.56584549 42.35613251 100
v 6.8495779 38.69477081 93.75
v 5.66072512 36.89599609 100
v 4.72614384 34.88572311 93.75
v 8.34221554 20.85975456 0
v 6.12184381 23.60911751 3.125
v 10.83462906 18.71085167 3.125
v 7.60768795 21.64836311 15.625
v 8.57316971 20.62957764 18.75
v 25.60903549 13.16492748 3.125
v 10.42755127 19.01833916 21.875
v 25.28977203 13.20709229 9.375
v 24.82714462 13.27300167 12.5
v 29.49600601 12.86279202 12.5
v 24.99940491 13.24779129 15.625
v 9.43422318 19.83382797 34.375
v 48.66670609 17.52396965 0
v 45.10206604 15.68869972 3.125
v 24.67948914 13.29524517 21.875
v 37.94709015 13.52775288 15.625
v 52.81425095 20.74722672 0
v 51.65200424 19.67672539 3.125
v 37.62672806 13.46832085 21.875
v 54.91949081 23.26695061 3.125
v 13.89136982 16.78461456 50
v 46.70070648 16.4330349 28.125
v 10.42755127 19.01833916 78.125
v 8.57316971 20.62957764 81.25
v 7.60768795 21.64836311 84.375
v 43.79027176 46.10912323 12.5
v 8.34221554 20.85975456 100
v 47.94739914 44.16852188 28.125
v 23.76991081 47.82306671 6.25
v 24.1782341 47.89324188 12.5
v 50.0124588 42.86131287 31.25
v 51.52114868 41.70232391 34.375
v 46.70070648 16.4330349 71.875
v 14.34037209 44.71978378 3.125
v 33.56091309 48.31446457 25
v 23.93895721 47.85267639 18.75
v 50.34144592 42.62533569 50
v 10.04902172 41.95080566 9.375
v 6.15680361 37.71325302 9.375
v 19.83249855 46.89896011 28.125
v 48.66670609 17.52396965 100
v 37.90304184 47.74898911 46.875
v 34.22447586 48.26002884 50
v 51.52114868 41.70232391 65.625
v 37.90304184 47.74898911 53.125
v 52.81425095 20.74722672 100
v 50.0124588 42.86131287 68.75
v 54.91949081 23.26695061 96.875
v 24.03774071 47.86961365 50
v 18.87278175 46.60036087 50
v 47.94739914 44.16852188 71.875
v 7.19145489 39.12824631 40.625
v 7.94130373 39.98963928 43.75
v 33.56091309 48.31446457 75
v 43.79027176 46.10912323 87.5
v 19.83249855 46.89896011 71.875
v 23.93895721 47.85267639 81.25
v 24.1782341 47.89324188 87.5
v 23.76991081 47.82306671 93.75
v 10.04902172 41.95080566 90.625
v 14.34037209 44.71978378 96.875
v 6.15680361 37.71325302 90.625
v 8.24055767 20.96358299 7.8125
v 21.21725655 13.9913063 10.9375
v 21.07294655 14.02791595 14.0625
v 33.6535759 12.96086216 14.0625
v 29.27031898 12.86985493 20.3125
v 31.28068161 12.8518219 18.75
v 33.49627304 12.94923306 17.1875
v 48.70798111 17.54925537 7.8125
v 172.10736084 192.4432373 100
v 171.74916077 196.65179443 100
v 171.74916077 196.65179443 0
v 172.10736084 192.4432373 0
v 173.17166138 188.35574341 100
v 173.17166138 188.35574341 0
v 174.91143799 184.50691223 100
v 174.91143799 184.50691223 0
v 177.2766571 181.00746155 100
v 177.2766571 181.00746155 0
v 180.19924927 177.95808411 0
v 180.19924927 177.95808411 100
v 183.59516907 175.44647217 100
v 183.59516907 175.44647217 0
v 187.36668396 173.54490662 0
v 187.36668396 173.54490662 100
v 191.40533447 172.30809021 100
v 191.40533447 172.30809021 0
v 195.59489441 171.77159119 0
v 195.59489441 171.77159119 100
v 199.81488037 171.9508667 100
v 199.81488037 171.9508667 0
v 203.94386292 172.84072876 100
v 203.94386292 172.84072876 0
v 207.86306763 174.41558838 0
v 207.86306763 174.41558838 100
v 211.45973206 176.63014221 100
v 211.45973206 176.63014221 0
v 214.63041687 179.42070007 100
v 214.63041687 179.42070007 0
v 217.28387451 182.70695496 0
v 217.28387451 182.70695496 100
v 219.34379578 186.39437866 100
v 219.34379578 186.39437866 0
v 220.75090027 190.37687683 100
v 220.75090027 190.37687683 0
v 221.46472168 194.53990173 0
v 221.46472168 194.53990173 100
v 221.46472168 198.76368713 0
v 221.46472168 198.76368713 100
v 220.75090027 202.92671204 100
v 220.75090027 202.92671204 0
v 219.34379578 206.90922546 0
v 219.34379578 206.90922546 100
v 217.28387451 210.59664917 0
v 217.28387451 210.59664917 100
v 214.63041687 213.88290405 100
v 214.63041687 213.88290405 0
v 211.45973206 216.67344666 100
v 211.45973206 216.67344666 0
v 207.86306763 218.88801575 100
v 207.86306763 218.88801575 0
v 203.94386292 220.46287537 100
v 203.94386292 220.46287537 0
v 199.81488037 221.35273743 100
v 199.81488037 221.35273743 0
v 195.59489441 221.53199768 100
v 195.59489441 221.53199768 0
v 191.40533447 220.99549866 100
v 191.40533447 220.99549866 0
v 187.36668396 219.75868225 100
v 187.36668396 219.75868225 0
v 183.59516907 217.8571167 100
v 183.59516907 217.8571167 0
v 180.19924927 215.34552002 100
v 180.19924927 215.34552002 0
v 177.2766571 212.29614258 100
v 177.2766571 212.29614258 0
v 174.91143799 208.79669189 0
v 174.91143799 208.79669189 100
v 173.17166138 204.94786072 100
v 173.17166138 204.94786072 0
v 172.10736084 200.86036682 100
v 172.10736084 200.86036682 0
v 167.00579834 99.41291809 100
v 167.00579834 127.87307739 0
v 167.00579834 99.41291809 0
v 167.00579834 127.87307739 100
v 168.78456116 130.95397949 100
v 170.56332397 131.43060303 0
v 168.78456116 130.95397949 0
v 170.56332397 131.43060303 100
v 167.48242188 129.65184021 100
v 167.48242188 129.65184021 0
v 222.74028015 131.43060303 0
v 222.74028015 131.43060303 100
v 225.82118225 129.65184021 100
v 226.29780579 127.87307739 0
v 225.82118225 129.65184021 0
v 224.51904297 130.95397949 0
v 226.29780579 127.87307739 100
v 224.51904297 130.95397949 100
v 226.29780579 99.41291809 0
v 226.29780579 99.41291809 100
v 224.51904297 96.33201599 100
v 222.74028015 95.85540009 0
v 224.51904297 96.33201599 0
v 222.74028015 95.85540009 100
v 225.82118225 97.6341629 100
v 225.82118225 97.6341629 0
v 218.90013123 95.85540009 0
v 218.90013123 95.85540009 100
v 216.02409363 97.31902313 100
v 215.38723755 98.85120392 0
v 216.02409363 97.31902313 0
v 215.38723755 98.85120392 100
v 217.28660583 96.24234772 100
v 217.28660583 96.24234772 0
v 214.30097961 102.81942749 0
v 214.30097961 102.81942749 100
v 212.38487244 106.46019745 0
v 212.38487244 106.46019745 100
v 209.72900391 109.60233307 0
v 209.72900391 109.60233307 100
v 206.45823669 112.09809113 0
v 206.45823669 112.09809113 100
v 202.72637939 113.83013153 0
v 202.72637939 113.83013153 100
v 198.70890808 114.71699524 0
v 198.70890808 114.71699524 100
v 194.59469604 114.71699524 100
v 194.59469604 114.71699524 0
v 190.57720947 113.83013153 100
v 190.57720947 113.83013153 0
v 186.84535217 112.09809113 0
v 186.84535217 112.09809113 100
v 183.57460022 109.60233307 0
v 183.57460022 109.60233307 100
v 180.91871643 106.46019745 100
v 180.91871643 106.46019745 0
v 179.00260925 102.81942749 100
v 179.00260925 102.81942749 0
v 177.91636658 98.85120392 100
v 177.91636658 98.85120392 0
v 176.01698303 96.24234772 100
v 174.4034729 95.85540009 0
v 176.01698303 96.24234772 0
v 174.4034729 95.85540009 100
v 177.27949524 97.31902313 100
v 177.27949524 97.31902313 0
v 170.56332397 95.85540009 0
v 170.56332397 95.85540009 100
v 167.48242188 97.6341629 100
v 167.48242188 97.6341629 0
v 168.78456116 96.33201599 100
v 168.78456116 96.33201599 0
v 665.12872314 78.54560089 100
v 665.12872314 62.32939911 0
v 665.12872314 78.54560089 0
v 665.12872314 62.32939911 100
v 663.97039795 60.32316589 100
v 662.81207275 60.01279831 0
v 663.97039795 60.32316589 0
v 662.81207275 60.01279831 100
v 664.81835938 61.17110062 100
v 664.81835938 61.17110062 0
v 635.01287842 60.01279831 0
v 635.01287842 60.01279831 100
v 632.69628906 62.32939911 100
v 632.69628906 62.32939911 0
v 633.00665283 61.17110062 0
v 633.00665283 61.17110062 100
v 633.85461426 60.32316589 0
v 633.85461426 60.32316589 100
v 632.69628906 78.54560089 0
v 632.69628906 78.54560089 100
v 633.85461426 80.55183411 100
v 635.01287842 80.86219788 0
v 633.85461426 80.55183411 0
v 635.01287842 80.86219788 100
v 633.00665283 79.7039032 100
v 633.00665283 79.7039032 0
v 662.81207275 80.86219788 0
v 662.81207275 80.86219788 100
v 664.81835938 79.7039032 0
v 664.81835938 79.7039032 100
v 663.97039795 80.55183411 0
v 663.97039795 80.55183411 100
v 577.48400879 16.38349915 0
v 577.54003906 15.45390701 37.5
v 577.48400879 16.38349915 100
v 577.54003906 15.45390701 12.5
v 577.71466064 14.50235462 25
v 577.54003906 15.45390701 87.5
v 577.62591553 17.86097336 12.5
v 577.62591553 17.86097336 37.5
v 578.07525635 19.37955093 25
v 577.62591553 17.86097336 87.5
v 577.84918213 14.02123356 6.25
v 579.02337646 11.61684036 12.5
v 580.1383667 10.2302618 6.25
v 587.97680664 5.74780273 0
v 583.32537842 7.72042894 6.25
v 581.54888916 8.93809128 0
v 585.34106445 6.69291544 12.5
v 587.85284424 5.78383732 12.5
v 578.21685791 13.05486012 18.75
v 579.73284912 10.68405342 25
v 590.53417969 5.16499281 6.25
v 593.20428467 4.85311699 0
v 580.70001221 9.66999531 18.75
v 582.94885254 7.94988537 25
v 596.39862061 4.84609747 6.25
v 598.70654297 5.08815384 0
v 585.2835083 6.71815491 18.75
v 593.80718994 4.82172394 12.5
v 578.21685791 13.05486012 31.25
v 578.01635742 13.5382719 37.5
v 579.02337646 11.61684036 37.5
v 591.1472168 5.06783724 18.75
v 580.70001221 9.66999531 31.25
v 581.82995605 8.72029114 37.5
v 588.45727539 5.61528349 25
v 594.39782715 4.80457211 25
v 606.96276855 8.07394314 12.5
v 609.12646484 9.77378273 6.25
v 611.86999512 14.02808094 12.5
v 597.00036621 4.88884926 18.75
v 599.6854248 5.25647497 12.5
v 584.68719482 6.99278212 31.25
v 586.57635498 6.20116806 37.5
v 585.93823242 6.44363689 31.25
v 589.25024414 5.42051888 37.5
v 577.84918213 14.02123356 43.75
v 610.7421875 11.68921661 0
v 611.40533447 12.85109138 6.25
v 602.47821045 5.9738102 12.5
v 602.94805908 6.13258696 18.75
v 591.8505249 4.97540522 31.25
v 612.22119141 15.95659256 6.25
v 612.08935547 17.86993408 0
v 610.60821533 21.27430153 12.5
v 579.83843994 10.56125832 43.75
v 578.45135498 12.57246208 50
v 584.51037598 7.07903337 50
v 577.71466064 14.50235462 75
v 577.71466064 14.50235462 50
v 578.01635742 13.5382719 62.5
v 605.96502686 7.4761095 25
v 600.2980957 5.38281679 25
v 608.32250977 9.0624752 18.75
v 609.49536133 10.14257812 25
v 608.88903809 23.21537971 0
v 611.56408691 19.56656265 6.25
v 597.69842529 4.95628262 31.25
v 610.97076416 12.04919815 18.75
v 611.58233643 13.24339294 25
v 609.82550049 22.26616669 6.25
v 601.09222412 5.57169676 37.5
v 595.15753174 4.80221558 37.5
v 603.61975098 6.38096285 31.25
v 603.71459961 6.41816139 37.5
v 612.14117432 15.1942215 18.75
v 612.23284912 16.33149529 25
v 603.51416016 26.42679596 0
v 607.43029785 24.37859726 6.25
v 605.75170898 25.40719414 12.5
v 579.83843994 10.56125832 56.25
v 579.02337646 11.61684036 62.5
v 590.59692383 5.15432739 50
v 592.64111328 4.89521885 43.75
v 595.92510986 4.82234764 50
v 606.92962646 8.05251884 31.25
v 611.85650635 18.78177834 18.75
v 611.70324707 19.22194672 25
v 611.23406982 20.25439072 18.75
v 610.1036377 21.93963623 25
v 598.49328613 5.0568018 43.75
v 601.29180908 5.62378216 50
v 610.44799805 11.26962566 31.25
v 608.27050781 9.02019691 37.5
v 611.19415283 12.43837357 37.5
v 609.34759521 22.77580452 18.75
v 578.21685791 13.05486012 68.75
v 579.73284912 10.68405342 75
v 611.97851562 14.40820885 31.25
v 611.95739746 18.43844604 37.5
v 600.13946533 27.41849327 12.5
v 594.83233643 27.96648598 6.25
v 591.8135376 27.78723335 12.5
v 605.92950439 7.45649672 43.75
v 607.88891602 8.72169685 50
v 592.64111328 4.89521885 56.25
v 580.70001221 9.66999531 68.75
v 582.94885254 7.94988537 75
v 581.82995605 8.72029114 62.5
v 612.16967773 17.37163353 31.25
v 586.81903076 26.65189743 0
v 589.29644775 27.35693932 6.25
v 592.81628418 27.88620949 0
v 609.82348633 10.49857712 43.75
v 612.0715332 14.80788898 50
v 611.25933838 20.20663071 31.25
v 608.480896 23.5731163 37.5
v 584.68719482 6.99278212 68.75
v 586.57635498 6.20116806 62.5
v 598.49328613 5.0568018 56.25
v 585.93823242 6.44363689 68.75
v 589.25024414 5.42051888 62.5
v 581.87091064 24.077528 0
v 584.48815918 25.67698097 6.25
v 601.09222412 5.57169676 62.5
v 595.15753174 4.80221558 62.5
v 578.21685791 13.05486012 81.25
v 579.02337646 11.61684036 87.5
v 611.7331543 13.62516975 43.75
v 586.82446289 26.65378571 12.5
v 582.394104 24.45296478 12.5
v 591.8505249 4.97540522 68.75
v 605.92950439 7.45649672 56.25
v 603.71459961 6.41816139 62.5
v 607.74102783 24.15564537 25
v 606.19152832 25.16315079 31.25
v 602.57513428 26.76140594 25
v 604.47460938 26.03070068 37.5
v 612.22955322 16.61342049 43.75
v 611.04296875 20.59650612 50
v 580.70001221 9.66999531 81.25
v 585.34106445 6.69291544 87.5
v 578.61773682 20.49906158 0
v 579.40673828 21.6798687 6.25
v 580.40686035 22.81342888 12.5
v 588.45727539 5.61528349 75
v 594.39782715 4.80457211 75
v 589.30090332 27.35794449 18.75
v 611.58447266 19.51858139 43.75
v 577.99725342 19.17813683 6.25
v 609.82348633 10.49857712 56.25
v 597.69842529 4.95628262 68.75
v 596.70849609 27.90065002 25
v 600.65460205 27.3029747 31.25
v 585.2835083 6.71815491 81.25
v 587.85284424 5.78383732 87.5
v 584.49212646 25.67894363 18.75
v 586.82873535 26.65528107 25
v 577.84918213 14.02123356 93.75
v 609.940979 22.13358879 43.75
v 611.19415283 12.43837357 62.5
v 608.27050781 9.02019691 62.5
v 611.7331543 13.62516975 56.25
v 603.61975098 6.38096285 68.75
v 591.1472168 5.06783724 81.25
v 591.81799316 27.78775978 25
v 593.59063721 27.93561935 31.25
v 593.30755615 27.92025948 37.5
v 590.38470459 27.57592201 37.5
v 580.62213135 23.02339935 18.75
v 580.1383667 10.2302618 93.75
v 612.22955322 16.61342049 56.25
v 611.95739746 18.43844604 62.5
v 598.89306641 27.64988136 37.5
v 600.2980957 5.38281679 75
v 605.96502686 7.4761095 75
v 606.92962646 8.05251884 68.75
v 609.49536133 10.14257812 75
v 579.01269531 21.1343441 18.75
v 579.23187256 21.44673729 25
v 582.39752197 24.45533752 25
v 581.54888916 8.93809128 100
v 583.32537842 7.72042894 93.75
v 587.97680664 5.74780273 100
v 597.00036621 4.88884926 81.25
v 611.58447266 19.51858139 56.25
v 610.44799805 11.26962566 68.75
v 611.58233643 13.24339294 75
v 593.80718994 4.82172394 87.5
v 599.6854248 5.25647497 87.5
v 609.940979 22.13358879 56.25
v 608.480896 23.5731163 62.5
v 583.86810303 25.3546772 31.25
v 596.95318604 27.88200951 43.75
v 602.94805908 6.13258696 81.25
v 602.47821045 5.9738102 87.5
v 606.96276855 8.07394314 87.5
v 611.97851562 14.40820885 68.75
v 612.23284912 16.33149529 75
v 590.53417969 5.16499281 93.75
v 593.20428467 4.85311699 100
v 578.85772705 20.89763069 37.5
v 580.18597412 22.58707809 31.25
v 581.34204102 23.66141319 37.5
v 585.47399902 26.1315403 37.5
v 612.16967773 17.37163353 68.75
v 611.70324707 19.22194672 75
v 608.32250977 9.0624752 81.25
v 596.39862061 4.84609747 93.75
v 598.70654297 5.08815384 100
v 589.80383301 27.46548462 50
v 587.18066406 26.77417564 43.75
v 584.18341064 25.52231216 50
v 611.25933838 20.20663071 68.75
v 610.1036377 21.93963623 75
v 610.97076416 12.04919815 81.25
v 611.86999512 14.02808094 87.5
v 582.68280029 24.64656258 43.75
v 579.98193359 22.36722374 50
v 612.14117432 15.1942215 81.25
v 606.19152832 25.16315079 68.75
v 604.47460938 26.03070068 62.5
v 607.74102783 24.15564537 75
v 602.57513428 26.76140594 75
v 593.30755615 27.92025948 62.5
v 598.89306641 27.64988136 62.5
v 596.95318604 27.88200951 56.25
v 612.04193115 18.09648323 81.25
v 611.40777588 19.91089058 87.5
v 578.42388916 20.14154243 43.75
v 609.12646484 9.77378273 93.75
v 587.18066406 26.77417564 56.25
v 600.65460205 27.3029747 68.75
v 596.70849609 27.90065002 75
v 610.83435059 20.9366684 81.25
v 611.40533447 12.85109138 93.75
v 610.7421875 11.68921661 100
v 582.68280029 24.64656258 56.25
v 581.34204102 23.66141319 62.5
v 578.85772705 20.89763069 62.5
v 608.19354248 23.80869102 81.25
v 605.75170898 25.40719414 87.5
v 578.07525635 19.37955093 50
v 578.07525635 19.37955093 75
v 593.59063721 27.93561935 68.75
v 590.38470459 27.57592201 62.5
v 612.22119141 15.95659256 93.75
v 612.08935547 17.86993408 100
v 585.47399902 26.1315403 62.5
v 611.82543945 18.87757111 93.75
v 591.81799316 27.78775978 75
v 610.36462402 21.60881805 93.75
v 608.88903809 23.21537971 100
v 583.86810303 25.3546772 68.75
v 607.43029785 24.37859726 93.75
v 603.51416016 26.42679596 100
v 580.18597412 22.58707809 68.75
v 579.23187256 21.44673729 75
v 582.39752197 24.45533752 75
v 586.82873535 26.65528107 75
v 584.49212646 25.67894363 81.25
v 589.30090332 27.35794449 81.25
v 591.8135376 27.78723335 87.5
v 594.83233643 27.96648598 93.75
v 600.13946533 27.41849327 87.5
v 582.394104 24.45296478 87.5
v 586.82446289 26.65378571 87.5
v 580.62213135 23.02339935 81.25
v 580.40686035 22.81342888 87.5
v 579.01269531 21.1343441 81.25
v 592.81628418 27.88620949 100
v 589.29644775 27.35693932 93.75
v 586.81903076 26.65189743 100
v 584.48815918 25.67698097 93.75
v 581.87091064 24.077528 100
v 579.40673828 21.6798687 93.75
v 578.61773682 20.49906158 100
v 577.99725342 19.17813683 93.75
v 579.18792725 11.38099861 3.125
v 600.13000488 5.34650564 3.125
v 603.79455566 6.44993544 0
v 599.4420166 5.21082735 9.375
v 603.38970947 6.29298019 6.25
v 606.71972656 7.91959238 3.125
v 606.1506958 7.58049726 9.375
v 582.76074219 8.06972504 40.625
v 589.58636475 5.3466363 40.625
v 588.47393799 5.61088467 46.875
v 597.84564209 27.79402542 0
v 599.16784668 27.60456848 3.125
v 601.42272949 27.10802078 6.25
v 604.01843262 26.22601509 9.375
v 588.47393799 5.61088467 53.125
v 582.76074219 8.06972504 59.375
v 589.58636475 5.3466363 59.375
v 606.3425293 25.07551956 21.875
v 594.72692871 27.96616745 15.625
v 593.06103516 27.90434837 21.875
v 607.55438232 24.29097176 40.625
v 590.20239258 27.54282761 28.125
v 579.18792725 11.38099861 96.875
v 600.77844238 27.2734108 40.625
v 588.58935547 27.1862011 31.25
v 606.44671631 25.01383781 50
v 601.89422607 26.9743042 46.875
v 600.7144165 27.28877258 50
v 595.24072266 27.96369743 50
v 587.0043335 26.71544647 34.375
v 590.23944092 27.54966736 40.625
v 592.12261963 27.82199478 43.75
v 601.89422607 26.9743042 53.125
v 607.55438232 24.29097176 59.375
v 593.42901611 27.92723083 46.875
v 599.4420166 5.21082735 90.625
v 600.77844238 27.2734108 59.375
v 593.42901611 27.92723083 53.125
v 606.1506958 7.58049726 90.625
v 603.38970947 6.29298019 93.75
v 600.13000488 5.34650564 96.875
v 603.79455566 6.44993544 100
v 592.12261963 27.82199478 56.25
v 606.71972656 7.91959238 96.875
v 590.23944092 27.54966736 59.375
v 579.80938721 22.17225647 53.125
v 605.59729004 25.48907852 78.125
v 587.0043335 26.71544647 65.625
v 588.58935547 27.1862011 68.75
v 604.49530029 26.02149773 84.375
v 590.20239258 27.54282761 71.875
v 593.06103516 27.90434837 78.125
v 604.01843262 26.22601509 90.625
v 594.72692871 27.96616745 84.375
v 601.42272949 27.10802078 93.75
v 599.16784668 27.60456848 96.875
v 597.84564209 27.79402542 100
v 585.46551514 6.63910341 43.75
v 585.46551514 6.63910341 56.25
v 603.37902832 26.47803116 17.1875
v 600.69342041 27.29378319 18.75
v 598.62310791 27.69133186 20.3125
v 606.48132324 24.99312592 45.3125
v 604.90325928 25.83456421 43.75
v 606.48132324 24.99312592 54.6875
v 604.90325928 25.83456421 56.25
v 601.27838135 27.1467762 76.5625
v 600.25714111 27.39315605 81.25
v 599.64044189 27.51915169 84.375
v 686.75030518 124.49150085 100
v 686.75030518 124.49150085 0
v 687.30285645 120.29444122 0
v 687.30285645 120.29444122 100
v 688.92285156 116.38339996 100
v 688.92285156 116.38339996 0
v 691.49993896 113.0249176 100
v 691.49993896 113.0249176 0
v 694.85839844 110.44786072 100
v 694.85839844 110.44786072 0
v 698.76940918 108.82785034 100
v 698.76940918 108.82785034 0
v 702.9664917 108.27529907 100
v 702.9664917 108.27529907 0
v 707.16357422 108.82785034 100
v 707.16357422 108.82785034 0
v 711.07458496 110.44786072 100
v 711.07458496 110.44786072 0
v 714.43310547 113.0249176 100
v 714.43310547 113.0249176 0
v 717.01013184 116.38339996 100
v 717.01013184 116.38339996 0
v 718.63012695 120.29444122 100
v 718.63012695 120.29444122 0
v 719.18267822 124.49150085 100
v 719.18267822 124.49150085 0
v 718.63012695 128.68856812 100
v 718.63012695 128.68856812 0
v 717.01013184 132.59959412 100
v 717.01013184 132.59959412 0
v 714.43310547 135.95808411 0
v 714.43310547 135.95808411 100
v 711.07458496 138.53514099 100
v 711.07458496 138.53514099 0
v 707.16357422 140.15515137 100
v 707.16357422 140.15515137 0
v 702.9664917 140.70770264 100
v 702.9664917 140.70770264 0
v 698.76940918 140.15515137 0
v 698.76940918 140.15515137 100
v 694.85839844 138.53514099 100
v 694.85839844 138.53514099 0
v 691.49993896 135.95808411 100
v 691.49993896 135.95808411 0
v 688.92285156 132.59959412 0
v 688.92285156 132.59959412 100
v 687.30285645 128.68856812 100
v 687.30285645 128.68856812 0
v 591.56872559 100.38319397 40
v 588.05395508 100.38319397 0
v 591.56872559 100.38319397 0
v 588.05395508 100.38319397 40
v 586.55395508 100.7851181 40
v 585.93267822 101.26187134 0
v 586.55395508 100.7851181 0
v 587.27752686 100.4854126 0
v 585.93267822 101.26187134 40
v 587.27752686 100.4854126 40
v 570.69000244 116.50450897 0
v 570.69000244 116.50450897 40
v 569.91357422 117.84937286 40
v 569.81134033 118.6258316 0
v 569.91357422 117.84937286 0
v 569.81134033 118.6258316 40
v 570.21325684 117.1258316 40
v 570.21325684 117.1258316 0
v 569.81134033 134.70370483 0
v 569.81134033 134.70370483 40
v 571.31134033 137.30177307 40
v 572.81134033 137.70370483 0
v 571.31134033 137.30177307 0
v 572.81134033 137.70370483 40
v 570.21325684 136.20370483 40
v 570.21325684 136.20370483 0
v 606.81134033 137.70370483 0
v 606.81134033 137.70370483 40
v 609.40942383 136.20370483 40
v 609.81134033 134.70370483 0
v 609.40942383 136.20370483 0
v 609.81134033 134.70370483 40
v 608.31134033 137.30177307 40
v 608.31134033 137.30177307 0
v 609.81134033 118.6258316 40
v 609.81134033 118.6258316 0
v 608.93267822 116.50450897 40
v 608.93267822 116.50450897 0
v 609.40942383 117.1258316 0
v 609.40942383 117.1258316 40
v 609.70910645 117.84937286 40
v 609.70910645 117.84937286 0
v 593.69000244 101.26187134 0
v 593.69000244 101.26187134 40
v 592.34515381 100.4854126 40
v 592.34515381 100.4854126 0
v 593.06872559 100.7851181 40
v 593.06872559 100.7851181 0
v 585.21508789 106.52646637 40
v 588.76947021 104.47434235 40
v 583.81134033 110.38319397 40
v 592.81134033 105.18704224 40
v 575.21508789 123.84697723 40
v 578.76947021 121.79485321 40
v 585.21508789 114.23991394 40
v 573.81134033 127.7036972 40
v 595.44952393 108.33106995 40
v 582.81134033 122.50754547 40
v 588.76947021 116.29203796 40
v 575.21508789 131.5604248 40
v 585.44952393 125.65158081 40
v 578.76947021 133.61254883 40
v 582.81134033 132.89985657 40
v 595.21508789 123.84697723 40
v 592.81134033 115.5793457 40
v 598.76947021 121.79485321 40
v 595.44952393 112.43531036 40
v 593.81134033 127.7036972 40
v 585.44952393 129.7558136 40
v 602.81134033 122.50754547 40
v 595.21508789 131.5604248 40
v 605.44952393 125.65158081 40
v 598.76947021 133.61254883 40
v 602.81134033 132.89985657 40
v 605.44952393 129.7558136 40
v 595.21508789 123.84697723 100
v 593.81134033 127.7036972 100
v 598.76947021 121.79485321 100
v 602.81134033 122.50754547 100
v 605.44952393 125.65158081 100
v 605.44952393 129.7558136 100
v 602.81134033 132.89985657 100
v 598.76947021 133.61254883 100
v 595.21508789 131.5604248 100
v 585.21508789 106.52646637 100
v 583.81134033 110.38319397 100
v 588.76947021 104.47434235 100
v 592.81134033 105.18704224 100
v 595.44952393 108.33106995 100
v 595.44952393 112.43531036 100
v 592.81134033 115.5793457 100
v 588.76947021 116.29203796 100
v 585.21508789 114.23991394 100
v 575.21508789 123.84697723 100
v 573.81134033 127.7036972 100
v 578.76947021 121.79485321 100
v 582.81134033 122.50754547 100
v 585.44952393 125.65158081 100
v 585.44952393 129.7558136 100
v 582.81134033 132.89985657 100
v 578.76947021 133.61254883 100
v 575.21508789 131.5604248 100
v 44.35056686 -68.62188721 100
v 12.67056751 -68.62188721 95
v 12.67056751 -68.62188721 100
v 44.35056686 -68.62188721 95
v 4.43986225 -82.87789154 95
v 20.27986145 -110.31357574 100
v 4.43986225 -82.87789154 100
v 20.27986145 -110.31357574 95
v 36.74127197 -110.31357574 95
v 52.58127213 -82.87789154 100
v 36.74127197 -110.31357574 100
v 52.58127213 -82.87789154 95
v 7.08425665 -85.81478882 100
v 19.1509552 -107.21192932 100
v 19.006567 -105.56157684 100
v 19.57972908 -108.81213379 100
v 10.69457531 -87.42220306 100
v 19.78384209 -101.79723358 100
v 14.64656067 -87.42220306 100
v 21.9885273 -98.64861298 100
v 18.2568779 -85.81478882 100
v 25.26000786 -96.6307373 100
v 20.90127373 -82.87789154 100
v 29.06317711 -96.07365417 100
v 38.24151611 -85.4063797 100
v 32.7759552 -97.06848907 100
v 35.73701859 -82.14245605 100
v 22.12250328 -79.11933136 100
v 41.89075089 -87.30604553 100
v 35.79105377 -99.45252228 100
v 34.84656906 -78.12589264 100
v 21.70940971 -75.18899536 100
v 46.00091934 -87.48550415 100
v 37.61529922 -102.83580017 100
v 35.57001495 -74.48886871 100
v 19.7334156 -71.76647186 100
v 49.80183792 -85.91110992 100
v 37.95030594 -106.66492462 100
v 37.63022614 -71.4055481 100
v 16.53619194 -69.44355011 100
v 40.71354294 -69.34533691 100
v 19.57972908 -108.81213379 95
v 7.08425665 -85.81478882 95
v 19.1509552 -107.21192932 95
v 19.006567 -105.56157684 95
v 10.69457531 -87.42220306 95
v 19.78384209 -101.79723358 95
v 14.64656067 -87.42220306 95
v 21.9885273 -98.64861298 95
v 18.2568779 -85.81478882 95
v 25.26000786 -96.6307373 95
v 20.90127373 -82.87789154 95
v 29.06317711 -96.07365417 95
v 38.24151611 -85.4063797 95
v 32.7759552 -97.06848907 95
v 22.12250328 -79.11933136 95
v 35.73701859 -82.14245605 95
v 41.89075089 -87.30604553 95
v 35.79105377 -99.45252228 95
v 21.70940971 -75.18899536 95
v 34.84656906 -78.12589264 95
v 46.00091934 -87.48550415 95
v 37.61529922 -102.83580017 95
v 19.7334156 -71.76647186 95
v 35.57001495 -74.48886871 95
v 49.80183792 -85.91110992 95
v 37.95030594 -106.66492462 95
v 16.53619194 -69.44355011 95
v 37.63022614 -71.4055481 95
v 40.71354294 -69.34533691 95
v 35.66823196 -81.99151611 40
v 34.84656906 -78.12589264 40
v 37.9911499 -85.18873596 40
v 35.66823196 -81.99151611 150
v 34.84656906 -78.12589264 150
v 41.41366959 -87.16473389 40
v 37.9911499 -85.18873596 150
v 45.34400558 -87.57782745 40
v 41.41366959 -87.16473389 150
v 49.10256958 -86.3565979 40
v 45.34400558 -87.57782745 150
v 52.03946686 -83.71220398 40
v 49.10256958 -86.3565979 150
v 53.6468811 -80.10188293 40
v 52.03946686 -83.71220398 150
v 53.6468811 -80.10188293 150
v 53.6468811 -76.14989471 150
v 53.6468811 -76.14989471 40
v 52.03946686 -72.5395813 150
v 52.03946686 -72.5395813 40
v 49.10256958 -69.89518738 150
v 49.10256958 -69.89518738 40
v 41.41366959 -69.08705139 40
v 45.34400558 -68.6739502 40
v 45.34400558 -68.6739502 150
v 37.9911499 -71.06304169 40
v 41.41366959 -69.08705139 150
v 35.66823196 -74.26026154 40
v 37.9911499 -71.06304169 150
v 35.66823196 -74.26026154 150
v -3.16943216 -92.50523376 40
v -3.16943216 -67.03788757 0
v -3.16943216 -92.50523376 0
v -3.16943216 -67.03788757 40
v -0.7934323 -62.92253876 40
v 1.58256769 -62.28588867 0
v -0.7934323 -62.92253876 0
v 1.58256769 -62.28588867 40
v -2.53278494 -64.66188812 40
v -2.53278494 -64.66188812 0
v 55.43856812 -62.28588867 0
v 55.43856812 -62.28588867 40
v 59.55392075 -64.66188812 40
v 60.19056702 -67.03788757 0
v 59.55392075 -64.66188812 0
v 57.81456757 -62.92253876 0
v 60.19056702 -67.03788757 40
v 57.81456757 -62.92253876 40
v 60.19056702 -92.50523376 0
v 60.19056702 -92.50523376 40
v 59.55392075 -94.88123322 40
v 58.79874039 -95.86540222 0
v 59.55392075 -94.88123322 0
v 58.79874039 -95.86540222 40
v 60.02864838 -93.73513794 40
v 60.02864838 -93.73513794 0
v 34.65439606 -120.00974274 0
v 34.65439606 -120.00974274 40
v 32.52413177 -121.23965454 40
v 31.29422569 -121.40157318 0
v 32.52413177 -121.23965454 0
v 31.29422569 -121.40157318 40
v 33.67022324 -120.76493073 40
v 33.67022324 -120.76493073 0
v 25.72690964 -121.40157318 0
v 25.72690964 -121.40157318 40
v 23.35091019 -120.76493073 40
v 22.36673927 -120.00974274 0
v 23.35091019 -120.76493073 0
v 22.36673927 -120.00974274 40
v 24.49700165 -121.23965454 40
v 24.49700165 -121.23965454 0
v -1.77760375 -95.86540222 0
v -1.77760375 -95.86540222 40
v -3.00751185 -93.73513794 40
v -3.00751185 -93.73513794 0
v -2.53278494 -94.88123322 40
v -2.53278494 -94.88123322 0
v 19.82823181 -109.42720032 40
v 22.15114975 -112.62442017 40
v 25.57366943 -114.60041809 40
v 19.006567 -105.56157684 40
v 29.50400543 -115.01351166 40
v 19.82823181 -101.69595337 40
v 33.26256943 -113.7922821 40
v 6.31115055 -85.18873596 40
v 3.98823166 -81.99151611 40
v 9.73367023 -87.16473389 40
v 3.1665678 -78.12589264 40
v 36.19946671 -111.14788818 40
v 13.66400623 -87.57782745 40
v 22.15114975 -98.49872589 40
v 3.98823166 -74.26026154 40
v 17.42256737 -86.3565979 40
v 25.57366943 -96.5227356 40
v 6.31115055 -71.06304169 40
v 20.35946465 -83.71220398 40
v 29.50400543 -96.10964203 40
v 9.73367023 -69.08705139 40
v 13.66400623 -68.6739502 40
v 33.26256943 -97.33087158 40
v 21.96688271 -80.10188293 40
v 36.19946671 -99.9752655 40
v 21.96688271 -76.14989471 40
v 37.80688095 -103.58557892 40
v 20.35946465 -72.5395813 40
v 37.80688095 -107.53756714 40
v 17.42256737 -69.89518738 40
v 19.006567 -105.56157684 150
v 19.82823181 -109.42720032 150
v 22.15114975 -112.62442017 150
v 25.57366943 -114.60041809 150
v 29.50400543 -115.01351166 150
v 33.26256943 -113.7922821 150
v 36.19946671 -111.14788818 150
v 37.80688095 -107.53756714 150
v 37.80688095 -103.58557892 150
v 36.19946671 -99.9752655 150
v 33.26256943 -97.33087158 150
v 29.50400543 -96.10964203 150
v 25.57366943 -96.5227356 150
v 22.15114975 -98.49872589 150
v 19.82823181 -101.69595337 150
v 3.98823166 -81.99151611 150
v 3.1665678 -78.12589264 150
v 6.31115055 -85.18873596 150
v 9.73367023 -87.16473389 150
v 13.66400623 -87.57782745 150
v 17.42256737 -86.3565979 150
v 20.35946465 -83.71220398 150
v 21.96688271 -80.10188293 150
v 21.96688271 -76.14989471 150
v 20.35946465 -72.5395813 150
v 17.42256737 -69.89518738 150
v 13.66400623 -68.6739502 150
v 9.73367023 -69.08705139 150
v 6.31115055 -71.06304169 150
v 3.98823166 -74.26026154 150
v 128.2157135 -85.57235718 75
v 112.75170135 -85.57235718 75
v 111.67723846 -86.64682007 75
v 113.14498138 -84.10460663 75
v 129.29017639 -86.64682007 75
v 110.20949554 -87.0401001 75
v 130.75791931 -87.0401001 75
v 127.82242584 -84.10460663 75
v 113.14498138 -65.51318359 75
v 127.82242584 -65.51318359 75
v 128.2157135 -64.04544067 75
v 112.75170135 -64.04544067 75
v 129.29017639 -62.97097397 75
v 111.67723846 -62.97097397 75
v 130.75791931 -62.57769394 75
v 110.20949554 -62.57769394 75
v 111.67723846 -86.64682007 150
v 110.20949554 -87.0401001 150
v 112.75170135 -85.57235718 150
v 113.14498138 -84.10460663 150
v 113.14498138 -65.51318359 150
v 112.75170135 -64.04544067 150
v 111.67723846 -62.97097397 150
v 110.20949554 -62.57769394 150
v 89.07585907 -85.57235718 150
v 88.68257904 -84.10460663 0
v 89.07585907 -85.57235718 0
v 90.15032196 -86.64682007 0
v 88.68257904 -84.10460663 150
v 90.15032196 -86.64682007 150
v 91.61806488 -87.0401001 0
v 91.61806488 -87.0401001 150
v 88.68257904 -65.51318359 150
v 88.68257904 -65.51318359 0
v 90.15032196 -62.97097397 150
v 91.61806488 -62.57769394 0
v 90.15032196 -62.97097397 0
v 91.61806488 -62.57769394 150
v 89.07585907 -64.04544067 150
v 89.07585907 -64.04544067 0
v 129.29017639 -62.97097397 150
v 130.75791931 -62.57769394 150
v 128.2157135 -64.04544067 150
v 127.82242584 -65.51318359 150
v 127.82242584 -84.10460663 150
v 128.2157135 -85.57235718 150
v 129.29017639 -86.64682007 150
v 130.75791931 -87.0401001 150
v 149.34934998 -62.57769394 0
v 149.34934998 -62.57769394 150
v 151.89155579 -64.04544067 150
v 152.28483582 -65.51318359 0
v 151.89155579 -64.04544067 0
v 152.28483582 -65.51318359 150
v 150.8170929 -62.97097397 150
v 150.8170929 -62.97097397 0
v 152.28483582 -84.10460663 150
v 152.28483582 -84.10460663 0
v 150.8170929 -86.64682007 150
v 149.34934998 -87.0401001 0
v 150.8170929 -86.64682007 0
v 149.34934998 -87.0401001 150
v 151.89155579 -85.57235718 150
v 151.89155579 -85.57235718 0
v 331.33969116 -62.09114456 95
v 304.93969727 -62.09114456 100
v 331.33969116 -62.09114456 100
v 304.93969727 -62.09114456 95
v 298.08074951 -73.97114563 95
v 311.28076172 -96.83421326 100
v 298.08074951 -73.97114563 100
v 311.28076172 -96.83421326 95
v 324.99859619 -96.83421326 100
v 338.1986084 -73.971138 95
v 338.1986084 -73.971138 100
v 324.99859619 -96.83421326 95
v 310.69732666 -95.58301544 100
v 310.33999634 -94.24951172 100
v 300.97967529 -76.87006378 100
v 310.21969604 -92.87421417 100
v 304.93969727 -77.93114471 100
v 311.28076172 -88.91421509 100
v 308.89968872 -76.87006378 100
v 314.1796875 -86.01529694 100
v 311.7986145 -73.97114563 100
v 318.13967896 -84.954216 100
v 324.48077393 -73.97114563 100
v 322.09967041 -86.01529694 100
v 327.37969971 -76.87006378 100
v 324.99859619 -88.91421509 100
v 323.41967773 -70.01114655 100
v 312.85968018 -70.01114655 100
v 331.33969116 -77.93114471 100
v 326.05969238 -92.87421417 100
v 324.48077393 -66.05114746 100
v 311.7986145 -66.05114746 100
v 308.89968872 -63.15222168 100
v 335.29968262 -76.87006378 100
v 327.37966919 -63.15222168 100
v 310.69732666 -95.58301544 95
v 310.33999634 -94.24951172 95
v 300.97967529 -76.87006378 95
v 310.21969604 -92.87421417 95
v 304.93969727 -77.93114471 95
v 311.28076172 -88.91421509 95
v 308.89968872 -76.87006378 95
v 314.1796875 -86.01529694 95
v 311.7986145 -73.97114563 95
v 318.13967896 -84.954216 95
v 324.48077393 -73.97114563 95
v 322.09967041 -86.01529694 95
v 327.37969971 -76.87006378 95
v 324.99859619 -88.91421509 95
v 312.85968018 -70.01114655 95
v 323.41967773 -70.01114655 95
v 331.33969116 -77.93114471 95
v 326.05969238 -92.87421417 95
v 308.89968872 -63.15222168 95
v 324.48077393 -66.05114746 95
v 311.7986145 -66.05114746 95
v 335.29968262 -76.87006378 95
v 327.37966919 -63.15222168 95
v 324.48077393 -73.97114563 40
v 323.41967773 -70.01114655 40
v 327.37966919 -76.87006378 40
v 324.48077393 -73.97114563 150
v 323.41967773 -70.01114655 150
v 331.33969116 -77.93114471 40
v 327.37966919 -76.87006378 150
v 335.29968262 -76.87006378 40
v 331.33969116 -77.93114471 150
v 338.1986084 -73.97114563 40
v 335.29968262 -76.87006378 150
v 339.25967407 -70.01114655 40
v 338.1986084 -73.97114563 150
v 339.25967407 -70.01114655 150
v 338.1986084 -66.05114746 150
v 338.1986084 -66.05114746 40
v 335.29968262 -63.15222168 40
v 335.29968262 -63.15222168 150
v 331.33969116 -62.09114456 40
v 331.33969116 -62.09114456 150
v 327.37966919 -63.15222168 40
v 327.37966919 -63.15222168 150
v 324.48077393 -66.05114746 40
v 324.48077393 -66.05114746 150
v 313.01983643 -104.91436005 40
v 292.89953613 -84.79407501 0
v 313.01983643 -104.91436005 0
v 292.89953613 -84.79407501 40
v 291.87460327 -83.01885223 40
v 291.73968506 -81.993927 0
v 291.87460327 -83.01885223 0
v 291.73968506 -81.993927 40
v 292.27023315 -83.97393036 40
v 292.27023315 -83.97393036 0
v 291.73968506 -60.77114487 40
v 291.73968506 -60.77114487 0
v 295.69967651 -56.81114197 40
v 295.69967651 -56.81114197 0
v 293.71969604 -57.34168243 0
v 293.71969604 -57.34168243 40
v 292.27023315 -58.79114532 40
v 292.27023315 -58.79114532 0
v 340.5796814 -56.81114197 0
v 340.5796814 -56.81114197 40
v 344.00915527 -58.79114532 40
v 344.53967285 -60.77114487 0
v 344.00915527 -58.79114532 0
v 344.53967285 -60.77114487 40
v 342.55969238 -57.34168243 40
v 342.55969238 -57.34168243 0
v 344.53967285 -81.993927 0
v 344.53967285 -81.993927 40
v 343.37982178 -84.79407501 40
v 343.37982178 -84.79407501 0
v 344.00915527 -83.97393036 0
v 344.00915527 -83.97393036 40
v 344.40475464 -83.01885223 0
v 344.40475464 -83.01885223 40
v 323.259552 -104.91436005 0
v 323.259552 -104.91436005 40
v 320.45941162 -106.07421112 40
v 320.45941162 -106.07421112 0
v 321.48431396 -105.93927765 0
v 321.48431396 -105.93927765 40
v 322.43939209 -105.54367828 0
v 322.43939209 -105.54367828 40
v 315.81997681 -106.07421112 0
v 315.81997681 -106.07421112 40
v 313.83996582 -105.54367828 40
v 313.83996582 -105.54367828 0
v 314.79504395 -105.93927765 40
v 314.79504395 -105.93927765 0
v 314.1796875 -99.73313904 40
v 311.28076172 -96.83421326 40
v 318.13967896 -100.79421234 40
v 310.21969604 -92.87421417 40
v 311.28076172 -88.91421509 40
v 322.09967041 -99.73313904 40
v 300.97967529 -76.87006378 40
v 298.08074951 -73.97114563 40
v 304.93969727 -77.93114471 40
v 297.01968384 -70.01114655 40
v 324.99859619 -96.83421326 40
v 308.89968872 -76.87006378 40
v 314.1796875 -86.01529694 40
v 298.08074951 -66.05114746 40
v 300.97967529 -63.15222168 40
v 311.7986145 -73.97114563 40
v 318.13967896 -84.954216 40
v 304.93969727 -62.09114456 40
v 308.89968872 -63.15222168 40
v 322.09967041 -86.01529694 40
v 312.85968018 -70.01114655 40
v 324.99859619 -88.91421509 40
v 311.7986145 -66.05114746 40
v 326.05969238 -92.87421417 40
v 297.01968384 -70.01114655 150
v 298.08074951 -73.97114563 150
v 300.97967529 -76.87006378 150
v 304.93969727 -77.93114471 150
v 308.89968872 -76.87006378 150
v 311.7986145 -73.97114563 150
v 312.85968018 -70.01114655 150
v 311.7986145 -66.05114746 150
v 308.89968872 -63.15222168 150
v 304.93969727 -62.09114456 150
v 300.97967529 -63.15222168 150
v 298.08074951 -66.05114746 150
v 310.21969604 -92.87421417 150
v 311.28076172 -96.83421326 150
v 314.1796875 -99.73313904 150
v 318.13967896 -100.79421234 150
v 322.09967041 -99.73313904 150
v 324.99859619 -96.83421326 150
v 326.05969238 -92.87421417 150
v 324.99859619 -88.91421509 150
v 322.09967041 -86.01529694 150
v 318.13967896 -84.954216 150
v 314.1796875 -86.01529694 150
v 311.28076172 -88.91421509 150
v 601.75 -113.36990356 75
v 587.5980835 -112.87471771 75
v 586.5 -113.97279358 75
v 599.00482178 -110.62471771 75
v 588 -111.37471771 75
v 605.5 -114.37471771 75
v 585 -114.37471771 75
v 598 -106.87471771 75
v 588 -102.37471771 75
v 599.00482178 -103.12471771 75
v 587.5980835 -100.87471771 75
v 601.75 -100.37952423 75
v 586.5 -99.77664185 75
v 605.5 -99.37471771 75
v 585 -99.37471771 75
v 599.00482178 -110.62471771 150
v 598 -106.87471771 150
v 601.75 -113.36990356 150
v 609.25 -113.36990356 0
v 605.5 -114.37471771 0
v 605.5 -114.37471771 150
v 609.25 -113.36990356 150
v 611.99517822 -110.62471771 0
v 611.99517822 -110.62471771 150
v 613 -106.87471771 0
v 613 -106.87471771 150
v 611.99517822 -103.12471771 0
v 611.99517822 -103.12471771 150
v 609.25 -100.37952423 0
v 609.25 -100.37952423 150
v 605.5 -99.37471771 0
v 605.5 -99.37471771 150
v 601.75 -100.37952423 150
v 599.00482178 -103.12471771 150
v 586.5 -113.97279358 150
v 585 -114.37471771 150
v 587.5980835 -112.87471771 150
v 588 -111.37471771 150
v 588 -102.37471771 150
v 587.5980835 -100.87471771 150
v 586.5 -99.77664185 150
v 585 -99.37471771 150
v 573 -111.37471771 150
v 573 -102.37471771 0
v 573 -111.37471771 0
v 573 -102.37471771 150
v 574.5 -99.77664185 150
v 576 -99.37471771 0
v 574.5 -99.77664185 0
v 576 -99.37471771 150
v 573.4019165 -100.87471771 150
v 573.4019165 -100.87471771 0
v 576 -114.37471771 0
v 576 -114.37471771 150
v 573.4019165 -112.87471771 150
v 573.4019165 -112.87471771 0
v 574.5 -113.97279358 150
v 574.5 -113.97279358 0
v 595.00750732 -67.61680603 100
v 605.00750732 -50.29629898 95
v 605.00750732 -50.29629898 100
v 595.00750732 -67.61680603 95
v 599.81134033 -41.29629898 95
v 579.81134033 -41.29629898 100
v 599.81134033 -41.29629898 100
v 579.81134033 -41.29629898 95
v 574.61517334 -50.29629898 95
v 584.61517334 -67.61680603 100
v 574.61517334 -50.29629898 100
v 584.61517334 -67.61680603 95
v 584.17315674 -66.66893005 100
v 583.90246582 -65.65869904 100
v 577.75921631 -52.93445587 100
v 583.81134033 -64.61680603 100
v 584.89642334 -61.17535019 100
v 581.86346436 -52.93445587 100
v 587.75921631 -58.97865295 100
v 585.00750732 -50.29629898 100
v 591.36425781 -58.82125473 100
v 595.0512085 -50.9488678 100
v 598.25842285 -53.0918541 100
v 594.40759277 -60.76008224 100
v 593.81134033 -47.29629898 100
v 585.72021484 -46.25440979 100
v 602.10742188 -52.83957672 100
v 595.78851318 -64.09387207 100
v 594.61517334 -44.29629898 100
v 583.66809082 -42.7000351 100
v 596.81134033 -42.10014725 100
v 584.17315674 -66.66893005 95
v 583.90246582 -65.65869904 95
v 577.75921631 -52.93445587 95
v 583.81134033 -64.61680603 95
v 584.89642334 -61.17535019 95
v 581.86346436 -52.93445587 95
v 587.75921631 -58.97865295 95
v 585.00750732 -50.29629898 95
v 591.36425781 -58.82125473 95
v 595.0512085 -50.9488678 95
v 598.25842285 -53.0918541 95
v 594.40759277 -60.76008224 95
v 585.72021484 -46.25440979 95
v 593.81134033 -47.29629898 95
v 602.10742188 -52.83957672 95
v 595.78851318 -64.09387207 95
v 583.66809082 -42.7000351 95
v 594.61517334 -44.29629898 95
v 596.81134033 -42.10014725 95
v 583.81134033 -64.61680603 40
v 585.21508789 -68.47353363 40
v 583.81134033 -64.61680603 150
v 585.21508789 -68.47353363 150
v 588.76947021 -70.52565765 150
v 588.76947021 -70.52565765 40
v 592.81134033 -69.81295776 150
v 592.81134033 -69.81295776 40
v 595.44952393 -66.66893005 40
v 595.44952393 -66.66893005 150
v 595.44952393 -62.56468582 40
v 592.81134033 -59.4206543 40
v 595.44952393 -62.56468582 150
v 588.76947021 -58.70796204 40
v 592.81134033 -59.4206543 150
v 585.21508789 -60.76008224 40
v 588.76947021 -58.70796204 150
v 585.21508789 -60.76008224 150
v 572.81134033 -37.29629898 40
v 606.81134033 -37.29629898 0
v 572.81134033 -37.29629898 0
v 606.81134033 -37.29629898 40
v 609.40942383 -38.79629898 40
v 609.81134033 -40.29629898 0
v 609.40942383 -38.79629898 0
v 609.81134033 -40.29629898 40
v 608.31134033 -37.69822311 40
v 608.31134033 -37.69822311 0
v 609.81134033 -56.3741684 0
v 609.81134033 -56.3741684 40
v 609.40942383 -57.8741684 40
v 608.93267822 -58.49548721 0
v 609.40942383 -57.8741684 0
v 608.93267822 -58.49548721 40
v 609.70910645 -57.15062332 40
v 609.70910645 -57.15062332 0
v 593.69000244 -73.73812866 0
v 593.69000244 -73.73812866 40
v 592.34515381 -74.5145874 40
v 591.56872559 -74.61680603 0
v 592.34515381 -74.5145874 0
v 593.06872559 -74.2148819 0
v 591.56872559 -74.61680603 40
v 593.06872559 -74.2148819 40
v 588.05395508 -74.61680603 0
v 588.05395508 -74.61680603 40
v 586.55395508 -74.2148819 40
v 585.93267822 -73.73812866 0
v 586.55395508 -74.2148819 0
v 587.27752686 -74.5145874 0
v 585.93267822 -73.73812866 40
v 587.27752686 -74.5145874 40
v 570.69000244 -58.49548721 0
v 570.69000244 -58.49548721 40
v 569.81134033 -56.3741684 40
v 569.81134033 -56.3741684 0
v 569.91357422 -57.15062332 0
v 569.91357422 -57.15062332 40
v 570.21325684 -57.8741684 40
v 570.21325684 -57.8741684 0
v 569.81134033 -40.29629898 0
v 569.81134033 -40.29629898 40
v 571.31134033 -37.69822311 40
v 571.31134033 -37.69822311 0
v 570.21325684 -38.79629898 0
v 570.21325684 -38.79629898 40
v 575.21508789 -51.15302658 40
v 578.76947021 -53.20514679 40
v 573.81134033 -47.29629898 40
v 582.81134033 -52.49245071 40
v 575.21508789 -43.4395752 40
v 585.44952393 -49.34841919 40
v 578.76947021 -41.38745499 40
v 582.81134033 -42.10014725 40
v 595.21508789 -51.15302658 40
v 598.76947021 -53.20514679 40
v 593.81134033 -47.29629898 40
v 585.44952393 -45.24417877 40
v 602.81134033 -52.49245071 40
v 595.21508789 -43.4395752 40
v 605.44952393 -49.34841919 40
v 598.76947021 -41.38745499 40
v 602.81134033 -42.10014725 40
v 605.44952393 -45.24417877 40
v 573.81134033 -47.29629898 150
v 575.21508789 -51.15302658 150
v 578.76947021 -53.20514679 150
v 582.81134033 -52.49245071 150
v 585.44952393 -49.34841919 150
v 585.44952393 -45.24417877 150
v 582.81134033 -42.10014725 150
v 578.76947021 -41.38745499 150
v 575.21508789 -43.4395752 150
v 593.81134033 -47.29629898 150
v 595.21508789 -51.15302658 150
v 598.76947021 -53.20514679 150
v 602.81134033 -52.49245071 150
v 605.44952393 -49.34841919 150
v 605.44952393 -45.24417877 150
v 602.81134033 -42.10014725 150
v 598.76947021 -41.38745499 150
v 595.21508789 -43.4395752 150
v 662.81207275 -116.9496994 150
v 635.01287842 -116.9496994 0
v 662.81207275 -116.9496994 0
v 635.01287842 -116.9496994 150
v 632.69628906 -114.63310242 150
v 632.69628906 -114.63310242 0
v 633.00665283 -115.79139709 0
v 633.00665283 -115.79139709 150
v 633.85461426 -116.63933563 0
v 633.85461426 -116.63933563 150
v 632.69628906 -98.41690063 0
v 632.69628906 -98.41690063 150
v 633.85461426 -96.41066742 150
v 635.01287842 -96.10030365 0
v 633.85461426 -96.41066742 0
v 635.01287842 -96.10030365 150
v 633.00665283 -97.25859833 150
v 633.00665283 -97.25859833 0
v 662.81207275 -96.10030365 0
v 662.81207275 -96.10030365 150
v 665.12872314 -98.41690063 150
v 665.12872314 -98.41690063 0
v 664.81835938 -97.25859833 0
v 664.81835938 -97.25859833 150
v 663.97039795 -96.41066742 150
v 663.97039795 -96.41066742 0
v 665.12872314 -114.63310242 0
v 665.12872314 -114.63310242 150
v 663.97039795 -116.63933563 150
v 663.97039795 -116.63933563 0
v 664.81835938 -115.79139709 150
v 664.81835938 -115.79139709 0
v 720.63067627 -155.83029175 150
v 719.68841553 -157.46231079 0
v 720.63067627 -155.83029175 0
v 719.68841553 -157.46231079 150
v 720.04833984 -154.03804016 150
v 720.04833984 -154.03804016 0
v 718.32678223 -153.27154541 0
v 718.32678223 -153.27154541 150
v 711.5569458 -163.37019348 0
v 711.5569458 -163.37019348 150
v 714.66290283 -172.92935181 150
v 714.66290283 -172.92935181 0
v 712.94128418 -175.91119385 150
v 711.09802246 -175.51939392 0
v 712.94128418 -175.91119385 0
v 714.46588135 -174.80352783 0
v 711.09802246 -175.51939392 150
v 714.46588135 -174.80352783 150
v 702.9664917 -169.61151123 0
v 702.9664917 -169.61151123 150
v 694.83502197 -175.51939392 0
v 694.83502197 -175.51939392 150
v 691.46710205 -174.80352783 150
v 691.2701416 -172.92935181 0
v 691.46710205 -174.80352783 0
v 692.99169922 -175.91119385 0
v 691.2701416 -172.92935181 150
v 692.99169922 -175.91119385 150
v 694.37609863 -163.37019348 0
v 694.37609863 -163.37019348 150
v 686.24456787 -157.46231079 0
v 686.24456787 -157.46231079 150
v 687.60626221 -153.27154541 150
v 687.60626221 -153.27154541 0
v 685.88464355 -154.03804016 0
v 685.88464355 -154.03804016 150
v 685.30230713 -155.83029175 150
v 685.30230713 -155.83029175 0
v 697.65734863 -153.27154541 0
v 697.65734863 -153.27154541 150
v 700.76330566 -143.71238708 0
v 700.76330566 -143.71238708 150
v 703.90875244 -142.31195068 150
v 705.16973877 -143.71238708 0
v 703.90875244 -142.31195068 0
v 705.16973877 -143.71238708 150
v 702.02423096 -142.31195068 150
v 702.02423096 -142.31195068 0
v 708.2756958 -153.27154541 0
v 708.2756958 -153.27154541 150
v 178.99258423 -262.96487427 150
v 178.69007874 -260.08679199 0
v 178.99258423 -262.96487427 0
v 178.69007874 -260.08679199 150
v 181.33383179 -264.66589355 150
v 181.33383179 -264.66589355 0
v 184.16453552 -264.06420898 0
v 184.16453552 -264.06420898 150
v 183.45979309 -245.40715027 150
v 183.45979309 -245.40715027 0
v 170.97253418 -236.33462524 150
v 170.97253418 -236.33462524 0
v 170.41984558 -231.07608032 150
v 173.06359863 -229.89900208 0
v 170.41984558 -231.07608032 0
v 173.06359863 -229.89900208 150
v 169.52555847 -233.8283844 150
v 169.52555847 -233.8283844 0
v 188.49868774 -229.89900208 0
v 188.49868774 -229.89900208 150
v 193.2684021 -215.21936035 0
v 193.2684021 -215.21936035 150
v 198.09877014 -213.06872559 150
v 200.03520203 -215.21936035 0
v 198.09877014 -213.06872559 0
v 200.03520203 -215.21936035 150
v 195.20481873 -213.06872559 150
v 195.20481873 -213.06872559 0
v 204.80491638 -229.89900208 0
v 204.80491638 -229.89900208 150
v 220.24000549 -229.89900208 0
v 220.24000549 -229.89900208 150
v 223.77804565 -233.8283844 150
v 222.33106995 -236.33462524 0
v 223.77804565 -233.8283844 0
v 222.33106995 -236.33462524 150
v 222.88375854 -231.07608032 150
v 222.88375854 -231.07608032 0
v 209.84381104 -245.40715027 150
v 209.84381104 -245.40715027 0
v 214.61351013 -260.08679199 0
v 214.61351013 -260.08679199 150
v 211.96977234 -264.66589355 150
v 209.13905334 -264.06420898 0
v 211.96977234 -264.66589355 0
v 209.13905334 -264.06420898 150
v 214.3110199 -262.96487427 150
v 214.3110199 -262.96487427 0
v 196.65179443 -254.99169922 150
v 196.65179443 -254.99169922 0
v 4.33617067 -244.12528992 75
v 4.04585981 -242.60513306 112.5
v 4.04585981 -242.60513306 37.5
v 3.95280004 -241.12080383 0
v 3.95280004 -241.12080383 150
v 4.16537952 -243.36169434 18.75
v 4.16669512 -238.8730011 93.75
v 4.16669512 -238.8730011 18.75
v 4.16669512 -238.8730011 131.25
v 4.84368801 -236.56269836 112.5
v 4.59060144 -244.98678589 46.875
v 16.22637177 -256.09204102 37.5
v 20.44450378 -257.56015015 28.125
v 19.47665405 -257.27844238 37.5
v 13.30600929 -254.64659119 28.125
v 45.29748154 -255.98141479 18.75
v 39.78116989 -257.83047485 18.75
v 41.19743729 -257.45501709 9.375
v 5.66496229 -247.3901062 56.25
v 4.875453 -245.75804138 65.625
v 54.04493332 -249.6539917 9.375
v 56.35331726 -245.85479736 9.375
v 55.07771301 -248.25169373 18.75
v 8.10189152 -250.64718628 65.625
v 12.18421268 -253.97027588 65.625
v 10.1474781 -252.51654053 75
v 56.20419312 -236.04043579 0
v 54.98392487 -233.84869385 9.375
v 57.00177002 -238.40063477 9.375
v 56.27316666 -236.19737244 18.75
v 57.30844116 -240.70881653 18.75
v 53.29783249 -231.73388672 18.75
v 56.54224014 -245.37237549 37.5
v 57.16548538 -243.00500488 28.125
v 57.30550385 -241.6100769 37.5
v 55.90974426 -246.81852722 28.125
v 46.75130844 -226.94514465 0
v 47.45974731 -227.31584167 9.375
v 50.68548203 -229.38589478 0
v 57.18058777 -239.33361816 28.125
v 12.18421268 -253.97027588 84.375
v 8.10189152 -250.64718628 84.375
v 5.66496229 -247.3901062 93.75
v 4.59060144 -244.98678589 103.125
v 4.875453 -245.75804138 84.375
v 23.3701973 -224.00509644 0
v 28.87066841 -223.37210083 9.375
v 30.18818665 -223.3356781 0
v 57.28455734 -240.26300049 46.875
v 56.97640228 -243.9480896 46.875
v 56.88299179 -237.93066406 37.5
v 56.43003845 -236.57611084 46.875
v 55.26535034 -234.28288269 37.5
v 55.90135574 -246.83503723 56.25
v 54.41257095 -249.18955994 65.625
v 52.81793213 -251.00410461 56.25
v 18.04018974 -225.43942261 0
v 18.6723423 -225.22096252 9.375
v 56.70365524 -244.90852356 65.625
v 57.23027039 -242.54223633 56.25
v 55.65472412 -247.29855347 75
v 4.55993557 -244.89379883 131.25
v 4.09932566 -242.98240662 140.625
v 23.69965363 -223.94447327 37.5
v 18.83593178 -225.16673279 28.125
v 18.5458107 -225.2635498 37.5
v 5.66072512 -234.85900879 0
v 4.72614384 -236.86927795 9.375
v 6.8495779 -233.06022644 9.375
v 38.41474915 -224.10629272 37.5
v 38.81875229 -224.19075012 46.875
v 40.65696335 -224.63591003 37.5
v 19.47665405 -257.27844238 112.5
v 20.44450378 -257.56015015 121.875
v 16.22637177 -256.09204102 112.5
v 13.30600929 -254.64659119 121.875
v 56.70365524 -244.90852356 84.375
v 54.41257095 -249.18955994 84.375
v 55.90135574 -246.83503723 93.75
v 52.81793213 -251.00410461 93.75
v 57.23027039 -242.54223633 93.75
v 16.11894608 -226.19573975 46.875
v 18.58177567 -225.25138855 46.875
v 11.55393887 -228.68713379 37.5
v 13.79565716 -227.32289124 46.875
v 57.30550385 -241.6100769 112.5
v 57.28455734 -240.26300049 103.125
v 56.88299179 -237.93066406 112.5
v 56.97640228 -243.9480896 103.125
v 9.76599216 -230.03697205 56.25
v 8.02341366 -231.67741394 46.875
v 6.02246428 -234.25187683 56.25
v 56.43003845 -236.57611084 103.125
v 55.26535034 -234.28288269 112.5
v 18.87278175 -225.15463257 75
v 16.27489853 -226.12884521 65.625
v 14.05513096 -227.18392944 75
v 18.74515724 -225.19670105 65.625
v 45.29748154 -255.98141479 131.25
v 41.19743729 -257.45501709 140.625
v 39.78116989 -257.83047485 131.25
v 13.94116688 -227.24452209 65.625
v 57.28391647 -240.25422668 121.875
v 56.0278511 -235.66146851 121.875
v 40.65696335 -224.63591003 112.5
v 38.81875229 -224.19075012 103.125
v 38.41474915 -224.10629272 112.5
v 16.27489853 -226.12884521 84.375
v 18.74515724 -225.19670105 84.375
v 55.07771301 -248.25169373 131.25
v 56.35331726 -245.85479736 140.625
v 54.04493332 -249.6539917 140.625
v 57.07631683 -243.49768066 131.25
v 13.94116688 -227.24452209 84.375
v 4.84368801 -236.56269836 37.5
v 4.84368801 -236.56269836 75
v 57.10083389 -238.86845398 131.25
v 57.3155365 -241.15907288 140.625
v 57.07952118 -243.48178101 150
v 56.74412918 -237.45906067 140.625
v 18.58177567 -225.25138855 103.125
v 16.11894608 -226.19573975 103.125
v 18.5458107 -225.2635498 112.5
v 13.79565716 -227.32289124 103.125
v 11.55393887 -228.68713379 112.5
v 52.9058876 -231.32580566 140.625
v 47.45974731 -227.31584167 140.625
v 50.68548203 -229.38589478 150
v 46.75130844 -226.94514465 150
v 18.83593178 -225.16673279 121.875
v 23.69965363 -223.94447327 112.5
v 30.18818665 -223.3356781 150
v 28.87066841 -223.37210083 140.625
v 23.3701973 -224.00509644 150
v 18.6723423 -225.22096252 140.625
v 18.04018974 -225.43942261 150
v 6.8495779 -233.06022644 140.625
v 4.72614384 -236.86927795 140.625
v 5.66072512 -234.85900879 150
v 5.56188536 -247.20451355 0
v 4.13076448 -243.17181396 4.6875
v 4.69214916 -245.2791748 9.375
v 8.34221554 -250.89524841 0
v 6.12184381 -248.14588928 4.6875
v 12.2284708 -253.9984436 0
v 10.83462906 -253.04414368 4.6875
v 5.35662556 -246.81451416 14.0625
v 6.24592733 -248.33526611 18.75
v 7.97118092 -250.50837708 9.375
v 13.8011713 -254.92170715 9.375
v 9.40984058 -251.89987183 14.0625
v 10.69464684 -252.9400177 18.75
v 4.65664721 -245.17947388 23.4375
v 30.10283279 -258.90487671 0
v 25.60903549 -258.59005737 4.6875
v 23.39587402 -258.24133301 0
v 7.60768795 -250.10664368 23.4375
v 5.45584393 -247.00665283 28.125
v 4.52796888 -244.79423523 32.8125
v 4.83813143 -245.66490173 37.5
v 8.57316971 -251.12542725 28.125
v 6.58130217 -248.81944275 32.8125
v 8.0292902 -250.57043457 37.5
v 36.91308212 -258.40884399 0
v 35.58942413 -258.59893799 4.6875
v 24.82714462 -258.48199463 18.75
v 25.28977203 -258.5479126 14.0625
v 29.49600601 -258.89221191 18.75
v 10.42755127 -252.73666382 32.8125
v 13.47828007 -254.74385071 37.5
v 5.6418395 -247.34901428 42.1875
v 6.71811724 -249.0065918 46.875
v 48.66670609 -254.23103333 0
v 45.10206604 -256.0663147 4.6875
v 43.26265335 -256.78985596 0
v 35.27071381 -258.63778687 14.0625
v 34.07355118 -258.76000977 18.75
v 24.99940491 -258.50720215 23.4375
v 9.63106918 -252.09077454 42.1875
v 52.81425095 -251.00776672 0
v 51.65200424 -252.07827759 4.6875
v 48.57473373 -254.2869873 9.375
v 24.67948914 -258.45974731 32.8125
v 24.18685532 -258.38128662 37.5
v 28.87678528 -258.86978149 37.5
v 8.0655117 -250.60884094 51.5625
v 9.67348289 -252.12677002 56.25
v 54.91949081 -248.48805237 4.6875
v 57.07952118 -243.48178101 0
v 35.57851028 -258.60031128 23.4375
v 37.94709015 -258.22723389 23.4375
v 41.80380249 -257.27474976 28.125
v 9.43422318 -251.9211731 51.5625
v 10.02016926 -252.41403198 51.5625
v 12.98934269 -254.46339417 56.25
v 50.26488876 -253.1676178 14.0625
v 51.89593887 -251.86708069 18.75
v 6.74794197 -249.04667664 60.9375
v 35.25981903 -258.6390686 32.8125
v 33.44334793 -258.80953979 37.5
v 38.15950775 -258.18624878 37.5
v 47.31513214 -255.00354004 23.4375
v 37.62672806 -258.28668213 32.8125
v 41.61426544 -257.33239746 37.5
v 57.31413651 -240.93449402 4.6875
v 57.2779541 -242.06536865 9.375
v 5.69116926 -247.43629456 70.3125
v 6.77793026 -249.0867157 75
v 57.12520218 -243.24200439 14.0625
v 45.5968399 -255.84819031 32.8125
v 49.04113388 -253.99768066 37.5
v 15.36234474 -255.70645142 60.9375
v 14.44879723 -255.26182556 56.25
v 50.51264191 -252.98568726 28.125
v 54.23336792 -249.42010498 23.4375
v 18.85320663 -257.08053589 56.25
v 17.56159782 -256.62713623 60.9375
v 56.44514465 -245.62719727 23.4375
v 53.10408783 -231.52911377 4.6875
v 5.69116926 -247.43629456 79.6875
v 54.41138077 -249.19111633 37.5
v 53.17545319 -250.63777161 32.8125
v 15.07426548 -255.57049561 70.3125
v 13.89136982 -254.97038269 75
v 18.23501968 -256.87103271 75
v 17.25829887 -256.51174927 70.3125
v 51.82606888 -230.31335449 9.375
v 56.83893204 -237.77355957 23.4375
v 55.56398392 -234.78210449 28.125
v 42.56617737 -225.21098328 0
v 43.08623886 -225.38911438 4.6875
v 51.05784225 -252.56674194 46.875
v 52.88880157 -250.93302917 42.1875
v 55.07875443 -248.25010681 46.875
v 46.70070648 -255.32196045 42.1875
v 6.74794197 -249.04667664 89.0625
v 9.67348289 -252.12677002 93.75
v 50.66263962 -229.36856079 14.0625
v 49.11082458 -228.28834534 18.75
v 15.07426548 -255.57049561 79.6875
v 46.97229004 -255.18357849 51.5625
v 17.25829887 -256.51174927 79.6875
v 46.5978241 -255.3734436 56.25
v 48.94734573 -254.05697632 51.5625
v 54.54939651 -233.23381042 23.4375
v 55.91015244 -246.81771851 42.1875
v 33.54693222 -223.43951416 4.6875
v 38.3685379 -224.09693909 0
v 43.41505432 -225.50674438 14.0625
v 43.79027176 -225.64587402 18.75
v 39.06285095 -224.24406433 18.75
v 56.34017944 -236.35519409 32.8125
v 50.70283127 -229.39907837 23.4375
v 54.04682922 -249.65168762 51.5625
v 12.98934269 -254.46339417 93.75
v 15.36234474 -255.70645142 89.0625
v 14.44879723 -255.26182556 93.75
v 8.0655117 -250.60884094 98.4375
v 6.71811724 -249.0065918 103.125
v 17.56159782 -256.62713623 89.0625
v 18.85320663 -257.08053589 93.75
v 47.55397797 -227.36712646 28.125
v 52.32829666 -230.76570129 28.125
v 9.43422318 -251.9211731 98.4375
v 10.02016926 -252.41403198 98.4375
v 54.22261047 -232.80792236 32.8125
v 52.49625778 -230.92390442 37.5
v 51.05870438 -252.56607056 60.9375
v 56.53581238 -245.38973999 51.5625
v 5.6418395 -247.34901428 107.8125
v 4.83813143 -245.66490173 112.5
v 8.0292902 -250.57043457 112.5
v 43.46746826 -225.52586365 23.4375
v 50.21099472 -229.0350647 32.8125
v 50.84792709 -229.51042175 37.5
v 46.13783264 -226.64424133 37.5
v 23.76991081 -223.93193054 9.375
v 24.1782341 -223.86175537 18.75
v 4.52796888 -244.79423523 117.1875
v 5.45584393 -247.00665283 121.875
v 9.63106918 -252.09077454 107.8125
v 50.84595871 -252.73271179 70.3125
v 14.34037209 -227.03521729 4.6875
v 10.56584549 -229.39886475 0
v 29.26586533 -223.35661316 18.75
v 33.88477325 -223.46569824 14.0625
v 29.03449821 -223.36520386 28.125
v 34.2432251 -223.49667358 18.75
v 33.96802521 -223.47259521 23.4375
v 44.22743988 -225.81472778 32.8125
v 52.58260345 -231.00668335 42.1875
v 54.05625916 -232.60142517 46.875
v 56.83571625 -237.76237488 51.5625
v 43.15714264 -225.41413879 32.8125
v 50.89078522 -252.69793701 75
v 52.81867218 -251.00335693 70.3125
v 6.58130217 -248.81944275 117.1875
v 55.01661301 -233.89753723 51.5625
v 55.80525208 -235.22106934 56.25
v 52.56539536 -230.99009705 56.25
v 47.94739914 -227.58647156 42.1875
v 8.52507401 -231.16348267 4.6875
v 11.82007885 -228.50817871 9.375
v 14.28310108 -227.06474304 18.75
v 57.26853561 -240.06477356 60.9375
v 57.31550598 -241.16769409 65.625
v 56.76379776 -237.5219574 65.625
v 10.42755127 -252.73666382 117.1875
v 13.47828007 -254.74385071 112.5
v 50.0124588 -228.89369202 46.875
v 44.66076279 -225.98948669 46.875
v 19.06813812 -225.09133911 18.75
v 8.57316971 -251.12542725 121.875
v 33.64859772 -223.44708252 32.8125
v 33.56091309 -223.4405365 37.5
v 28.86145782 -223.37249756 37.5
v 52.81867218 -251.00335693 79.6875
v 50.84595871 -252.73271179 79.6875
v 51.52114868 -230.05267334 51.5625
v 48.3347168 -227.81100464 56.25
v 7.60768795 -250.10664368 126.5625
v 6.24592733 -248.33526611 131.25
v 10.69464684 -252.9400177 131.25
v 57.25524521 -242.31654358 70.3125
v 10.04902172 -229.80419922 14.0625
v 8.35723209 -231.33114624 18.75
v 23.93895721 -223.90232849 28.125
v 4.83550787 -245.65827942 135.9375
v 4.13883352 -239.0239563 4.6875
v 53.8940506 -232.40615845 60.9375
v 55.00463104 -233.87957764 65.625
v 51.05870438 -252.56607056 89.0625
v 44.93432999 -226.10372925 51.5625
v 33.75970459 -223.45565796 42.1875
v 6.15680361 -234.04174805 14.0625
v 43.59936142 -225.57443237 46.875
v 43.79144669 -225.64631653 51.5625
v 41.23754883 -224.79814148 46.875
v 24.67948914 -258.45974731 117.1875
v 28.87678528 -258.86978149 112.5
v 24.18685532 -258.38128662 112.5
v 57.31550598 -241.16769409 84.375
v 57.25524521 -242.31654358 79.6875
v 56.76379776 -237.5219574 84.375
v 57.24146271 -239.79570007 75
v 55.69555283 -235.01704407 70.3125
v 54.02758408 -232.56648254 75
v 9.60536957 -230.17272949 23.4375
v 48.85565567 -228.12719727 60.9375
v 46.5978241 -255.3734436 93.75
v 48.94734573 -254.05697632 98.4375
v 46.97229004 -255.18357849 98.4375
v 51.05784225 -252.56674194 103.125
v 9.40984058 -251.89987183 135.9375
v 4.624331 -245.08642578 145.3125
v 5.56188536 -247.20451355 150
v 11.38754463 -228.801651 28.125
v 6.25593376 -233.89131165 28.125
v 7.03015661 -249.41394043 140.625
v 13.8011713 -254.92170715 140.625
v 44.33900452 -225.85900879 65.625
v 50.62486267 -229.3400116 65.625
v 14.99545193 -226.70896912 32.8125
v 5.45237827 -247.00006104 145.3125
v 8.34221554 -250.89524841 150
v 45.08997726 -226.17010498 60.9375
v 52.97854996 -231.39964294 70.3125
v 50.34144592 -229.12966919 75
v 23.71828651 -223.94113159 42.1875
v 43.87150192 -225.67669678 60.9375
v 41.56806564 -224.89533997 65.625
v 38.15950775 -258.18624878 112.5
v 35.25981903 -258.6390686 117.1875
v 33.44334793 -258.80953979 112.5
v 24.82714462 -258.48199463 131.25
v 24.99940491 -258.50720215 126.5625
v 29.49600601 -258.89221191 131.25
v 54.04682922 -249.65168762 98.4375
v 55.07875443 -248.25010681 103.125
v 46.70070648 -255.32196045 107.8125
v 4.91820955 -236.3792572 23.4375
v 55.69555283 -235.01704407 79.6875
v 55.00463104 -233.87957764 84.375
v 37.62672806 -258.28668213 117.1875
v 41.80380249 -257.27474976 121.875
v 41.61426544 -257.33239746 112.5
v 8.53462982 -231.15405273 32.8125
v 6.58608532 -233.41552734 37.5
v 47.50830841 -227.34220886 70.3125
v 45.51481628 -226.35650635 75
v 55.80525208 -235.22106934 93.75
v 57.26853561 -240.06477356 89.0625
v 10.83462906 -253.04414368 145.3125
v 12.2284708 -253.9984436 150
v 56.53581238 -245.38973999 98.4375
v 52.97854996 -231.39964294 79.6875
v 49.04113388 -253.99768066 112.5
v 52.88880157 -250.93302917 107.8125
v 54.41138077 -249.19111633 112.5
v 5.46352816 -235.22035217 32.8125
v 45.5968399 -255.84819031 117.1875
v 35.57851028 -258.60031128 126.5625
v 25.28977203 -258.5479126 135.9375
v 9.66274548 -230.12393188 42.1875
v 37.94709015 -258.22723389 126.5625
v 34.07355118 -258.76000977 131.25
v 47.50830841 -227.34220886 79.6875
v 55.91015244 -246.81771851 107.8125
v 56.54224014 -245.37237549 112.5
v 44.33900452 -225.85900879 84.375
v 50.62486267 -229.3400116 84.375
v 53.8940506 -232.40615845 89.0625
v 52.56539536 -230.99009705 93.75
v 13.81165791 -227.31420898 51.5625
v 39.9750824 -224.4588623 75
v 34.0093689 -223.47608948 70.3125
v 34.22447586 -223.49497986 75
v 29.18883133 -223.35931396 75
v 38.98741531 -224.22740173 65.625
v 56.83571625 -237.76237488 98.4375
v 6.13492203 -234.07546997 42.1875
v 12.71574402 -227.94125366 51.5625
v 53.17545319 -250.63777161 117.1875
v 35.27071381 -258.63778687 135.9375
v 55.90974426 -246.81852722 121.875
v 50.51264191 -252.98568726 121.875
v 23.39587402 -258.24133301 150
v 25.60903549 -258.59005737 145.3125
v 30.10283279 -258.90487671 150
v 47.31513214 -255.00354004 126.5625
v 51.89593887 -251.86708069 131.25
v 48.85565567 -228.12719727 89.0625
v 48.3347168 -227.81100464 93.75
v 55.01661301 -233.89753723 98.4375
v 54.05625916 -232.60142517 103.125
v 45.08997726 -226.17010498 89.0625
v 13.88435936 -227.27497864 60.9375
v 24.03774071 -223.88539124 75
v 23.97185516 -223.89665222 70.3125
v 34.0093689 -223.47608948 79.6875
v 38.98741531 -224.22740173 84.375
v 41.56806564 -224.89533997 84.375
v 43.87150192 -225.67669678 89.0625
v 12.78530216 -227.89936829 60.9375
v 11.78875732 -228.52897644 65.625
v 51.52114868 -230.05267334 98.4375
v 57.03062057 -243.71362305 117.1875
v 57.27653885 -242.08293152 121.875
v 11.73707008 -228.5634613 60.9375
v 35.58942413 -258.59893799 145.3125
v 36.91308212 -258.40884399 150
v 54.23336792 -249.42010498 126.5625
v 8.45808315 -231.22990417 60.9375
v 50.26488876 -253.1676178 135.9375
v 50.0124588 -228.89369202 103.125
v 44.93432999 -226.10372925 98.4375
v 44.66076279 -225.98948669 103.125
v 23.97185516 -223.89665222 79.6875
v 56.62068176 -245.1539917 126.5625
v 52.58260345 -231.00668335 107.8125
v 52.49625778 -230.92390442 112.5
v 50.84792709 -229.51042175 112.5
v 43.59936142 -225.57443237 103.125
v 43.79144669 -225.64631653 98.4375
v 41.23754883 -224.79814148 103.125
v 48.57473373 -254.2869873 140.625
v 43.26265335 -256.78985596 150
v 45.10206604 -256.0663147 145.3125
v 48.66670609 -254.23103333 150
v 9.58202553 -230.19268799 70.3125
v 7.71655941 -232.01210022 75
v 47.94739914 -227.58647156 107.8125
v 46.13783264 -226.64424133 112.5
v 57.29885864 -240.49076843 126.5625
v 54.22649002 -232.81280518 117.1875
v 52.97211075 -231.39306641 121.875
v 7.45556116 -232.3105011 70.3125
v 51.65200424 -252.07827759 145.3125
v 52.81425095 -251.00776672 150
v 56.68286896 -237.27003479 126.5625
v 54.68377304 -233.4175415 131.25
v 9.58202553 -230.19268799 79.6875
v 11.78875732 -228.52897644 84.375
v 54.91949081 -248.48805237 145.3125
v 13.88435936 -227.27497864 89.0625
v 6.39779568 -233.68234253 79.6875
v 5.3688364 -235.40304565 84.375
v 33.75970459 -223.45565796 107.8125
v 33.56091309 -223.4405365 112.5
v 12.78530216 -227.89936829 89.0625
v 43.15714264 -225.41413879 117.1875
v 44.22743988 -225.81472778 117.1875
v 11.73707008 -228.5634613 89.0625
v 7.94130373 -231.7653656 84.375
v 55.52802277 -234.71958923 140.625
v 55.910923 -235.42541504 135.9375
v 7.19145489 -232.62675476 89.0625
v 9.76599216 -230.03697205 93.75
v 6.02246428 -234.25187683 93.75
v 57.05374146 -238.63484192 145.3125
v 56.20419312 -236.04043579 150
v 13.81165791 -227.31420898 98.4375
v 23.71828651 -223.94113159 107.8125
v 29.03449821 -223.36520386 121.875
v 33.64859772 -223.44708252 117.1875
v 28.86145782 -223.37249756 112.5
v 8.02341366 -231.67741394 103.125
v 12.71574402 -227.94125366 98.4375
v 43.79027176 -225.64587402 131.25
v 43.46746826 -225.52586365 126.5625
v 39.06285095 -224.24406433 131.25
v 4.62853432 -237.14294434 89.0625
v 54.83618546 -233.63270569 145.3125
v 43.41505432 -225.50674438 135.9375
v 5.46133327 -235.22451782 98.4375
v 23.93895721 -223.90232849 121.875
v 24.1782341 -223.86175537 131.25
v 9.66274548 -230.12393188 107.8125
v 6.58608532 -233.41552734 112.5
v 14.99545193 -226.70896912 117.1875
v 29.26586533 -223.35661316 131.25
v 33.96802521 -223.47259521 126.5625
v 34.2432251 -223.49667358 131.25
v 33.88477325 -223.46569824 135.9375
v 6.13492203 -234.07546997 107.8125
v 43.08623886 -225.38911438 145.3125
v 42.56617737 -225.21098328 150
v 8.53462982 -231.15405273 117.1875
v 11.38754463 -228.801651 121.875
v 14.28310108 -227.06474304 131.25
v 6.25593376 -233.89131165 121.875
v 19.06813812 -225.09133911 131.25
v 38.3685379 -224.09693909 150
v 33.54693222 -223.43951416 145.3125
v 5.46352816 -235.22035217 117.1875
v 9.60536957 -230.17272949 126.5625
v 8.35723209 -231.33114624 131.25
v 23.76991081 -223.93193054 140.625
v 4.91820955 -236.3792572 126.5625
v 10.04902172 -229.80419922 135.9375
v 11.82007885 -228.50817871 140.625
v 14.34037209 -227.03521729 145.3125
v 10.56584549 -229.39886475 150
v 6.15680361 -234.04174805 135.9375
v 8.52507401 -231.16348267 145.3125
v 4.13883352 -239.0239563 145.3125
v 17.31203079 -256.53244019 0
v 13.88250542 -254.96562195 2.34375
v 21.40888023 -257.81130981 2.34375
v 21.01999474 -257.71350098 9.375
v 13.00133133 -254.47044373 16.40625
v 30.60092545 -258.90838623 4.6875
v 31.09110069 -258.90579224 9.375
v 26.12212181 -258.65222168 9.375
v 21.21725655 -257.76370239 16.40625
v 39.46184921 -257.90664673 2.34375
v 21.07294655 -257.7270813 21.09375
v 17.25217056 -256.5093689 18.75
v 40.43408966 -257.66513062 4.6875
v 30.29662323 -258.90698242 14.0625
v 36.10352707 -258.53067017 9.375
v 30.30536461 -258.90704346 23.4375
v 12.68277836 -254.28039551 39.84375
v 30.15271378 -258.90551758 28.125
v 12.914505 -254.41925049 44.53125
v 14.36973381 -255.22145081 44.53125
v 41.69998932 -257.30645752 21.09375
v 29.99972534 -258.90338135 32.8125
v 42.79878235 -256.95214844 23.4375
v 14.09042645 -255.07629395 53.90625
v 46.45428085 -255.44439697 28.125
v 51.22206879 -252.43522644 23.4375
v 42.56146622 -257.03219604 39.84375
v 49.79204178 -253.50132751 32.8125
v 23.54611778 -258.26925659 56.25
v 22.87337112 -258.13931274 58.59375
v 28.25306702 -258.83743286 56.25
v 42.25096512 -257.13397217 49.21875
v 22.5533905 -258.07299805 67.96875
v 42.40106583 -257.08517456 53.90625
v 42.21777344 -257.14465332 56.25
v 37.51882553 -258.30606079 56.25
v 22.393507 -258.03875732 72.65625
v 22.90556335 -258.14581299 75
v 27.62532616 -258.79492188 75
v 38.34144211 -224.09147644 4.6875
v 38.30607986 -224.0843811 9.375
v 43.05227661 -225.37718201 9.375
v 22.393507 -258.03875732 77.34375
v 46.97282028 -255.18330383 58.59375
v 22.5533905 -258.07299805 82.03125
v 33.51219559 -223.4369812 9.375
v 38.68466949 -224.16220093 14.0625
v 46.84309387 -255.24986267 63.28125
v 14.09042645 -255.07629395 96.09375
v 22.87337112 -258.13931274 91.40625
v 23.54611778 -258.26925659 93.75
v 28.25306702 -258.83743286 93.75
v 38.44543839 -224.11254883 28.125
v 38.75428772 -224.17695618 23.4375
v 41.59280777 -257.33883667 75
v 46.5606575 -255.39190674 72.65625
v 46.06942368 -255.62982178 75
v 43.17185974 -225.4193573 28.125
v 46.5606575 -255.39190674 77.34375
v 12.68277836 -254.28039551 110.15625
v 14.36973381 -255.22145081 105.46875
v 12.914505 -254.41925049 105.46875
v 33.66368866 -223.44822693 28.125
v 38.43009186 -224.10942078 32.8125
v 44.44459915 -225.90136719 39.84375
v 46.84309387 -255.24986267 86.71875
v 46.97282028 -255.18330383 91.40625
v 42.21777344 -257.14465332 93.75
v 42.40106583 -257.08517456 96.09375
v 37.51882553 -258.30606079 93.75
v 42.25096512 -257.13397217 100.78125
v 28.74991035 -223.37760925 46.875
v 28.80570221 -223.37501526 42.1875
v 33.64674759 -223.44694519 51.5625
v 33.70321274 -223.45126343 46.875
v 38.76140976 -224.1784668 51.5625
v 38.7040596 -224.16629028 56.25
v 43.73696136 -225.62579346 56.25
v 29.99972534 -258.90338135 117.1875
v 13.00133133 -254.47044373 133.59375
v 21.07294655 -257.7270813 128.90625
v 42.56146622 -257.03219604 110.15625
v 30.15271378 -258.90551758 121.875
v 23.66083336 -223.95146179 46.875
v 23.60338211 -223.96186829 51.5625
v 28.69408226 -223.38027954 51.5625
v 28.63821983 -223.38304138 56.25
v 33.59030914 -223.44270325 56.25
v 33.72982788 -223.45332336 60.9375
v 38.84576797 -224.19656372 60.9375
v 21.21725655 -257.76370239 133.59375
v 21.01999474 -257.71350098 140.625
v 17.25217056 -256.5093689 131.25
v 30.30536461 -258.90704346 126.5625
v 43.87757874 -225.67901611 72.65625
v 13.88250542 -254.96562195 147.65625
v 17.31203079 -256.53244019 150
v 18.52633858 -225.27015686 51.5625
v 18.47094536 -225.28901672 56.25
v 23.54593086 -223.97238159 56.25
v 23.68790627 -223.94657898 60.9375
v 28.77620316 -223.37637329 60.9375
v 28.91397095 -223.37020874 65.625
v 33.86951828 -223.46444702 65.625
v 49.79204178 -253.50132751 117.1875
v 30.29662323 -258.90698242 135.9375
v 31.09110069 -258.90579224 140.625
v 43.87757874 -225.67901611 77.34375
v 46.45428085 -255.44439697 121.875
v 26.12212181 -258.65222168 140.625
v 42.79878235 -256.95214844 126.5625
v 41.69998932 -257.30645752 128.90625
v 21.40888023 -257.81130981 147.65625
v 13.76235199 -227.3409729 56.25
v 18.60791588 -225.24256897 60.9375
v 23.82988358 -223.92134094 65.625
v 29.05151558 -223.36451721 70.3125
v 30.60092545 -258.90838623 145.3125
v 36.10352707 -258.53067017 140.625
v 51.22206879 -252.43522644 126.5625
v 28.91397095 -223.37020874 84.375
v 29.05151558 -223.36451721 79.6875
v 33.86951828 -223.46444702 84.375
v 33.72982788 -223.45332336 89.0625
v 38.84576797 -224.19656372 89.0625
v 38.7040596 -224.16629028 93.75
v 43.73696136 -225.62579346 93.75
v 40.43408966 -257.66513062 145.3125
v 39.46184921 -257.90664673 147.65625
v 23.68790627 -223.94657898 89.0625
v 23.82988358 -223.92134094 84.375
v 28.77620316 -223.37637329 89.0625
v 28.63821983 -223.38304138 93.75
v 33.59030914 -223.44270325 93.75
v 33.64674759 -223.44694519 98.4375
v 38.76140976 -224.1784668 98.4375
v 44.44459915 -225.90136719 110.15625
v 47.75143433 -227.47615051 114.84375
v 18.60791588 -225.24256897 89.0625
v 18.47094536 -225.28901672 93.75
v 23.54593086 -223.97238159 93.75
v 23.60338211 -223.96186829 98.4375
v 28.69408226 -223.38027954 98.4375
v 28.74991035 -223.37760925 103.125
v 33.70321274 -223.45126343 103.125
v 13.76235199 -227.3409729 93.75
v 18.52633858 -225.27015686 98.4375
v 23.66083336 -223.95146179 103.125
v 28.80570221 -223.37501526 107.8125
v 38.43009186 -224.10942078 117.1875
v 38.44543839 -224.11254883 121.875
v 43.17185974 -225.4193573 121.875
v 47.55397797 -227.36712646 121.875
v 46.9956131 -227.07008362 128.90625
v 46.97161484 -227.05767822 133.59375
v 50.14323425 -228.98646545 131.25
v 33.66368866 -223.44822693 121.875
v 38.75428772 -224.17695618 126.5625
v 38.68466949 -224.16220093 135.9375
v 38.30607986 -224.0843811 140.625
v 43.05227661 -225.37718201 140.625
v 33.51219559 -223.4369812 140.625
v 38.34144211 -224.09147644 145.3125
v 17.32785797 -256.53851318 5.859375
v 17.37721062 -256.55740356 12.890625
v 16.93163681 -256.38348389 16.40625
v 17.03414345 -256.42419434 24.609375
v 25.34117889 -258.55487061 28.125
v 19.12047386 -257.16699219 41.015625
v 12.07612801 -253.90090942 48.046875
v 18.80954361 -257.06619263 50.390625
v 37.85628891 -258.24438477 43.359375
v 37.53591156 -258.30300903 52.734375
v 27.76680565 -258.8053894 62.109375
v 27.45196915 -258.78143311 71.484375
v 32.19449234 -258.87796021 75
v 42.32952881 -257.10852051 59.765625
v 27.45196915 -258.78143311 78.515625
v 42.01807404 -257.20812988 69.140625
v 12.07612801 -253.90090942 101.953125
v 27.76680565 -258.8053894 87.890625
v 18.80954361 -257.06619263 99.609375
v 42.01807404 -257.20812988 80.859375
v 19.12047386 -257.16699219 108.984375
v 42.32952881 -257.10852051 90.234375
v 37.53591156 -258.30300903 97.265625
v 37.85628891 -258.24438477 106.640625
v 17.03414345 -256.42419434 125.390625
v 25.34117889 -258.55487061 121.875
v 16.93163681 -256.38348389 133.59375
v 17.37721062 -256.55740356 137.109375
v 17.32785797 -256.53851318 144.140625
v 50.58503342 -229.31004333 118.359375
v 50.25871658 -229.06951904 125.390625
v 50.20701981 -229.03219604 137.109375
v 13.67388439 -254.8522644 21.6796875
v 24.00415421 -258.35049438 39.2578125
v 23.84396744 -258.32272339 43.9453125
v 33.2947197 -258.81976318 40.4296875
v 23.52358246 -258.2651062 53.3203125
v 42.41465759 -257.08071899 42.7734375
v 32.82515717 -258.84832764 54.4921875
v 32.8168335 -258.8487854 56.25
v 32.98142624 -258.83944702 49.8046875
v 32.57511139 -258.86126709 59.1796875
v 34.96319199 -258.67272949 60.9375
v 34.80431747 -258.68978882 65.625
v 34.64560318 -258.70620728 70.3125
v 37.09583282 -258.37890625 72.0703125
v 36.87816238 -258.41445923 75
v 34.64560318 -258.70620728 79.6875
v 37.09583282 -258.37890625 77.9296875
v 34.80431747 -258.68978882 84.375
v 23.52358246 -258.2651062 96.6796875
v 32.8168335 -258.8487854 93.75
v 32.57511139 -258.86126709 90.8203125
v 34.96319199 -258.67272949 89.0625
v 32.82515717 -258.84832764 95.5078125
v 32.98142624 -258.83944702 100.1953125
v 24.00415421 -258.35049438 110.7421875
v 23.84396744 -258.32272339 106.0546875
v 33.2947197 -258.81976318 109.5703125
v 13.67388439 -254.8522644 128.3203125
v 42.41465759 -257.08071899 107.2265625
v 10.92014599 -253.10696411 24.90234375
v 18.95391273 -257.11340332 44.23828125
v 28.63658714 -258.85848999 42.1875
v 28.39574623 -258.84570312 46.875
v 23.59667969 -258.27850342 48.6328125
v 33.05282211 -258.83517456 45.1171875
v 28.32443428 -258.84161377 51.5625
v 37.6202774 -258.2878418 49.51171875
v 38.58621979 -258.10003662 62.6953125
v 38.58621979 -258.10003662 87.3046875
v 23.59667969 -258.27850342 101.3671875
v 28.39574623 -258.84570312 103.125
v 18.95391273 -257.11340332 105.76171875
v 28.32443428 -258.84161377 98.4375
v 28.63658714 -258.85848999 107.8125
v 10.92014599 -253.10696411 125.09765625
v 37.6202774 -258.2878418 100.48828125
v 33.05282211 -258.83517456 104.8828125
v 42.84566498 -256.93609619 62.98828125
v 42.84566498 -256.93609619 87.01171875
v 433.20001221 -139.52000427 150
v 433.20001221 -116.48000336 0
v 433.20001221 -139.52000427 0
v 433.20001221 -116.48000336 150
v 434.64001465 -113.98584747 150
v 436.07998657 -113.59999847 0
v 434.64001465 -113.98584747 0
v 436.07998657 -113.59999847 150
v 433.58584595 -115.04000092 150
v 433.58584595 -115.04000092 0
v 478.32000732 -113.59999847 0
v 478.32000732 -113.59999847 150
v 480.81414795 -115.04000092 150
v 481.20001221 -116.48000336 0
v 480.81414795 -115.04000092 0
v 481.20001221 -116.48000336 150
v 479.76000977 -113.98584747 150
v 479.76000977 -113.98584747 0
v 481.20001221 -139.52000427 0
v 481.20001221 -139.52000427 150
v 479.76000977 -142.01416016 150
v 478.32000732 -142.3999939 0
v 479.76000977 -142.01416016 0
v 478.32000732 -142.3999939 150
v 480.81414795 -140.96000671 150
v 480.81414795 -140.96000671 0
v 475.21118164 -142.3999939 150
v 475.21118164 -142.3999939 0
v 472.88290405 -141.21511841 150
v 472.36730957 -139.97473145 0
v 472.88290405 -141.21511841 0
v 472.36730957 -139.97473145 150
v 473.90496826 -142.08674622 150
v 473.90496826 -142.08674622 0
v 471.25415039 -136.20237732 150
v 471.25415039 -136.20237732 0
v 469.2194519 -132.83639526 150
v 469.2194519 -132.83639526 0
v 466.39663696 -130.09750366 150
v 466.39663696 -130.09750366 0
v 462.97079468 -128.16526794 150
v 462.97079468 -128.16526794 0
v 459.16659546 -127.16641235 150
v 459.16659546 -127.16641235 0
v 455.23342896 -127.16641235 150
v 455.23342896 -127.16641235 0
v 451.42919922 -128.16526794 150
v 451.42919922 -128.16526794 0
v 448.00335693 -130.09750366 150
v 448.00335693 -130.09750366 0
v 445.18054199 -132.83639526 150
v 445.18054199 -132.83639526 0
v 443.14584351 -136.20237732 150
v 443.14584351 -136.20237732 0
v 442.03268433 -139.97473145 150
v 442.03268433 -139.97473145 0
v 440.49502563 -142.08674622 150
v 439.18881226 -142.3999939 0
v 440.49502563 -142.08674622 0
v 439.18881226 -142.3999939 150
v 441.51708984 -141.21511841 150
v 441.51708984 -141.21511841 0
v 436.07998657 -142.3999939 150
v 436.07998657 -142.3999939 0
v 433.58584595 -140.96000671 150
v 433.58584595 -140.96000671 0
v 434.64001465 -142.01416016 150
v 434.64001465 -142.01416016 0
v 172.10736084 -79.31176758 150
v 171.74916077 -75.10320282 150
v 171.74916077 -75.10320282 0
v 172.10736084 -79.31176758 0
v 173.17166138 -83.39926147 150
v 173.17166138 -83.39926147 0
v 174.91143799 -87.24809265 0
v 174.91143799 -87.24809265 150
v 177.2766571 -90.74753571 150
v 177.2766571 -90.74753571 0
v 180.19924927 -93.79692078 0
v 180.19924927 -93.79692078 150
v 183.59516907 -96.30852509 0
v 183.59516907 -96.30852509 150
v 187.36668396 -98.21008301 150
v 187.36668396 -98.21008301 0
v 191.40533447 -99.44690704 150
v 191.40533447 -99.44690704 0
v 195.59489441 -99.98339844 150
v 195.59489441 -99.98339844 0
v 199.81488037 -99.80413818 0
v 199.81488037 -99.80413818 150
v 203.94386292 -98.91427612 150
v 203.94386292 -98.91427612 0
v 207.86306763 -97.33940887 150
v 207.86306763 -97.33940887 0
v 211.45973206 -95.12484741 0
v 211.45973206 -95.12484741 150
v 214.63041687 -92.33430481 150
v 214.63041687 -92.33430481 0
v 217.28387451 -89.04804993 150
v 217.28387451 -89.04804993 0
v 219.34379578 -85.36062622 150
v 219.34379578 -85.36062622 0
v 220.75090027 -81.37812042 150
v 220.75090027 -81.37812042 0
v 221.46472168 -77.21508789 150
v 221.46472168 -77.21508789 0
v 221.46472168 -72.99131012 150
v 221.46472168 -72.99131012 0
v 220.75090027 -68.82827759 150
v 220.75090027 -68.82827759 0
v 219.34379578 -64.84577179 0
v 219.34379578 -64.84577179 150
v 217.28387451 -61.15834808 150
v 217.28387451 -61.15834808 0
v 214.63041687 -57.87209702 0
v 214.63041687 -57.87209702 150
v 211.45973206 -55.0815506 150
v 211.45973206 -55.0815506 0
v 207.86306763 -52.86698914 150
v 207.86306763 -52.86698914 0
v 203.94386292 -51.2921257 150
v 203.94386292 -51.2921257 0
v 199.81488037 -50.40225983 0
v 199.81488037 -50.40225983 150
v 195.59489441 -50.22299957 150
v 195.59489441 -50.22299957 0
v 191.40533447 -50.75949478 150
v 191.40533447 -50.75949478 0
v 187.36668396 -51.996315 150
v 187.36668396 -51.996315 0
v 183.59516907 -53.89787674 0
v 183.59516907 -53.89787674 150
v 180.19924927 -56.40947723 150
v 180.19924927 -56.40947723 0
v 177.2766571 -59.4588623 0
v 177.2766571 -59.4588623 150
v 174.91143799 -62.95830917 150
v 174.91143799 -62.95830917 0
v 173.17166138 -66.80713654 0
v 173.17166138 -66.80713654 150
v 172.10736084 -70.89463043 150
v 172.10736084 -70.89463043 0
v 215.38723755 -172.90379333 150
v 214.30097961 -168.93557739 150
v 215.38723755 -172.90379333 0
v 214.30097961 -168.93557739 0
v 212.38487244 -165.2947998 150
v 212.38487244 -165.2947998 0
v 209.72900391 -162.15266418 150
v 209.72900391 -162.15266418 0
v 206.45823669 -159.65690613 150
v 206.45823669 -159.65690613 0
v 202.72637939 -157.92486572 150
v 202.72637939 -157.92486572 0
v 198.70890808 -157.03800964 150
v 198.70890808 -157.03800964 0
v 194.59469604 -157.03800964 150
v 194.59469604 -157.03800964 0
v 190.57720947 -157.92486572 150
v 190.57720947 -157.92486572 0
v 186.84535217 -159.65690613 0
v 186.84535217 -159.65690613 150
v 183.57460022 -162.15266418 150
v 183.57460022 -162.15266418 0
v 180.91871643 -165.2947998 0
v 180.91871643 -165.2947998 150
v 179.00260925 -168.93557739 150
v 179.00260925 -168.93557739 0
v 177.91636658 -172.90379333 0
v 177.91636658 -172.90379333 150
v 176.01698303 -175.51264954 150
v 174.4034729 -175.89959717 0
v 176.01698303 -175.51264954 0
v 177.27949524 -174.43597412 0
v 174.4034729 -175.89959717 150
v 177.27949524 -174.43597412 150
v 170.56332397 -175.89959717 0
v 170.56332397 -175.89959717 150
v 167.48242188 -174.12083435 150
v 167.00579834 -172.34208679 0
v 167.48242188 -174.12083435 0
v 167.00579834 -172.34208679 150
v 168.78456116 -175.42298889 150
v 168.78456116 -175.42298889 0
v 167.00579834 -143.88192749 0
v 167.00579834 -143.88192749 150
v 168.78456116 -140.80101013 150
v 170.56332397 -140.32440186 0
v 168.78456116 -140.80101013 0
v 167.48242188 -142.10316467 0
v 170.56332397 -140.32440186 150
v 167.48242188 -142.10316467 150
v 222.74028015 -140.32440186 150
v 222.74028015 -140.32440186 0
v 226.29780579 -143.88192749 150
v 226.29780579 -143.88192749 0
v 225.82118225 -142.10316467 0
v 225.82118225 -142.10316467 150
v 224.51904297 -140.80101013 0
v 224.51904297 -140.80101013 150
v 226.29780579 -172.34208679 0
v 226.29780579 -172.34208679 150
v 224.51904297 -175.42298889 150
v 222.74028015 -175.89959717 0
v 224.51904297 -175.42298889 0
v 225.82118225 -174.12083435 0
v 222.74028015 -175.89959717 150
v 225.82118225 -174.12083435 150
v 218.90013123 -175.89959717 0
v 218.90013123 -175.89959717 150
v 216.02409363 -174.43597412 150
v 216.02409363 -174.43597412 0
v 217.28660583 -175.51264954 150
v 217.28660583 -175.51264954 0
v 590.38470459 -149.38658142 56.25
v 590.23944092 -149.41282654 60.9375
v 593.30755615 -149.04223633 56.25
v 578.72015381 -164.86990356 121.875
v 579.57470703 -166.08770752 126.5625
v 577.92858887 -163.18260193 126.5625
v 578.01635742 -163.42422485 131.25
v 582.17303467 -168.49388123 121.875
v 580.65509033 -167.25022888 131.25
v 611.91601562 -158.37643433 79.6875
v 608.37512207 -153.3012085 79.6875
v 609.940979 -154.8289032 84.375
v 611.04296875 -156.36599731 75
v 606.44671631 -151.94865417 75
v 611.19415283 -164.52412415 93.75
v 609.46380615 -166.85269165 98.4375
v 608.27050781 -167.94230652 93.75
v 603.71459961 -170.54434204 93.75
v 603.61975098 -170.58154297 103.125
v 606.92962646 -168.9099884 103.125
v 610.44799805 -165.69287109 103.125
v 611.58447266 -157.44392395 84.375
v 612.1496582 -159.44592285 89.0625
v 612.22955322 -160.34907532 84.375
v 612.01525879 -162.40707397 89.0625
v 611.95739746 -158.52404785 93.75
v 587.18066406 -150.18832397 65.625
v 592.12261963 -149.14050293 65.625
v 578.85772705 -156.06486511 56.25
v 578.4854126 -156.70341492 51.5625
v 577.62591553 -159.10153198 56.25
v 578.07525635 -157.58294678 37.5
v 578.93255615 -155.94877625 42.1875
v 580.18597412 -154.37542725 46.875
v 581.34204102 -153.30108643 56.25
v 585.34106445 -170.26957703 131.25
v 583.68157959 -169.44714355 126.5625
v 587.85284424 -171.17866516 131.25
v 585.2835083 -170.24433899 121.875
v 611.20526123 -156.65432739 89.0625
v 608.480896 -153.38938904 93.75
v 611.65612793 -163.53901672 98.4375
v 611.97851562 -162.55429077 103.125
v 601.89422607 -149.9881897 70.3125
v 593.42901611 -149.03526306 70.3125
v 595.24072266 -148.99880981 75
v 596.95318604 -149.08049011 65.625
v 589.80383301 -149.49700928 75
v 578.5814209 -164.63038635 135.9375
v 577.54003906 -161.5085907 131.25
v 577.61193848 -161.98217773 140.625
v 579.36102295 -165.8157196 140.625
v 601.89422607 -149.9881897 79.6875
v 600.7144165 -149.67372131 75
v 608.30792236 -167.91192627 107.8125
v 605.96502686 -169.48638916 112.5
v 609.49536133 -166.81991577 112.5
v 612.23291016 -160.54103088 98.4375
v 612.16967773 -159.59086609 103.125
v 596.95318604 -149.08049011 84.375
v 604.30541992 -150.85778809 84.375
v 582.68280029 -152.31593323 65.625
v 579.63391113 -154.99784851 60.9375
v 578.42388916 -156.82095337 65.625
v 607.55438232 -152.67152405 89.0625
v 604.47460938 -150.93179321 93.75
v 581.90161133 -168.29602051 135.9375
v 583.32537842 -169.24206543 140.625
v 611.08837891 -164.71365356 107.8125
v 611.58233643 -163.71910095 112.5
v 611.66448975 -157.64022827 98.4375
v 611.25933838 -156.75587463 103.125
v 577.48400879 -160.57899475 150
v 577.92858887 -163.18260193 145.3125
v 581.54888916 -168.02441406 150
v 577.93243408 -157.96430969 60.9375
v 578.07525635 -157.58294678 75
v 593.42901611 -149.03526306 79.6875
v 587.18066406 -150.18832397 84.375
v 585.49511719 -170.33605957 135.9375
v 590.53417969 -171.79750061 140.625
v 610.09753418 -155.01541138 98.4375
v 606.19152832 -151.79934692 103.125
v 581.2197876 -153.40315247 70.3125
v 584.18341064 -151.44018555 75
v 579.98193359 -154.59527588 75
v 612.16778564 -161.58155823 107.8125
v 612.23284912 -160.63101196 112.5
v 600.77844238 -149.68908691 89.0625
v 598.89306641 -149.31262207 93.75
v 580.35351562 -166.95527649 145.3125
v 579.10687256 -155.69096375 70.3125
v 592.12261963 -149.14050293 84.375
v 607.43530273 -168.5705719 121.875
v 610.30474854 -165.88252258 117.1875
v 610.97076416 -164.91329956 121.875
v 611.99578857 -158.67141724 107.8125
v 611.70324707 -157.74055481 112.5
v 602.47821045 -170.98869324 131.25
v 605.10119629 -169.93518066 126.5625
v 608.73529053 -167.54904175 131.25
v 602.94805908 -170.82991028 121.875
v 585.55316162 -170.36070251 145.3125
v 587.97680664 -171.21469116 150
v 610.73919678 -155.88017273 107.8125
v 610.1036377 -155.02285767 112.5
v 611.92828369 -162.73878479 117.1875
v 612.14117432 -161.76828003 121.875
v 581.2197876 -153.40315247 79.6875
v 582.68280029 -152.31593323 84.375
v 590.23944092 -149.41282654 89.0625
v 593.30755615 -149.04223633 93.75
v 590.38470459 -149.38658142 93.75
v 585.47399902 -150.83096313 93.75
v 599.4420166 -171.75167847 135.9375
v 599.6854248 -171.70602417 131.25
v 579.80938721 -154.79023743 79.6875
v 578.85772705 -156.06486511 93.75
v 608.37506104 -153.30117798 107.8125
v 607.74102783 -152.80685425 112.5
v 612.18939209 -159.75862122 117.1875
v 612.04193115 -158.86601257 121.875
v 609.99279785 -166.26824951 126.5625
v 611.86999512 -162.93441772 131.25
v 596.20257568 -149.03071594 98.4375
v 600.65460205 -149.65953064 103.125
v 593.59063721 -149.02688599 103.125
v 606.47229004 -169.19404602 140.625
v 604.55548096 -170.19013977 135.9375
v 609.84143066 -166.443573 140.625
v 604.44702148 -150.9196167 107.8125
v 602.57513428 -150.20109558 112.5
v 611.49176025 -163.92614746 126.5625
v 611.32312012 -156.87971497 117.1875
v 610.83435059 -156.02583313 121.875
v 601.6315918 -171.24563599 140.625
v 596.39862061 -172.1164093 140.625
v 581.34204102 -153.30108643 93.75
v 580.4744873 -154.08206177 89.0625
v 609.22155762 -154.06149292 117.1875
v 608.19354248 -153.15380859 121.875
v 612.22686768 -160.88668823 126.5625
v 611.40777588 -157.05160522 131.25
v 600.13000488 -171.61599731 145.3125
v 598.70654297 -171.87434387 150
v 603.79455566 -170.51255798 150
v 587.0043335 -150.24705505 98.4375
v 583.86810303 -151.6078186 103.125
v 611.7833252 -157.96075439 126.5625
v 605.59729004 -151.47341919 117.1875
v 611.08837891 -164.71365356 135.9375
v 611.40533447 -164.11140442 140.625
v 588.58935547 -149.77629089 103.125
v 602.87536621 -150.30274963 117.1875
v 610.10626221 -155.02603149 126.5625
v 605.75170898 -151.55529785 131.25
v 612.10888672 -161.96107483 135.9375
v 612.22119141 -161.00590515 140.625
v 590.20239258 -149.41967773 107.8125
v 591.81799316 -149.17474365 112.5
v 586.82873535 -150.30722046 112.5
v 608.93359375 -167.36999512 145.3125
v 610.7421875 -165.27328491 150
v 612.08294678 -159.06001282 135.9375
v 611.82543945 -158.08493042 140.625
v 604.49530029 -150.94100952 126.5625
v 600.13946533 -149.54400635 131.25
v 593.06103516 -149.05815125 117.1875
v 596.70849609 -149.06184387 112.5
v 589.30090332 -149.60455322 121.875
v 610.94085693 -156.19563293 135.9375
v 610.36462402 -155.35368347 140.625
v 611.80627441 -163.13035583 145.3125
v 612.08935547 -159.09255981 150
v 580.18597412 -154.37542725 103.125
v 581.21624756 -153.40615845 107.8125
v 582.39752197 -152.50715637 112.5
v 579.23187256 -155.51576233 112.5
v 608.37512207 -153.3012085 135.9375
v 607.43029785 -152.58390808 140.625
v 612.21612549 -160.06880188 145.3125
v 578.07525635 -157.58294678 112.5
v 578.93255615 -155.94877625 107.8125
v 594.72692871 -148.99633789 126.5625
v 591.8135376 -149.17526245 131.25
v 611.48809814 -157.22370911 145.3125
v 608.88903809 -153.74711609 150
v 604.01843262 -150.73648071 135.9375
v 597.45001221 -149.12556458 135.9375
v 601.42272949 -149.85447693 140.625
v 594.83233643 -148.99601746 140.625
v 578.48675537 -156.70094299 117.1875
v 580.62213135 -153.93910217 121.875
v 579.01269531 -155.82815552 121.875
v 605.57348633 -151.46095276 145.3125
v 603.51416016 -150.53570557 150
v 599.16784668 -149.35792542 145.3125
v 597.84564209 -149.16847229 150
v 592.81628418 -149.07629395 150
v 578.12475586 -157.46240234 126.5625
v 580.40686035 -154.14907837 131.25
v 577.62591553 -159.10153198 131.25
v 584.48815918 -151.28552246 140.625
v 580.73724365 -153.83071899 135.9375
v 579.40673828 -155.28263855 140.625
v 582.394104 -152.50953674 131.25
v 578.94689941 -155.92687988 135.9375
v 577.99725342 -157.78436279 140.625
v 580.51818848 -154.03924561 145.3125
v 586.81903076 -150.31060791 150
v 581.87091064 -152.88497925 150
v 578.61773682 -156.46343994 150
v 577.60742188 -159.20072937 145.3125
v 593.20428467 -172.10939026 0
v 589.33300781 -171.56063843 2.34375
v 587.97680664 -171.21469116 0
v 585.55316162 -170.36070251 4.6875
v 585.49511719 -170.33605957 14.0625
v 589.60772705 -171.62039185 16.40625
v 587.85284424 -171.17866516 18.75
v 593.80718994 -172.14077759 18.75
v 585.2835083 -170.24433899 28.125
v 587.2677002 -170.99806213 25.78125
v 591.1472168 -171.89466858 28.125
v 583.68157959 -169.44714355 23.4375
v 602.94805908 -170.82991028 28.125
v 601.11706543 -171.38442993 25.78125
v 605.04840088 -169.96075439 23.4375
v 597.00036621 -172.07365417 28.125
v 589.29644775 -149.6055603 9.375
v 593.42651367 -149.03541565 11.71875
v 594.83233643 -148.99601746 9.375
v 597.45001221 -149.12556458 14.0625
v 603.60009766 -170.58917236 60.9375
v 599.38537598 -171.76193237 58.59375
v 601.09222412 -171.39080811 56.25
v 595.15753174 -172.16027832 56.25
v 594.72692871 -148.99633789 23.4375
v 600.07800293 -149.53102112 23.4375
v 600.13946533 -149.54400635 18.75
v 605.28283691 -151.31242371 23.4375
v 600.69342041 -149.66871643 28.125
v 595.90863037 -149.0171814 32.8125
v 590.59692383 -171.8081665 75
v 592.25494385 -172.03121948 72.65625
v 595.92510986 -172.14015198 75
v 588.47393799 -171.35160828 70.3125
v 591.8135376 -149.17526245 18.75
v 590.79095459 -149.31788635 21.09375
v 586.82446289 -150.30871582 18.75
v 601.30578613 -149.82299805 32.8125
v 602.57513428 -150.20109558 37.5
v 596.70849609 -149.06184387 37.5
v 606.3425293 -151.88697815 32.8125
v 592.25494385 -172.03121948 77.34375
v 588.47393799 -171.35160828 79.6875
v 599.8348999 -171.67671204 72.65625
v 601.29180908 -171.3387146 75
v 603.69500732 -170.55206299 70.3125
v 598.49328613 -171.90570068 65.625
v 600.63964844 -149.65600586 39.84375
v 604.44702148 -150.9196167 42.1875
v 599.8348999 -171.67671204 77.34375
v 603.69500732 -170.55206299 79.6875
v 598.49328613 -171.90570068 84.375
v 598.89306641 -149.31262207 56.25
v 600.39678955 -149.60021973 53.90625
v 596.20257568 -149.03071594 51.5625
v 604.47460938 -150.93179321 56.25
v 601.09222412 -171.39080811 93.75
v 599.38537598 -171.76193237 91.40625
v 603.60009766 -170.58917236 89.0625
v 595.15753174 -172.16027832 93.75
v 581.21624756 -153.40615845 42.1875
v 585.30627441 -150.90365601 42.1875
v 582.39752197 -152.50715637 37.5
v 588.58935547 -149.77629089 46.875
v 583.86810303 -151.6078186 46.875
v 590.20239258 -149.41967773 42.1875
v 586.82873535 -150.30722046 37.5
v 591.65118408 -149.19506836 51.5625
v 593.59063721 -149.02688599 46.875
v 587.0043335 -150.24705505 51.5625
v 596.98486328 -149.08306885 58.59375
v 600.77844238 -149.68908691 60.9375
v 595.48022461 -149.00341797 60.9375
v 586.24816895 -150.51838684 63.28125
v 587.2677002 -170.99806213 124.21875
v 591.1472168 -171.89466858 121.875
v 593.80718994 -172.14077759 131.25
v 589.60772705 -171.62039185 133.59375
v 601.1463623 -171.37686157 124.21875
v 597.00036621 -172.07365417 121.875
v 595.48022461 -149.00341797 89.0625
v 596.98486328 -149.08306885 91.40625
v 600.39678955 -149.60021973 96.09375
v 586.24816895 -150.51838684 86.71875
v 589.33300781 -171.56063843 147.65625
v 593.20428467 -172.10939026 150
v 584.80578613 -151.13168335 89.0625
v 591.65118408 -149.19506836 98.4375
v 600.63964844 -149.65600586 110.15625
v 604.98468018 -169.99136353 145.3125
v 604.034729 -150.74324036 121.875
v 599.14105225 -149.3533783 121.875
v 597.91894531 -149.17710876 117.1875
v 585.30627441 -150.90365601 107.8125
v 599.64044189 -149.44334412 126.5625
v 594.24993896 -149.00311279 121.875
v 590.79095459 -149.31788635 128.90625
v 586.82446289 -150.30871582 131.25
v 593.42651367 -149.03541565 138.28125
v 589.29644775 -149.6055603 140.625
v 598.70654297 -171.87434387 0
v 592.92150879 -172.08979797 5.859375
v 590.53417969 -171.79750061 9.375
v 596.39862061 -172.1164093 9.375
v 600.13000488 -171.61599731 4.6875
v 593.05657959 -172.09953308 12.890625
v 599.4420166 -171.75167847 14.0625
v 594.5411377 -172.1600647 15.234375
v 599.6854248 -171.70602417 18.75
v 590.5411377 -171.79870605 22.265625
v 597.40686035 -172.03672791 22.265625
v 602.47821045 -170.98869324 18.75
v 594.50390625 -172.15959167 59.765625
v 589.25024414 -171.54197693 56.25
v 589.58636475 -171.61585999 60.9375
v 592.64111328 -172.067276 65.625
v 595.9708252 -172.13824463 62.109375
v 605.52679443 -151.43666077 28.125
v 609.34759521 -154.18669128 28.125
v 607.70544434 -152.78074646 23.4375
v 590.11584473 -149.43588257 15.234375
v 595.35235596 -172.15731812 69.140625
v 587.54901123 -150.07090759 24.609375
v 589.30090332 -149.60455322 28.125
v 582.394104 -152.50953674 18.75
v 584.49212646 -151.28355408 28.125
v 595.35235596 -172.15731812 80.859375
v 592.64111328 -172.067276 84.375
v 597.05926514 -149.08929443 43.359375
v 600.65460205 -149.65953064 46.875
v 591.81799316 -149.17474365 37.5
v 603.41571045 -150.49827576 50.390625
v 606.19152832 -151.79934692 46.875
v 610.09753418 -155.01541138 51.5625
v 608.480896 -153.38938904 56.25
v 595.9708252 -172.13824463 87.890625
v 589.58636475 -171.61585999 89.0625
v 594.50390625 -172.15959167 90.234375
v 589.25024414 -171.54197693 93.75
v 583.60931396 -151.7515564 59.765625
v 585.47399902 -150.83096313 56.25
v 590.5411377 -171.79870605 127.734375
v 597.42150879 -172.03527832 127.734375
v 594.5411377 -172.1600647 134.765625
v 593.05657959 -172.09953308 137.109375
v 603.41571045 -150.49827576 99.609375
v 592.92150879 -172.08979797 144.140625
v 597.05926514 -149.08929443 106.640625
v 587.54901123 -150.07090759 125.390625
v 584.49212646 -151.28355408 121.875
v 590.11584473 -149.43588257 134.765625
v 594.3012085 -172.15603638 25.1953125
v 584.48815918 -151.28552246 9.375
v 584.93817139 -151.06968689 14.6484375
v 580.73724365 -153.83071899 14.0625
v 594.30828857 -172.15618896 124.8046875
v 584.93817139 -151.06968689 135.3515625
v 577.48400879 -160.57899475 0
v 577.54003906 -161.5085907 56.25
v 577.54003906 -161.5085907 18.75
v 577.71466064 -162.46014404 37.5
v 577.62591553 -159.10153198 18.75
v 577.61193848 -161.98217773 9.375
v 594.39782715 -172.15792847 37.5
v 588.45727539 -171.34721375 37.5
v 582.94885254 -169.01261902 37.5
v 581.82995605 -168.24220276 56.25
v 584.68719482 -169.9697113 46.875
v 586.57635498 -170.76133728 56.25
v 580.70001221 -167.29251099 46.875
v 585.93823242 -170.51885986 46.875
v 608.32250977 -167.90002441 28.125
v 605.96502686 -169.48638916 37.5
v 600.2980957 -171.5796814 37.5
v 591.8505249 -171.98709106 46.875
v 597.69842529 -172.00621033 46.875
v 577.71466064 -162.46014404 75
v 577.71466064 -162.46014404 112.5
v 578.01635742 -163.42422485 93.75
v 577.84918213 -162.94126892 65.625
v 603.61975098 -170.58154297 46.875
v 603.71459961 -170.54434204 56.25
v 611.23406982 -156.70811462 28.125
v 610.1036377 -155.02285767 37.5
v 586.81903076 -150.31060791 0
v 592.81628418 -149.07629395 0
v 578.21685791 -163.90763855 103.125
v 580.62213135 -153.93910217 28.125
v 580.40686035 -154.14907837 18.75
v 580.70001221 -167.29251099 103.125
v 584.68719482 -169.9697113 103.125
v 582.94885254 -169.01261902 112.5
v 586.57635498 -170.76133728 93.75
v 581.82995605 -168.24220276 93.75
v 585.93823242 -170.51885986 103.125
v 591.8505249 -171.98709106 103.125
v 597.69842529 -172.00621033 103.125
v 594.39782715 -172.15792847 112.5
v 588.45727539 -171.34721375 112.5
v 600.2980957 -171.5796814 112.5
v 581.54888916 -168.02441406 0
v 577.92858887 -163.18260193 4.6875
v 579.36102295 -165.8157196 9.375
v 580.35351562 -166.95527649 4.6875
v 583.32537842 -169.24206543 9.375
v 578.5814209 -164.63038635 14.0625
v 578.01635742 -163.42422485 18.75
v 580.65509033 -167.25022888 18.75
v 581.90161133 -168.29602051 14.0625
v 585.34106445 -170.26957703 18.75
v 577.92858887 -163.18260193 23.4375
v 578.72015381 -164.86990356 28.125
v 579.57470703 -166.08770752 23.4375
v 582.17303467 -168.49388123 28.125
v 603.79455566 -170.51255798 0
v 578.11236572 -163.66596985 32.8125
v 579.73284912 -166.27844238 37.5
v 610.7421875 -165.27328491 0
v 606.71972656 -169.04290771 4.6875
v 603.38970947 -170.66952515 9.375
v 609.12646484 -167.1887207 9.375
v 580.84844971 -167.42955017 32.8125
v 610.00579834 -166.25285339 4.6875
v 611.40533447 -164.11140442 9.375
v 612.08935547 -159.09255981 0
v 611.80627441 -163.13035583 4.6875
v 612.22119141 -161.00590515 9.375
v 606.1506958 -169.38200378 14.0625
v 606.96276855 -168.8885498 18.75
v 578.21685791 -163.90763855 46.875
v 578.86743164 -165.10839844 42.1875
v 612.21612549 -160.06880188 4.6875
v 611.56408691 -157.39593506 9.375
v 611.88024902 -158.25686646 4.6875
v 610.84710693 -165.11221313 14.0625
v 611.86999512 -162.93441772 18.75
v 577.77789307 -162.70039368 51.5625
v 578.01635742 -163.42422485 56.25
v 579.02337646 -165.34565735 56.25
v 608.88903809 -153.74711609 0
v 610.48858643 -155.52050781 4.6875
v 609.82550049 -154.69633484 9.375
v 607.43029785 -152.58390808 9.375
v 612.10888672 -161.96107483 14.0625
v 579.78533936 -166.33992004 51.5625
v 609.29888916 -167.0201416 23.4375
v 610.97076416 -164.91329956 28.125
v 611.91601562 -158.37643433 14.0625
v 610.60821533 -155.6882019 18.75
v 603.51416016 -150.53570557 0
v 605.57348633 -151.46095276 4.6875
v 611.49176025 -163.92614746 23.4375
v 612.14117432 -161.76828003 28.125
v 611.14068604 -156.53684998 14.0625
v 578.32983398 -164.14906311 60.9375
v 579.83843994 -166.40124512 65.625
v 609.22155762 -154.06149292 14.0625
v 605.75170898 -151.55529785 18.75
v 612.23297119 -160.55865479 23.4375
v 611.85650635 -158.1807251 28.125
v 597.84564209 -149.16847229 0
v 599.16784668 -149.35792542 4.6875
v 580.76245117 -167.35067749 60.9375
v 610.30474854 -165.88252258 32.8125
v 609.49536133 -166.81991577 37.5
v 611.58233643 -163.71910095 37.5
v 601.42272949 -149.85447693 9.375
v 582.76074219 -168.89277649 60.9375
v 611.34710693 -156.92756653 23.4375
v 604.01843262 -150.73648071 14.0625
v 611.92828369 -162.73878479 32.8125
v 612.23284912 -160.63101196 37.5
v 579.06671143 -165.40913391 70.3125
v 578.45135498 -164.39004517 75
v 606.92962646 -168.9099884 46.875
v 608.30792236 -167.91192627 42.1875
v 610.44799805 -165.69287109 46.875
v 585.40698242 -170.29821777 65.625
v 611.70324707 -157.74055481 37.5
v 612.1461792 -159.42242432 32.8125
v 581.90161133 -168.29602051 70.3125
v 584.51037598 -169.88346863 75
v 611.08837891 -164.71365356 42.1875
v 611.97851562 -162.55429077 46.875
v 578.48547363 -164.45465088 79.6875
v 579.06671143 -165.40913391 79.6875
v 579.83843994 -166.40124512 84.375
v 612.16778564 -161.58155823 42.1875
v 612.16967773 -159.59086609 46.875
v 579.40673828 -155.28263855 9.375
v 580.51818848 -154.03924561 4.6875
v 577.99725342 -157.78436279 9.375
v 581.87091064 -152.88497925 0
v 578.61773682 -156.46343994 0
v 609.46380615 -166.85269165 51.5625
v 608.27050781 -167.94230652 56.25
v 611.19415283 -164.52412415 56.25
v 581.90161133 -168.29602051 79.6875
v 611.99578857 -158.67141724 42.1875
v 611.25933838 -156.75587463 46.875
v 607.74102783 -152.80685425 37.5
v 605.92950439 -169.5059967 65.625
v 611.65612793 -163.53901672 51.5625
v 610.73919678 -155.88017273 42.1875
v 577.60742188 -159.20072937 4.6875
v 578.7588501 -164.93405151 89.0625
v 579.02337646 -165.34565735 93.75
v 612.23291016 -160.54103088 51.5625
v 611.95739746 -158.52404785 56.25
v 608.37506104 -153.30117798 42.1875
v 580.76245117 -167.35067749 89.0625
v 585.40698242 -170.29821777 84.375
v 578.94689941 -155.92687988 14.0625
v 610.58184814 -165.50735474 60.9375
v 609.82348633 -166.46392822 65.625
v 611.7331543 -163.33732605 65.625
v 582.76074219 -168.89277649 89.0625
v 607.88891602 -168.24079895 75
v 611.66448975 -157.64022827 51.5625
v 593.06103516 -149.05815125 32.8125
v 612.01525879 -162.40707397 60.9375
v 612.22955322 -160.34907532 65.625
v 579.78533936 -166.33992004 98.4375
v 612.1496582 -159.44592285 60.9375
v 611.58447266 -157.44392395 65.625
v 605.92950439 -169.5059967 84.375
v 609.82348633 -166.46392822 84.375
v 578.12475586 -157.46240234 23.4375
v 579.01269531 -155.82815552 28.125
v 611.2946167 -164.33413696 70.3125
v 612.0715332 -162.15461731 75
v 611.20526123 -156.65432739 60.9375
v 609.940979 -154.8289032 65.625
v 578.86743164 -165.10839844 107.8125
v 579.73284912 -166.27844238 112.5
v 612.20458984 -161.24142456 70.3125
v 607.55438232 -152.67152405 60.9375
v 611.91601562 -158.37643433 70.3125
v 578.48675537 -156.70094299 32.8125
v 579.23187256 -155.51576233 37.5
v 611.2946167 -164.33413696 79.6875
v 611.7331543 -163.33732605 84.375
v 578.11236572 -163.66596985 117.1875
v 612.20458984 -161.24142456 79.6875
v 604.30541992 -150.85778809 65.625
v 608.37512207 -153.3012085 70.3125
v 580.84844971 -167.42955017 117.1875
v 610.58184814 -165.50735474 89.0625
v 479.16012573 -189.29640198 150
v 477.9887085 -191.32533264 0
v 479.16012573 -189.29640198 0
v 478.43615723 -187.06826782 0
v 477.9887085 -191.32533264 150
v 478.43615723 -187.06826782 150
v 476.29589844 -186.1153717 150
v 476.29589844 -186.1153717 0
v 467.87963867 -198.67002869 0
v 467.87963867 -198.67002869 150
v 471.7409668 -210.55397034 0
v 471.7409668 -210.55397034 150
v 467.30908203 -213.77391052 150
v 467.30908203 -213.77391052 0
v 469.60070801 -214.26100159 0
v 469.60070801 -214.26100159 150
v 471.49606323 -212.88394165 150
v 471.49606323 -212.88394165 0
v 457.20001221 -206.42922974 0
v 457.20001221 -206.42922974 150
v 447.09091187 -213.77391052 0
v 447.09091187 -213.77391052 150
v 442.65905762 -210.55397034 150
v 442.65905762 -210.55397034 0
v 442.90393066 -212.88394165 0
v 442.90393066 -212.88394165 150
v 444.79928589 -214.26100159 0
v 444.79928589 -214.26100159 150
v 446.52038574 -198.67002869 0
v 446.52038574 -198.67002869 150
v 436.4112854 -191.32533264 0
v 436.4112854 -191.32533264 150
v 435.96383667 -187.06826782 150
v 438.10409546 -186.1153717 0
v 435.96383667 -187.06826782 0
v 438.10409546 -186.1153717 150
v 435.23986816 -189.29640198 150
v 435.23986816 -189.29640198 0
v 450.59963989 -186.1153717 0
v 450.59963989 -186.1153717 150
v 454.46096802 -174.23141479 0
v 454.46096802 -174.23141479 150
v 458.37139893 -172.4903717 150
v 459.9390564 -174.23141479 0
v 458.37139893 -172.4903717 0
v 459.9390564 -174.23141479 150
v 456.02859497 -172.4903717 150
v 456.02859497 -172.4903717 0
v 463.80038452 -186.1153717 0
v 463.80038452 -186.1153717 150
v 331.84835815 -142.45501709 75
v 315.21820068 -143.37464905 75
v 313.76873779 -144.82411194 75
v 329.70233154 -139.2432251 75
v 315.74871826 -141.39465332 75
v 335.06015015 -144.60105896 75
v 311.78872681 -145.35466003 75
v 328.94873047 -135.45465088 75
v 315.74871826 -129.51464844 75
v 338.84872437 -145.35466003 75
v 329.70233154 -131.66609192 75
v 315.21820068 -127.53465271 75
v 331.84835815 -128.45429993 75
v 313.76873779 -126.08518982 75
v 338.84872437 -125.55464935 75
v 311.78872681 -125.55464935 75
v 335.06015015 -126.3082428 75
v 328.94873047 -135.45465088 150
v 329.80462646 -139.4813385 150
v 332.22433472 -142.81178284 150
v 335.78945923 -144.87011719 150
v 342.63729858 -144.60105896 0
v 338.84872437 -145.35466003 0
v 339.88357544 -145.30041504 150
v 343.79873657 -144.02830505 150
v 345.84909058 -142.45500183 0
v 346.85800171 -141.27372742 150
v 347.99514771 -139.2432251 0
v 348.53237915 -137.51298523 150
v 348.74871826 -135.45465088 0
v 348.53237915 -133.39633179 150
v 347.99514771 -131.66609192 0
v 346.85800171 -129.63557434 150
v 345.84909058 -128.45429993 0
v 343.79873657 -126.88100433 150
v 342.63729858 -126.3082428 0
v 338.84872437 -125.55464935 0
v 339.88357544 -125.60888672 150
v 335.78945923 -126.0391922 150
v 332.22433472 -128.09751892 150
v 329.80462646 -131.42796326 150
v 311.78872681 -145.35466003 150
v 313.76873779 -144.82411194 150
v 315.21820068 -143.37464905 150
v 315.74871826 -141.39465332 150
v 315.74871826 -129.51464844 150
v 315.21820068 -127.53465271 150
v 313.76873779 -126.08518982 150
v 311.78872681 -125.55464935 150
v 299.90872192 -145.35466003 0
v 299.90872192 -145.35466003 150
v 295.94873047 -141.39465332 150
v 295.94873047 -141.39465332 0
v 296.47927856 -143.37464905 0
v 296.47927856 -143.37464905 150
v 297.92874146 -144.82411194 0
v 297.92874146 -144.82411194 150
v 295.94873047 -129.51464844 0
v 295.94873047 -129.51464844 150
v 299.90872192 -125.55464935 150
v 299.90872192 -125.55464935 0
v 297.92874146 -126.08518982 0
v 297.92874146 -126.08518982 150
v 296.47927856 -127.53465271 0
v 296.47927856 -127.53465271 150
v 401.22729492 -76.21652985 75
v 388.34063721 -76.21652985 75
v 387.44525146 -77.11191559 75
v 388.66836548 -74.9934082 75
v 402.12268066 -77.11191559 75
v 386.22213745 -77.43965149 75
v 403.34579468 -77.43965149 75
v 400.89956665 -74.9934082 75
v 400.89956665 -59.50055313 75
v 388.66836548 -59.50055313 75
v 401.22729492 -58.27743149 75
v 388.34063721 -58.27743149 75
v 387.44525146 -57.38204575 75
v 402.12268066 -57.38204575 75
v 403.34579468 -57.05431366 75
v 386.22213745 -57.05431366 75
v 402.12268066 -57.38204575 150
v 403.34579468 -57.05431366 150
v 401.22729492 -58.27743149 150
v 400.89956665 -59.50055313 150
v 400.89956665 -74.9934082 150
v 401.22729492 -76.21652985 150
v 402.12268066 -77.11191559 150
v 403.34579468 -77.43965149 150
v 420.95718384 -58.27743149 150
v 421.28491211 -59.50055313 0
v 420.95718384 -58.27743149 0
v 421.28491211 -59.50055313 150
v 420.06176758 -57.38204575 150
v 420.06176758 -57.38204575 0
v 418.83865356 -57.05431366 150
v 418.83865356 -57.05431366 0
v 421.28491211 -74.9934082 0
v 421.28491211 -74.9934082 150
v 420.06176758 -77.11191559 150
v 418.83865356 -77.43965149 0
v 420.06176758 -77.11191559 0
v 418.83865356 -77.43965149 150
v 420.95718384 -76.21652985 150
v 420.95718384 -76.21652985 0
v 387.44525146 -77.11191559 150
v 386.22213745 -77.43965149 150
v 388.34063721 -76.21652985 150
v 388.66836548 -74.9934082 150
v 388.66836548 -59.50055313 150
v 370.72927856 -77.43965149 0
v 370.72927856 -77.43965149 150
v 368.61074829 -76.21652985 150
v 368.28302002 -74.9934082 0
v 368.61074829 -76.21652985 0
v 368.28302002 -74.9934082 150
v 369.50613403 -77.11191559 150
v 369.50613403 -77.11191559 0
v 368.28302002 -59.50055313 0
v 368.28302002 -59.50055313 150
v 369.50613403 -57.38204575 150
v 370.72927856 -57.05431366 0
v 369.50613403 -57.38204575 0
v 370.72927856 -57.05431366 150
v 368.61074829 -58.27743149 150
v 368.61074829 -58.27743149 0
v 386.22213745 -57.05431366 150
v 388.34063721 -58.27743149 150
v 387.44525146 -57.38204575 150
v 46.37853241 -166.26922607 75
v 25.004776 -166.16209412 75
v 23.26542282 -167.90145874 75
v 43.75030136 -163.64099121 75
v 25.64142227 -163.78610229 75
v 49.69029999 -167.95664978 75
v 20.88942337 -168.5381012 75
v 42.06287003 -160.32922363 75
v 53.36142349 -168.5381012 75
v 41.48142242 -156.65809631 75
v 25.64142227 -149.53010559 75
v 42.06287003 -152.98698425 75
v 43.75030136 -149.67521667 75
v 25.004776 -147.15409851 75
v 46.37853241 -147.04698181 75
v 23.26542282 -145.41474915 75
v 53.36142349 -144.77810669 75
v 20.88942337 -144.77810669 75
v 49.69029999 -145.35954285 75
v 41.48142242 -156.65809631 150
v 42.19787598 -160.72129822 150
v 44.26081467 -164.29441833 150
v 47.42142105 -166.94648743 150
v 51.29848099 -168.35762024 150
v 57.42462158 -167.82165527 0
v 53.36142349 -168.5381012 0
v 55.42436218 -168.35762024 150
v 59.30142212 -166.94648743 150
v 60.9977417 -165.75871277 0
v 62.46203232 -164.29441833 150
v 63.64980316 -162.59809875 0
v 64.52497101 -160.72129822 150
v 65.06093597 -158.72103882 0
v 65.24142456 -156.65809631 150
v 65.06093597 -154.59515381 0
v 64.52497101 -152.59489441 150
v 63.64980316 -150.71809387 0
v 62.46203232 -149.02178955 150
v 60.99773788 -147.55749512 0
v 59.30142212 -146.36972046 150
v 57.42462158 -145.49455261 0
v 53.36142349 -144.77810669 0
v 55.42436218 -144.95858765 150
v 51.29848099 -144.95858765 150
v 47.42142105 -146.36972046 150
v 44.26081467 -149.02178955 150
v 42.19787598 -152.59489441 150
v 20.88942337 -168.5381012 150
v 23.26542282 -167.90145874 150
v 25.004776 -166.16209412 150
v 25.64142227 -163.78610229 150
v 1.881423 -163.78610229 150
v 1.881423 -149.53010559 0
v 1.881423 -163.78610229 0
v 1.881423 -149.53010559 150
v 4.25742292 -145.41474915 150
v 6.63342285 -144.77810669 0
v 4.25742292 -145.41474915 0
v 2.51807022 -147.15409851 0
v 6.63342285 -144.77810669 150
v 2.51807022 -147.15409851 150
v 20.88942337 -144.77810669 150
v 25.004776 -147.15409851 150
v 25.64142227 -149.53010559 150
v 23.26542282 -145.41474915 150
v 6.63342285 -168.5381012 0
v 6.63342285 -168.5381012 150
v 2.51807022 -166.16209412 150
v 2.51807022 -166.16209412 0
v 4.25742292 -167.90145874 150
v 4.25742292 -167.90145874 0
v 652.75653076 -61.99734879 75
v 642.99389648 -61.99734879 75
v 642.31555176 -62.67567444 75
v 643.24212646 -61.07074356 75
v 653.43481445 -62.67567444 75
v 641.38891602 -62.92395782 75
v 654.3614502 -62.92395782 75
v 652.50823975 -61.07074356 75
v 652.50823975 -49.3337326 75
v 642.99389648 -48.40712738 75
v 643.24212646 -49.3337326 75
v 652.75653076 -48.40712738 75
v 653.43481445 -47.72880173 75
v 642.31555176 -47.72880173 75
v 654.3614502 -47.48051834 75
v 641.38891602 -47.48051834 75
v 653.43481445 -47.72880173 150
v 654.3614502 -47.48051834 150
v 652.75653076 -48.40712738 150
v 652.50823975 -49.3337326 150
v 652.50823975 -61.07074356 150
v 652.75653076 -61.99734879 150
v 653.43481445 -62.67567444 150
v 654.3614502 -62.92395782 150
v 667.70336914 -48.40712738 150
v 667.95166016 -49.3337326 0
v 667.70336914 -48.40712738 0
v 667.95166016 -49.3337326 150
v 667.02502441 -47.72880173 150
v 667.02502441 -47.72880173 0
v 666.09844971 -47.48051834 150
v 666.09844971 -47.48051834 0
v 667.95166016 -61.07074356 0
v 667.95166016 -61.07074356 150
v 667.02502441 -62.67567444 150
v 666.09844971 -62.92395782 0
v 667.02502441 -62.67567444 0
v 666.09844971 -62.92395782 150
v 667.70336914 -61.99734879 150
v 667.70336914 -61.99734879 0
v 642.31555176 -62.67567444 150
v 641.38891602 -62.92395782 150
v 642.99389648 -61.99734879 150
v 643.24212646 -61.07074356 150
v 643.24212646 -49.3337326 150
v 642.99389648 -48.40712738 150
v 642.31555176 -47.72880173 150
v 641.38891602 -47.48051834 150
v 629.6519165 -62.92395782 0
v 629.6519165 -62.92395782 150
v 628.04699707 -61.99734879 150
v 627.79870605 -61.07074356 0
v 628.04699707 -61.99734879 0
v 627.79870605 -61.07074356 150
v 628.7253418 -62.67567444 150
v 628.7253418 -62.67567444 0
v 627.79870605 -49.3337326 0
v 627.79870605 -49.3337326 150
v 628.7253418 -47.72880173 150
v 629.6519165 -47.48051834 0
v 628.7253418 -47.72880173 0
v 629.6519165 -47.48051834 150
v 628.04699707 -48.40712738 150
v 628.04699707 -48.40712738 0
v 683.66149902 -115.79139709 150
v 683.66149902 -97.25859833 0
v 683.66149902 -115.79139709 0
v 683.66149902 -97.25859833 150
v 684.81982422 -95.25236511 150
v 685.97808838 -94.94200134 0
v 684.81982422 -95.25236511 0
v 685.97808838 -94.94200134 150
v 683.97186279 -96.10030365 150
v 683.97186279 -96.10030365 0
v 719.95489502 -94.94200134 0
v 719.95489502 -94.94200134 150
v 721.96112061 -96.10030365 150
v 722.27148438 -97.25859833 0
v 721.96112061 -96.10030365 0
v 722.27148438 -97.25859833 150
v 721.11322021 -95.25236511 150
v 721.11322021 -95.25236511 0
v 722.27148438 -115.79139709 0
v 722.27148438 -115.79139709 150
v 721.11322021 -117.79763794 150
v 719.95489502 -118.10800171 0
v 721.11322021 -117.79763794 0
v 719.95489502 -118.10800171 150
v 721.96112061 -116.9496994 150
v 721.96112061 -116.9496994 0
v 717.45428467 -118.10800171 0
v 717.45428467 -118.10800171 150
v 715.5814209 -117.15490723 150
v 715.16668701 -116.15718079 0
v 715.5814209 -117.15490723 0
v 715.16668701 -116.15718079 150
v 716.40356445 -117.8560257 150
v 716.40356445 -117.8560257 0
v 713.96862793 -112.48619843 0
v 713.96862793 -112.48619843 150
v 711.69573975 -109.36437988 0
v 711.69573975 -109.36437988 150
v 708.57019043 -107.09667206 0
v 708.57019043 -107.09667206 150
v 704.89727783 -105.90459442 0
v 704.89727783 -105.90459442 150
v 701.03570557 -105.90459442 0
v 701.03570557 -105.90459442 150
v 697.36279297 -107.09667206 0
v 697.36279297 -107.09667206 150
v 694.23724365 -109.36437988 0
v 694.23724365 -109.36437988 150
v 691.9644165 -112.48619843 0
v 691.9644165 -112.48619843 150
v 690.76629639 -116.15718079 0
v 690.76629639 -116.15718079 150
v 689.52941895 -117.8560257 150
v 688.47875977 -118.10800171 0
v 689.52941895 -117.8560257 0
v 688.47875977 -118.10800171 150
v 690.3515625 -117.15490723 150
v 690.3515625 -117.15490723 0
v 685.97808838 -118.10800171 0
v 685.97808838 -118.10800171 150
v 683.97186279 -116.9496994 150
v 683.97186279 -116.9496994 0
v 684.81982422 -117.79763794 150
v 684.81982422 -117.79763794 0
v 319.42196655 -209.42280579 93.75
v 317.41149902 -209.14471436 98.4375
v 313.60943604 -208.23147583 93.75
v 303.36935425 -188.9103241 18.75
v 301.93780518 -191.46850586 14.0625
v 301.49438477 -192.83068848 18.75
v 302.59631348 -190.10658264 9.375
v 303.59634399 -188.60777283 14.0625
v 301.27151489 -194.02926636 9.375
v 306.44146729 -204.60350037 112.5
v 308.59780884 -206.04963684 107.8125
v 314.09533691 -208.37892151 112.5
v 304.74954224 -203.10896301 103.125
v 302.8034668 -200.64460754 107.8125
v 311.02667236 -207.27290344 103.125
v 343.85205078 -191.9770813 65.625
v 343.43884277 -190.95220947 60.9375
v 342.11688232 -188.75648499 65.625
v 342.90270996 -189.93203735 56.25
v 344.35400391 -194.26068115 60.9375
v 309.16217041 -184.03318787 28.125
v 306.83825684 -185.49816895 23.4375
v 303.48757935 -188.7505188 28.125
v 311.41925049 -182.96092224 18.75
v 314.2265625 -181.9828949 23.4375
v 304.87039185 -187.16981506 18.75
v 335.80731201 -206.6962738 84.375
v 339.82424927 -204.06277466 79.6875
v 341.44607544 -202.46893311 84.375
v 342.71435547 -200.77690125 75
v 337.88082886 -205.50920105 75
v 321.20614624 -209.56074524 103.125
v 316.05288696 -208.87944031 103.125
v 344.33895874 -196.28179932 70.3125
v 344.32562256 -194.00592041 75
v 343.31585693 -199.70478821 70.3125
v 343.78018188 -198.62486267 65.625
v 344.39990234 -195.24327087 65.625
v 341.41372681 -187.89430237 60.9375
v 339.41918945 -186.00187683 65.625
v 337.3453064 -184.55430603 56.25
v 302.17102051 -199.46902466 112.5
v 304.60003662 -202.95518494 117.1875
v 301.73492432 -198.38482666 121.875
v 303.14889526 -201.17750549 121.875
v 308.53527832 -206.0131073 121.875
v 303.92202759 -202.1978302 112.5
v 314.55200195 -181.89117432 37.5
v 311.76443481 -182.82122803 32.8125
v 307.11703491 -185.29815674 37.5
v 317.13497925 -181.30407715 28.125
v 314.05535889 -208.36715698 107.8125
v 317.21032715 -209.10948181 112.5
v 333.27804565 -182.60775757 56.25
v 331.82546997 -182.11734009 51.5625
v 328.79959106 -181.36662292 56.25
v 329.35455322 -208.92098999 93.75
v 325.21487427 -209.50971985 98.4375
v 325.09164429 -209.51872253 93.75
v 344.14590454 -192.99769592 70.3125
v 322.87789917 -180.8000946 37.5
v 319.70556641 -180.9485321 42.1875
v 321.93109131 -180.81166077 42.1875
v 343.31585693 -199.70478821 79.6875
v 343.78018188 -198.62486267 84.375
v 302.51437378 -190.25346375 23.4375
v 301.87954712 -191.61645508 28.125
v 301.27151489 -194.02926636 28.125
v 333.54629517 -207.69137573 93.75
v 337.94561768 -205.46688843 89.0625
v 339.82608032 -204.06123352 93.75
v 302.07061768 -199.24705505 126.5625
v 301.43218994 -197.3057251 131.25
v 304.47763062 -202.82601929 131.25
v 342.79876709 -189.7590332 70.3125
v 341.16183472 -187.61631775 75
v 344.33895874 -196.28179932 79.6875
v 344.39990234 -195.24327087 84.375
v 311.20248413 -207.34829712 117.1875
v 313.98184204 -208.34533691 121.875
v 305.10006714 -186.94645691 32.8125
v 302.43502808 -190.40058899 37.5
v 334.68566895 -183.17611694 60.9375
v 331.78479004 -182.10490417 65.625
v 342.27120972 -201.43367004 89.0625
v 311.47720337 -182.9370575 42.1875
v 316.44396973 -181.43756104 46.875
v 322.94796753 -209.59965515 112.5
v 324.89453125 -209.53213501 107.8125
v 328.70169067 -209.05207825 112.5
v 335.87927246 -206.65992737 98.4375
v 333.93081665 -207.54081726 98.4375
v 306.32598877 -204.51347351 126.5625
v 310.88891602 -207.21269226 131.25
v 344.14590454 -192.99769592 79.6875
v 343.85205078 -191.9770813 84.375
v 324.07107544 -180.82495117 56.25
v 323.9793396 -180.82147217 65.625
v 319.44766235 -180.9744873 56.25
v 322.63082886 -180.80044556 51.5625
v 334.64746094 -183.15937805 75
v 337.18710327 -184.45918274 70.3125
v 301.66610718 -192.22468567 32.8125
v 344.11099243 -197.54776001 89.0625
v 310.41314697 -183.40309143 46.875
v 303.02987671 -201.00045776 135.9375
v 301.25656128 -196.24131775 140.625
v 302.01052856 -199.10769653 140.625
v 306.08459473 -204.3203125 140.625
v 342.79876709 -189.7590332 79.6875
v 342.11688232 -188.75648499 84.375
v 339.41918945 -186.00187683 84.375
v 321.01028442 -209.55049133 117.1875
v 341.07241821 -202.87908936 98.4375
v 338.01016235 -205.42437744 103.125
v 342.12402344 -201.63400269 103.125
v 313.21472168 -182.29551697 51.5625
v 333.62353516 -207.66169739 107.8125
v 335.9510498 -206.62336731 112.5
v 303.72012329 -188.44989014 42.1875
v 305.46606445 -186.6081543 46.875
v 303.16534424 -189.1985321 46.875
v 301.87954712 -191.61645508 46.875
v 344.3140564 -196.48318481 93.75
v 344.35400391 -194.26068115 89.0625
v 342.90270996 -189.93203735 93.75
v 324.69784546 -209.54431152 121.875
v 319.41143799 -209.42169189 121.875
v 301.20001221 -195.19999695 150
v 301.39428711 -197.12705994 145.3125
v 302.96652222 -200.90354919 150
v 301.49438477 -192.83068848 37.5
v 301.49438477 -192.83068848 56.25
v 314.59448242 -181.8795166 65.625
v 314.68807983 -181.85404968 56.25
v 310.15710449 -183.52444458 56.25
v 343.60800171 -199.06361389 98.4375
v 344.05783081 -197.75302124 103.125
v 317.40090942 -209.14289856 126.5625
v 315.77755737 -208.81771851 131.25
v 320.81387329 -209.53900146 131.25
v 307.63482666 -184.94595337 51.5625
v 304.0708313 -188.02664185 56.25
v 308.32794189 -205.88995361 135.9375
v 343.43884277 -190.95220947 89.0625
v 337.18710327 -184.45918274 79.6875
v 331.78479004 -182.10490417 84.375
v 330.46459961 -208.66293335 117.1875
v 339.88153076 -204.01365662 107.8125
v 341.44900513 -202.46557617 112.5
v 319.3536377 -180.98448181 65.625
v 319.259552 -180.99475098 75
v 315.04806519 -181.75930786 75
v 344.39672852 -195.45108032 98.4375
v 344.36911011 -194.43008423 103.125
v 304.33392334 -202.67036438 145.3125
v 307.97717285 -205.67417908 150
v 341.41372681 -187.89430237 89.0625
v 337.3453064 -184.55430603 93.75
v 309.93148804 -206.76548767 140.625
v 342.97323608 -200.34675598 107.8125
v 343.61865234 -199.03805542 112.5
v 302.77819824 -189.79682922 51.5625
v 343.92453003 -192.19525146 98.4375
v 343.51800537 -191.12709045 103.125
v 341.51919556 -188.01509094 103.125
v 317.64929199 -209.18460083 135.9375
v 338.26623535 -205.25221252 117.1875
v 333.19223022 -207.82382202 121.875
v 342.97424316 -200.34498596 121.875
v 340.26184082 -203.67596436 121.875
v 326.48034668 -209.38943481 131.25
v 328.49310303 -209.09082031 126.5625
v 332.27947998 -208.13916016 131.25
v 308.17034912 -184.60580444 65.625
v 305.91564941 -186.21907043 60.9375
v 303.16534424 -189.1985321 65.625
v 344.28479004 -196.68534851 107.8125
v 344.39004517 -195.63725281 112.5
v 311.06402588 -207.28904724 145.3125
v 312.61483765 -207.89860535 150
v 314.47009277 -208.48612976 140.625
v 328.79959106 -181.36662292 93.75
v 334.68566895 -183.17611694 89.0625
v 333.27804565 -182.60775757 93.75
v 324.49807739 -209.55543518 135.9375
v 344.22802734 -193.38656616 107.8125
v 342.36367798 -189.09635925 112.5
v 343.96554565 -192.32643127 112.5
v 339.6423645 -186.18411255 98.4375
v 334.7237854 -183.19290161 103.125
v 336.65863037 -206.24533081 126.5625
v 338.88708496 -204.80937195 131.25
v 342.12658691 -201.63056946 131.25
v 321.43344116 -209.57115173 140.625
v 328.29190063 -209.12677002 140.625
v 302.13562012 -191.00778198 60.9375
v 343.99819946 -197.96458435 117.1875
v 344.2489624 -196.8999176 121.875
v 319.45828247 -209.42662048 145.3125
v 318.20996094 -209.27111816 150
v 324.31570435 -209.5644989 150
v 314.59448242 -181.8795166 84.375
v 319.3536377 -180.98448181 84.375
v 323.9793396 -180.82147217 84.375
v 319.44766235 -180.9744873 93.75
v 304.58813477 -187.45722961 70.3125
v 306.38577271 -185.83972168 75
v 302.43502808 -190.40058899 75
v 301.87954712 -191.61645508 65.625
v 301.87954712 -191.61645508 84.375
v 344.38269043 -194.6235199 117.1875
v 344.26455688 -193.58985901 121.875
v 331.82546997 -182.11734009 98.4375
v 337.21224976 -205.92581177 135.9375
v 324.07107544 -180.82495117 93.75
v 343.5173645 -199.27433777 126.5625
v 344.39276123 -194.8274231 131.25
v 337.37939453 -184.57504272 107.8125
v 339.68759155 -186.2217865 112.5
v 336.10699463 -183.85719299 112.5
v 343.43014526 -190.93345642 117.1875
v 342.66763306 -189.54954529 121.875
v 341.48846436 -187.97962952 121.875
v 341.0770874 -202.87416077 140.625
v 335.47982788 -206.85775757 140.625
v 330.33242798 -208.69604492 150
v 332.08041382 -208.20314026 145.3125
v 335.65475464 -206.77229309 150
v 344.3777771 -195.85293579 126.5625
v 322.63082886 -180.80044556 98.4375
v 303.59634399 -188.60777283 79.6875
v 308.17034912 -184.60580444 84.375
v 342.84713745 -200.56129456 135.9375
v 343.42626953 -199.47483826 140.625
v 331.10717773 -181.907547 107.8125
v 331.86608887 -182.12983704 112.5
v 327.33660889 -181.1211853 112.5
v 314.68807983 -181.85404968 93.75
v 310.15710449 -183.52444458 93.75
v 343.92861938 -192.20805359 126.5625
v 304.20626831 -187.87171936 84.375
v 301.20001221 -195.19999695 0
v 301.30145264 -196.59394836 37.5
v 338.64227295 -204.98847961 145.3125
v 339.83132935 -204.05674744 150
v 344.20809937 -197.11521912 135.9375
v 344.36264038 -196.04672241 140.625
v 305.91564941 -186.21907043 89.0625
v 304.0708313 -188.02664185 93.75
v 334.98892212 -183.31181335 117.1875
v 337.81552124 -184.848526 121.875
v 313.21472168 -182.29551697 98.4375
v 341.67520142 -188.19882202 126.5625
v 341.96557617 -201.84130859 145.3125
v 344.16503906 -197.31814575 150
v 332.85635376 -182.45585632 117.1875
v 344.29742432 -193.79827881 135.9375
v 344.08496094 -192.74957275 140.625
v 302.77819824 -189.79682922 89.0625
v 321.93109131 -180.81166077 107.8125
v 319.70556641 -180.9485321 107.8125
v 322.87789917 -180.8000946 112.5
v 307.63482666 -184.94595337 98.4375
v 343.86578369 -198.38276672 145.3125
v 305.46606445 -186.6081543 103.125
v 310.41314697 -183.40309143 103.125
v 316.44396973 -181.43756104 103.125
v 342.79876709 -189.7590332 135.9375
v 342.08956909 -188.72019958 140.625
v 334.77590942 -183.2159729 126.5625
v 340.45761108 -186.90625 131.25
v 335.69647217 -183.64836121 131.25
v 344.39849854 -195.03025818 145.3125
v 343.28424072 -190.63168335 150
v 332.63150024 -182.37811279 126.5625
v 331.40829468 -181.9929657 131.25
v 311.47720337 -182.9370575 107.8125
v 314.55200195 -181.89117432 112.5
v 307.11703491 -185.29815674 112.5
v 301.27151489 -194.02926636 103.125
v 301.49438477 -192.83068848 93.75
v 339.35281372 -185.94882202 135.9375
v 302.13562012 -191.00778198 98.4375
v 303.16534424 -189.1985321 103.125
v 343.74835205 -191.68959045 145.3125
v 311.76443481 -182.82122803 117.1875
v 317.13497925 -181.30407715 121.875
v 309.16217041 -184.03318787 121.875
v 303.72012329 -188.44989014 107.8125
v 302.43502808 -190.40058899 112.5
v 340.27114868 -186.73257446 145.3125
v 337.96286011 -184.94442749 150
v 337.42996216 -184.60598755 145.3125
v 301.66610718 -192.22468567 107.8125
v 301.30145264 -196.59394836 112.5
v 301.6194458 -198.02406311 75
v 322.03863525 -180.8089447 126.5625
v 314.2265625 -181.9828949 126.5625
v 319.17550659 -181.00418091 131.25
v 311.41925049 -182.96092224 131.25
v 305.10006714 -186.94645691 117.1875
v 303.48757935 -188.7505188 121.875
v 301.87954712 -191.61645508 121.875
v 301.49438477 -192.83068848 112.5
v 301.49438477 -192.83068848 131.25
v 301.27151489 -194.02926636 140.625
v 306.83825684 -185.49816895 126.5625
v 304.87039185 -187.16981506 131.25
v 330.94577026 -181.86322021 150
v 326.71261597 -181.03820801 145.3125
v 324.10464478 -180.82629395 150
v 303.36935425 -188.9103241 131.25
v 302.51437378 -190.25346375 126.5625
v 308.84762573 -184.20726013 135.9375
v 306.56533813 -185.7015686 140.625
v 310.37249756 -183.42210388 140.625
v 311.52767944 -182.91641235 145.3125
v 314.78173828 -181.82893372 140.625
v 313.6388855 -182.15930176 150
v 308.53787231 -184.38536072 150
v 303.59634399 -188.60777283 135.9375
v 302.59631348 -190.10658264 140.625
v 301.93780518 -191.46850586 135.9375
v 303.47525024 -188.76696777 145.3125
v 301.53231812 -192.68371582 145.3125
v 304.5730896 -187.47299194 150
v 318.20996094 -209.27111816 0
v 315.18789673 -208.67616272 4.6875
v 312.61483765 -207.89860535 0
v 311.06402588 -207.28904724 4.6875
v 319.45828247 -209.42662048 4.6875
v 314.47009277 -208.48612976 9.375
v 309.93148804 -206.76548767 9.375
v 312.77041626 -207.95350647 14.0625
v 308.32794189 -205.88995361 14.0625
v 310.88891602 -207.21269226 18.75
v 315.77755737 -208.81771851 18.75
v 317.64929199 -209.18460083 14.0625
v 330.33242798 -208.69604492 0
v 328.18945312 -209.14454651 2.34375
v 324.31570435 -209.5644989 0
v 332.08041382 -208.20314026 4.6875
v 328.29190063 -209.12677002 9.375
v 323.83099365 -209.58358765 7.03125
v 321.43344116 -209.57115173 9.375
v 337.21224976 -205.92581177 14.0625
v 332.95846558 -207.90809631 11.71875
v 335.47982788 -206.85775757 9.375
v 332.27947998 -208.13916016 18.75
v 326.48034668 -209.38943481 18.75
v 328.39065552 -209.10929871 16.40625
v 324.49807739 -209.55543518 14.0625
v 328.49310303 -209.09082031 23.4375
v 324.59609985 -209.55012512 21.09375
v 320.81387329 -209.53900146 18.75
v 324.69784546 -209.54431152 28.125
v 322.93939209 -209.59970093 23.4375
v 317.40090942 -209.14289856 23.4375
v 321.1031189 -209.55549622 25.78125
v 319.41143799 -209.42169189 28.125
v 316.0475769 -208.87828064 32.8125
v 313.98184204 -208.34533691 28.125
v 311.20248413 -207.34829712 32.8125
v 314.09533691 -208.37892151 37.5
v 321.01028442 -209.55049133 32.8125
v 317.21032715 -209.10948181 37.5
v 332.73782349 -207.98539734 23.4375
v 333.19223022 -207.82382202 28.125
v 336.65863037 -206.24533081 23.4375
v 328.96737671 -209.00053406 28.125
v 330.46459961 -208.66293335 32.8125
v 325.66482544 -209.47277832 32.8125
v 322.94796753 -209.59965515 37.5
v 321.10827637 -209.55577087 39.84375
v 324.89453125 -209.53213501 42.1875
v 326.66427612 -209.36769104 35.15625
v 328.70169067 -209.05207825 37.5
v 319.54824829 -209.43588257 42.1875
v 314.05535889 -208.36715698 42.1875
v 321.20614624 -209.56074524 46.875
v 317.63955688 -209.18299866 44.53125
v 316.05288696 -208.87944031 46.875
v 306.35412598 -204.53555298 51.5625
v 309.71160889 -206.65530396 53.90625
v 308.22067261 -205.82499695 56.25
v 311.02667236 -207.27290344 46.875
v 313.60943604 -208.23147583 56.25
v 317.41149902 -209.14471436 51.5625
v 344.33895874 -196.28179932 14.0625
v 344.10879517 -197.55661011 18.75
v 342.84713745 -200.56129456 14.0625
v 342.12658691 -201.63056946 18.75
v 344.18447876 -193.17089844 18.75
v 344.38336182 -194.63496399 23.4375
v 343.69488525 -198.84927368 23.4375
v 329.29495239 -208.93359375 42.1875
v 333.62353516 -207.66169739 42.1875
v 329.88699341 -208.80285645 46.875
v 325.47750854 -209.48893738 46.875
v 325.21487427 -209.50971985 51.5625
v 340.08062744 -186.56056213 9.375
v 336.41552734 -184.02110291 9.375
v 338.04568481 -184.99914551 14.0625
v 331.99484253 -182.1698761 9.375
v 335.95254517 -183.77740479 4.6875
v 336.15652466 -183.88308716 14.0625
v 331.4730835 -182.01184082 4.6875
v 326.71261597 -181.03820801 4.6875
v 330.94577026 -181.86322021 0
v 321.40151978 -209.5697937 60.9375
v 317.51208496 -209.16181946 58.59375
v 319.42196655 -209.42280579 56.25
v 317.6126709 -209.17857361 65.625
v 309.83102417 -206.71551514 60.9375
v 313.60424805 -208.22984314 63.28125
v 311.66891479 -207.54069519 65.625
v 334.18011475 -207.43933105 46.875
v 333.93081665 -207.54081726 51.5625
v 335.87927246 -206.65992737 51.5625
v 338.01016235 -205.42437744 46.875
v 329.35455322 -208.92098999 56.25
v 329.62094116 -208.86315918 51.5625
v 333.54629517 -207.69137573 56.25
v 322.50134277 -180.80137634 2.34375
v 322.57684326 -180.80076599 9.375
v 324.10464478 -180.82629395 0
v 318.26693726 -181.12068176 0
v 325.3137207 -209.50215149 58.59375
v 325.09164429 -209.51872253 56.25
v 326.9453125 -181.06767273 14.0625
v 327.24417114 -181.10809326 9.375
v 335.69647217 -183.64836121 18.75
v 331.70214844 -182.07984924 14.0625
v 331.40829468 -181.9929657 18.75
v 323.98538208 -209.57829285 65.625
v 325.86056519 -209.45471191 63.28125
v 330.45855713 -208.66445923 65.625
v 321.82739258 -209.58538818 67.96875
v 325.96005249 -209.44506836 70.3125
v 321.59631348 -209.57762146 75
v 317.71322632 -209.19499207 72.65625
v 313.80575562 -208.29222107 70.3125
v 315.79870605 -208.82255554 75
v 317.71322632 -209.19499207 77.34375
v 313.80575562 -208.29222107 79.6875
v 317.6126709 -209.17857361 84.375
v 323.04852295 -180.8009491 16.40625
v 322.03863525 -180.8089447 23.4375
v 319.17550659 -181.00418091 18.75
v 326.87051392 -181.05801392 18.75
v 334.40893555 -207.34344482 63.28125
v 335.80731201 -206.6962738 65.625
v 337.94561768 -205.46688843 60.9375
v 327.29086304 -181.1146698 23.4375
v 332.63150024 -182.37811279 23.4375
v 310.37249756 -183.42210388 9.375
v 306.8722229 -185.47338867 4.6875
v 306.56533813 -185.7015686 9.375
v 311.52767944 -182.91641235 4.6875
v 304.5730896 -187.47299194 0
v 308.53787231 -184.38536072 0
v 303.47525024 -188.76696777 4.6875
v 339.82608032 -204.06123352 56.25
v 343.02426147 -200.25695801 56.25
v 342.27120972 -201.43367004 60.9375
v 344.11099243 -197.54776001 60.9375
v 341.07241821 -202.87908936 51.5625
v 344.3140564 -196.48318481 56.25
v 343.60800171 -199.06361389 51.5625
v 313.60424805 -208.22984314 86.71875
v 311.66891479 -207.54069519 84.375
v 309.83102417 -206.71551514 89.0625
v 329.54376221 -208.88018799 72.65625
v 327.28915405 -209.28556824 75
v 327.40750122 -181.13142395 28.125
v 332.85635376 -182.45585632 32.8125
v 321.82739258 -209.58538818 82.03125
v 325.96005249 -209.44506836 79.6875
v 323.98538208 -209.57829285 84.375
v 333.06887817 -207.86859131 75
v 329.54376221 -208.88018799 77.34375
v 309.71160889 -206.65530396 96.09375
v 306.35412598 -204.53555298 98.4375
v 308.22067261 -205.82499695 93.75
v 339.82424927 -204.06277466 70.3125
v 336.7270813 -206.20700073 72.65625
v 327.52416992 -181.14863586 32.8125
v 331.86608887 -182.12983704 37.5
v 327.33660889 -181.1211853 37.5
v 322.26263428 -180.80445862 32.8125
v 317.51208496 -209.16181946 91.40625
v 321.40151978 -209.5697937 89.0625
v 330.45855713 -208.66445923 84.375
v 325.86056519 -209.45471191 86.71875
v 336.7270813 -206.20700073 77.34375
v 325.3137207 -209.50215149 91.40625
v 316.99621582 -181.32954407 32.8125
v 326.45730591 -181.00791931 42.1875
v 331.10717773 -181.907547 42.1875
v 325.58328247 -180.92004395 46.875
v 318.4385376 -181.09660339 35.15625
v 336.06036377 -183.83293152 51.5625
v 334.7237854 -183.19290161 46.875
v 339.6423645 -186.18411255 51.5625
v 330.23318481 -181.67951965 46.875
v 334.40893555 -207.34344482 86.71875
v 317.63955688 -209.18299866 105.46875
v 327.18588257 -181.09997559 51.5625
v 329.62094116 -208.86315918 98.4375
v 329.88699341 -208.80285645 103.125
v 319.54824829 -209.43588257 107.8125
v 321.07632446 -180.84591675 46.875
v 325.47750854 -209.48893738 103.125
v 321.10827637 -209.55577087 110.15625
v 316.0475769 -208.87828064 117.1875
v 317.9487915 -181.1678772 51.5625
v 334.18011475 -207.43933105 103.125
v 329.29495239 -208.93359375 107.8125
v 307.03799438 -185.35409546 42.1875
v 343.02426147 -200.25695801 93.75
v 326.66427612 -209.36769104 114.84375
v 325.66482544 -209.47277832 117.1875
v 321.1031189 -209.55549622 124.21875
v 322.93939209 -209.59970093 126.5625
v 312.77041626 -207.95350647 135.9375
v 328.96737671 -209.00053406 121.875
v 324.59609985 -209.55012512 128.90625
v 332.73782349 -207.98539734 126.5625
v 315.18789673 -208.67616272 145.3125
v 328.39065552 -209.10929871 133.59375
v 336.06036377 -183.83293152 98.4375
v 307.44290161 -185.07369995 72.65625
v 310.9888916 -183.14350891 75
v 323.83099365 -209.58358765 142.96875
v 332.95846558 -207.90809631 138.28125
v 327.18588257 -181.09997559 98.4375
v 325.58328247 -180.92004395 103.125
v 328.18945312 -209.14454651 147.65625
v 330.23318481 -181.67951965 103.125
v 317.9487915 -181.1678772 98.4375
v 326.45730591 -181.00791931 107.8125
v 321.07632446 -180.84591675 103.125
v 343.45181274 -190.98034668 131.25
v 322.26263428 -180.80445862 117.1875
v 327.52416992 -181.14863586 117.1875
v 327.40750122 -181.13142395 121.875
v 318.4385376 -181.09660339 114.84375
v 316.99621582 -181.32954407 117.1875
v 327.29086304 -181.1146698 126.5625
v 326.87051392 -181.05801392 131.25
v 307.03799438 -185.35409546 107.8125
v 331.44515991 -182.00367737 133.59375
v 326.9453125 -181.06767273 135.9375
v 333.63815308 -182.74395752 135.9375
v 332.43701172 -182.31266785 140.625
v 323.04852295 -180.8009491 133.59375
v 322.57684326 -180.80076599 140.625
v 332.32385254 -182.27532959 145.3125
v 322.50134277 -180.80137634 147.65625
v 318.26693726 -181.12068176 150
v 306.8722229 -185.47338867 145.3125
v 318.67913818 -181.06448364 5.859375
v 313.6388855 -182.15930176 0
v 314.78173828 -181.82893372 9.375
v 330.20272827 -208.72790527 63.28125
v 318.96591187 -181.02867126 12.890625
v 332.77069092 -207.97401428 69.140625
v 322.29656982 -180.8039093 28.125
v 332.77069092 -207.97401428 80.859375
v 330.20272827 -208.72790527 86.71875
v 310.8132019 -183.2208252 69.140625
v 322.29656982 -180.8039093 121.875
v 336.15466309 -183.8821106 138.28125
v 327.47143555 -181.14079285 140.625
v 318.96591187 -181.02867126 137.109375
v 318.67913818 -181.06448364 144.140625
v 308.84762573 -184.20726013 14.0625
v 313.71105957 -182.1368866 13.4765625
v 315.13217163 -181.73788452 15.8203125
v 338.36181641 -185.21357727 141.796875
v 315.13217163 -181.73788452 134.1796875
v 313.71105957 -182.1368866 136.5234375
v 301.25656128 -196.24131775 9.375
v 301.43218994 -197.3057251 18.75
v 301.73492432 -198.38482666 28.125
v 302.17102051 -199.46902466 37.5
v 308.53527832 -206.0131073 28.125
v 342.36367798 -189.09635925 37.5
v 341.51919556 -188.01509094 46.875
v 343.51800537 -191.12709045 46.875
v 327.50341797 -181.14553833 75
v 302.96652222 -200.90354919 0
v 301.39428711 -197.12705994 4.6875
v 302.01052856 -199.10769653 9.375
v 307.97717285 -205.67417908 0
v 304.33392334 -202.67036438 4.6875
v 306.08459473 -204.3203125 9.375
v 303.02987671 -201.00045776 14.0625
v 304.47763062 -202.82601929 18.75
v 302.07061768 -199.24705505 23.4375
v 303.14889526 -201.17750549 28.125
v 306.32598877 -204.51347351 23.4375
v 335.65475464 -206.77229309 0
v 304.60003662 -202.95518494 32.8125
v 303.92202759 -202.1978302 37.5
v 306.44146729 -204.60350037 37.5
v 301.55957031 -197.8165741 42.1875
v 302.31903076 -199.77478027 65.625
v 301.98736572 -199.05253601 46.875
v 339.83132935 -204.05674744 0
v 338.64227295 -204.98847961 4.6875
v 341.0770874 -202.87416077 9.375
v 302.8034668 -200.64460754 42.1875
v 304.74954224 -203.10896301 46.875
v 344.16503906 -197.31814575 0
v 341.96557617 -201.84130859 4.6875
v 343.42626953 -199.47483826 9.375
v 338.88708496 -204.80937195 18.75
v 343.86578369 -198.38276672 4.6875
v 344.39993286 -195.23199463 9.375
v 308.59780884 -206.04963684 42.1875
v 302.59255981 -200.28678894 51.5625
v 303.37893677 -201.50280762 56.25
v 344.3421936 -196.25289917 4.6875
v 340.26184082 -203.67596436 28.125
v 343.28424072 -190.63168335 0
v 344.13717651 -192.960495 4.6875
v 343.82589722 -191.90205383 9.375
v 335.9510498 -206.62336731 37.5
v 337.96286011 -184.94442749 0
v 341.94586182 -188.53347778 4.6875
v 342.62002563 -189.47572327 9.375
v 304.79492188 -203.15478516 60.9375
v 306.55050659 -204.68716431 65.625
v 344.34918213 -194.21270752 14.0625
v 342.97424316 -200.34498596 28.125
v 344.36056519 -196.06973267 28.125
v 338.26623535 -205.25221252 32.8125
v 341.44900513 -202.46557617 37.5
v 343.00302124 -190.10543823 14.0625
v 341.79779053 -188.34777832 18.75
v 303.48886108 -201.65118408 70.3125
v 305.08389282 -203.43812561 75
v 344.36816406 -194.41859436 28.125
v 343.76940918 -191.74589539 23.4375
v 343.11999512 -190.31654358 28.125
v 308.28216553 -205.86235046 70.3125
v 310.19830322 -206.89533997 75
v 344.11245728 -197.54185486 32.8125
v 343.61865234 -199.03805542 37.5
v 344.39004517 -195.63725281 37.5
v 339.88153076 -204.01365662 42.1875
v 342.12402344 -201.63400269 46.875
v 302.31903076 -199.77478027 84.375
v 303.48886108 -201.65118408 79.6875
v 306.55050659 -204.68716431 84.375
v 342.97323608 -200.34675598 42.1875
v 344.05783081 -197.75302124 46.875
v 344.22692871 -193.38070679 32.8125
v 343.96554565 -192.32643127 37.5
v 340.01843262 -186.5055542 23.4375
v 337.81552124 -184.848526 28.125
v 308.28216553 -205.86235046 79.6875
v 344.28479004 -196.68534851 42.1875
v 344.36911011 -194.43008423 46.875
v 334.77590942 -183.2159729 23.4375
v 341.67520142 -188.19882202 32.8125
v 339.68759155 -186.2217865 37.5
v 304.79492188 -203.15478516 89.0625
v 303.37893677 -201.50280762 93.75
v 344.22802734 -193.38656616 42.1875
v 341.44607544 -202.46893311 65.625
v 302.59255981 -200.28678894 98.4375
v 301.98736572 -199.05253601 103.125
v 336.10699463 -183.85719299 37.5
v 334.98892212 -183.31181335 32.8125
v 344.39672852 -195.45108032 51.5625
v 301.55957031 -197.8165741 107.8125
v 343.92453003 -192.19525146 51.5625
v 337.37939453 -184.57504272 42.1875
v 301.53231812 -192.68371582 4.6875
v 634.33984375 -168.5280304 150
v 634.20013428 -167.73571777 0
v 634.33984375 -168.5280304 0
v 634.20013428 -167.73571777 150
v 634.74206543 -169.22479248 150
v 634.74206543 -169.22479248 0
v 635.35839844 -169.74194336 0
v 635.35839844 -169.74194336 150
v 634.20013428 -153.42228699 0
v 634.20013428 -153.42228699 150
v 634.74206543 -151.93321228 150
v 635.35839844 -151.4160614 0
v 634.74206543 -151.93321228 0
v 635.35839844 -151.4160614 150
v 634.33984375 -152.62995911 150
v 634.33984375 -152.62995911 0
v 647.75421143 -144.25933838 0
v 647.75421143 -144.25933838 150
v 649.3147583 -143.98417664 150
v 650.07080078 -144.25933838 0
v 649.3147583 -143.98417664 0
v 650.07080078 -144.25933838 150
v 648.51025391 -143.98417664 150
v 648.51025391 -143.98417664 0
v 662.46661377 -151.4160614 0
v 662.46661377 -151.4160614 150
v 663.48516846 -152.62995911 150
v 663.62487793 -153.42228699 0
v 663.48516846 -152.62995911 0
v 663.62487793 -153.42228699 150
v 663.08288574 -151.93321228 150
v 663.08288574 -151.93321228 0
v 663.62487793 -167.73571777 0
v 663.62487793 -167.73571777 150
v 663.08288574 -169.22479248 150
v 662.46661377 -169.74194336 0
v 663.08288574 -169.22479248 0
v 662.46661377 -169.74194336 150
v 663.48516846 -168.5280304 150
v 663.48516846 -168.5280304 0
v 650.07080078 -176.89865112 0
v 650.07080078 -176.89865112 150
v 647.75421143 -176.89865112 150
v 647.75421143 -176.89865112 0
v 648.51025391 -177.17382812 0
v 648.51025391 -177.17382812 150
v 649.3147583 -177.17382812 0
v 649.3147583 -177.17382812 150
v 372.72000122 -140.96000671 150
v 372.72000122 -140.96000671 0
v 407.27999878 -140.96000671 0
v 407.27999878 -140.96000671 150
v 369.83999634 -138.08000183 150
v 369.83999634 -138.08000183 0
v 370.2258606 -139.52000427 0
v 370.2258606 -139.52000427 150
v 371.27999878 -140.57415771 0
v 371.27999878 -140.57415771 150
v 369.83999634 -117.91999817 150
v 369.83999634 -117.91999817 0
v 372.72000122 -115.04000092 150
v 372.72000122 -115.04000092 0
v 371.27999878 -115.42584991 0
v 371.27999878 -115.42584991 150
v 370.2258606 -116.48000336 150
v 370.2258606 -116.48000336 0
v 407.27999878 -115.04000092 150
v 407.27999878 -115.04000092 0
v 409.7741394 -116.48000336 150
v 410.16000366 -117.91999817 0
v 409.7741394 -116.48000336 0
v 410.16000366 -117.91999817 150
v 408.72000122 -115.42584991 150
v 408.72000122 -115.42584991 0
v 410.16000366 -138.08000183 150
v 410.16000366 -138.08000183 0
v 408.72000122 -140.57415771 0
v 408.72000122 -140.57415771 150
v 409.7741394 -139.52000427 150
v 409.7741394 -139.52000427 0
v 687.30285645 -56.6680603 150
v 686.75030518 -52.47100067 150
v 686.75030518 -52.47100067 0
v 687.30285645 -56.6680603 0
v 688.92285156 -60.57910156 150
v 688.92285156 -60.57910156 0
v 691.49993896 -63.93758392 150
v 691.49993896 -63.93758392 0
v 694.85839844 -66.51464081 150
v 694.85839844 -66.51464081 0
v 698.76940918 -68.13464355 150
v 698.76940918 -68.13464355 0
v 702.9664917 -68.68720245 150
v 702.9664917 -68.68720245 0
v 707.16357422 -68.13464355 0
v 707.16357422 -68.13464355 150
v 711.07458496 -66.51464081 150
v 711.07458496 -66.51464081 0
v 714.43310547 -63.93758392 150
v 714.43310547 -63.93758392 0
v 717.01013184 -60.57910156 150
v 717.01013184 -60.57910156 0
v 718.63012695 -56.6680603 150
v 718.63012695 -56.6680603 0
v 719.18267822 -52.47100067 150
v 719.18267822 -52.47100067 0
v 718.63012695 -48.27393723 150
v 718.63012695 -48.27393723 0
v 717.01013184 -44.36289978 0
v 717.01013184 -44.36289978 150
v 714.43310547 -41.0044136 0
v 714.43310547 -41.0044136 150
v 711.07458496 -38.42736053 150
v 711.07458496 -38.42736053 0
v 707.16357422 -36.80735397 0
v 707.16357422 -36.80735397 150
v 702.9664917 -36.25479889 150
v 702.9664917 -36.25479889 0
v 698.76940918 -36.80735397 0
v 698.76940918 -36.80735397 150
v 694.85839844 -38.42736053 150
v 694.85839844 -38.42736053 0
v 691.49993896 -41.0044136 0
v 691.49993896 -41.0044136 150
v 688.92285156 -44.36289978 150
v 688.92285156 -44.36289978 0
v 687.30285645 -48.27393723 0
v 687.30285645 -48.27393723 150
v 437.48052979 -64.99150085 150
v 437.04000854 -60.79999924 150
v 437.04000854 -60.79999924 0
v 437.48052979 -64.99150085 0
v 438.78292847 -68.99980927 150
v 438.78292847 -68.99980927 0
v 440.89022827 -72.64974976 150
v 440.89022827 -72.64974976 0
v 443.71032715 -75.78179932 150
v 443.71032715 -75.78179932 0
v 447.11999512 -78.25907135 150
v 447.11999512 -78.25907135 0
v 450.97021484 -79.97329712 0
v 450.97021484 -79.97329712 150
v 455.0927124 -80.8495636 150
v 455.0927124 -80.8495636 0
v 459.30728149 -80.8495636 0
v 459.30728149 -80.8495636 150
v 463.42977905 -79.97329712 0
v 463.42977905 -79.97329712 150
v 467.27999878 -78.25907135 150
v 467.27999878 -78.25907135 0
v 470.68966675 -75.78179932 150
v 470.68966675 -75.78179932 0
v 473.50979614 -72.64974976 150
v 473.50979614 -72.64974976 0
v 475.61706543 -68.99980927 0
v 475.61706543 -68.99980927 150
v 476.91946411 -64.99150085 0
v 476.91946411 -64.99150085 150
v 477.35998535 -60.79999924 150
v 477.35998535 -60.79999924 0
v 476.91946411 -56.60850143 150
v 476.91946411 -56.60850143 0
v 475.61706543 -52.60018921 0
v 475.61706543 -52.60018921 150
v 473.50979614 -48.95024872 150
v 473.50979614 -48.95024872 0
v 470.68966675 -45.81819916 150
v 470.68966675 -45.81819916 0
v 467.27999878 -43.34092712 0
v 467.27999878 -43.34092712 150
v 463.42977905 -41.62670135 150
v 463.42977905 -41.62670135 0
v 459.30728149 -40.75043869 150
v 459.30728149 -40.75043869 0
v 455.0927124 -40.75043869 150
v 455.0927124 -40.75043869 0
v 450.97021484 -41.62670135 150
v 450.97021484 -41.62670135 0
v 447.11999512 -43.34092712 150
v 447.11999512 -43.34092712 0
v 443.71032715 -45.81819916 150
v 443.71032715 -45.81819916 0
v 440.89022827 -48.95024872 150
v 440.89022827 -48.95024872 0
v 438.78292847 -52.60018921 150
v 438.78292847 -52.60018921 0
v 437.48052979 -56.60850143 0
v 437.48052979 -56.60850143 150
v 114.26075745 -215.63671875 150
v 115.42176056 -216.0592804 0
v 114.26075745 -215.63671875 0
v 115.42176056 -216.0592804 150
v 113.02524567 -215.63671875 150
v 113.02524567 -215.63671875 0
v 111.86424255 -216.0592804 0
v 111.86424255 -216.0592804 150
v 134.45751953 -227.04959106 0
v 134.45751953 -227.04959106 150
v 136.23628235 -230.13049316 150
v 136.23628235 -230.13049316 0
v 136.02174377 -228.91375732 0
v 136.02174377 -228.91375732 150
v 135.4039917 -227.84376526 150
v 135.4039917 -227.84376526 0
v 136.23628235 -252.11109924 0
v 136.23628235 -252.11109924 150
v 135.4039917 -254.39782715 150
v 134.45751953 -255.19200134 0
v 135.4039917 -254.39782715 0
v 134.45751953 -255.19200134 150
v 136.02174377 -253.32785034 150
v 136.02174377 -253.32785034 0
v 115.42176056 -266.18231201 0
v 115.42176056 -266.18231201 150
v 113.02524567 -266.60488892 150
v 111.86424255 -266.18231201 0
v 113.02524567 -266.60488892 0
v 114.26075745 -266.60488892 0
v 111.86424255 -266.18231201 150
v 114.26075745 -266.60488892 150
v 92.82847595 -255.19200134 150
v 92.82847595 -255.19200134 0
v 91.04971313 -252.11109924 150
v 91.04971313 -252.11109924 0
v 91.26425934 -253.32785034 0
v 91.26425934 -253.32785034 150
v 91.88201141 -254.39782715 150
v 91.88201141 -254.39782715 0
v 91.04971313 -230.13049316 0
v 91.04971313 -230.13049316 150
v 91.88201141 -227.84376526 150
v 92.82847595 -227.04959106 0
v 91.88201141 -227.84376526 0
v 92.82847595 -227.04959106 150
v 91.26425934 -228.91375732 150
v 91.26425934 -228.91375732 0
v 138.54563904 -145.66067505 150
v 138.54563904 -170.56332397 0
v 138.54563904 -145.66067505 0
v 138.54563904 -170.56332397 150
v 134.9881134 -174.12083435 150
v 134.9881134 -174.12083435 0
v 136.76687622 -173.64422607 0
v 136.76687622 -173.64422607 150
v 138.0690155 -172.34208679 0
v 138.0690155 -172.34208679 150
v 92.29788208 -174.12083435 0
v 92.29788208 -174.12083435 150
v 89.21697998 -172.34208679 150
v 88.74035645 -170.56332397 0
v 89.21697998 -172.34208679 0
v 88.74035645 -170.56332397 150
v 90.51911926 -173.64422607 150
v 90.51911926 -173.64422607 0
v 88.74035645 -145.66067505 0
v 88.74035645 -145.66067505 150
v 90.51911926 -142.57977295 150
v 92.29788208 -142.10316467 0
v 90.51911926 -142.57977295 0
v 89.21697998 -143.88192749 0
v 92.29788208 -142.10316467 150
v 89.21697998 -143.88192749 150
v 134.9881134 -142.10316467 0
v 134.9881134 -142.10316467 150
v 138.0690155 -143.88192749 150
v 138.0690155 -143.88192749 0
v 136.76687622 -142.57977295 0
v 136.76687622 -142.57977295 150
v 371.88323975 -205.08224487 150
v 371.70953369 -204.097229 0
v 371.88323975 -205.08224487 0
v 371.70953369 -204.097229 150
v 372.3833313 -205.94845581 150
v 372.3833313 -205.94845581 0
v 373.14953613 -206.59138489 150
v 373.14953613 -206.59138489 0
v 371.70953369 -186.30276489 150
v 371.70953369 -186.30276489 0
v 373.14953613 -183.80860901 150
v 373.14953613 -183.80860901 0
v 372.3833313 -184.45153809 0
v 372.3833313 -184.45153809 150
v 371.88323975 -185.31774902 0
v 371.88323975 -185.31774902 150
v 388.55999756 -174.91137695 0
v 388.55999756 -174.91137695 150
v 391.44000244 -174.91137695 150
v 391.44000244 -174.91137695 0
v 390.50009155 -174.56929016 0
v 390.50009155 -174.56929016 150
v 389.49990845 -174.56929016 150
v 389.49990845 -174.56929016 0
v 406.85046387 -183.80860901 0
v 406.85046387 -183.80860901 150
v 408.11676025 -185.31774902 150
v 408.29046631 -186.30276489 0
v 408.11676025 -185.31774902 0
v 408.29046631 -186.30276489 150
v 407.6166687 -184.45153809 150
v 407.6166687 -184.45153809 0
v 408.29046631 -204.097229 150
v 408.29046631 -204.097229 0
v 406.85046387 -206.59138489 150
v 406.85046387 -206.59138489 0
v 407.6166687 -205.94845581 0
v 407.6166687 -205.94845581 150
v 408.11676025 -205.08224487 0
v 408.11676025 -205.08224487 150
v 391.44000244 -215.48861694 150
v 391.44000244 -215.48861694 0
v 389.49990845 -215.83070374 150
v 388.55999756 -215.48861694 0
v 389.49990845 -215.83070374 0
v 388.55999756 -215.48861694 150
v 390.50009155 -215.83070374 150
v 390.50009155 -215.83070374 0
f 1 2 3
f 1 4 2
f 5 3 6
f 5 1 3
f 7 5 6
f 8 4 1
f 9 10 4
f 9 4 8
f 11 12 10
f 11 10 9
f 13 14 12
f 13 12 11
f 15 16 13
f 13 16 14
f 17 6 3
f 18 17 3
f 19 3 2
f 19 18 3
f 20 2 4
f 20 19 2
f 21 22 23
f 24 21 23
f 25 26 27
f 28 27 29
f 28 25 27
f 30 29 22
f 30 28 29
f 21 30 22
f 31 10 12
f 32 31 12
f 33 12 14
f 33 32 12
f 34 14 16
f 34 33 14
f 31 4 10
f 31 20 4
f 35 23 36
f 35 24 23
f 37 36 38
f 37 35 36
f 39 38 40
f 39 37 38
f 39 24 35
f 39 35 37
f 21 24 39
f 28 30 21
f 19 17 18
f 25 21 39
f 25 28 21
f 20 17 19
f 31 17 20
f 34 39 17
f 34 25 39
f 34 17 31
f 33 31 32
f 33 34 31
f 41 15 13
f 42 13 11
f 42 41 13
f 43 11 9
f 43 42 11
f 44 43 9
f 45 9 8
f 45 44 9
f 46 8 1
f 46 45 8
f 47 1 5
f 47 5 7
f 47 46 1
f 48 47 7
f 16 49 26
f 16 15 49
f 50 49 15
f 41 50 15
f 25 34 16
f 25 16 26
f 51 52 53
f 51 54 52
f 55 53 56
f 55 56 49
f 55 51 53
f 50 55 49
f 57 58 52
f 54 57 52
f 59 60 61
f 62 59 61
f 63 61 64
f 63 62 61
f 57 64 58
f 57 63 64
f 6 40 60
f 7 6 60
f 39 40 6
f 17 39 6
f 59 48 7
f 59 7 60
f 48 45 46
f 48 46 47
f 44 45 48
f 42 43 44
f 41 44 48
f 41 42 44
f 57 59 62
f 57 62 63
f 54 48 59
f 54 59 57
f 54 41 48
f 50 41 54
f 55 54 51
f 55 50 54
f 23 40 36
f 36 40 38
f 23 22 40
f 29 27 22
f 22 26 40
f 27 26 22
f 60 58 61
f 61 58 64
f 60 52 58
f 40 49 60
f 26 49 40
f 60 49 52
f 52 56 53
f 49 56 52
f 65 66 67
f 65 68 66
f 69 70 71
f 69 72 70
f 73 71 74
f 73 69 71
f 68 74 66
f 68 73 74
f 72 75 70
f 72 76 75
f 77 78 79
f 77 80 78
f 81 79 82
f 81 77 79
f 76 82 75
f 76 81 82
f 80 83 78
f 80 84 83
f 85 86 87
f 85 87 88
f 85 89 86
f 90 85 88
f 84 88 83
f 84 90 88
f 91 92 86
f 89 91 86
f 93 94 95
f 96 95 97
f 96 93 95
f 98 96 97
f 91 97 92
f 91 98 97
f 93 99 94
f 93 100 99
f 101 102 103
f 101 104 102
f 105 103 106
f 105 106 99
f 105 101 103
f 100 105 99
f 104 107 102
f 104 108 107
f 109 67 110
f 109 65 67
f 111 110 112
f 111 109 110
f 108 112 107
f 108 111 112
f 72 69 73
f 72 73 68
f 113 68 65
f 113 65 114
f 115 65 109
f 115 109 111
f 115 111 108
f 115 114 65
f 116 68 113
f 117 108 104
f 117 104 101
f 117 101 105
f 117 115 108
f 100 117 105
f 118 68 116
f 119 117 100
f 120 72 68
f 121 72 120
f 122 120 68
f 122 68 118
f 123 72 121
f 124 119 100
f 125 122 118
f 125 118 126
f 76 123 127
f 76 72 123
f 128 125 126
f 128 126 129
f 130 76 127
f 131 128 129
f 131 129 132
f 80 77 81
f 80 81 76
f 80 76 130
f 133 80 130
f 134 80 133
f 135 132 136
f 137 138 131
f 137 131 132
f 137 132 135
f 139 136 140
f 139 135 136
f 141 142 138
f 141 138 137
f 143 139 140
f 143 140 144
f 145 146 142
f 145 142 141
f 93 124 100
f 93 143 144
f 93 147 124
f 93 144 147
f 93 148 143
f 149 150 146
f 149 146 145
f 91 93 96
f 91 96 98
f 91 148 93
f 151 148 91
f 152 150 149
f 153 151 91
f 84 154 155
f 84 156 154
f 84 152 156
f 89 84 155
f 89 157 153
f 89 155 157
f 89 153 91
f 85 84 89
f 85 90 84
f 84 80 134
f 84 134 150
f 84 150 152
f 158 141 137
f 159 137 135
f 159 158 137
f 160 159 135
f 161 135 139
f 161 139 143
f 161 160 135
f 162 161 143
f 163 143 148
f 163 162 143
f 164 148 151
f 164 163 148
f 165 151 153
f 165 164 151
f 166 153 157
f 166 165 153
f 167 157 155
f 167 166 157
f 168 155 154
f 168 167 155
f 169 154 156
f 169 168 154
f 170 156 152
f 170 169 156
f 171 152 149
f 171 149 145
f 171 170 152
f 172 171 145
f 158 145 141
f 158 172 145
f 171 158 159
f 171 159 160
f 171 172 158
f 164 162 163
f 170 160 161
f 170 161 162
f 170 171 160
f 169 170 162
f 169 162 164
f 166 164 165
f 167 168 169
f 167 164 166
f 167 169 164
f 173 123 121
f 174 121 120
f 174 173 121
f 175 174 120
f 176 120 122
f 176 122 125
f 176 175 120
f 177 176 125
f 178 125 128
f 178 177 125
f 179 128 131
f 179 178 128
f 180 131 138
f 180 179 131
f 181 138 142
f 181 180 138
f 182 142 146
f 182 181 142
f 183 146 150
f 183 182 146
f 184 150 134
f 184 183 150
f 185 134 133
f 185 184 134
f 186 133 130
f 186 130 127
f 186 185 133
f 187 186 127
f 173 127 123
f 173 187 127
f 187 173 174
f 179 177 178
f 185 174 175
f 185 175 176
f 185 176 177
f 185 186 187
f 185 187 174
f 184 185 177
f 184 177 179
f 183 184 179
f 182 179 180
f 182 180 181
f 182 183 179
f 188 116 113
f 189 113 114
f 189 188 113
f 190 189 114
f 191 114 115
f 191 115 117
f 191 190 114
f 192 191 117
f 193 117 119
f 193 192 117
f 194 119 124
f 194 193 119
f 195 124 147
f 195 194 124
f 196 147 144
f 196 195 147
f 197 144 140
f 197 196 144
f 198 140 136
f 198 197 140
f 199 136 132
f 199 198 136
f 200 132 129
f 200 199 132
f 201 129 126
f 201 126 118
f 201 200 129
f 202 201 118
f 188 118 116
f 188 202 118
f 200 188 189
f 200 189 190
f 200 190 191
f 200 191 192
f 200 201 202
f 200 202 188
f 199 192 193
f 199 193 194
f 199 200 192
f 196 194 195
f 198 199 194
f 198 194 196
f 197 198 196
f 67 112 110
f 67 107 112
f 71 70 74
f 74 70 66
f 67 102 107
f 102 106 103
f 66 99 67
f 67 99 102
f 102 99 106
f 79 78 82
f 82 78 75
f 75 78 70
f 70 78 66
f 66 94 99
f 78 94 66
f 94 92 95
f 95 92 97
f 78 83 94
f 94 83 92
f 83 86 92
f 88 87 83
f 83 87 86
f 203 204 205
f 206 205 207
f 206 203 205
f 208 209 204
f 208 204 203
f 210 206 207
f 211 212 209
f 211 209 208
f 213 214 212
f 213 212 211
f 215 216 214
f 215 214 213
f 217 218 216
f 217 216 219
f 219 216 215
f 208 220 211
f 221 220 208
f 203 221 208
f 222 221 203
f 206 222 203
f 223 222 206
f 210 223 206
f 224 210 225
f 226 210 224
f 226 223 210
f 227 224 228
f 227 226 224
f 229 228 230
f 229 227 228
f 231 230 232
f 231 229 230
f 233 232 234
f 233 231 232
f 235 234 236
f 235 233 234
f 237 236 238
f 237 235 236
f 217 238 239
f 240 237 238
f 240 238 217
f 241 217 219
f 241 240 217
f 242 219 215
f 242 241 219
f 243 215 213
f 243 242 215
f 220 213 211
f 220 243 213
f 223 221 222
f 243 220 221
f 227 223 226
f 229 221 223
f 229 223 227
f 241 242 243
f 233 229 231
f 233 243 221
f 233 221 229
f 235 237 240
f 235 240 241
f 235 241 243
f 235 243 233
f 244 207 205
f 244 245 207
f 246 205 204
f 246 244 205
f 247 204 209
f 247 246 204
f 248 209 212
f 248 247 209
f 248 212 214
f 249 248 214
f 250 214 216
f 250 216 218
f 250 249 214
f 251 250 218
f 252 253 254
f 252 255 253
f 256 257 258
f 256 259 257
f 260 258 261
f 260 261 253
f 260 256 258
f 255 260 253
f 218 239 257
f 218 217 239
f 259 251 218
f 257 259 218
f 207 262 225
f 210 207 225
f 245 263 207
f 263 262 207
f 264 254 265
f 264 265 266
f 264 252 254
f 267 264 266
f 263 266 262
f 263 267 266
f 252 264 267
f 252 267 263
f 245 252 263
f 259 256 260
f 259 260 255
f 259 255 252
f 247 245 244
f 247 244 246
f 247 252 245
f 248 259 252
f 248 252 247
f 251 259 248
f 250 251 248
f 249 250 248
f 254 262 265
f 265 262 266
f 254 253 262
f 258 257 261
f 261 257 253
f 253 257 262
f 262 239 225
f 257 239 262
f 225 232 224
f 224 232 228
f 228 232 230
f 232 236 234
f 238 236 239
f 239 236 225
f 225 236 232
f 268 269 270
f 271 269 272
f 272 269 268
f 272 273 274
f 268 273 272
f 275 276 268
f 273 276 274
f 274 276 277
f 268 276 273
f 278 279 275
f 275 279 276
f 276 279 277
f 277 279 280
f 274 281 272
f 272 281 282
f 274 283 281
f 281 283 282
f 284 283 285
f 277 283 274
f 282 283 284
f 283 286 285
f 277 286 283
f 280 286 277
f 287 288 280
f 272 289 271
f 284 289 282
f 282 289 272
f 288 290 280
f 280 290 286
f 291 290 292
f 293 294 295
f 285 296 284
f 284 296 289
f 289 296 297
f 297 296 298
f 299 300 294
f 300 301 302
f 303 301 304
f 298 305 306
f 296 305 298
f 289 307 271
f 297 307 289
f 271 307 308
f 309 310 311
f 307 312 308
f 298 312 297
f 297 312 307
f 308 312 313
f 314 315 316
f 316 315 310
f 311 315 317
f 310 315 311
f 303 318 292
f 314 319 315
f 315 319 317
f 308 320 271
f 311 321 309
f 322 323 314
f 314 323 319
f 317 323 324
f 319 323 317
f 325 326 327
f 328 326 306
f 321 329 330
f 330 329 331
f 311 329 321
f 332 333 334
f 308 333 320
f 320 333 332
f 313 333 308
f 322 335 323
f 323 335 324
f 329 336 331
f 331 336 337
f 317 336 311
f 311 336 329
f 330 338 339
f 271 340 269
f 269 340 341
f 320 340 271
f 341 340 342
f 332 340 320
f 343 344 322
f 322 344 335
f 324 344 345
f 335 344 324
f 337 346 347
f 336 346 337
f 317 346 336
f 348 349 350
f 351 349 352
f 353 349 348
f 332 354 340
f 340 354 342
f 334 354 332
f 342 354 355
f 330 356 338
f 331 356 330
f 338 356 357
f 327 358 325
f 346 359 347
f 324 359 317
f 347 359 360
f 360 359 361
f 317 359 346
f 349 362 352
f 353 362 349
f 357 362 353
f 352 362 363
f 341 364 269
f 356 365 366
f 331 365 356
f 337 365 331
f 334 367 354
f 368 367 334
f 358 369 368
f 337 370 365
f 347 370 337
f 366 370 371
f 365 370 366
f 364 372 373
f 341 372 364
f 342 372 341
f 355 372 342
f 373 372 374
f 359 375 361
f 324 375 359
f 345 375 324
f 357 376 362
f 362 376 363
f 363 376 377
f 352 378 351
f 379 380 381
f 370 382 371
f 360 382 347
f 347 382 370
f 383 384 385
f 376 386 377
f 377 386 387
f 269 388 270
f 364 388 269
f 270 388 389
f 373 388 364
f 390 391 392
f 352 391 378
f 378 391 390
f 363 391 352
f 374 393 394
f 372 393 374
f 355 393 372
f 390 395 378
f 378 395 396
f 371 397 398
f 382 397 371
f 360 397 382
f 361 397 360
f 399 400 379
f 379 400 380
f 388 401 389
f 373 401 388
f 374 401 373
f 386 402 387
f 366 402 386
f 400 403 380
f 404 403 400
f 393 405 394
f 383 405 406
f 377 407 363
f 391 407 392
f 363 407 391
f 371 408 366
f 387 408 409
f 366 408 402
f 402 408 387
f 397 410 398
f 361 410 397
f 411 410 361
f 394 412 374
f 389 412 413
f 401 412 389
f 374 412 401
f 414 415 416
f 404 415 417
f 387 418 377
f 377 418 407
f 419 420 421
f 371 422 408
f 408 422 409
f 405 423 394
f 424 425 426
f 427 428 385
f 418 429 430
f 387 429 418
f 268 431 414
f 415 431 417
f 417 431 432
f 432 431 433
f 414 431 415
f 409 434 435
f 398 434 371
f 371 434 422
f 422 434 409
f 423 436 394
f 420 437 421
f 421 437 438
f 417 437 404
f 392 439 425
f 425 439 426
f 426 439 440
f 387 441 429
f 429 441 430
f 430 441 442
f 409 441 387
f 268 443 431
f 431 443 433
f 428 444 445
f 434 446 435
f 435 446 447
f 409 448 441
f 441 448 442
f 430 449 439
f 439 449 440
f 440 449 450
f 432 451 417
f 417 451 437
f 437 451 438
f 438 451 452
f 435 453 409
f 442 453 454
f 409 453 448
f 448 453 442
f 455 456 457
f 430 458 449
f 449 458 450
f 442 458 430
f 450 458 459
f 460 461 462
f 463 461 444
f 432 464 451
f 433 464 432
f 451 464 452
f 465 466 446
f 446 466 447
f 447 466 467
f 442 468 458
f 458 468 459
f 459 468 469
f 440 470 426
f 426 470 456
f 456 470 457
f 471 472 473
f 452 472 438
f 435 474 453
f 447 474 435
f 468 475 469
f 442 475 468
f 454 475 442
f 469 475 476
f 470 477 457
f 457 477 478
f 450 477 440
f 440 477 470
f 479 480 481
f 452 482 472
f 472 482 473
f 457 483 455
f 450 484 477
f 477 484 478
f 459 484 450
f 447 485 474
f 474 485 486
f 467 485 447
f 480 487 481
f 471 487 480
f 481 487 488
f 473 487 471
f 454 489 475
f 475 489 476
f 270 490 268
f 268 490 443
f 459 491 484
f 478 491 492
f 484 491 478
f 469 491 459
f 476 491 469
f 493 494 495
f 457 494 483
f 478 494 457
f 483 494 493
f 489 496 476
f 481 497 479
f 494 498 495
f 478 498 494
f 476 499 491
f 492 499 500
f 491 499 492
f 495 501 502
f 498 501 495
f 478 501 498
f 492 501 478
f 488 503 481
f 481 503 497
f 497 503 504
f 504 503 505
f 492 506 501
f 501 506 502
f 488 507 503
f 503 507 505
f 508 507 488
f 502 509 510
f 506 509 502
f 500 509 492
f 492 509 506
f 511 512 513
f 505 512 504
f 514 515 516
f 505 517 512
f 512 517 513
f 505 518 517
f 517 518 513
f 519 518 505
f 514 520 515
f 511 520 514
f 521 520 522
f 523 524 525
f 524 526 525
f 527 526 524
f 525 526 528
f 521 526 527
f 522 529 530
f 511 529 520
f 513 529 511
f 520 529 522
f 530 531 532
f 513 531 529
f 529 531 530
f 531 533 532
f 490 533 519
f 270 533 490
f 534 535 536
f 522 535 521
f 532 537 530
f 530 537 522
f 536 537 270
f 522 537 535
f 535 537 536
f 533 538 532
f 270 538 533
f 532 538 537
f 537 538 270
f 539 540 278
f 287 540 539
f 278 540 279
f 279 541 280
f 280 541 287
f 540 541 279
f 287 541 540
f 542 543 539
f 295 543 542
f 539 543 287
f 288 544 302
f 287 544 288
f 295 545 543
f 294 545 295
f 543 545 287
f 287 545 544
f 302 546 288
f 288 546 290
f 544 547 302
f 302 547 300
f 545 547 544
f 300 547 294
f 294 547 545
f 286 548 285
f 291 548 290
f 290 548 286
f 549 550 293
f 293 550 294
f 301 551 302
f 290 551 292
f 302 551 546
f 546 551 290
f 549 552 550
f 294 552 299
f 550 552 294
f 316 553 549
f 310 553 316
f 552 553 310
f 549 553 552
f 551 554 292
f 292 554 303
f 303 554 301
f 301 554 551
f 292 555 291
f 299 556 300
f 300 556 301
f 299 557 309
f 310 557 552
f 309 557 310
f 552 557 299
f 318 558 292
f 292 558 555
f 555 558 305
f 309 559 299
f 321 559 309
f 306 560 298
f 298 560 312
f 558 561 305
f 305 561 306
f 328 561 318
f 306 561 328
f 318 561 558
f 304 562 303
f 303 562 318
f 306 563 560
f 312 563 313
f 326 563 306
f 560 563 312
f 562 564 318
f 328 564 350
f 350 564 348
f 318 564 328
f 338 565 339
f 339 565 304
f 563 566 313
f 326 566 563
f 325 566 326
f 313 566 325
f 350 567 328
f 328 567 326
f 338 568 565
f 353 568 357
f 357 568 338
f 567 569 326
f 326 569 327
f 350 569 567
f 349 569 350
f 325 570 313
f 358 570 325
f 570 571 313
f 358 571 570
f 313 571 333
f 368 571 358
f 571 572 333
f 368 572 571
f 333 572 334
f 334 572 368
f 573 574 343
f 343 574 344
f 351 575 349
f 569 575 327
f 349 575 569
f 327 575 351
f 378 576 351
f 351 576 327
f 381 577 573
f 380 577 381
f 576 578 327
f 378 578 576
f 327 578 358
f 396 578 378
f 358 579 369
f 396 579 578
f 369 579 396
f 578 579 358
f 366 580 356
f 356 580 357
f 357 580 376
f 376 580 386
f 386 580 366
f 368 581 367
f 369 581 368
f 384 581 369
f 582 583 345
f 345 583 375
f 380 584 577
f 582 584 585
f 403 584 380
f 585 584 403
f 384 586 581
f 581 586 367
f 383 586 384
f 586 587 367
f 383 587 586
f 406 587 383
f 393 588 405
f 405 588 406
f 355 588 393
f 583 589 375
f 375 589 361
f 411 589 590
f 361 589 411
f 369 591 384
f 395 591 396
f 396 591 369
f 399 592 400
f 415 592 416
f 416 592 399
f 420 593 403
f 403 593 585
f 385 594 427
f 384 594 385
f 591 594 384
f 404 595 415
f 592 595 400
f 415 595 592
f 400 595 404
f 425 596 392
f 392 596 390
f 385 597 383
f 428 597 385
f 411 598 410
f 599 598 590
f 590 598 411
f 383 600 405
f 597 600 383
f 445 600 428
f 428 600 597
f 407 601 392
f 430 601 418
f 439 601 430
f 418 601 407
f 392 601 439
f 405 602 423
f 423 602 445
f 600 602 405
f 445 602 600
f 404 603 403
f 420 603 437
f 403 603 420
f 437 603 404
f 427 604 424
f 425 604 596
f 424 604 425
f 394 605 412
f 436 605 394
f 598 606 410
f 410 606 398
f 398 606 607
f 607 606 465
f 445 608 423
f 423 608 436
f 412 609 413
f 436 609 605
f 605 609 412
f 413 609 610
f 610 609 436
f 607 611 398
f 434 611 446
f 465 611 607
f 446 611 465
f 398 611 434
f 421 612 419
f 613 612 421
f 428 614 444
f 444 614 463
f 615 616 613
f 613 616 612
f 445 617 608
f 444 617 445
f 461 617 444
f 617 618 608
f 461 618 617
f 608 618 436
f 460 618 461
f 615 619 616
f 465 619 466
f 466 619 615
f 610 620 621
f 621 620 460
f 460 620 618
f 618 620 436
f 436 620 610
f 421 622 613
f 438 622 421
f 463 623 455
f 455 623 456
f 471 624 472
f 472 624 438
f 438 624 622
f 622 624 613
f 471 625 624
f 624 625 613
f 613 625 615
f 480 626 471
f 625 626 615
f 471 626 625
f 466 627 467
f 479 627 480
f 480 627 626
f 467 627 479
f 615 627 466
f 626 627 615
f 455 628 463
f 483 628 455
f 461 629 462
f 462 629 630
f 628 631 463
f 463 631 461
f 461 631 629
f 483 631 628
f 629 631 630
f 453 632 454
f 454 632 633
f 633 632 486
f 486 632 474
f 474 632 453
f 464 634 452
f 452 634 482
f 490 634 443
f 482 634 490
f 443 634 433
f 433 634 464
f 630 635 493
f 493 635 483
f 631 635 630
f 483 635 631
f 482 636 473
f 490 636 482
f 633 637 454
f 486 637 633
f 454 637 489
f 467 638 485
f 497 638 479
f 479 638 467
f 485 638 639
f 485 640 486
f 639 640 485
f 473 641 487
f 642 641 473
f 519 643 490
f 473 643 642
f 642 643 519
f 636 643 473
f 490 643 636
f 496 644 645
f 489 644 496
f 645 644 646
f 637 644 489
f 647 648 639
f 639 648 640
f 487 649 488
f 488 649 508
f 508 649 642
f 641 649 487
f 642 649 641
f 496 650 476
f 645 650 496
f 476 650 499
f 504 651 497
f 497 651 638
f 638 651 639
f 650 652 499
f 499 652 500
f 500 652 653
f 651 654 639
f 504 654 651
f 639 654 647
f 516 655 514
f 647 655 648
f 514 655 647
f 505 656 519
f 519 656 642
f 642 656 508
f 507 656 505
f 508 656 507
f 511 657 512
f 654 657 647
f 504 657 654
f 512 657 504
f 511 658 657
f 657 658 647
f 647 658 514
f 514 658 511
f 509 659 510
f 510 659 660
f 661 662 527
f 527 662 515
f 524 663 527
f 527 663 661
f 661 663 653
f 521 664 520
f 527 664 521
f 515 664 527
f 520 664 515
f 524 665 663
f 660 665 523
f 523 665 524
f 519 666 518
f 518 666 513
f 533 666 519
f 513 666 531
f 531 666 533
f 521 667 526
f 535 667 521
f 526 668 528
f 667 668 526
f 534 668 535
f 528 668 534
f 535 668 667
f 285 669 296
f 555 669 291
f 296 669 305
f 548 669 285
f 291 669 548
f 305 669 555
f 299 670 556
f 559 670 299
f 304 671 339
f 301 671 304
f 670 671 556
f 556 671 301
f 565 672 304
f 304 672 562
f 568 673 565
f 565 673 672
f 672 673 562
f 562 673 564
f 353 674 568
f 564 674 348
f 568 674 673
f 673 674 564
f 348 674 353
f 573 675 574
f 577 675 573
f 582 676 584
f 675 676 574
f 345 676 582
f 584 676 577
f 577 676 675
f 354 677 355
f 587 677 367
f 367 677 354
f 406 677 587
f 588 677 406
f 355 677 588
f 582 678 583
f 585 678 582
f 583 679 589
f 678 679 583
f 596 680 390
f 395 680 591
f 390 680 395
f 590 681 599
f 589 681 590
f 679 681 589
f 599 681 679
f 604 682 596
f 591 682 594
f 596 682 680
f 680 682 591
f 682 683 594
f 594 683 427
f 604 683 682
f 427 683 604
f 612 684 419
f 616 684 612
f 599 684 598
f 419 684 599
f 598 684 606
f 606 685 465
f 684 685 606
f 616 685 684
f 465 685 619
f 619 685 616
f 424 686 427
f 428 686 614
f 427 686 428
f 614 687 463
f 686 687 614
f 463 687 623
f 640 688 486
f 486 688 637
f 648 688 640
f 637 689 644
f 655 689 648
f 646 689 516
f 644 689 646
f 516 689 655
f 648 689 688
f 688 689 637
f 646 690 645
f 645 690 650
f 650 691 652
f 646 691 690
f 690 691 650
f 652 692 653
f 691 692 652
f 653 692 661
f 665 693 663
f 663 693 653
f 653 693 500
f 659 694 660
f 665 694 693
f 660 694 665
f 693 694 659
f 339 695 330
f 330 695 321
f 671 695 339
f 559 695 670
f 670 695 671
f 321 695 559
f 344 696 345
f 574 696 344
f 345 696 676
f 676 696 574
f 593 697 585
f 585 697 678
f 593 698 697
f 697 698 678
f 599 698 419
f 678 698 679
f 679 698 599
f 687 699 623
f 686 699 687
f 424 699 686
f 623 699 456
f 426 699 424
f 456 699 426
f 646 700 691
f 691 700 692
f 516 700 646
f 693 701 500
f 659 701 693
f 509 701 659
f 500 701 509
f 662 702 700
f 692 702 661
f 661 702 662
f 700 702 692
f 419 703 420
f 593 703 698
f 420 703 593
f 698 703 419
f 662 704 515
f 515 704 516
f 700 704 662
f 516 704 700
f 536 270 389
f 536 389 413
f 534 413 610
f 534 536 413
f 528 610 621
f 528 534 610
f 525 528 621
f 523 621 460
f 523 460 462
f 523 525 621
f 660 462 630
f 660 523 462
f 502 493 495
f 510 630 493
f 510 660 630
f 510 493 502
f 268 414 275
f 275 414 278
f 278 416 539
f 414 416 278
f 539 399 542
f 416 399 539
f 399 379 542
f 542 381 295
f 295 381 293
f 379 381 542
f 293 573 549
f 381 573 293
f 316 322 314
f 549 343 316
f 573 343 549
f 316 343 322
f 705 706 707
f 705 708 706
f 709 707 710
f 709 710 711
f 709 705 707
f 712 709 711
f 708 713 706
f 708 714 713
f 714 715 713
f 714 716 715
f 717 718 719
f 717 720 718
f 721 719 722
f 721 717 719
f 716 722 715
f 716 721 722
f 723 724 718
f 720 723 718
f 723 725 724
f 723 726 725
f 727 728 729
f 730 729 731
f 730 727 729
f 732 730 731
f 726 731 725
f 726 732 731
f 727 733 728
f 727 734 733
f 734 735 733
f 734 736 735
f 737 738 739
f 737 740 738
f 741 739 742
f 741 737 739
f 736 742 735
f 736 741 742
f 740 743 738
f 740 744 743
f 744 745 743
f 744 746 745
f 747 748 749
f 750 747 749
f 751 749 752
f 751 752 745
f 751 750 749
f 746 751 745
f 747 753 748
f 747 754 753
f 754 711 753
f 754 712 711
f 708 705 709
f 712 708 709
f 754 714 708
f 754 708 712
f 720 717 721
f 720 721 716
f 720 716 714
f 751 747 750
f 746 747 751
f 723 720 714
f 723 714 754
f 744 754 747
f 744 747 746
f 744 723 754
f 734 723 744
f 727 732 726
f 727 726 723
f 727 723 734
f 730 732 727
f 740 734 744
f 736 734 740
f 741 740 737
f 741 736 740
f 707 706 710
f 706 711 710
f 713 753 706
f 706 753 711
f 719 718 722
f 722 718 715
f 715 718 713
f 748 752 749
f 748 745 752
f 718 724 713
f 713 724 753
f 753 743 748
f 748 743 745
f 724 743 753
f 724 733 743
f 731 728 725
f 725 728 724
f 724 728 733
f 731 729 728
f 733 738 743
f 733 735 738
f 738 742 739
f 735 742 738
f 755 756 757
f 755 758 756
f 759 760 761
f 759 762 760
f 763 761 764
f 763 759 761
f 758 764 756
f 758 763 764
f 765 766 760
f 762 765 760
f 767 768 769
f 767 770 768
f 771 769 772
f 771 767 769
f 765 772 766
f 765 771 772
f 770 773 768
f 770 774 773
f 775 776 777
f 775 778 776
f 779 777 780
f 779 775 777
f 774 780 773
f 774 779 780
f 778 781 776
f 778 782 781
f 783 784 785
f 783 786 784
f 787 785 788
f 787 788 781
f 787 783 785
f 782 787 781
f 786 789 784
f 784 789 790
f 790 791 792
f 789 791 790
f 792 793 794
f 791 793 792
f 794 795 796
f 793 795 794
f 796 797 798
f 798 797 799
f 795 797 796
f 797 800 799
f 799 801 802
f 800 801 799
f 802 803 804
f 804 803 805
f 801 803 802
f 803 806 805
f 807 808 809
f 810 807 809
f 811 809 812
f 811 810 809
f 806 812 805
f 806 811 812
f 807 813 808
f 807 814 813
f 815 757 816
f 815 755 757
f 817 816 818
f 817 815 816
f 814 818 813
f 814 817 818
f 755 815 817
f 755 817 814
f 807 755 814
f 811 807 810
f 806 755 807
f 806 807 811
f 803 755 806
f 758 803 801
f 758 755 803
f 759 763 758
f 762 801 800
f 762 758 801
f 762 759 758
f 797 762 800
f 782 786 783
f 782 783 787
f 774 789 786
f 774 782 778
f 774 778 775
f 774 775 779
f 774 786 782
f 765 797 795
f 765 795 793
f 765 793 791
f 765 762 797
f 770 791 789
f 770 765 791
f 770 789 774
f 767 771 765
f 767 765 770
f 816 757 818
f 757 813 818
f 757 808 813
f 808 812 809
f 757 805 808
f 808 805 812
f 757 804 805
f 804 756 802
f 757 756 804
f 764 761 756
f 802 760 799
f 756 760 802
f 761 760 756
f 760 798 799
f 784 781 785
f 785 781 788
f 790 773 784
f 781 773 776
f 776 773 777
f 777 773 780
f 784 773 781
f 794 766 792
f 796 766 794
f 798 766 796
f 760 766 798
f 792 768 790
f 790 768 773
f 766 768 792
f 772 769 766
f 766 769 768
f 819 820 821
f 819 822 820
f 823 824 825
f 823 826 824
f 827 825 828
f 827 828 820
f 827 823 825
f 822 827 820
f 826 829 824
f 826 830 829
f 831 832 833
f 831 834 832
f 835 833 836
f 835 831 833
f 830 836 829
f 830 835 836
f 837 838 832
f 834 837 832
f 839 840 841
f 839 842 840
f 843 841 844
f 843 844 838
f 843 839 841
f 837 843 838
f 845 846 840
f 842 845 840
f 847 848 849
f 847 850 848
f 851 849 852
f 851 847 849
f 845 852 846
f 845 851 852
f 850 853 848
f 850 854 853
f 855 856 857
f 858 857 859
f 858 855 857
f 860 859 853
f 860 858 859
f 854 860 853
f 861 862 856
f 855 861 856
f 819 821 863
f 864 863 865
f 864 819 863
f 866 865 862
f 866 864 865
f 861 866 862
f 850 847 851
f 850 851 845
f 843 842 839
f 837 845 842
f 837 842 843
f 854 850 845
f 858 860 854
f 855 858 854
f 830 837 834
f 830 834 831
f 830 831 835
f 830 845 837
f 819 864 866
f 819 866 861
f 819 861 855
f 819 855 854
f 826 854 845
f 826 845 830
f 826 819 854
f 822 819 826
f 827 826 823
f 827 822 826
f 849 848 852
f 852 848 846
f 840 844 841
f 846 838 840
f 840 838 844
f 848 853 846
f 859 857 853
f 857 856 853
f 838 829 832
f 832 829 833
f 833 829 836
f 846 829 838
f 856 862 853
f 863 821 865
f 865 821 862
f 853 824 846
f 846 824 829
f 862 824 853
f 821 824 862
f 821 820 824
f 824 828 825
f 820 828 824
f 867 868 869
f 867 870 868
f 871 872 873
f 871 874 872
f 875 873 876
f 875 871 873
f 870 876 868
f 870 875 876
f 874 877 872
f 874 878 877
f 879 880 881
f 879 881 882
f 879 883 880
f 884 882 877
f 884 879 882
f 878 884 877
f 883 885 880
f 883 886 885
f 887 888 889
f 887 889 890
f 887 891 888
f 892 890 885
f 892 887 890
f 886 892 885
f 891 893 888
f 891 894 893
f 895 869 896
f 895 896 897
f 895 867 869
f 898 895 897
f 894 897 893
f 894 898 897
f 870 871 875
f 874 871 870
f 883 879 884
f 883 884 878
f 883 878 874
f 883 874 870
f 867 883 870
f 894 867 895
f 894 895 898
f 886 883 867
f 886 867 894
f 891 886 894
f 887 892 886
f 887 886 891
f 873 868 876
f 873 872 868
f 881 880 882
f 882 880 877
f 877 880 872
f 872 880 868
f 869 897 896
f 869 893 897
f 868 885 869
f 880 885 868
f 869 885 893
f 885 888 893
f 885 890 888
f 890 889 888
f 899 900 901
f 899 902 900
f 902 903 900
f 902 904 903
f 905 906 907
f 905 908 906
f 909 907 910
f 909 905 907
f 904 910 903
f 904 909 910
f 908 911 906
f 908 912 911
f 912 913 911
f 912 914 913
f 915 916 917
f 915 918 916
f 919 917 920
f 919 920 913
f 919 915 917
f 914 919 913
f 918 921 916
f 918 922 921
f 922 923 921
f 922 924 923
f 925 926 927
f 925 928 926
f 929 927 930
f 929 925 927
f 924 930 923
f 924 929 930
f 928 931 926
f 928 932 931
f 932 933 931
f 932 934 933
f 935 936 937
f 935 938 936
f 939 937 940
f 939 940 933
f 939 935 937
f 934 939 933
f 938 941 936
f 938 942 941
f 942 943 941
f 942 944 943
f 945 901 946
f 945 946 947
f 945 899 901
f 948 945 947
f 944 947 943
f 944 948 947
f 934 938 935
f 934 935 939
f 932 942 938
f 932 938 934
f 899 945 948
f 899 948 944
f 899 944 942
f 929 928 925
f 924 928 929
f 902 899 942
f 922 932 928
f 922 942 932
f 922 928 924
f 912 902 942
f 912 942 922
f 904 902 912
f 908 904 912
f 905 909 904
f 905 904 908
f 918 912 922
f 914 918 915
f 914 912 918
f 919 914 915
f 936 933 937
f 937 933 940
f 941 931 936
f 936 931 933
f 943 901 941
f 946 901 947
f 947 901 943
f 926 930 927
f 926 923 930
f 901 900 941
f 931 921 926
f 941 921 931
f 926 921 923
f 900 911 941
f 941 911 921
f 900 903 911
f 903 906 911
f 910 907 903
f 903 907 906
f 911 916 921
f 916 913 917
f 911 913 916
f 913 920 917
f 949 950 951
f 952 949 951
f 953 954 955
f 953 956 954
f 957 955 958
f 957 953 955
f 949 958 950
f 949 957 958
f 956 959 954
f 956 960 959
f 961 962 963
f 961 964 962
f 965 963 966
f 965 966 959
f 965 961 963
f 960 965 959
f 967 968 962
f 964 967 962
f 969 970 971
f 969 972 970
f 973 971 974
f 973 969 971
f 967 974 968
f 967 973 974
f 972 975 970
f 972 976 975
f 977 951 978
f 977 952 951
f 979 978 980
f 979 980 975
f 979 977 978
f 976 979 975
f 964 961 965
f 964 965 960
f 972 969 973
f 972 973 967
f 972 967 964
f 972 964 960
f 957 956 953
f 949 956 957
f 976 960 956
f 976 972 960
f 952 976 956
f 952 956 949
f 977 979 976
f 977 976 952
f 963 962 966
f 966 962 959
f 971 970 974
f 974 970 968
f 968 970 962
f 962 970 959
f 970 954 959
f 954 958 955
f 954 950 958
f 970 975 954
f 954 951 950
f 975 951 954
f 980 978 975
f 975 978 951
f 981 982 983
f 981 983 984
f 981 984 985
f 986 981 985
f 987 985 988
f 987 986 985
f 989 988 990
f 989 990 991
f 989 987 988
f 992 989 991
f 993 991 994
f 993 992 991
f 995 994 996
f 995 993 994
f 997 996 998
f 997 998 999
f 997 995 996
f 1000 997 999
f 1000 999 1001
f 1002 1000 1001
f 1003 1002 1001
f 1003 1001 1004
f 1003 1004 1005
f 1006 1003 1005
f 1007 1006 1005
f 1007 1005 1008
f 1009 1007 1008
f 1009 1008 1010
f 1011 1009 1010
f 1011 1010 1012
f 1013 1011 1012
f 1013 1012 1014
f 1015 1013 1014
f 1015 1014 1016
f 1017 1015 1016
f 1017 1016 1018
f 1017 1018 1019
f 1020 1017 1019
f 1021 1020 1019
f 1021 1019 1022
f 1021 1022 1023
f 1024 1021 1023
f 1025 1023 1026
f 1025 1026 1027
f 1025 1024 1023
f 1028 1025 1027
f 1029 1027 1030
f 1029 1028 1027
f 1031 1030 1032
f 1031 1029 1030
f 1033 1032 1034
f 1033 1031 1032
f 1035 1034 1036
f 1035 1033 1034
f 1037 1036 1038
f 1037 1035 1036
f 1039 1038 1040
f 1039 1037 1038
f 982 1040 983
f 982 1039 1040
f 986 987 989
f 993 989 992
f 982 981 986
f 997 993 995
f 1037 1039 982
f 1003 997 1000
f 1003 1000 1002
f 1003 986 989
f 1003 989 993
f 1003 993 997
f 1033 1035 1037
f 1031 982 986
f 1031 1037 982
f 1031 986 1003
f 1031 1033 1037
f 1007 1003 1006
f 1011 1007 1009
f 1025 1028 1029
f 1025 1029 1031
f 1013 1003 1007
f 1013 1007 1011
f 1021 1024 1025
f 1017 1013 1015
f 1017 1031 1003
f 1017 1025 1031
f 1017 1003 1013
f 1017 1021 1025
f 1020 1021 1017
f 988 985 990
f 990 994 991
f 984 983 985
f 994 998 996
f 1040 1038 983
f 998 1004 999
f 999 1004 1001
f 985 1004 990
f 990 1004 994
f 994 1004 998
f 1036 1034 1038
f 983 1032 985
f 1038 1032 983
f 985 1032 1004
f 1034 1032 1038
f 1004 1008 1005
f 1008 1012 1010
f 1027 1026 1030
f 1030 1026 1032
f 1004 1014 1008
f 1008 1014 1012
f 1023 1022 1026
f 1014 1018 1016
f 1032 1018 1004
f 1026 1018 1032
f 1004 1018 1014
f 1022 1018 1026
f 1022 1019 1018
f 1041 1042 1043
f 1041 1044 1042
f 1045 1043 1046
f 1045 1041 1043
f 1047 1046 1048
f 1047 1045 1046
f 1044 1049 1042
f 1044 1050 1049
f 1051 1052 1053
f 1051 1054 1052
f 1055 1053 1056
f 1055 1051 1053
f 1050 1056 1049
f 1050 1055 1056
f 1054 1057 1052
f 1054 1058 1057
f 1059 1060 1061
f 1059 1062 1060
f 1063 1061 1064
f 1063 1064 1057
f 1063 1059 1061
f 1058 1063 1057
f 1062 1065 1060
f 1062 1066 1065
f 1067 1068 1069
f 1067 1070 1068
f 1071 1069 1072
f 1071 1067 1069
f 1066 1072 1065
f 1066 1071 1072
f 1070 1073 1068
f 1070 1074 1073
f 1075 1076 1077
f 1078 1077 1079
f 1078 1075 1077
f 1080 1078 1079
f 1074 1079 1073
f 1074 1080 1079
f 1075 1081 1076
f 1075 1082 1081
f 1083 1084 1085
f 1086 1085 1087
f 1086 1083 1085
f 1088 1087 1081
f 1088 1086 1087
f 1082 1088 1081
f 1083 1048 1084
f 1083 1047 1048
f 1054 1051 1055
f 1054 1055 1050
f 1047 1050 1044
f 1047 1044 1041
f 1047 1041 1045
f 1062 1059 1063
f 1062 1063 1058
f 1082 1047 1083
f 1082 1083 1086
f 1082 1086 1088
f 1082 1058 1054
f 1082 1054 1050
f 1082 1050 1047
f 1066 1062 1058
f 1067 1071 1066
f 1070 1067 1066
f 1075 1058 1082
f 1075 1066 1058
f 1075 1070 1066
f 1074 1070 1075
f 1080 1075 1078
f 1080 1074 1075
f 1053 1052 1056
f 1056 1052 1049
f 1049 1048 1042
f 1042 1048 1043
f 1043 1048 1046
f 1061 1060 1064
f 1064 1060 1057
f 1084 1081 1085
f 1085 1081 1087
f 1057 1081 1052
f 1048 1081 1084
f 1052 1081 1049
f 1049 1081 1048
f 1060 1065 1057
f 1072 1069 1065
f 1069 1068 1065
f 1057 1076 1081
f 1065 1076 1057
f 1068 1076 1065
f 1068 1073 1076
f 1076 1079 1077
f 1073 1079 1076
f 1089 1090 1091
f 1092 1091 1093
f 1092 1089 1091
f 1094 1090 1089
f 1095 1093 1096
f 1095 1092 1093
f 1097 1090 1094
f 1098 1099 1097
f 1098 1097 1094
f 1100 1099 1098
f 1101 1102 1099
f 1101 1099 1100
f 1103 1104 1101
f 1101 1104 1102
f 1105 1096 1093
f 1105 1106 1096
f 1107 1093 1091
f 1107 1105 1093
f 1108 1091 1090
f 1108 1107 1091
f 1109 1110 1111
f 1109 1112 1110
f 1113 1111 1114
f 1113 1109 1111
f 1115 1114 1116
f 1115 1113 1114
f 1112 1117 1110
f 1112 1118 1117
f 1119 1120 1121
f 1119 1122 1120
f 1123 1121 1124
f 1123 1119 1121
f 1118 1124 1117
f 1118 1123 1124
f 1125 1097 1099
f 1125 1126 1097
f 1127 1099 1102
f 1127 1125 1099
f 1128 1102 1104
f 1128 1127 1102
f 1108 1090 1097
f 1126 1108 1097
f 1115 1112 1109
f 1115 1109 1113
f 1118 1112 1115
f 1119 1123 1118
f 1122 1119 1118
f 1108 1106 1105
f 1108 1105 1107
f 1108 1115 1106
f 1108 1118 1115
f 1128 1122 1118
f 1128 1118 1108
f 1126 1128 1108
f 1127 1126 1125
f 1127 1128 1126
f 1129 1103 1101
f 1129 1130 1103
f 1131 1101 1100
f 1131 1129 1101
f 1132 1100 1098
f 1132 1131 1100
f 1133 1098 1094
f 1133 1132 1098
f 1134 1094 1089
f 1134 1133 1094
f 1135 1089 1092
f 1135 1134 1089
f 1136 1092 1095
f 1136 1135 1092
f 1096 1116 1137
f 1095 1096 1137
f 1106 1115 1096
f 1138 1136 1095
f 1137 1138 1095
f 1115 1116 1096
f 1104 1139 1120
f 1104 1103 1139
f 1130 1140 1103
f 1122 1128 1104
f 1120 1122 1104
f 1140 1139 1103
f 1141 1142 1143
f 1141 1144 1142
f 1145 1143 1146
f 1145 1141 1143
f 1140 1146 1139
f 1140 1145 1146
f 1144 1147 1142
f 1144 1148 1147
f 1149 1137 1150
f 1149 1138 1137
f 1151 1150 1152
f 1151 1149 1150
f 1148 1152 1147
f 1148 1151 1152
f 1133 1134 1135
f 1133 1135 1136
f 1138 1133 1136
f 1130 1129 1131
f 1130 1131 1132
f 1130 1132 1133
f 1148 1138 1149
f 1148 1149 1151
f 1148 1133 1138
f 1144 1133 1148
f 1140 1130 1133
f 1140 1133 1144
f 1145 1144 1141
f 1145 1140 1144
f 1110 1116 1111
f 1111 1116 1114
f 1110 1117 1116
f 1124 1121 1117
f 1117 1120 1116
f 1121 1120 1117
f 1137 1147 1150
f 1150 1147 1152
f 1137 1142 1147
f 1116 1139 1137
f 1120 1139 1116
f 1137 1139 1142
f 1146 1143 1139
f 1139 1143 1142
f 1153 1154 1155
f 1153 1156 1154
f 1157 1158 1159
f 1160 1159 1161
f 1160 1157 1159
f 1162 1160 1161
f 1156 1161 1154
f 1156 1162 1161
f 1157 1163 1158
f 1157 1164 1163
f 1165 1166 1167
f 1165 1167 1168
f 1165 1169 1166
f 1170 1168 1163
f 1170 1165 1168
f 1164 1170 1163
f 1169 1171 1166
f 1169 1172 1171
f 1173 1174 1175
f 1173 1176 1174
f 1177 1175 1178
f 1177 1173 1175
f 1172 1178 1171
f 1172 1177 1178
f 1176 1179 1174
f 1176 1180 1179
f 1181 1182 1183
f 1184 1181 1183
f 1185 1183 1186
f 1185 1184 1183
f 1180 1186 1179
f 1180 1185 1186
f 1187 1188 1182
f 1181 1187 1182
f 1189 1190 1191
f 1192 1191 1193
f 1192 1189 1191
f 1194 1193 1188
f 1194 1192 1193
f 1187 1194 1188
f 1189 1195 1190
f 1189 1196 1195
f 1197 1155 1198
f 1197 1153 1155
f 1199 1198 1200
f 1199 1197 1198
f 1196 1200 1195
f 1196 1199 1200
f 1157 1160 1162
f 1157 1162 1156
f 1201 1153 1197
f 1202 1156 1153
f 1202 1153 1201
f 1203 1197 1199
f 1203 1199 1196
f 1203 1196 1189
f 1203 1189 1192
f 1203 1192 1194
f 1203 1201 1197
f 1204 1156 1202
f 1205 1156 1204
f 1206 1194 1187
f 1206 1203 1194
f 1207 1157 1156
f 1208 1157 1207
f 1209 1207 1156
f 1209 1156 1205
f 1210 1157 1208
f 1211 1206 1187
f 1164 1157 1210
f 1212 1164 1210
f 1213 1205 1214
f 1213 1209 1205
f 1215 1164 1212
f 1216 1213 1214
f 1216 1214 1217
f 1169 1165 1170
f 1169 1170 1164
f 1169 1164 1215
f 1218 1169 1215
f 1219 1169 1218
f 1220 1216 1217
f 1220 1217 1221
f 1222 1221 1223
f 1222 1220 1221
f 1224 1225 1216
f 1224 1216 1220
f 1226 1222 1223
f 1227 1225 1224
f 1227 1228 1225
f 1181 1211 1187
f 1181 1229 1211
f 1181 1223 1229
f 1181 1226 1223
f 1181 1230 1226
f 1185 1181 1184
f 1180 1230 1181
f 1180 1181 1185
f 1231 1219 1228
f 1231 1228 1227
f 1232 1230 1180
f 1233 1232 1180
f 1176 1234 1233
f 1176 1233 1180
f 1172 1235 1234
f 1172 1236 1235
f 1172 1231 1236
f 1172 1234 1176
f 1177 1176 1173
f 1177 1172 1176
f 1172 1169 1219
f 1172 1219 1231
f 1237 1238 1204
f 1237 1204 1202
f 1237 1202 1201
f 1239 1237 1201
f 1240 1201 1203
f 1240 1239 1201
f 1241 1203 1206
f 1241 1206 1211
f 1241 1240 1203
f 1242 1241 1211
f 1243 1211 1229
f 1243 1242 1211
f 1244 1229 1223
f 1244 1223 1221
f 1244 1243 1229
f 1245 1221 1217
f 1245 1244 1221
f 1246 1245 1217
f 1247 1217 1214
f 1247 1246 1217
f 1248 1214 1205
f 1248 1247 1214
f 1238 1205 1204
f 1238 1248 1205
f 1240 1237 1239
f 1248 1238 1237
f 1241 1237 1240
f 1241 1248 1237
f 1246 1241 1242
f 1246 1247 1248
f 1246 1248 1241
f 1244 1242 1243
f 1244 1245 1246
f 1244 1246 1242
f 1249 1250 1224
f 1249 1224 1220
f 1249 1220 1222
f 1251 1249 1222
f 1252 1222 1226
f 1252 1251 1222
f 1253 1226 1230
f 1253 1230 1232
f 1253 1252 1226
f 1254 1253 1232
f 1255 1232 1233
f 1255 1254 1232
f 1256 1233 1234
f 1256 1234 1235
f 1256 1255 1233
f 1257 1235 1236
f 1257 1256 1235
f 1258 1257 1236
f 1259 1236 1231
f 1259 1258 1236
f 1260 1231 1227
f 1260 1259 1231
f 1250 1227 1224
f 1250 1260 1227
f 1252 1249 1251
f 1260 1250 1249
f 1253 1249 1252
f 1253 1260 1249
f 1258 1253 1254
f 1258 1259 1260
f 1258 1260 1253
f 1256 1254 1255
f 1256 1257 1258
f 1256 1258 1254
f 1261 1262 1210
f 1261 1210 1208
f 1261 1208 1207
f 1263 1261 1207
f 1264 1207 1209
f 1264 1263 1207
f 1265 1209 1213
f 1265 1213 1216
f 1265 1264 1209
f 1266 1265 1216
f 1267 1216 1225
f 1267 1266 1216
f 1268 1225 1228
f 1268 1228 1219
f 1268 1267 1225
f 1269 1219 1218
f 1269 1268 1219
f 1270 1269 1218
f 1271 1218 1215
f 1271 1270 1218
f 1272 1215 1212
f 1272 1271 1215
f 1262 1212 1210
f 1262 1272 1212
f 1264 1261 1263
f 1272 1262 1261
f 1265 1261 1264
f 1265 1272 1261
f 1270 1265 1266
f 1270 1271 1272
f 1270 1272 1265
f 1268 1266 1267
f 1268 1269 1270
f 1268 1270 1266
f 1155 1200 1198
f 1155 1195 1200
f 1159 1158 1161
f 1161 1158 1154
f 1155 1190 1195
f 1190 1193 1191
f 1154 1188 1155
f 1155 1188 1190
f 1190 1188 1193
f 1167 1166 1168
f 1168 1166 1163
f 1163 1166 1158
f 1158 1166 1154
f 1154 1182 1188
f 1166 1182 1154
f 1182 1179 1183
f 1183 1179 1186
f 1179 1171 1174
f 1166 1171 1182
f 1182 1171 1179
f 1174 1178 1175
f 1171 1178 1174
f 1273 1274 1275
f 1273 1276 1274
f 1277 1275 1278
f 1277 1273 1275
f 1279 1277 1278
f 1280 1276 1273
f 1281 1282 1276
f 1281 1283 1282
f 1281 1276 1280
f 1284 1283 1281
f 1285 1286 1283
f 1285 1283 1284
f 1287 1288 1285
f 1285 1288 1286
f 1289 1278 1275
f 1289 1290 1278
f 1291 1275 1274
f 1291 1289 1275
f 1292 1274 1276
f 1292 1291 1274
f 1293 1294 1295
f 1293 1296 1294
f 1297 1298 1299
f 1297 1300 1298
f 1301 1299 1302
f 1301 1297 1299
f 1296 1302 1294
f 1296 1301 1302
f 1303 1282 1283
f 1303 1304 1282
f 1305 1283 1286
f 1305 1303 1283
f 1306 1286 1288
f 1306 1305 1286
f 1304 1276 1282
f 1304 1292 1276
f 1307 1295 1308
f 1307 1293 1295
f 1309 1308 1310
f 1309 1307 1308
f 1311 1310 1312
f 1311 1309 1310
f 1311 1293 1307
f 1311 1307 1309
f 1296 1293 1311
f 1297 1301 1296
f 1300 1296 1311
f 1300 1297 1296
f 1292 1290 1289
f 1292 1289 1291
f 1304 1290 1292
f 1306 1311 1290
f 1306 1300 1311
f 1306 1290 1304
f 1305 1304 1303
f 1305 1306 1304
f 1313 1287 1285
f 1313 1314 1287
f 1315 1285 1284
f 1315 1313 1285
f 1316 1284 1281
f 1316 1315 1284
f 1317 1281 1280
f 1317 1316 1281
f 1318 1280 1273
f 1318 1317 1280
f 1319 1273 1277
f 1319 1318 1273
f 1320 1277 1279
f 1320 1319 1277
f 1288 1321 1298
f 1288 1287 1321
f 1322 1321 1287
f 1314 1322 1287
f 1300 1306 1288
f 1300 1288 1298
f 1323 1324 1325
f 1323 1326 1324
f 1327 1325 1328
f 1327 1323 1325
f 1322 1328 1321
f 1322 1327 1328
f 1326 1329 1324
f 1326 1330 1329
f 1331 1332 1333
f 1331 1334 1332
f 1335 1333 1336
f 1335 1331 1333
f 1330 1336 1329
f 1330 1335 1336
f 1279 1312 1332
f 1279 1278 1312
f 1311 1312 1278
f 1290 1311 1278
f 1334 1320 1279
f 1334 1279 1332
f 1320 1317 1318
f 1320 1318 1319
f 1316 1317 1320
f 1314 1313 1315
f 1314 1315 1316
f 1314 1316 1320
f 1330 1334 1331
f 1330 1331 1335
f 1326 1320 1334
f 1326 1314 1320
f 1326 1334 1330
f 1322 1314 1326
f 1327 1326 1323
f 1327 1322 1326
f 1295 1312 1308
f 1308 1312 1310
f 1299 1298 1302
f 1302 1298 1294
f 1294 1298 1295
f 1295 1298 1312
f 1332 1336 1333
f 1332 1329 1336
f 1332 1324 1329
f 1312 1321 1332
f 1298 1321 1312
f 1332 1321 1324
f 1324 1328 1325
f 1321 1328 1324
f 1337 1338 1339
f 1340 1341 1338
f 1340 1338 1337
f 1342 1339 1343
f 1342 1337 1339
f 1344 1341 1340
f 1345 1342 1343
f 1346 1347 1341
f 1346 1341 1344
f 1348 1347 1346
f 1349 1350 1347
f 1349 1347 1348
f 1351 1352 1350
f 1351 1350 1349
f 1353 1354 1355
f 1355 1354 1352
f 1355 1352 1351
f 1356 1343 1339
f 1356 1357 1343
f 1358 1339 1338
f 1358 1356 1339
f 1359 1338 1341
f 1359 1358 1338
f 1360 1341 1347
f 1360 1359 1341
f 1361 1347 1350
f 1361 1360 1347
f 1362 1350 1352
f 1362 1361 1350
f 1363 1352 1354
f 1363 1362 1352
f 1364 1365 1366
f 1364 1367 1365
f 1368 1369 1370
f 1368 1371 1369
f 1372 1370 1373
f 1372 1368 1370
f 1367 1373 1365
f 1367 1372 1373
f 1354 1374 1369
f 1354 1353 1374
f 1371 1363 1354
f 1371 1354 1369
f 1343 1375 1376
f 1345 1343 1376
f 1377 1375 1343
f 1357 1377 1343
f 1378 1366 1379
f 1378 1364 1366
f 1380 1379 1381
f 1380 1378 1379
f 1377 1381 1375
f 1377 1380 1381
f 1377 1364 1378
f 1377 1378 1380
f 1371 1368 1372
f 1371 1372 1367
f 1371 1367 1364
f 1371 1364 1377
f 1359 1357 1356
f 1359 1356 1358
f 1363 1377 1357
f 1363 1357 1359
f 1363 1371 1377
f 1360 1363 1359
f 1361 1362 1363
f 1361 1363 1360
f 1344 1382 1346
f 1383 1382 1344
f 1340 1383 1344
f 1384 1383 1340
f 1337 1384 1340
f 1385 1384 1337
f 1342 1385 1337
f 1386 1342 1345
f 1386 1385 1342
f 1387 1345 1376
f 1388 1345 1387
f 1388 1386 1345
f 1389 1387 1390
f 1389 1388 1387
f 1391 1390 1392
f 1391 1389 1390
f 1393 1392 1394
f 1393 1391 1392
f 1395 1394 1396
f 1395 1393 1394
f 1397 1396 1398
f 1397 1395 1396
f 1399 1398 1400
f 1399 1397 1398
f 1401 1400 1402
f 1401 1399 1400
f 1353 1402 1374
f 1403 1402 1353
f 1403 1401 1402
f 1404 1353 1355
f 1404 1403 1353
f 1405 1404 1355
f 1405 1355 1351
f 1406 1405 1351
f 1406 1351 1349
f 1407 1406 1349
f 1407 1349 1348
f 1382 1407 1348
f 1382 1348 1346
f 1407 1382 1383
f 1406 1383 1384
f 1406 1384 1385
f 1406 1407 1383
f 1404 1405 1406
f 1403 1385 1386
f 1403 1386 1388
f 1403 1406 1385
f 1403 1404 1406
f 1397 1389 1391
f 1397 1391 1393
f 1397 1393 1395
f 1399 1388 1389
f 1399 1401 1403
f 1399 1403 1388
f 1399 1389 1397
f 1366 1375 1379
f 1379 1375 1381
f 1370 1369 1373
f 1373 1369 1365
f 1365 1369 1366
f 1366 1369 1375
f 1376 1390 1387
f 1390 1394 1392
f 1375 1374 1376
f 1369 1374 1375
f 1376 1374 1390
f 1374 1402 1390
f 1394 1398 1396
f 1390 1400 1394
f 1394 1400 1398
f 1402 1400 1390
f 1408 1409 1410
f 1411 1412 1409
f 1411 1409 1408
f 1413 1410 1414
f 1413 1408 1410
f 1415 1416 1412
f 1415 1412 1411
f 1417 1418 1416
f 1417 1416 1415
f 1419 1420 1418
f 1419 1418 1417
f 1421 1422 1420
f 1421 1420 1419
f 1423 1414 1410
f 1423 1424 1414
f 1425 1410 1409
f 1425 1409 1412
f 1425 1423 1410
f 1426 1425 1412
f 1414 1427 1428
f 1413 1414 1428
f 1424 1429 1414
f 1429 1427 1414
f 1430 1431 1432
f 1430 1433 1431
f 1434 1432 1435
f 1434 1430 1432
f 1429 1435 1427
f 1429 1434 1435
f 1433 1436 1431
f 1433 1437 1436
f 1438 1439 1440
f 1438 1440 1441
f 1438 1442 1439
f 1443 1441 1436
f 1443 1438 1441
f 1437 1443 1436
f 1422 1444 1439
f 1422 1421 1444
f 1442 1445 1422
f 1439 1442 1422
f 1446 1416 1418
f 1447 1418 1420
f 1447 1446 1418
f 1448 1447 1420
f 1445 1420 1422
f 1445 1448 1420
f 1446 1412 1416
f 1446 1426 1412
f 1429 1433 1430
f 1429 1430 1434
f 1442 1438 1443
f 1442 1443 1437
f 1442 1437 1433
f 1442 1429 1424
f 1442 1433 1429
f 1426 1424 1423
f 1426 1423 1425
f 1445 1442 1424
f 1445 1424 1426
f 1446 1445 1426
f 1447 1448 1445
f 1447 1445 1446
f 1449 1450 1415
f 1449 1415 1411
f 1451 1411 1408
f 1451 1449 1411
f 1452 1413 1428
f 1453 1408 1413
f 1453 1451 1408
f 1454 1452 1455
f 1454 1413 1452
f 1454 1453 1413
f 1456 1455 1457
f 1456 1454 1455
f 1458 1457 1459
f 1458 1456 1457
f 1460 1459 1461
f 1460 1458 1459
f 1462 1460 1461
f 1421 1461 1444
f 1421 1462 1461
f 1463 1462 1421
f 1419 1463 1421
f 1464 1463 1419
f 1417 1464 1419
f 1465 1464 1417
f 1415 1465 1417
f 1450 1465 1415
f 1453 1449 1451
f 1465 1450 1449
f 1463 1464 1465
f 1460 1453 1454
f 1460 1454 1456
f 1460 1456 1458
f 1460 1462 1463
f 1460 1449 1453
f 1460 1465 1449
f 1460 1463 1465
f 1431 1427 1432
f 1432 1427 1435
f 1440 1439 1441
f 1441 1439 1436
f 1436 1439 1431
f 1431 1439 1427
f 1439 1428 1427
f 1428 1455 1452
f 1439 1444 1428
f 1455 1461 1457
f 1457 1461 1459
f 1428 1461 1455
f 1444 1461 1428
f 1466 1467 1468
f 1466 1468 1469
f 1466 1470 1467
f 1471 1466 1469
f 1472 1469 1473
f 1472 1471 1469
f 1470 1474 1467
f 1470 1475 1474
f 1476 1477 1474
f 1475 1476 1474
f 1478 1479 1480
f 1478 1481 1479
f 1482 1480 1483
f 1482 1478 1480
f 1476 1483 1477
f 1476 1482 1483
f 1481 1484 1479
f 1481 1485 1484
f 1485 1486 1484
f 1485 1487 1486
f 1488 1489 1490
f 1491 1490 1492
f 1491 1488 1490
f 1493 1492 1486
f 1493 1491 1492
f 1487 1493 1486
f 1488 1494 1489
f 1488 1495 1494
f 1495 1496 1494
f 1495 1497 1496
f 1498 1499 1500
f 1498 1501 1499
f 1502 1500 1503
f 1502 1503 1496
f 1502 1498 1500
f 1497 1502 1496
f 1501 1504 1499
f 1501 1505 1504
f 1505 1506 1504
f 1505 1507 1506
f 1508 1509 1510
f 1508 1511 1509
f 1512 1510 1513
f 1512 1508 1510
f 1507 1513 1506
f 1507 1512 1513
f 1511 1514 1509
f 1511 1515 1514
f 1515 1473 1514
f 1515 1472 1473
f 1472 1470 1466
f 1472 1466 1471
f 1515 1475 1470
f 1515 1470 1472
f 1481 1478 1482
f 1481 1482 1476
f 1481 1476 1475
f 1507 1515 1511
f 1507 1511 1508
f 1507 1508 1512
f 1485 1481 1475
f 1505 1475 1515
f 1505 1515 1507
f 1505 1485 1475
f 1495 1485 1505
f 1487 1485 1495
f 1488 1487 1495
f 1491 1493 1487
f 1491 1487 1488
f 1501 1495 1505
f 1497 1495 1501
f 1502 1501 1498
f 1502 1497 1501
f 1467 1473 1468
f 1468 1473 1469
f 1474 1514 1467
f 1467 1514 1473
f 1480 1479 1483
f 1483 1479 1477
f 1477 1479 1474
f 1509 1506 1510
f 1510 1506 1513
f 1479 1484 1474
f 1514 1504 1509
f 1474 1504 1514
f 1509 1504 1506
f 1484 1504 1474
f 1484 1494 1504
f 1484 1486 1494
f 1486 1489 1494
f 1492 1490 1486
f 1486 1490 1489
f 1494 1499 1504
f 1494 1496 1499
f 1499 1503 1500
f 1496 1503 1499
f 1516 1517 1518
f 1516 1519 1517
f 1520 1518 1521
f 1520 1516 1518
f 1522 1521 1523
f 1522 1520 1521
f 1519 1524 1517
f 1519 1525 1524
f 1526 1527 1528
f 1526 1529 1527
f 1530 1528 1531
f 1530 1531 1524
f 1530 1526 1528
f 1525 1530 1524
f 1529 1532 1527
f 1529 1533 1532
f 1534 1535 1536
f 1534 1536 1537
f 1534 1538 1535
f 1539 1534 1537
f 1533 1537 1532
f 1533 1539 1537
f 1540 1541 1535
f 1538 1540 1535
f 1542 1543 1544
f 1542 1545 1543
f 1546 1544 1547
f 1546 1542 1544
f 1540 1547 1541
f 1540 1546 1547
f 1545 1548 1543
f 1545 1549 1548
f 1550 1551 1552
f 1550 1553 1551
f 1554 1552 1555
f 1554 1555 1548
f 1554 1550 1552
f 1549 1554 1548
f 1553 1556 1551
f 1553 1557 1556
f 1558 1559 1560
f 1558 1561 1559
f 1562 1560 1563
f 1562 1558 1560
f 1557 1563 1556
f 1557 1562 1563
f 1522 1523 1559
f 1561 1522 1559
f 1526 1530 1525
f 1529 1526 1525
f 1520 1519 1516
f 1522 1525 1519
f 1522 1519 1520
f 1533 1529 1525
f 1534 1539 1533
f 1538 1533 1525
f 1538 1534 1533
f 1557 1522 1561
f 1557 1561 1558
f 1557 1558 1562
f 1557 1525 1522
f 1540 1538 1525
f 1545 1542 1546
f 1545 1546 1540
f 1545 1525 1557
f 1545 1540 1525
f 1549 1557 1553
f 1549 1553 1550
f 1549 1545 1557
f 1554 1549 1550
f 1531 1528 1524
f 1528 1527 1524
f 1524 1523 1517
f 1517 1523 1518
f 1518 1523 1521
f 1527 1532 1524
f 1537 1536 1532
f 1532 1535 1524
f 1536 1535 1532
f 1559 1556 1560
f 1560 1556 1563
f 1523 1556 1559
f 1524 1556 1523
f 1535 1541 1524
f 1544 1543 1547
f 1547 1543 1541
f 1524 1543 1556
f 1541 1543 1524
f 1556 1548 1551
f 1551 1548 1552
f 1543 1548 1556
f 1548 1555 1552
f 1564 1565 1566
f 1564 1567 1565
f 1568 1569 1570
f 1571 1570 1572
f 1571 1568 1570
f 1573 1572 1565
f 1573 1571 1572
f 1567 1573 1565
f 1568 1574 1569
f 1568 1575 1574
f 1576 1577 1578
f 1576 1579 1577
f 1580 1578 1581
f 1580 1581 1574
f 1580 1576 1578
f 1575 1580 1574
f 1579 1582 1577
f 1579 1583 1582
f 1584 1585 1586
f 1584 1587 1585
f 1588 1586 1589
f 1588 1584 1586
f 1583 1589 1582
f 1583 1588 1589
f 1587 1590 1585
f 1587 1591 1590
f 1592 1593 1594
f 1592 1595 1593
f 1596 1594 1597
f 1596 1597 1590
f 1596 1592 1594
f 1591 1596 1590
f 1593 1595 1598
f 1598 1599 1600
f 1595 1599 1598
f 1600 1601 1602
f 1599 1601 1600
f 1602 1603 1604
f 1601 1603 1602
f 1604 1605 1606
f 1603 1605 1604
f 1606 1607 1608
f 1605 1607 1606
f 1608 1609 1610
f 1607 1609 1608
f 1609 1611 1610
f 1610 1612 1613
f 1611 1612 1610
f 1613 1614 1615
f 1612 1614 1613
f 1615 1616 1617
f 1614 1616 1615
f 1617 1618 1619
f 1616 1618 1617
f 1620 1621 1622
f 1620 1623 1621
f 1624 1622 1625
f 1624 1625 1619
f 1624 1620 1622
f 1618 1624 1619
f 1623 1626 1621
f 1623 1627 1626
f 1628 1566 1629
f 1628 1564 1566
f 1630 1629 1631
f 1630 1631 1626
f 1630 1628 1629
f 1627 1630 1626
f 1564 1628 1630
f 1564 1630 1627
f 1623 1564 1627
f 1618 1623 1620
f 1618 1620 1624
f 1618 1564 1623
f 1616 1564 1618
f 1614 1564 1616
f 1567 1564 1614
f 1612 1567 1614
f 1571 1573 1567
f 1568 1567 1612
f 1568 1571 1567
f 1611 1568 1612
f 1609 1568 1611
f 1595 1592 1596
f 1591 1595 1596
f 1588 1587 1584
f 1583 1601 1599
f 1583 1599 1595
f 1583 1591 1587
f 1583 1595 1591
f 1583 1587 1588
f 1575 1609 1607
f 1575 1607 1605
f 1575 1605 1603
f 1575 1568 1609
f 1579 1603 1601
f 1579 1575 1603
f 1579 1601 1583
f 1576 1575 1579
f 1576 1580 1575
f 1566 1626 1629
f 1629 1626 1631
f 1566 1621 1626
f 1621 1619 1622
f 1622 1619 1625
f 1566 1619 1621
f 1566 1617 1619
f 1566 1615 1617
f 1566 1565 1615
f 1565 1613 1615
f 1572 1570 1565
f 1565 1569 1613
f 1570 1569 1565
f 1569 1610 1613
f 1569 1608 1610
f 1594 1593 1597
f 1593 1590 1597
f 1585 1589 1586
f 1598 1582 1593
f 1600 1582 1598
f 1590 1582 1585
f 1593 1582 1590
f 1585 1582 1589
f 1604 1574 1602
f 1606 1574 1604
f 1608 1574 1606
f 1569 1574 1608
f 1602 1577 1600
f 1600 1577 1582
f 1574 1577 1602
f 1574 1578 1577
f 1581 1578 1574
f 1632 1633 1634
f 1635 1633 1632
f 1636 1637 1638
f 1639 1637 1636
f 1640 1637 1641
f 1641 1637 1639
f 1634 1642 1643
f 1643 1642 1644
f 1633 1642 1634
f 1638 1645 1646
f 1647 1645 1640
f 1640 1645 1637
f 1646 1645 1647
f 1637 1645 1638
f 1643 1648 1649
f 1644 1648 1643
f 1649 1650 1651
f 1648 1650 1649
f 1652 1653 1654
f 1654 1653 1655
f 1651 1656 1657
f 1657 1656 1658
f 1650 1656 1651
f 1659 1660 1661
f 1661 1660 1662
f 1662 1660 1663
f 1664 1665 1666
f 1667 1665 1664
f 1668 1665 1669
f 1670 1665 1668
f 1671 1672 1673
f 1673 1672 1674
f 1675 1672 1676
f 1676 1672 1671
f 1677 1672 1675
f 1674 1672 1677
f 1661 1678 1659
f 1679 1678 1680
f 1680 1678 1661
f 1681 1682 1683
f 1684 1682 1681
f 1683 1682 1685
f 1686 1687 1688
f 1688 1687 1681
f 1689 1687 1686
f 1685 1690 1691
f 1684 1690 1682
f 1692 1690 1684
f 1682 1690 1685
f 1691 1690 1692
f 1689 1693 1687
f 1687 1693 1681
f 1694 1693 1689
f 1681 1693 1695
f 1668 1696 1697
f 1697 1696 1698
f 1669 1696 1668
f 1696 1699 1698
f 1698 1699 1700
f 1701 1699 1696
f 1702 1699 1701
f 1700 1699 1702
f 1693 1703 1695
f 1694 1703 1693
f 1704 1703 1694
f 1695 1705 1706
f 1706 1705 1704
f 1704 1705 1703
f 1703 1705 1695
f 1706 1707 1695
f 1695 1707 1692
f 1708 1707 1709
f 1692 1707 1708
f 1710 1711 1712
f 1713 1711 1710
f 1712 1711 1714
f 1715 1711 1713
f 1716 1711 1715
f 1717 1711 1716
f 1714 1711 1717
f 1718 1719 1716
f 1720 1719 1718
f 1721 1722 1723
f 1723 1722 1724
f 1724 1722 1725
f 1725 1726 1727
f 1721 1726 1722
f 1722 1726 1725
f 1728 1726 1721
f 1729 1730 1731
f 1726 1730 1727
f 1728 1730 1726
f 1727 1730 1729
f 1731 1730 1728
f 1732 1733 1734
f 1734 1733 1719
f 1719 1733 1716
f 1716 1733 1732
f 1735 1736 1737
f 1737 1736 1738
f 1739 1736 1735
f 1740 1741 1742
f 1743 1741 1740
f 1742 1741 1744
f 1744 1741 1745
f 1746 1747 1748
f 1749 1747 1750
f 1748 1747 1725
f 1750 1747 1746
f 1724 1747 1749
f 1725 1747 1724
f 1751 1752 1753
f 1754 1752 1755
f 1756 1752 1754
f 1755 1752 1757
f 1753 1752 1758
f 1758 1752 1756
f 1757 1752 1751
f 1739 1759 1736
f 1760 1761 1762
f 1734 1761 1760
f 1759 1761 1734
f 1762 1761 1763
f 1764 1765 1739
f 1766 1765 1764
f 1767 1768 1766
f 1769 1768 1767
f 1765 1768 1739
f 1766 1768 1765
f 1770 1771 1757
f 1772 1771 1770
f 1773 1774 1775
f 1757 1774 1773
f 1771 1774 1757
f 1772 1774 1771
f 1762 1776 1777
f 1778 1776 1762
f 1777 1776 1772
f 1776 1779 1772
f 1780 1781 1782
f 1782 1781 1783
f 1784 1781 1780
f 1783 1781 1779
f 1785 1786 1787
f 1788 1786 1785
f 1787 1786 1789
f 1786 1790 1789
f 1791 1790 1792
f 1789 1790 1793
f 1793 1790 1791
f 1788 1790 1786
f 1794 1795 1796
f 1796 1795 1797
f 1795 1798 1783
f 1799 1798 1794
f 1794 1798 1795
f 1783 1798 1799
f 1800 1801 1802
f 1803 1801 1804
f 1804 1801 1800
f 1805 1801 1803
f 1802 1801 1805
f 1791 1806 1807
f 1808 1806 1809
f 1792 1806 1791
f 1810 1806 1808
f 1811 1812 1813
f 1814 1812 1815
f 1816 1812 1811
f 1815 1812 1816
f 1817 1818 1819
f 1820 1818 1821
f 1821 1818 1817
f 1822 1818 1820
f 1823 1818 1822
f 1819 1818 1823
f 1824 1825 1826
f 1826 1825 1827
f 1828 1825 1824
f 1829 1830 1831
f 1827 1830 1832
f 1832 1830 1829
f 1825 1830 1827
f 1833 1834 1635
f 1835 1834 1833
f 1635 1834 1633
f 1834 1836 1633
f 1642 1836 1644
f 1633 1836 1642
f 1644 1836 1837
f 1644 1838 1648
f 1648 1838 1650
f 1837 1838 1644
f 1839 1840 1652
f 1657 1840 1839
f 1652 1840 1653
f 1656 1841 1658
f 1650 1841 1656
f 1658 1841 1842
f 1838 1841 1650
f 1660 1843 1663
f 1844 1843 1845
f 1663 1843 1844
f 1653 1846 1655
f 1847 1846 1848
f 1655 1846 1847
f 1840 1846 1653
f 1660 1849 1843
f 1850 1849 1659
f 1659 1849 1660
f 1666 1851 1852
f 1670 1851 1665
f 1853 1851 1670
f 1852 1851 1853
f 1665 1851 1666
f 1678 1854 1659
f 1659 1854 1850
f 1855 1856 1679
f 1678 1856 1854
f 1857 1856 1855
f 1679 1856 1678
f 1665 1858 1669
f 1667 1858 1665
f 1859 1858 1860
f 1669 1858 1859
f 1860 1858 1667
f 1701 1861 1862
f 1669 1861 1696
f 1696 1861 1701
f 1859 1861 1669
f 1862 1861 1859
f 1709 1863 1864
f 1706 1863 1707
f 1865 1863 1706
f 1749 1863 1865
f 1707 1863 1709
f 1864 1863 1749
f 1759 1866 1736
f 1867 1866 1720
f 1720 1866 1719
f 1736 1866 1738
f 1738 1866 1867
f 1745 1868 1869
f 1741 1868 1745
f 1743 1868 1741
f 1869 1868 1870
f 1870 1868 1743
f 1759 1871 1866
f 1719 1871 1734
f 1734 1871 1759
f 1866 1871 1719
f 1768 1872 1739
f 1739 1872 1759
f 1763 1873 1874
f 1768 1873 1872
f 1874 1873 1769
f 1759 1873 1761
f 1761 1873 1763
f 1872 1873 1759
f 1769 1873 1768
f 1772 1875 1774
f 1779 1875 1772
f 1774 1876 1775
f 1775 1876 1877
f 1877 1876 1784
f 1779 1876 1875
f 1784 1876 1781
f 1875 1876 1774
f 1781 1876 1779
f 1797 1878 1879
f 1795 1878 1797
f 1879 1878 1778
f 1778 1878 1776
f 1776 1878 1779
f 1795 1880 1878
f 1783 1880 1795
f 1779 1880 1783
f 1878 1880 1779
f 1788 1881 1790
f 1792 1881 1882
f 1790 1881 1792
f 1882 1881 1883
f 1883 1881 1788
f 1884 1885 1886
f 1810 1885 1806
f 1807 1885 1884
f 1886 1885 1810
f 1806 1885 1807
f 1792 1887 1806
f 1882 1887 1792
f 1888 1887 1882
f 1809 1887 1888
f 1806 1887 1809
f 1814 1889 1812
f 1813 1889 1890
f 1891 1889 1814
f 1812 1889 1813
f 1890 1889 1891
f 1828 1892 1825
f 1893 1892 1894
f 1894 1892 1828
f 1830 1895 1831
f 1892 1895 1825
f 1825 1895 1830
f 1834 1896 1836
f 1836 1896 1837
f 1835 1896 1834
f 1897 1896 1835
f 1843 1898 1845
f 1845 1898 1899
f 1842 1900 1901
f 1841 1900 1842
f 1838 1900 1841
f 1837 1900 1838
f 1902 1903 1850
f 1843 1903 1898
f 1849 1903 1843
f 1850 1903 1849
f 1657 1904 1840
f 1840 1904 1846
f 1904 1905 1846
f 1846 1905 1848
f 1848 1905 1906
f 1906 1905 1907
f 1850 1908 1902
f 1854 1908 1850
f 1856 1908 1854
f 1856 1909 1908
f 1857 1909 1856
f 1910 1909 1857
f 1893 1911 1892
f 1895 1911 1831
f 1892 1911 1895
f 1831 1911 1833
f 1835 1911 1912
f 1833 1911 1835
f 1912 1911 1893
f 1898 1913 1899
f 1903 1913 1898
f 1899 1913 1897
f 1902 1914 1903
f 1903 1914 1913
f 1913 1914 1897
f 1897 1914 1896
f 1837 1915 1916
f 1902 1915 1914
f 1914 1915 1896
f 1896 1915 1837
f 1916 1915 1902
f 1916 1917 1837
f 1837 1917 1900
f 1902 1917 1916
f 1902 1918 1917
f 1917 1918 1900
f 1908 1918 1902
f 1900 1918 1901
f 1658 1919 1657
f 1686 1919 1842
f 1842 1919 1658
f 1904 1919 1905
f 1905 1919 1907
f 1657 1919 1904
f 1907 1919 1686
f 1909 1920 1908
f 1910 1920 1909
f 1908 1920 1918
f 1901 1920 1910
f 1918 1920 1901
f 1921 1922 1923
f 1924 1922 1921
f 1925 1922 1924
f 1921 1926 1924
f 1927 1845 1928
f 1922 1929 1923
f 1930 1857 1931
f 1923 1932 1921
f 1933 1932 1934
f 1935 1932 1933
f 1921 1932 1935
f 1923 1936 1932
f 1937 1938 1921
f 1926 1938 1939
f 1921 1938 1926
f 1940 1941 1942
f 1943 1944 1945
f 1926 1944 1924
f 1924 1944 1943
f 1939 1944 1926
f 1946 1947 1940
f 1940 1947 1941
f 1947 1948 1941
f 1941 1948 1949
f 1943 1950 1924
f 1924 1950 1925
f 1948 1951 1949
f 1824 1951 1828
f 1943 1952 1950
f 1945 1952 1943
f 1950 1952 1953
f 1951 1954 1828
f 1828 1954 1894
f 1948 1954 1951
f 1950 1955 1925
f 1925 1955 1956
f 1953 1955 1950
f 1957 1822 1820
f 1958 1823 1822
f 1959 1960 1953
f 1953 1960 1955
f 1955 1960 1956
f 1956 1960 1961
f 1959 1962 1960
f 1960 1962 1961
f 1832 1962 1959
f 1956 1963 1925
f 1912 1964 1897
f 1958 1965 1823
f 1641 1966 1967
f 1963 1968 1969
f 1956 1968 1963
f 1961 1968 1956
f 1969 1968 1970
f 1966 1971 1967
f 1897 1835 1912
f 1963 1972 1925
f 1969 1972 1963
f 1925 1972 1922
f 1922 1972 1973
f 1968 1974 1970
f 1970 1974 1652
f 1961 1974 1968
f 1975 1976 1977
f 1977 1976 1971
f 1845 1899 1928
f 1928 1899 1964
f 1964 1899 1897
f 1973 1978 1979
f 1972 1978 1973
f 1969 1978 1972
f 1971 1980 1967
f 1976 1980 1971
f 1981 1980 1976
f 1980 1647 1967
f 1646 1647 1982
f 1975 1983 1976
f 1976 1983 1981
f 1981 1983 1984
f 1975 1985 1983
f 1983 1985 1984
f 1646 1986 1638
f 1844 1986 1987
f 1982 1988 1989
f 1981 1988 1980
f 1980 1988 1647
f 1647 1988 1982
f 1979 1990 1973
f 1922 1990 1929
f 1973 1990 1922
f 1929 1990 1675
f 1991 1992 1975
f 1975 1992 1985
f 1985 1992 1984
f 1981 1993 1988
f 1989 1993 1994
f 1988 1993 1989
f 1646 1995 1986
f 1986 1995 1987
f 1982 1995 1646
f 1686 1842 1901
f 1852 1853 1991
f 1991 1853 1992
f 1993 1996 1994
f 1981 1996 1993
f 1994 1996 1997
f 1984 1996 1981
f 1982 1998 1995
f 1989 1998 1982
f 1923 1676 1999
f 1675 1676 1929
f 1929 1676 1923
f 1853 2000 1992
f 1992 2000 1984
f 1995 2001 1987
f 2002 2001 1998
f 1998 2001 1995
f 1848 2003 1847
f 1984 2004 1996
f 1996 2004 1997
f 1997 2004 2005
f 2005 2004 2006
f 2000 2004 1984
f 1989 2007 1998
f 1994 2007 1989
f 1998 2007 2002
f 2002 2007 2008
f 1661 1662 2009
f 2001 1662 1987
f 1930 1910 1857
f 1848 1683 2003
f 1906 1683 1848
f 2007 2010 2008
f 1994 2010 2007
f 1997 2010 1994
f 2000 2011 2004
f 2004 2011 2006
f 2006 2011 2012
f 2002 2013 2001
f 2001 2013 1662
f 1662 2013 2009
f 2009 2013 2014
f 2003 1685 1677
f 1683 1685 2003
f 1901 1689 1686
f 1910 1689 1901
f 1930 1689 1910
f 1997 2015 2010
f 2010 2015 2008
f 2005 2015 1997
f 2008 2015 1713
f 2016 1860 2017
f 2018 1674 2019
f 1685 1674 1677
f 2002 2020 2013
f 2013 2020 2014
f 2009 1680 1661
f 2002 2021 2020
f 2008 2021 2002
f 2020 2021 2014
f 2014 2021 2022
f 2019 1691 2023
f 1674 1691 2019
f 1685 1691 1674
f 2014 2024 2009
f 2009 2024 1680
f 2025 2026 2016
f 2027 2028 1855
f 1728 2028 1731
f 2021 1710 2022
f 1713 1710 2008
f 2008 1710 2021
f 1700 2029 2012
f 2012 2029 2030
f 2024 2031 1680
f 1680 2031 2027
f 2032 2031 2024
f 2014 2033 2024
f 2024 2033 2032
f 1700 1720 2029
f 1731 2034 2035
f 2027 2034 2028
f 2028 2034 1731
f 2031 2034 2027
f 1724 1865 1723
f 2033 2036 2032
f 2022 2036 2014
f 2032 2036 2037
f 2014 2036 2033
f 2038 1870 2039
f 2035 2040 2041
f 2032 2040 2031
f 2031 2040 2034
f 2034 2040 2035
f 2042 2043 2044
f 2022 1756 2036
f 2036 1756 2037
f 2037 1756 1754
f 1864 1749 2045
f 1724 1749 1865
f 2046 1732 2047
f 1717 1732 2046
f 2040 2048 2041
f 2032 2048 2040
f 2037 2048 2032
f 2041 2048 2049
f 2042 2050 2043
f 1921 2050 2042
f 1935 2050 1921
f 2035 1729 1731
f 2037 2051 2048
f 2048 2051 2049
f 2049 2051 2052
f 2041 2053 2035
f 2054 2053 2055
f 2035 2053 1729
f 1729 2053 2054
f 2056 1742 1933
f 1933 1742 1935
f 2052 2057 2058
f 2051 2057 2052
f 2037 2057 2051
f 1754 2057 2037
f 2047 1770 2046
f 2046 1770 1751
f 2059 2060 2039
f 2039 2060 1764
f 2054 1748 1725
f 2041 2061 2053
f 2053 2061 2055
f 2049 2061 2041
f 2055 2062 2054
f 2054 2062 1748
f 2061 2063 2055
f 2052 2063 2049
f 2055 2063 2064
f 2049 2063 2061
f 1933 2065 2056
f 1934 2065 1933
f 2056 2065 2059
f 2059 2065 2060
f 2066 2065 1934
f 2067 2068 2069
f 2069 2068 1787
f 2055 2070 2062
f 2062 2070 2071
f 1769 2072 2073
f 2068 1775 1787
f 2063 2074 2064
f 2052 2074 2063
f 2058 2074 2052
f 2075 2074 2058
f 2073 2076 1803
f 2072 2076 2073
f 2070 2077 2071
f 2071 2077 2078
f 2055 2077 2070
f 2064 2077 2055
f 2069 2079 2075
f 2075 2079 2074
f 2064 2080 2077
f 2077 2080 2078
f 2079 2081 2074
f 2074 2081 2064
f 1932 2082 1934
f 2073 2083 1797
f 2078 2084 2085
f 2064 2084 2080
f 2080 2084 2078
f 2081 2084 2064
f 1803 1804 2073
f 2073 1804 2083
f 2085 1884 1886
f 2084 1884 2085
f 2081 1884 2084
f 1936 1805 1932
f 2082 1805 1803
f 1932 1805 2082
f 1802 1805 2086
f 2086 1805 1936
f 2087 2088 2089
f 1799 2088 2087
f 2090 2091 2086
f 1802 2091 2092
f 2086 2091 1802
f 2089 2091 2090
f 2088 2091 2089
f 2087 1890 2093
f 2094 1888 2095
f 2095 2096 2097
f 2086 1816 2090
f 1936 1816 2086
f 2098 2099 2100
f 2100 2101 1923
f 1923 2101 1936
f 2099 2101 2100
f 2102 2103 1937
f 1937 2103 1938
f 1942 2104 2102
f 1941 2104 1942
f 2102 2104 2103
f 1949 2105 1939
f 1939 2105 1944
f 1951 2106 1949
f 1944 2106 1945
f 2105 2106 1944
f 1949 2106 2105
f 1821 2107 1946
f 1946 2107 1947
f 1824 2108 1951
f 1951 2108 2106
f 2106 2108 1945
f 2107 2109 1947
f 2110 2109 2111
f 1824 1826 2108
f 1945 1826 1952
f 2108 1826 1945
f 2111 2112 2110
f 1953 2113 1959
f 1952 2113 1953
f 1959 2113 1832
f 1826 2113 1952
f 2114 2115 1957
f 1957 2115 1822
f 2112 2116 1954
f 1894 2116 1893
f 1954 2116 1894
f 1893 2116 1912
f 1823 2117 1819
f 1965 2117 1823
f 2118 2119 2114
f 2114 2119 2115
f 1832 1632 1962
f 1831 1632 1829
f 1829 1632 1832
f 1928 2120 1927
f 1964 2120 1928
f 1965 2120 2117
f 1927 2120 1965
f 1977 2121 2118
f 2118 2121 2119
f 1971 2121 1977
f 2119 2121 1966
f 1966 2121 1971
f 2122 1634 1643
f 1961 1634 2122
f 1962 1634 1961
f 1632 1634 1962
f 1965 1636 1927
f 1643 1649 2122
f 2122 1649 1961
f 1961 1649 1974
f 1647 1640 1967
f 1967 1640 1641
f 1638 2123 1636
f 1986 2123 1638
f 1845 2123 1844
f 1636 2123 1927
f 1927 2123 1845
f 1844 2123 1986
f 1652 1654 1970
f 1969 1654 1978
f 1970 1654 1969
f 1652 1651 1839
f 1649 1651 1974
f 1839 1651 1657
f 1974 1651 1652
f 1654 1655 1978
f 1978 1655 1979
f 2003 2124 1847
f 1655 2124 1979
f 1847 2124 1655
f 2003 2125 2124
f 1677 2125 2003
f 1979 2125 1990
f 2124 2125 1979
f 1662 1663 1987
f 1987 1663 1844
f 1990 2126 1675
f 2125 2126 1990
f 1675 2126 1677
f 1677 2126 2125
f 2000 1670 2127
f 2127 1670 1668
f 1853 1670 2000
f 2017 1667 1664
f 1860 1667 2017
f 1999 1671 2128
f 1676 1671 1999
f 1686 1688 1907
f 1906 1688 1683
f 1907 1688 1906
f 2127 1697 2000
f 1668 1697 2127
f 2000 1697 2011
f 2128 1673 2018
f 2018 1673 1674
f 1671 1673 2128
f 2027 1679 1680
f 1855 1679 2027
f 1684 1681 1695
f 1688 1681 1683
f 2012 1698 1700
f 2011 1698 2012
f 1697 1698 2011
f 2012 2129 2006
f 2030 2129 2012
f 2026 2130 2016
f 1860 2130 2131
f 2016 2130 1860
f 2030 2132 2129
f 2129 2132 2006
f 2006 2132 2005
f 2005 2132 2015
f 2131 1859 1860
f 1862 1859 2131
f 1723 1694 1931
f 1930 1694 1689
f 1931 1694 1930
f 2132 2133 2015
f 1713 2133 1715
f 1715 2133 2132
f 2015 2133 1713
f 1695 1692 1684
f 1728 2134 2028
f 1857 2134 1931
f 1855 2134 1857
f 2028 2134 1855
f 2026 2135 1745
f 2044 2135 2025
f 2025 2135 2026
f 1702 1701 2136
f 2136 1701 1737
f 1737 1701 1862
f 1706 1704 1865
f 1723 1704 1694
f 1865 1704 1723
f 1931 1721 1723
f 2134 1721 1931
f 1728 1721 2134
f 2030 1718 2132
f 2029 1718 2030
f 1720 1718 2029
f 2132 1718 1715
f 1700 1867 1720
f 1702 1867 1700
f 2023 1708 1709
f 1691 1708 2023
f 1692 1708 1691
f 1745 1869 2026
f 2026 1869 2130
f 2130 1869 2131
f 1702 1738 1867
f 2136 1738 1702
f 1737 1738 2136
f 1737 2137 2038
f 1869 2137 2131
f 1870 2137 1869
f 1862 2137 1737
f 2131 2137 1862
f 2038 2137 1870
f 2022 1712 2138
f 1710 1712 2022
f 1718 1716 1715
f 1717 1716 1732
f 2044 2139 2135
f 2043 2139 2044
f 2135 2139 1745
f 1745 2139 1744
f 2138 1758 2022
f 2022 1758 1756
f 1712 1714 2138
f 2046 1714 1717
f 2138 1714 2046
f 1742 2140 1935
f 2050 2140 2043
f 1935 2140 2050
f 2139 2140 1744
f 2043 2140 2139
f 1744 2140 1742
f 2038 1735 1737
f 2039 1743 2059
f 1870 1743 2039
f 2138 1753 1758
f 1751 1753 2046
f 2046 1753 2138
f 2039 2141 2038
f 1764 2141 2039
f 2038 2141 1735
f 1725 1727 2054
f 2054 1727 1729
f 2045 1750 2142
f 1749 1750 2045
f 1732 2143 2047
f 1734 2143 1732
f 2047 2143 2144
f 1764 1739 2141
f 2141 1739 1735
f 1734 1760 2143
f 2143 1760 2144
f 2144 1760 1762
f 1743 1740 2059
f 2059 1740 2056
f 2056 1740 1742
f 1755 2145 1754
f 1754 2145 2057
f 1770 1757 1751
f 2144 2146 2047
f 2047 2146 1770
f 2142 1746 2147
f 1750 1746 2142
f 1762 1777 2144
f 2144 1777 2146
f 2057 2148 2058
f 2145 2148 2057
f 2058 2148 2075
f 1755 2148 2145
f 2060 1766 1764
f 2066 1766 2065
f 2065 1766 2060
f 1746 2149 2147
f 1748 2149 1746
f 2062 2149 1748
f 2071 2149 2062
f 2147 2149 2071
f 2068 1773 1775
f 2067 1773 2068
f 1757 1773 1755
f 1755 1773 2148
f 2148 1773 2067
f 1762 1763 2150
f 2150 1763 2151
f 2146 1772 1770
f 1777 1772 2146
f 2148 2152 2075
f 2075 2152 2069
f 2069 2152 2067
f 2067 2152 2148
f 1763 1874 2151
f 2151 1874 2073
f 2073 1874 1769
f 1769 1767 2072
f 2072 1767 2076
f 2066 1767 1766
f 2150 1778 1762
f 2151 1778 2150
f 1797 1879 2073
f 2073 1879 2151
f 2151 1879 1778
f 2082 2153 1934
f 1934 2153 2066
f 1775 1877 1787
f 1787 1877 1785
f 2069 1789 2079
f 1787 1789 2069
f 2076 2154 1803
f 1803 2154 2082
f 2153 2154 2066
f 1767 2154 2076
f 2066 2154 1767
f 2082 2154 2153
f 1877 1784 1785
f 1785 1784 2155
f 2155 1784 1780
f 2079 1793 2081
f 2081 1793 2156
f 1789 1793 2079
f 2156 1793 1791
f 2155 1788 1785
f 1780 1788 2155
f 1883 1788 1780
f 2083 1796 1797
f 1804 1796 2083
f 2156 1807 2081
f 2081 1807 1884
f 1791 1807 2156
f 1780 1782 2093
f 2092 1800 1802
f 1796 1800 2092
f 1804 1800 1796
f 1783 2157 1782
f 2093 2157 2087
f 2087 2157 1799
f 1782 2157 2093
f 1799 2157 1783
f 2091 1794 2092
f 2088 1794 2091
f 2092 1794 1796
f 1799 1794 2088
f 2093 2158 1780
f 1780 2158 1883
f 1890 2158 2093
f 1883 2158 2159
f 2159 1882 1883
f 1888 1882 2159
f 2089 1813 2087
f 2087 1813 1890
f 1808 1809 2094
f 2094 1809 1888
f 1890 1891 2158
f 2158 1891 2159
f 2096 1891 1814
f 1816 1811 2090
f 2090 1811 2089
f 2089 1811 1813
f 1891 2160 2159
f 2096 2160 1891
f 2095 2160 2096
f 1888 2160 2095
f 2159 2160 1888
f 1815 2161 1814
f 2098 2161 2099
f 2161 2162 1814
f 2098 2162 2161
f 2097 2162 2098
f 2096 2162 2097
f 1814 2162 2096
f 1936 2163 1816
f 2099 2163 2101
f 2101 2163 1936
f 1815 2163 2161
f 2161 2163 2099
f 1816 2163 1815
f 1941 2164 2104
f 2103 2164 1938
f 1939 2164 1949
f 2104 2164 2103
f 1938 2164 1939
f 1949 2164 1941
f 2109 2165 1947
f 2110 2165 2109
f 1947 2165 1948
f 1948 2166 1954
f 1954 2166 2112
f 2112 2166 2110
f 2165 2166 1948
f 2110 2166 2165
f 2111 1817 1819
f 2109 1817 2111
f 2107 1817 2109
f 1821 1817 2107
f 1826 1827 2113
f 2113 1827 1832
f 1819 2167 2111
f 2117 2167 1819
f 2112 2168 2116
f 2116 2168 1912
f 1912 2168 1964
f 2111 2169 2112
f 2112 2169 2168
f 2168 2169 1964
f 1964 2169 2120
f 2167 2170 2111
f 2120 2170 2117
f 2117 2170 2167
f 2111 2170 2169
f 2169 2170 2120
f 1822 2171 1958
f 1966 2171 2119
f 1641 2171 1966
f 2115 2171 1822
f 2119 2171 2115
f 1958 2171 1641
f 1833 1635 1831
f 1831 1635 1632
f 1965 1639 1636
f 1958 1639 1965
f 1641 1639 1958
f 2100 1923 1999
f 2100 1999 2128
f 2098 2128 2018
f 2098 2100 2128
f 2097 2018 2019
f 2097 2019 2023
f 2097 2098 2018
f 2095 2023 1709
f 2095 2097 2023
f 2094 1709 1864
f 2094 2095 1709
f 1808 1864 2045
f 1808 2094 1864
f 1810 1808 2045
f 1886 2045 2142
f 1886 1810 2045
f 2078 2147 2071
f 2085 2142 2147
f 2085 1886 2142
f 2085 2147 2078
f 1921 2042 1937
f 1937 2042 2102
f 2102 2044 1942
f 2042 2044 2102
f 1942 2025 1940
f 1940 2025 1946
f 2044 2025 1942
f 1946 2016 1821
f 2025 2016 1946
f 1821 2017 1820
f 2016 2017 1821
f 1820 1664 1957
f 2017 1664 1820
f 1664 1666 1957
f 1957 1852 2114
f 1666 1852 1957
f 2118 1975 1977
f 2114 1991 2118
f 1852 1991 2114
f 2118 1991 1975
f 2172 2173 2174
f 2172 2174 2175
f 2176 2175 2177
f 2176 2172 2175
f 2178 2177 2179
f 2178 2176 2177
f 2180 2179 2181
f 2180 2181 2182
f 2180 2178 2179
f 2183 2180 2182
f 2184 2182 2185
f 2184 2185 2186
f 2184 2183 2182
f 2187 2184 2186
f 2188 2187 2186
f 2188 2186 2189
f 2188 2189 2190
f 2191 2188 2190
f 2192 2191 2190
f 2192 2190 2193
f 2194 2192 2193
f 2194 2193 2195
f 2194 2195 2196
f 2197 2194 2196
f 2198 2197 2196
f 2198 2196 2199
f 2200 2198 2199
f 2200 2199 2201
f 2200 2201 2202
f 2203 2200 2202
f 2204 2203 2202
f 2204 2202 2205
f 2206 2204 2205
f 2206 2205 2207
f 2206 2207 2208
f 2209 2206 2208
f 2209 2208 2210
f 2211 2209 2210
f 2212 2210 2213
f 2212 2213 2214
f 2212 2211 2210
f 2215 2214 2216
f 2215 2212 2214
f 2217 2215 2216
f 2218 2216 2219
f 2218 2217 2216
f 2220 2219 2221
f 2220 2218 2219
f 2222 2221 2223
f 2222 2220 2221
f 2224 2223 2225
f 2224 2222 2223
f 2226 2225 2227
f 2226 2224 2225
f 2228 2227 2229
f 2228 2226 2227
f 2230 2229 2231
f 2230 2228 2229
f 2232 2231 2233
f 2232 2230 2231
f 2234 2232 2233
f 2234 2233 2235
f 2236 2234 2235
f 2236 2235 2237
f 2238 2236 2237
f 2238 2237 2239
f 2238 2239 2240
f 2241 2238 2240
f 2242 2241 2240
f 2242 2240 2243
f 2244 2242 2243
f 2244 2243 2245
f 2244 2245 2174
f 2173 2244 2174
f 2187 2183 2184
f 2242 2173 2172
f 2242 2172 2176
f 2242 2176 2178
f 2242 2178 2180
f 2242 2180 2183
f 2242 2244 2173
f 2242 2183 2187
f 2238 2241 2242
f 2236 2238 2242
f 2203 2197 2198
f 2203 2198 2200
f 2234 2187 2188
f 2234 2188 2191
f 2234 2191 2192
f 2234 2192 2194
f 2234 2194 2197
f 2234 2242 2187
f 2234 2236 2242
f 2211 2203 2204
f 2211 2204 2206
f 2211 2206 2209
f 2224 2226 2228
f 2224 2228 2230
f 2224 2230 2232
f 2224 2232 2234
f 2224 2234 2197
f 2215 2211 2212
f 2220 2222 2224
f 2218 2224 2197
f 2218 2220 2224
f 2218 2211 2215
f 2218 2215 2217
f 2218 2197 2203
f 2218 2203 2211
f 2182 2186 2185
f 2174 2243 2175
f 2175 2243 2177
f 2177 2243 2179
f 2179 2243 2181
f 2181 2243 2182
f 2245 2243 2174
f 2182 2243 2186
f 2240 2239 2243
f 2239 2237 2243
f 2196 2202 2199
f 2199 2202 2201
f 2186 2235 2189
f 2189 2235 2190
f 2190 2235 2193
f 2193 2235 2195
f 2195 2235 2196
f 2243 2235 2186
f 2237 2235 2243
f 2202 2210 2205
f 2205 2210 2207
f 2207 2210 2208
f 2227 2225 2229
f 2229 2225 2231
f 2231 2225 2233
f 2233 2225 2235
f 2235 2225 2196
f 2210 2214 2213
f 2223 2221 2225
f 2225 2219 2196
f 2221 2219 2225
f 2210 2219 2214
f 2214 2219 2216
f 2196 2219 2202
f 2202 2219 2210
f 2246 2247 2248
f 2246 2249 2247
f 2250 2251 2252
f 2250 2253 2251
f 2254 2252 2255
f 2254 2250 2252
f 2249 2255 2247
f 2249 2254 2255
f 2253 2256 2251
f 2253 2257 2256
f 2258 2259 2260
f 2258 2260 2261
f 2258 2262 2259
f 2263 2258 2261
f 2257 2261 2256
f 2257 2263 2261
f 2262 2264 2259
f 2262 2265 2264
f 2266 2267 2268
f 2266 2269 2267
f 2270 2268 2271
f 2270 2266 2268
f 2265 2271 2264
f 2265 2270 2271
f 2269 2272 2267
f 2269 2273 2272
f 2274 2275 2276
f 2274 2277 2275
f 2278 2276 2279
f 2278 2279 2272
f 2278 2274 2276
f 2273 2278 2272
f 2275 2277 2280
f 2280 2281 2282
f 2277 2281 2280
f 2282 2283 2284
f 2281 2283 2282
f 2284 2285 2286
f 2283 2285 2284
f 2286 2287 2288
f 2285 2287 2286
f 2288 2289 2290
f 2287 2289 2288
f 2289 2291 2290
f 2290 2292 2293
f 2291 2292 2290
f 2293 2294 2295
f 2295 2294 2296
f 2292 2294 2293
f 2296 2297 2298
f 2294 2297 2296
f 2297 2299 2298
f 2298 2300 2301
f 2299 2300 2298
f 2301 2302 2303
f 2300 2302 2301
f 2303 2304 2305
f 2302 2304 2303
f 2306 2307 2308
f 2306 2309 2307
f 2310 2308 2311
f 2310 2306 2308
f 2304 2311 2305
f 2304 2310 2311
f 2309 2312 2307
f 2309 2313 2312
f 2314 2248 2315
f 2314 2246 2248
f 2316 2315 2317
f 2316 2314 2315
f 2313 2317 2312
f 2313 2316 2317
f 2313 2246 2314
f 2313 2314 2316
f 2309 2246 2313
f 2304 2309 2306
f 2304 2306 2310
f 2304 2246 2309
f 2302 2246 2304
f 2300 2246 2302
f 2249 2300 2299
f 2249 2246 2300
f 2297 2249 2299
f 2253 2250 2254
f 2253 2254 2249
f 2253 2249 2297
f 2294 2253 2297
f 2292 2253 2294
f 2291 2253 2292
f 2277 2274 2278
f 2273 2277 2278
f 2270 2269 2266
f 2265 2283 2281
f 2265 2281 2277
f 2265 2273 2269
f 2265 2277 2273
f 2265 2269 2270
f 2257 2291 2289
f 2257 2289 2287
f 2257 2253 2291
f 2262 2287 2285
f 2262 2285 2283
f 2262 2257 2287
f 2262 2283 2265
f 2258 2257 2262
f 2258 2263 2257
f 2315 2248 2317
f 2248 2312 2317
f 2248 2307 2312
f 2307 2305 2308
f 2308 2305 2311
f 2248 2305 2307
f 2248 2303 2305
f 2248 2301 2303
f 2301 2247 2298
f 2248 2247 2301
f 2247 2296 2298
f 2255 2252 2247
f 2247 2251 2296
f 2252 2251 2247
f 2251 2295 2296
f 2251 2293 2295
f 2251 2290 2293
f 2275 2272 2276
f 2276 2272 2279
f 2280 2264 2275
f 2282 2264 2280
f 2272 2264 2267
f 2267 2264 2268
f 2268 2264 2271
f 2275 2264 2272
f 2288 2256 2286
f 2290 2256 2288
f 2251 2256 2290
f 2284 2259 2282
f 2286 2259 2284
f 2256 2259 2286
f 2282 2259 2264
f 2256 2260 2259
f 2256 2261 2260
f 2318 2319 2320
f 2318 2321 2319
f 2322 2323 2324
f 2322 2325 2323
f 2326 2324 2327
f 2326 2322 2324
f 2321 2327 2319
f 2321 2326 2327
f 2325 2328 2323
f 2325 2329 2328
f 2330 2331 2332
f 2333 2332 2334
f 2333 2330 2332
f 2335 2333 2334
f 2329 2334 2328
f 2329 2335 2334
f 2330 2336 2331
f 2330 2337 2336
f 2338 2339 2340
f 2338 2341 2339
f 2342 2340 2343
f 2342 2338 2340
f 2337 2343 2336
f 2337 2342 2343
f 2341 2344 2339
f 2341 2345 2344
f 2318 2320 2346
f 2347 2346 2348
f 2347 2318 2346
f 2349 2347 2348
f 2345 2348 2344
f 2345 2349 2348
f 2330 2333 2335
f 2330 2335 2329
f 2341 2338 2342
f 2341 2342 2337
f 2341 2337 2330
f 2341 2330 2329
f 2325 2341 2329
f 2321 2325 2322
f 2321 2322 2326
f 2318 2325 2321
f 2345 2341 2325
f 2345 2325 2318
f 2347 2349 2345
f 2347 2345 2318
f 2332 2331 2334
f 2334 2331 2328
f 2340 2339 2343
f 2343 2339 2336
f 2336 2339 2331
f 2331 2339 2328
f 2339 2323 2328
f 2323 2319 2324
f 2324 2319 2327
f 2339 2344 2323
f 2323 2320 2319
f 2344 2320 2323
f 2348 2346 2344
f 2344 2346 2320
f 2350 2351 2352
f 2353 2351 2350
f 2354 2351 2353
f 2351 2355 2352
f 2356 2357 2358
f 2352 2357 2350
f 2350 2357 2356
f 2352 2359 2357
f 2350 2360 2353
f 2353 2360 2361
f 2360 2362 2361
f 2363 2364 2365
f 2365 2364 2362
f 2361 2364 2366
f 2362 2364 2361
f 2366 2364 2367
f 2354 2368 2369
f 2353 2368 2354
f 2361 2368 2353
f 2363 2370 2364
f 2371 2370 2363
f 2364 2370 2367
f 2366 2372 2361
f 2368 2372 2369
f 2369 2372 2373
f 2361 2372 2368
f 2371 2374 2370
f 2375 2374 2371
f 2366 2376 2372
f 2367 2376 2366
f 2372 2376 2373
f 2374 2377 2370
f 2370 2377 2367
f 2351 2378 2379
f 2379 2378 2380
f 2369 2378 2354
f 2354 2378 2351
f 2377 2381 2367
f 2367 2381 2376
f 2380 2382 2383
f 2369 2382 2378
f 2378 2382 2380
f 2373 2382 2369
f 2381 2384 2376
f 2376 2384 2373
f 2385 2384 2381
f 2386 2387 2388
f 2377 2389 2381
f 2390 2389 2377
f 2381 2389 2385
f 2383 2391 2392
f 2373 2391 2382
f 2382 2391 2383
f 2391 2393 2392
f 2392 2393 2394
f 2373 2393 2391
f 2384 2393 2373
f 2379 2395 2351
f 2380 2395 2379
f 2396 2397 2387
f 2387 2397 2388
f 2398 2399 2390
f 2386 2399 2398
f 2390 2399 2389
f 2393 2400 2394
f 2385 2400 2384
f 2384 2400 2393
f 2396 2401 2397
f 2402 2401 2396
f 2388 2401 2403
f 2397 2401 2388
f 2380 2404 2395
f 2395 2404 2405
f 2405 2404 2406
f 2407 2408 2409
f 2405 2408 2395
f 2355 2408 2407
f 2351 2408 2355
f 2395 2408 2351
f 2410 2411 2399
f 2389 2411 2385
f 2399 2411 2389
f 2399 2412 2410
f 2386 2412 2399
f 2410 2412 2413
f 2414 2415 2402
f 2402 2415 2401
f 2401 2415 2403
f 2385 2416 2400
f 2411 2416 2385
f 2388 2417 2386
f 2386 2417 2412
f 2412 2417 2413
f 2413 2417 2418
f 2414 2419 2415
f 2415 2419 2403
f 2420 2421 2416
f 2400 2421 2394
f 2416 2421 2400
f 2410 2422 2411
f 2411 2422 2416
f 2416 2422 2420
f 2420 2422 2423
f 2418 2424 2425
f 2388 2424 2417
f 2417 2424 2418
f 2426 2427 2414
f 2414 2427 2419
f 2403 2427 2428
f 2419 2427 2403
f 2405 2429 2408
f 2408 2429 2409
f 2406 2429 2405
f 2409 2429 2430
f 2431 2432 2433
f 2410 2434 2422
f 2422 2434 2423
f 2413 2434 2410
f 2425 2435 2436
f 2424 2435 2425
f 2403 2435 2388
f 2388 2435 2424
f 2436 2437 2438
f 2403 2437 2435
f 2435 2437 2436
f 2421 2439 2432
f 2420 2439 2421
f 2433 2439 2440
f 2432 2439 2433
f 2418 2441 2413
f 2413 2441 2434
f 2441 2442 2434
f 2443 2442 2441
f 2434 2442 2423
f 2428 2444 2403
f 2437 2444 2438
f 2403 2444 2437
f 2409 2445 2407
f 2407 2445 2446
f 2430 2445 2409
f 2441 2447 2443
f 2425 2447 2418
f 2443 2447 2448
f 2418 2447 2441
f 2449 2450 2451
f 2442 2452 2423
f 2420 2452 2439
f 2423 2452 2420
f 2440 2452 2453
f 2439 2452 2440
f 2433 2454 2431
f 2430 2455 2445
f 2445 2455 2446
f 2446 2455 2456
f 2457 2455 2430
f 2447 2458 2448
f 2436 2458 2425
f 2425 2458 2447
f 2459 2460 2461
f 2450 2460 2451
f 2461 2460 2450
f 2443 2462 2442
f 2442 2462 2452
f 2452 2462 2453
f 2453 2462 2463
f 2438 2464 2436
f 2458 2464 2448
f 2448 2464 2465
f 2436 2464 2458
f 2455 2466 2456
f 2457 2466 2455
f 2467 2466 2457
f 2433 2468 2454
f 2440 2468 2433
f 2466 2469 2456
f 2470 2469 2467
f 2467 2469 2466
f 2471 2472 2459
f 2459 2472 2460
f 2473 2474 2468
f 2468 2474 2454
f 2446 2475 2407
f 2407 2475 2355
f 2355 2475 2476
f 2443 2477 2462
f 2462 2477 2463
f 2460 2478 2451
f 2472 2478 2460
f 2479 2478 2472
f 2470 2480 2469
f 2474 2480 2470
f 2468 2481 2473
f 2440 2481 2468
f 2453 2481 2440
f 2473 2481 2482
f 2483 2484 2438
f 2438 2484 2464
f 2464 2484 2465
f 2485 2484 2483
f 2465 2484 2486
f 2448 2487 2443
f 2443 2487 2477
f 2477 2487 2463
f 2463 2487 2488
f 2456 2489 2446
f 2475 2489 2476
f 2446 2489 2475
f 2476 2489 2490
f 2491 2492 2471
f 2471 2492 2472
f 2472 2492 2479
f 2479 2492 2493
f 2469 2494 2456
f 2480 2494 2469
f 2495 2494 2480
f 2478 2496 2451
f 2448 2497 2487
f 2487 2497 2488
f 2350 2498 2491
f 2491 2498 2492
f 2356 2498 2350
f 2492 2498 2493
f 2493 2498 2356
f 2463 2499 2453
f 2453 2499 2481
f 2473 2500 2474
f 2480 2500 2495
f 2474 2500 2480
f 2501 2502 2485
f 2485 2502 2484
f 2484 2502 2486
f 2490 2503 2504
f 2489 2503 2490
f 2494 2503 2456
f 2456 2503 2489
f 2478 2505 2496
f 2479 2505 2478
f 2496 2505 2506
f 2355 2507 2352
f 2476 2507 2355
f 2448 2508 2497
f 2465 2508 2448
f 2497 2508 2488
f 2509 2510 2499
f 2481 2510 2482
f 2499 2510 2481
f 2463 2511 2499
f 2499 2511 2509
f 2473 2512 2500
f 2482 2512 2473
f 2494 2513 2503
f 2503 2513 2504
f 2495 2513 2494
f 2514 2515 2501
f 2516 2515 2517
f 2501 2515 2502
f 2479 2518 2505
f 2493 2518 2479
f 2476 2519 2507
f 2509 2520 2521
f 2463 2520 2511
f 2488 2520 2463
f 2511 2520 2509
f 2516 2522 2515
f 2515 2522 2502
f 2502 2522 2486
f 2500 2523 2495
f 2512 2523 2500
f 2524 2523 2512
f 2482 2525 2512
f 2524 2525 2526
f 2510 2525 2482
f 2512 2525 2524
f 2358 2527 2356
f 2518 2527 2528
f 2493 2527 2518
f 2528 2527 2358
f 2356 2527 2493
f 2505 2529 2506
f 2528 2529 2518
f 2518 2529 2505
f 2530 2531 2532
f 2476 2531 2519
f 2504 2531 2490
f 2519 2531 2530
f 2490 2531 2476
f 2495 2533 2513
f 2523 2533 2495
f 2488 2534 2520
f 2520 2534 2521
f 2509 2535 2510
f 2510 2535 2525
f 2525 2535 2526
f 2526 2535 2536
f 2513 2537 2504
f 2533 2537 2513
f 2538 2537 2533
f 2488 2539 2534
f 2521 2539 2540
f 2534 2539 2521
f 2529 2541 2506
f 2516 2542 2522
f 2538 2543 2544
f 2544 2543 2545
f 2524 2543 2523
f 2523 2543 2533
f 2533 2543 2538
f 2521 2546 2509
f 2509 2546 2535
f 2536 2546 2547
f 2535 2546 2536
f 2532 2548 2549
f 2531 2548 2532
f 2504 2548 2531
f 2537 2548 2504
f 2550 2551 2357
f 2358 2551 2528
f 2552 2551 2550
f 2528 2551 2529
f 2541 2551 2552
f 2529 2551 2541
f 2357 2551 2358
f 2552 2553 2541
f 2521 2554 2546
f 2547 2554 2555
f 2546 2554 2547
f 2543 2556 2545
f 2526 2556 2524
f 2524 2556 2543
f 2549 2557 2558
f 2548 2557 2549
f 2537 2557 2548
f 2559 2560 2561
f 2521 2562 2554
f 2540 2562 2521
f 2555 2562 2563
f 2554 2562 2555
f 2556 2564 2545
f 2536 2564 2526
f 2545 2564 2565
f 2526 2564 2556
f 2560 2566 2561
f 2553 2566 2560
f 2552 2566 2553
f 2561 2566 2567
f 2564 2568 2565
f 2536 2568 2564
f 2547 2568 2536
f 2540 2569 2562
f 2562 2569 2563
f 2570 2569 2540
f 2563 2569 2571
f 2571 2569 2572
f 2573 2574 2575
f 2568 2576 2565
f 2547 2576 2568
f 2565 2576 2577
f 2555 2576 2547
f 2566 2578 2567
f 2552 2578 2566
f 2357 2578 2550
f 2550 2578 2552
f 2565 2579 2545
f 2561 2580 2559
f 2574 2581 2570
f 2569 2581 2572
f 2570 2581 2569
f 2572 2581 2582
f 2555 2583 2576
f 2576 2583 2577
f 2563 2583 2555
f 2579 2584 2585
f 2565 2584 2579
f 2561 2586 2580
f 2587 2586 2588
f 2563 2589 2583
f 2577 2589 2590
f 2583 2589 2577
f 2571 2589 2563
f 2357 2591 2578
f 2578 2591 2567
f 2588 2591 2592
f 2359 2591 2357
f 2592 2591 2359
f 2574 2593 2581
f 2573 2593 2574
f 2581 2593 2582
f 2594 2593 2573
f 2585 2595 2596
f 2584 2595 2585
f 2565 2595 2584
f 2577 2595 2565
f 2587 2597 2586
f 2586 2597 2580
f 2595 2598 2596
f 2577 2598 2595
f 2593 2599 2582
f 2596 2600 2601
f 2590 2600 2577
f 2577 2600 2598
f 2598 2600 2596
f 2587 2602 2597
f 2601 2603 2604
f 2600 2603 2601
f 2590 2603 2600
f 2592 2605 2588
f 2588 2605 2587
f 2587 2605 2602
f 2606 2605 2592
f 2602 2607 2608
f 2605 2607 2602
f 2606 2607 2605
f 2607 2609 2608
f 2608 2609 2610
f 2611 2612 2613
f 2614 2615 2609
f 2610 2615 2611
f 2609 2615 2610
f 2609 2616 2614
f 2614 2616 2617
f 2607 2616 2609
f 2606 2616 2607
f 2616 2618 2617
f 2592 2618 2606
f 2359 2618 2592
f 2617 2618 2359
f 2606 2618 2616
f 2619 2620 2621
f 2612 2620 2619
f 2611 2620 2612
f 2615 2620 2611
f 2615 2622 2620
f 2621 2622 2623
f 2614 2622 2615
f 2620 2622 2621
f 2614 2624 2622
f 2623 2624 2625
f 2622 2624 2623
f 2617 2624 2614
f 2617 2626 2624
f 2625 2626 2352
f 2624 2626 2625
f 2359 2626 2617
f 2352 2626 2359
f 2365 2627 2350
f 2362 2627 2365
f 2350 2627 2360
f 2360 2627 2362
f 2375 2628 2374
f 2629 2628 2375
f 2390 2630 2398
f 2374 2630 2377
f 2377 2630 2390
f 2628 2631 2374
f 2374 2631 2630
f 2396 2632 2629
f 2629 2632 2628
f 2631 2632 2387
f 2628 2632 2631
f 2387 2632 2396
f 2398 2633 2386
f 2387 2633 2631
f 2630 2633 2398
f 2386 2633 2387
f 2631 2633 2630
f 2383 2634 2380
f 2392 2634 2383
f 2380 2634 2404
f 2394 2635 2392
f 2421 2635 2394
f 2432 2635 2421
f 2432 2636 2635
f 2406 2636 2431
f 2431 2636 2432
f 2637 2638 2426
f 2461 2638 2637
f 2450 2638 2461
f 2449 2639 2450
f 2638 2639 2426
f 2450 2639 2638
f 2426 2639 2427
f 2449 2640 2639
f 2428 2640 2449
f 2639 2640 2427
f 2427 2640 2428
f 2454 2641 2431
f 2431 2641 2406
f 2429 2642 2430
f 2430 2642 2457
f 2457 2642 2467
f 2467 2643 2470
f 2474 2643 2454
f 2454 2643 2641
f 2470 2643 2474
f 2438 2644 2483
f 2483 2644 2485
f 2444 2644 2438
f 2451 2645 2449
f 2496 2645 2451
f 2514 2646 2506
f 2501 2646 2514
f 2496 2646 2645
f 2506 2646 2496
f 2465 2647 2508
f 2486 2647 2465
f 2506 2648 2514
f 2514 2648 2515
f 2352 2649 2530
f 2507 2649 2352
f 2519 2649 2507
f 2530 2649 2519
f 2522 2650 2486
f 2542 2650 2522
f 2515 2651 2517
f 2648 2651 2515
f 2541 2651 2506
f 2506 2651 2648
f 2652 2653 2654
f 2654 2653 2655
f 2655 2653 2542
f 2542 2653 2650
f 2651 2656 2517
f 2541 2656 2651
f 2517 2656 2553
f 2553 2656 2541
f 2560 2657 2553
f 2517 2657 2516
f 2553 2657 2517
f 2516 2658 2542
f 2657 2658 2516
f 2560 2658 2657
f 2575 2659 2655
f 2654 2659 2652
f 2655 2659 2654
f 2540 2660 2570
f 2539 2660 2540
f 2559 2661 2560
f 2560 2661 2658
f 2655 2661 2559
f 2542 2661 2655
f 2658 2661 2542
f 2537 2662 2557
f 2544 2662 2538
f 2538 2662 2537
f 2570 2663 2574
f 2574 2663 2575
f 2575 2663 2659
f 2655 2664 2575
f 2580 2664 2559
f 2559 2664 2655
f 2544 2665 2662
f 2579 2665 2545
f 2545 2665 2544
f 2665 2666 2662
f 2579 2666 2665
f 2662 2666 2557
f 2666 2667 2557
f 2558 2667 2668
f 2557 2667 2558
f 2580 2669 2664
f 2664 2669 2575
f 2575 2669 2573
f 2579 2670 2666
f 2667 2670 2668
f 2666 2670 2667
f 2668 2670 2585
f 2585 2670 2579
f 2580 2671 2669
f 2669 2671 2573
f 2573 2671 2594
f 2594 2671 2597
f 2597 2671 2580
f 2561 2672 2586
f 2586 2672 2588
f 2588 2672 2591
f 2591 2672 2567
f 2567 2672 2561
f 2571 2673 2589
f 2572 2673 2571
f 2597 2674 2594
f 2602 2674 2597
f 2602 2675 2674
f 2674 2675 2594
f 2594 2675 2593
f 2608 2675 2602
f 2673 2676 2589
f 2589 2676 2590
f 2590 2676 2613
f 2675 2677 2593
f 2608 2677 2675
f 2593 2677 2599
f 2599 2677 2608
f 2599 2678 2582
f 2608 2678 2599
f 2610 2678 2608
f 2613 2679 2590
f 2590 2679 2603
f 2610 2680 2678
f 2613 2680 2611
f 2611 2680 2610
f 2679 2681 2603
f 2613 2681 2679
f 2603 2681 2604
f 2612 2681 2613
f 2604 2682 2683
f 2683 2682 2619
f 2619 2682 2612
f 2681 2682 2604
f 2612 2682 2681
f 2392 2684 2634
f 2634 2684 2404
f 2635 2684 2392
f 2406 2684 2636
f 2636 2684 2635
f 2404 2684 2406
f 2467 2685 2643
f 2641 2685 2406
f 2642 2685 2467
f 2643 2685 2641
f 2429 2685 2642
f 2406 2685 2429
f 2428 2686 2444
f 2449 2686 2428
f 2444 2686 2644
f 2644 2687 2485
f 2645 2687 2449
f 2449 2687 2686
f 2686 2687 2644
f 2485 2688 2501
f 2645 2688 2687
f 2501 2688 2646
f 2646 2688 2645
f 2687 2688 2485
f 2647 2689 2508
f 2508 2689 2488
f 2652 2689 2653
f 2488 2689 2652
f 2486 2690 2647
f 2647 2690 2689
f 2650 2690 2486
f 2689 2690 2653
f 2653 2690 2650
f 2539 2691 2660
f 2659 2691 2652
f 2488 2691 2539
f 2652 2691 2488
f 2691 2692 2660
f 2570 2692 2663
f 2659 2692 2691
f 2663 2692 2659
f 2660 2692 2570
f 2582 2693 2572
f 2572 2693 2673
f 2673 2694 2676
f 2693 2694 2673
f 2582 2694 2693
f 2680 2694 2678
f 2678 2694 2582
f 2613 2695 2680
f 2676 2695 2613
f 2680 2695 2694
f 2694 2695 2676
f 2625 2352 2530
f 2623 2625 2530
f 2621 2530 2532
f 2621 2623 2530
f 2619 2532 2549
f 2619 2621 2532
f 2683 2549 2558
f 2683 2619 2549
f 2604 2558 2668
f 2604 2683 2558
f 2601 2668 2585
f 2601 2585 2596
f 2601 2604 2668
f 2350 2491 2365
f 2491 2471 2365
f 2365 2459 2363
f 2471 2459 2365
f 2363 2461 2371
f 2459 2461 2363
f 2371 2637 2375
f 2461 2637 2371
f 2375 2426 2629
f 2637 2426 2375
f 2629 2414 2396
f 2396 2414 2402
f 2426 2414 2629
f 2696 2697 2698
f 2699 2696 2698
f 2700 2698 2701
f 2700 2699 2698
f 2702 2701 2703
f 2702 2700 2701
f 2704 2703 2705
f 2704 2702 2703
f 2706 2705 2707
f 2706 2704 2705
f 2708 2707 2709
f 2708 2706 2707
f 2710 2709 2711
f 2710 2708 2709
f 2712 2711 2713
f 2712 2710 2711
f 2714 2713 2715
f 2714 2712 2713
f 2716 2715 2717
f 2716 2714 2715
f 2718 2717 2719
f 2718 2716 2717
f 2720 2718 2719
f 2720 2719 2721
f 2722 2720 2721
f 2722 2721 2723
f 2724 2722 2723
f 2724 2723 2725
f 2724 2725 2726
f 2727 2724 2726
f 2728 2727 2726
f 2728 2726 2729
f 2730 2728 2729
f 2730 2729 2731
f 2732 2730 2731
f 2732 2731 2733
f 2732 2733 2734
f 2735 2732 2734
f 2736 2735 2734
f 2736 2734 2737
f 2738 2736 2737
f 2738 2737 2739
f 2738 2739 2740
f 2741 2738 2740
f 2742 2741 2740
f 2742 2740 2743
f 2742 2743 2697
f 2696 2742 2697
f 2704 2700 2702
f 2710 2704 2706
f 2710 2706 2708
f 2742 2696 2699
f 2742 2699 2700
f 2742 2700 2704
f 2712 2704 2710
f 2738 2712 2714
f 2738 2741 2742
f 2738 2742 2704
f 2738 2704 2712
f 2722 2718 2720
f 2730 2714 2716
f 2730 2716 2718
f 2730 2732 2735
f 2730 2735 2736
f 2730 2736 2738
f 2730 2738 2714
f 2724 2718 2722
f 2727 2728 2730
f 2727 2730 2718
f 2727 2718 2724
f 2701 2705 2703
f 2705 2711 2707
f 2707 2711 2709
f 2697 2743 2698
f 2698 2743 2701
f 2701 2743 2705
f 2705 2713 2711
f 2713 2739 2715
f 2740 2739 2743
f 2743 2739 2705
f 2705 2739 2713
f 2719 2723 2721
f 2715 2731 2717
f 2717 2731 2719
f 2733 2731 2734
f 2734 2731 2737
f 2737 2731 2739
f 2739 2731 2715
f 2719 2725 2723
f 2729 2726 2731
f 2731 2726 2719
f 2719 2726 2725
f 2744 2745 2746
f 2744 2747 2745
f 2748 2749 2750
f 2748 2750 2751
f 2748 2752 2749
f 2753 2748 2751
f 2747 2751 2745
f 2747 2753 2751
f 2752 2754 2749
f 2752 2755 2754
f 2756 2757 2758
f 2756 2759 2757
f 2760 2758 2761
f 2760 2756 2758
f 2755 2761 2754
f 2755 2760 2761
f 2759 2762 2757
f 2759 2763 2762
f 2764 2765 2766
f 2764 2767 2765
f 2768 2766 2769
f 2768 2764 2766
f 2763 2769 2762
f 2763 2768 2769
f 2767 2770 2765
f 2767 2771 2770
f 2772 2773 2774
f 2772 2775 2773
f 2776 2774 2777
f 2776 2777 2770
f 2776 2772 2774
f 2771 2776 2770
f 2778 2779 2773
f 2775 2778 2773
f 2780 2781 2782
f 2783 2780 2782
f 2784 2782 2785
f 2784 2783 2782
f 2778 2785 2779
f 2778 2784 2785
f 2780 2786 2781
f 2780 2787 2786
f 2788 2746 2789
f 2788 2744 2746
f 2790 2789 2791
f 2790 2788 2789
f 2787 2791 2786
f 2787 2790 2791
f 2759 2756 2760
f 2759 2760 2755
f 2792 2755 2752
f 2793 2752 2748
f 2793 2748 2753
f 2793 2753 2747
f 2793 2747 2744
f 2793 2792 2752
f 2794 2755 2792
f 2795 2744 2788
f 2795 2788 2790
f 2795 2790 2787
f 2795 2793 2744
f 2796 2759 2755
f 2797 2794 2798
f 2797 2755 2794
f 2797 2796 2755
f 2799 2759 2796
f 2800 2795 2787
f 2763 2759 2799
f 2801 2798 2802
f 2801 2797 2798
f 2803 2763 2799
f 2767 2764 2768
f 2767 2768 2763
f 2767 2763 2803
f 2804 2801 2802
f 2805 2767 2803
f 2806 2767 2805
f 2807 2804 2802
f 2807 2802 2808
f 2809 2807 2808
f 2809 2808 2810
f 2811 2804 2807
f 2811 2812 2804
f 2780 2809 2810
f 2780 2810 2800
f 2780 2813 2809
f 2780 2800 2787
f 2814 2812 2811
f 2814 2806 2812
f 2778 2780 2783
f 2778 2783 2784
f 2778 2813 2780
f 2815 2813 2778
f 2816 2806 2814
f 2771 2816 2817
f 2775 2815 2778
f 2775 2818 2815
f 2775 2817 2818
f 2775 2771 2817
f 2772 2776 2771
f 2772 2771 2775
f 2771 2767 2816
f 2816 2767 2806
f 2819 2820 2811
f 2819 2811 2807
f 2821 2807 2809
f 2821 2819 2807
f 2822 2809 2813
f 2822 2821 2809
f 2823 2813 2815
f 2823 2822 2813
f 2824 2815 2818
f 2824 2823 2815
f 2825 2818 2817
f 2825 2824 2818
f 2826 2817 2816
f 2826 2825 2817
f 2827 2816 2814
f 2827 2826 2816
f 2820 2814 2811
f 2820 2827 2814
f 2827 2820 2819
f 2827 2819 2821
f 2826 2827 2821
f 2825 2821 2822
f 2825 2822 2823
f 2825 2823 2824
f 2825 2826 2821
f 2828 2829 2794
f 2828 2794 2792
f 2830 2792 2793
f 2830 2828 2792
f 2831 2793 2795
f 2831 2830 2793
f 2832 2795 2800
f 2832 2831 2795
f 2833 2800 2810
f 2833 2832 2800
f 2834 2810 2808
f 2834 2833 2810
f 2835 2808 2802
f 2835 2834 2808
f 2836 2802 2798
f 2836 2835 2802
f 2829 2798 2794
f 2829 2836 2798
f 2836 2829 2828
f 2836 2828 2830
f 2835 2836 2830
f 2834 2830 2831
f 2834 2831 2832
f 2834 2832 2833
f 2834 2835 2830
f 2837 2838 2799
f 2837 2799 2796
f 2839 2796 2797
f 2839 2837 2796
f 2840 2797 2801
f 2840 2839 2797
f 2841 2801 2804
f 2841 2840 2801
f 2842 2804 2812
f 2842 2841 2804
f 2843 2812 2806
f 2843 2842 2812
f 2844 2806 2805
f 2844 2843 2806
f 2845 2805 2803
f 2845 2844 2805
f 2838 2803 2799
f 2838 2845 2803
f 2845 2838 2837
f 2845 2837 2839
f 2844 2845 2839
f 2843 2839 2840
f 2843 2840 2841
f 2843 2841 2842
f 2843 2844 2839
f 2749 2745 2750
f 2750 2745 2751
f 2758 2757 2761
f 2761 2757 2754
f 2749 2746 2745
f 2746 2791 2789
f 2754 2786 2749
f 2749 2786 2746
f 2746 2786 2791
f 2766 2765 2769
f 2769 2765 2762
f 2762 2765 2757
f 2757 2765 2754
f 2754 2781 2786
f 2765 2781 2754
f 2781 2779 2782
f 2782 2779 2785
f 2765 2770 2781
f 2781 2770 2779
f 2770 2773 2779
f 2777 2774 2770
f 2770 2774 2773
f 2846 2847 2848
f 2849 2847 2846
f 2850 2851 2852
f 2850 2853 2851
f 2854 2855 2856
f 2854 2857 2855
f 2858 2859 2860
f 2858 2861 2859
f 2862 2860 2863
f 2862 2858 2860
f 2864 2863 2865
f 2864 2862 2863
f 2866 2865 2867
f 2866 2864 2865
f 2868 2867 2869
f 2868 2866 2867
f 2870 2869 2871
f 2872 2873 2868
f 2872 2868 2869
f 2872 2869 2870
f 2874 2871 2875
f 2874 2870 2871
f 2876 2877 2873
f 2876 2873 2872
f 2878 2875 2879
f 2878 2874 2875
f 2880 2881 2877
f 2880 2877 2876
f 2882 2879 2883
f 2882 2878 2879
f 2884 2885 2881
f 2884 2881 2880
f 2886 2885 2884
f 2856 2855 2883
f 2883 2855 2882
f 2846 2848 2886
f 2886 2848 2885
f 2852 2851 2861
f 2852 2861 2858
f 2887 2888 2889
f 2889 2888 2890
f 2890 2891 2892
f 2888 2891 2890
f 2892 2893 2894
f 2891 2893 2892
f 2894 2895 2896
f 2893 2895 2894
f 2896 2897 2898
f 2895 2897 2896
f 2898 2899 2900
f 2901 2902 2897
f 2897 2902 2898
f 2898 2902 2899
f 2900 2903 2904
f 2899 2903 2900
f 2905 2906 2901
f 2901 2906 2902
f 2904 2907 2908
f 2903 2907 2904
f 2909 2910 2905
f 2905 2910 2906
f 2908 2911 2912
f 2907 2911 2908
f 2913 2914 2909
f 2909 2914 2910
f 2913 2915 2914
f 2847 2849 2915
f 2847 2915 2913
f 2853 2850 2887
f 2887 2850 2888
f 2857 2854 2912
f 2857 2912 2911
f 2916 2906 2917
f 2902 2906 2916
f 2918 2902 2916
f 2919 2920 2876
f 2919 2876 2872
f 2899 2902 2918
f 2921 2899 2918
f 2922 2872 2870
f 2922 2919 2872
f 2903 2899 2921
f 2923 2903 2921
f 2924 2870 2874
f 2924 2922 2870
f 2907 2903 2923
f 2925 2907 2923
f 2926 2874 2878
f 2926 2924 2874
f 2911 2907 2925
f 2927 2911 2925
f 2928 2878 2882
f 2928 2926 2878
f 2857 2911 2927
f 2929 2857 2927
f 2930 2928 2882
f 2930 2882 2855
f 2931 2857 2929
f 2931 2930 2855
f 2931 2855 2857
f 2932 2931 2929
f 2932 2929 2933
f 2934 2932 2933
f 2934 2933 2935
f 2936 2934 2935
f 2936 2935 2937
f 2938 2849 2939
f 2940 2939 2849
f 2940 2936 2937
f 2940 2937 2939
f 2940 2849 2846
f 2915 2849 2938
f 2941 2915 2938
f 2942 2940 2846
f 2942 2846 2886
f 2914 2915 2941
f 2943 2914 2941
f 2944 2942 2886
f 2944 2886 2884
f 2910 2914 2943
f 2917 2910 2943
f 2945 2884 2880
f 2945 2944 2884
f 2906 2910 2917
f 2920 2880 2876
f 2920 2945 2880
f 2946 2947 2948
f 2946 2949 2947
f 2950 2951 2952
f 2950 2953 2951
f 2954 2952 2955
f 2954 2950 2952
f 2949 2955 2947
f 2949 2954 2955
f 2953 2956 2951
f 2953 2957 2956
f 2958 2959 2960
f 2958 2960 2961
f 2958 2962 2959
f 2963 2958 2961
f 2957 2961 2956
f 2957 2963 2961
f 2962 2964 2959
f 2962 2965 2964
f 2966 2967 2968
f 2966 2969 2967
f 2970 2968 2971
f 2970 2971 2964
f 2970 2966 2968
f 2965 2970 2964
f 2969 2972 2967
f 2969 2973 2972
f 2974 2975 2976
f 2974 2977 2975
f 2978 2976 2979
f 2978 2974 2976
f 2973 2979 2972
f 2973 2978 2979
f 2977 2980 2975
f 2977 2981 2980
f 2982 2983 2984
f 2982 2985 2983
f 2986 2984 2987
f 2986 2982 2984
f 2981 2987 2980
f 2981 2986 2987
f 2985 2988 2983
f 2985 2989 2988
f 2990 2948 2991
f 2990 2946 2948
f 2992 2991 2993
f 2992 2990 2991
f 2989 2993 2988
f 2989 2992 2993
f 2946 2990 2992
f 2946 2992 2989
f 2994 2989 2985
f 2994 2985 2995
f 2996 2985 2982
f 2996 2982 2986
f 2996 2986 2981
f 2996 2995 2985
f 2997 2989 2994
f 2998 2981 2977
f 2998 2977 2974
f 2998 2974 2978
f 2998 2996 2981
f 2973 2998 2978
f 2999 2989 2997
f 3000 2998 2973
f 3001 2946 2989
f 3002 2946 3001
f 3003 3001 2989
f 3003 2989 2999
f 3004 2946 3002
f 3005 3000 2973
f 3006 3003 2999
f 3006 2999 3007
f 2949 2946 3004
f 2949 3004 3008
f 3009 3006 3007
f 3009 3007 3010
f 3011 2949 3008
f 3012 3010 3013
f 3012 3009 3010
f 2953 2950 2954
f 2953 2954 2949
f 2953 2949 3011
f 3014 2953 3011
f 3015 2953 3014
f 2918 3013 3016
f 2916 3013 2918
f 2916 3017 3012
f 2916 3012 3013
f 2921 3016 3018
f 2921 2918 3016
f 2917 3017 2916
f 2917 3019 3017
f 2923 2921 3018
f 2923 3018 3020
f 2943 3021 3019
f 2943 3019 2917
f 2969 3005 2973
f 2969 2925 2923
f 2969 3022 3005
f 2969 3020 3022
f 2969 2923 3020
f 2970 2969 2966
f 2941 3023 3021
f 2941 3021 2943
f 2965 2925 2969
f 2965 2969 2970
f 2927 2925 2965
f 2938 3023 2941
f 2929 2927 2965
f 2962 2933 2929
f 2962 2935 2933
f 2962 2929 2965
f 2957 2935 2962
f 2957 2937 2935
f 2957 2939 2937
f 2957 2938 2939
f 2958 2963 2957
f 2958 2957 2962
f 2957 2953 3015
f 2957 3015 3023
f 2957 3023 2938
f 2945 2920 2919
f 2930 2926 2928
f 2942 2919 2922
f 2942 2922 2924
f 2942 2924 2926
f 2942 2944 2945
f 2942 2945 2919
f 2942 2926 2930
f 2936 2930 2931
f 2936 2940 2942
f 2936 2942 2930
f 2934 2931 2932
f 2934 2936 2931
f 2889 2890 2997
f 2994 2889 2997
f 3024 2860 2859
f 2887 2889 2994
f 2853 2887 2994
f 2995 2853 2994
f 3025 2859 2861
f 3025 2861 2851
f 3025 3024 2859
f 3026 2851 2853
f 3026 3025 2851
f 3026 2853 2995
f 3027 2995 2996
f 3027 2996 2998
f 3027 3026 2995
f 3028 3027 2998
f 3029 2998 3000
f 3029 3028 2998
f 3022 2854 3005
f 3030 3029 3000
f 3030 3000 3005
f 3030 2854 2856
f 3030 3005 2854
f 2912 2854 3022
f 3020 2912 3022
f 3031 3030 2856
f 3031 2856 2883
f 2908 2912 3020
f 3018 2908 3020
f 3032 3031 2883
f 3032 2883 2879
f 2904 2908 3018
f 3016 2904 3018
f 3033 3032 2879
f 3033 2879 2875
f 2900 2904 3016
f 3013 2900 3016
f 3034 3033 2875
f 3034 2875 2871
f 2898 2900 3013
f 3010 2898 3013
f 3035 3034 2871
f 3035 2871 2869
f 2896 2898 3010
f 3007 2896 3010
f 3036 3035 2869
f 3036 2869 2867
f 2894 2896 3007
f 2999 2894 3007
f 3037 2867 2865
f 3037 3036 2867
f 2892 2894 2999
f 2997 2892 2999
f 3038 2865 2863
f 3038 3037 2865
f 2890 2892 2997
f 3024 2863 2860
f 3024 3038 2863
f 3030 3024 3025
f 3030 3025 3026
f 3030 3026 3027
f 3030 3027 3028
f 3030 3028 3029
f 3030 3038 3024
f 3036 3037 3038
f 3032 3030 3031
f 3033 3034 3035
f 3033 3035 3036
f 3033 3038 3030
f 3033 3036 3038
f 3033 3030 3032
f 3001 2850 3002
f 3039 3040 3004
f 3039 3004 3002
f 3039 2850 2852
f 3039 3002 2850
f 2888 2850 3001
f 3003 2888 3001
f 3041 2852 2858
f 3041 3039 2852
f 2891 2888 3003
f 3006 2891 3003
f 3042 2858 2862
f 3042 3041 2858
f 2893 2891 3006
f 3009 2893 3006
f 3043 2862 2864
f 3043 3042 2862
f 2895 2893 3009
f 3012 2895 3009
f 3044 2864 2866
f 3044 3043 2864
f 2897 2895 3012
f 3017 2897 3012
f 3045 2866 2868
f 3045 3044 2866
f 2901 2897 3017
f 3019 2901 3017
f 3046 3045 2868
f 3046 2868 2873
f 2905 2901 3019
f 3021 2905 3019
f 3047 3046 2873
f 3047 2873 2877
f 2909 2905 3021
f 3023 2909 3021
f 3048 3047 2877
f 3048 2877 2881
f 2913 2909 3023
f 3015 2913 3023
f 3049 3048 2881
f 3049 2881 2885
f 2847 2913 3015
f 3014 2847 3015
f 3050 2885 2848
f 3050 3049 2885
f 3051 3050 2848
f 3051 2848 2847
f 3051 2847 3014
f 3052 3014 3011
f 3052 3051 3014
f 3053 3011 3008
f 3053 3052 3011
f 3040 3008 3004
f 3040 3053 3008
f 3043 3039 3041
f 3043 3041 3042
f 3044 3039 3043
f 3045 3040 3039
f 3045 3039 3044
f 3051 3052 3053
f 3046 3040 3045
f 3049 3050 3051
f 3049 3051 3053
f 3048 3046 3047
f 3048 3053 3040
f 3048 3040 3046
f 3048 3049 3053
f 2983 2980 2984
f 2984 2980 2987
f 2991 2948 2993
f 2993 2948 2988
f 2983 2975 2980
f 2975 2979 2976
f 2988 2972 2983
f 2983 2972 2975
f 2975 2972 2979
f 2952 2951 2955
f 2955 2951 2947
f 2947 2951 2948
f 2948 2951 2988
f 2988 2967 2972
f 2951 2967 2988
f 2967 2964 2968
f 2968 2964 2971
f 2964 2956 2959
f 2951 2956 2967
f 2967 2956 2964
f 2961 2960 2956
f 2956 2960 2959
f 3054 3055 3056
f 3054 3057 3055
f 3058 3056 3059
f 3058 3054 3056
f 3060 3058 3059
f 3061 3057 3054
f 3062 3057 3061
f 3063 3062 3061
f 3064 3065 3062
f 3064 3062 3063
f 3066 3067 3065
f 3066 3065 3064
f 3068 3069 3066
f 3066 3069 3067
f 3070 3059 3056
f 3070 3071 3059
f 3072 3056 3055
f 3072 3070 3056
f 3073 3055 3057
f 3073 3072 3055
f 3074 3057 3062
f 3074 3073 3057
f 3075 3062 3065
f 3075 3074 3062
f 3076 3065 3067
f 3076 3075 3065
f 3077 3067 3069
f 3077 3076 3067
f 3078 3079 3080
f 3078 3080 3081
f 3078 3082 3079
f 3083 3081 3084
f 3083 3078 3081
f 3085 3083 3084
f 3086 3087 3079
f 3082 3086 3079
f 3088 3089 3090
f 3088 3091 3089
f 3092 3090 3093
f 3092 3088 3090
f 3086 3093 3087
f 3086 3092 3093
f 3082 3078 3083
f 3082 3083 3085
f 3086 3082 3085
f 3071 3086 3085
f 3072 3071 3070
f 3091 3088 3092
f 3091 3092 3086
f 3073 3071 3072
f 3077 3086 3071
f 3077 3091 3086
f 3074 3071 3073
f 3074 3077 3071
f 3075 3077 3074
f 3076 3077 3075
f 3094 3068 3066
f 3094 3095 3068
f 3096 3066 3064
f 3096 3094 3066
f 3097 3064 3063
f 3097 3096 3064
f 3098 3063 3061
f 3098 3097 3063
f 3098 3061 3054
f 3099 3054 3058
f 3099 3098 3054
f 3100 3058 3060
f 3100 3099 3058
f 3101 3100 3060
f 3069 3102 3089
f 3069 3068 3102
f 3095 3103 3068
f 3091 3077 3069
f 3089 3091 3069
f 3103 3102 3068
f 3104 3105 3106
f 3104 3107 3105
f 3108 3106 3109
f 3108 3104 3106
f 3103 3109 3102
f 3103 3108 3109
f 3110 3111 3105
f 3107 3110 3105
f 3112 3113 3114
f 3112 3115 3113
f 3116 3114 3117
f 3116 3112 3114
f 3110 3117 3111
f 3110 3116 3117
f 3059 3084 3113
f 3060 3059 3113
f 3071 3085 3059
f 3115 3101 3060
f 3113 3115 3060
f 3085 3084 3059
f 3098 3099 3100
f 3098 3100 3101
f 3115 3098 3101
f 3097 3098 3115
f 3094 3096 3097
f 3110 3115 3112
f 3110 3112 3116
f 3095 3094 3097
f 3107 3097 3115
f 3107 3115 3110
f 3107 3095 3097
f 3103 3095 3107
f 3108 3103 3107
f 3104 3108 3107
f 3080 3079 3081
f 3081 3079 3084
f 3079 3087 3084
f 3090 3089 3093
f 3093 3089 3087
f 3087 3089 3084
f 3113 3117 3114
f 3113 3111 3117
f 3113 3105 3111
f 3084 3102 3113
f 3089 3102 3084
f 3113 3102 3105
f 3105 3109 3106
f 3102 3109 3105
f 3118 3119 3120
f 3118 3121 3119
f 3122 3123 3124
f 3122 3125 3123
f 3126 3127 3128
f 3129 3127 3126
f 3124 3130 3131
f 3132 3131 3133
f 3132 3124 3131
f 3134 3133 3135
f 3134 3132 3133
f 3136 3135 3137
f 3136 3134 3135
f 3138 3137 3139
f 3138 3136 3137
f 3140 3139 3141
f 3140 3138 3139
f 3142 3141 3143
f 3142 3140 3141
f 3144 3145 3138
f 3144 3138 3140
f 3146 3143 3147
f 3146 3142 3143
f 3148 3149 3145
f 3148 3150 3149
f 3148 3145 3144
f 3151 3147 3126
f 3151 3146 3147
f 3152 3150 3148
f 3128 3151 3126
f 3120 3119 3152
f 3152 3119 3150
f 3124 3123 3130
f 3153 3122 3154
f 3154 3155 3156
f 3122 3155 3154
f 3156 3157 3158
f 3155 3157 3156
f 3158 3159 3160
f 3157 3159 3158
f 3160 3161 3162
f 3159 3161 3160
f 3162 3163 3164
f 3161 3163 3162
f 3164 3165 3166
f 3163 3165 3164
f 3167 3168 3161
f 3161 3168 3163
f 3166 3169 3170
f 3165 3169 3166
f 3171 3172 3173
f 3173 3172 3167
f 3167 3172 3168
f 3170 3174 3129
f 3169 3174 3170
f 3171 3175 3172
f 3174 3127 3129
f 3121 3118 3175
f 3121 3175 3171
f 3125 3122 3153
f 3176 3168 3177
f 3163 3168 3176
f 3178 3163 3176
f 3179 3180 3144
f 3179 3144 3140
f 3165 3163 3178
f 3181 3165 3178
f 3182 3140 3142
f 3182 3179 3140
f 3169 3165 3181
f 3183 3169 3181
f 3184 3142 3146
f 3184 3182 3142
f 3174 3169 3183
f 3185 3174 3183
f 3186 3146 3151
f 3186 3184 3146
f 3127 3174 3185
f 3187 3127 3185
f 3188 3151 3128
f 3188 3186 3151
f 3189 3128 3127
f 3189 3127 3187
f 3189 3188 3128
f 3190 3187 3191
f 3190 3191 3192
f 3190 3189 3187
f 3193 3190 3192
f 3118 3193 3192
f 3118 3192 3194
f 3120 3193 3118
f 3195 3193 3120
f 3175 3118 3194
f 3175 3194 3196
f 3152 3195 3120
f 3197 3195 3152
f 3172 3175 3196
f 3172 3196 3198
f 3148 3197 3152
f 3199 3197 3148
f 3168 3172 3198
f 3168 3198 3177
f 3144 3199 3148
f 3180 3199 3144
f 3200 3201 3202
f 3200 3203 3201
f 3204 3205 3206
f 3204 3207 3205
f 3208 3206 3209
f 3208 3204 3206
f 3203 3209 3201
f 3203 3208 3209
f 3210 3211 3205
f 3207 3210 3205
f 3212 3213 3214
f 3215 3212 3214
f 3216 3214 3217
f 3216 3215 3214
f 3210 3217 3211
f 3210 3216 3217
f 3212 3218 3213
f 3212 3219 3218
f 3220 3221 3222
f 3220 3223 3221
f 3224 3222 3225
f 3224 3225 3218
f 3224 3220 3222
f 3219 3224 3218
f 3223 3226 3221
f 3223 3227 3226
f 3228 3229 3230
f 3231 3230 3232
f 3231 3228 3230
f 3233 3231 3232
f 3227 3232 3226
f 3227 3233 3232
f 3228 3234 3229
f 3228 3235 3234
f 3236 3237 3238
f 3239 3238 3240
f 3239 3236 3238
f 3241 3240 3234
f 3241 3239 3240
f 3235 3241 3234
f 3236 3242 3237
f 3236 3243 3242
f 3244 3202 3245
f 3244 3200 3202
f 3246 3245 3247
f 3246 3244 3245
f 3243 3247 3242
f 3243 3246 3247
f 3207 3204 3208
f 3207 3208 3203
f 3248 3200 3244
f 3249 3203 3200
f 3249 3200 3248
f 3250 3244 3246
f 3250 3246 3243
f 3250 3243 3236
f 3250 3236 3239
f 3250 3239 3241
f 3250 3248 3244
f 3251 3203 3249
f 3252 3203 3251
f 3253 3241 3235
f 3253 3250 3241
f 3254 3207 3203
f 3255 3207 3254
f 3256 3254 3203
f 3256 3203 3252
f 3257 3207 3255
f 3258 3253 3235
f 3210 3207 3257
f 3259 3256 3252
f 3259 3252 3260
f 3261 3210 3257
f 3262 3210 3261
f 3263 3259 3260
f 3263 3260 3264
f 3212 3215 3216
f 3212 3216 3210
f 3212 3210 3262
f 3265 3212 3262
f 3266 3212 3265
f 3176 3263 3264
f 3176 3264 3267
f 3176 3268 3263
f 3178 3176 3267
f 3178 3267 3269
f 3181 3178 3269
f 3177 3270 3268
f 3177 3268 3176
f 3198 3270 3177
f 3198 3266 3270
f 3228 3258 3235
f 3228 3271 3258
f 3228 3269 3271
f 3228 3181 3269
f 3228 3183 3181
f 3227 3228 3231
f 3227 3231 3233
f 3227 3183 3228
f 3196 3266 3198
f 3185 3183 3227
f 3187 3185 3227
f 3223 3191 3187
f 3223 3187 3227
f 3219 3192 3191
f 3219 3194 3192
f 3219 3196 3194
f 3219 3191 3223
f 3224 3223 3220
f 3224 3219 3223
f 3219 3212 3196
f 3196 3212 3266
f 3122 3272 3257
f 3122 3257 3255
f 3124 3272 3122
f 3254 3122 3255
f 3273 3272 3124
f 3155 3122 3254
f 3256 3155 3254
f 3274 3124 3132
f 3274 3273 3124
f 3157 3155 3256
f 3259 3157 3256
f 3275 3132 3134
f 3275 3274 3132
f 3159 3157 3259
f 3263 3159 3259
f 3276 3134 3136
f 3276 3275 3134
f 3161 3159 3263
f 3268 3161 3263
f 3277 3136 3138
f 3277 3276 3136
f 3167 3161 3268
f 3270 3167 3268
f 3278 3138 3145
f 3278 3277 3138
f 3173 3167 3270
f 3266 3173 3270
f 3279 3145 3149
f 3279 3278 3145
f 3171 3173 3266
f 3265 3171 3266
f 3280 3279 3149
f 3280 3149 3150
f 3121 3171 3265
f 3262 3121 3265
f 3281 3280 3150
f 3281 3150 3119
f 3282 3121 3262
f 3282 3281 3119
f 3282 3119 3121
f 3283 3282 3262
f 3283 3262 3261
f 3272 3261 3257
f 3272 3283 3261
f 3275 3273 3274
f 3283 3272 3273
f 3276 3273 3275
f 3276 3283 3273
f 3281 3276 3277
f 3281 3282 3283
f 3281 3283 3276
f 3279 3277 3278
f 3279 3280 3281
f 3279 3281 3277
f 3154 3156 3251
f 3249 3154 3251
f 3284 3133 3131
f 3153 3154 3249
f 3125 3153 3249
f 3248 3125 3249
f 3285 3131 3130
f 3285 3130 3123
f 3285 3284 3131
f 3286 3123 3125
f 3286 3285 3123
f 3286 3125 3248
f 3287 3248 3250
f 3287 3286 3248
f 3288 3250 3253
f 3288 3287 3250
f 3129 3253 3258
f 3129 3288 3253
f 3126 3288 3129
f 3289 3288 3126
f 3170 3258 3271
f 3170 3129 3258
f 3147 3289 3126
f 3290 3289 3147
f 3166 3271 3269
f 3166 3170 3271
f 3143 3290 3147
f 3291 3290 3143
f 3164 3269 3267
f 3164 3166 3269
f 3141 3291 3143
f 3292 3291 3141
f 3162 3164 3267
f 3162 3267 3264
f 3139 3292 3141
f 3293 3292 3139
f 3160 3162 3264
f 3160 3264 3260
f 3137 3293 3139
f 3294 3293 3137
f 3158 3260 3252
f 3158 3160 3260
f 3135 3294 3137
f 3295 3294 3135
f 3156 3252 3251
f 3156 3158 3252
f 3133 3295 3135
f 3284 3295 3133
f 3287 3285 3286
f 3295 3284 3285
f 3288 3285 3287
f 3288 3295 3285
f 3293 3288 3289
f 3293 3294 3295
f 3293 3295 3288
f 3291 3289 3290
f 3291 3292 3293
f 3291 3293 3289
f 3184 3179 3182
f 3199 3180 3179
f 3186 3179 3184
f 3186 3199 3179
f 3195 3186 3188
f 3195 3197 3199
f 3195 3199 3186
f 3190 3188 3189
f 3190 3193 3195
f 3190 3195 3188
f 3202 3242 3245
f 3245 3242 3247
f 3206 3205 3209
f 3209 3205 3201
f 3202 3237 3242
f 3237 3240 3238
f 3201 3234 3202
f 3202 3234 3237
f 3237 3234 3240
f 3214 3213 3217
f 3217 3213 3211
f 3211 3213 3205
f 3205 3213 3201
f 3201 3229 3234
f 3213 3229 3201
f 3229 3226 3230
f 3230 3226 3232
f 3226 3218 3221
f 3213 3218 3229
f 3229 3218 3226
f 3221 3225 3222
f 3218 3225 3221
f 3296 3297 3298
f 3299 3300 3297
f 3299 3297 3296
f 3301 3298 3302
f 3301 3296 3298
f 3303 3304 3300
f 3303 3300 3299
f 3305 3306 3304
f 3305 3304 3303
f 3307 3308 3306
f 3307 3306 3305
f 3309 3310 3308
f 3309 3308 3307
f 3311 3312 3303
f 3311 3303 3299
f 3313 3299 3296
f 3313 3311 3299
f 3314 3301 3315
f 3316 3296 3301
f 3316 3313 3296
f 3317 3314 3318
f 3317 3301 3314
f 3317 3316 3301
f 3319 3318 3320
f 3319 3317 3318
f 3321 3320 3322
f 3321 3319 3320
f 3323 3322 3324
f 3323 3321 3322
f 3325 3323 3324
f 3309 3324 3326
f 3309 3325 3324
f 3327 3325 3309
f 3307 3327 3309
f 3328 3327 3307
f 3305 3328 3307
f 3329 3328 3305
f 3303 3329 3305
f 3312 3329 3303
f 3316 3311 3313
f 3329 3312 3311
f 3327 3328 3329
f 3323 3316 3317
f 3323 3317 3319
f 3323 3319 3321
f 3323 3325 3327
f 3323 3311 3316
f 3323 3329 3311
f 3323 3327 3329
f 3330 3302 3298
f 3330 3331 3302
f 3332 3298 3297
f 3332 3330 3298
f 3333 3297 3300
f 3333 3332 3297
f 3334 3300 3304
f 3334 3333 3300
f 3335 3304 3306
f 3335 3334 3304
f 3336 3306 3308
f 3336 3308 3310
f 3336 3335 3306
f 3337 3336 3310
f 3338 3339 3340
f 3338 3341 3339
f 3342 3343 3344
f 3342 3345 3343
f 3346 3344 3347
f 3346 3347 3339
f 3346 3342 3344
f 3341 3346 3339
f 3310 3326 3343
f 3310 3309 3326
f 3345 3337 3310
f 3343 3345 3310
f 3302 3348 3315
f 3301 3302 3315
f 3331 3349 3302
f 3349 3348 3302
f 3350 3340 3351
f 3350 3338 3340
f 3352 3351 3353
f 3352 3350 3351
f 3349 3353 3348
f 3349 3352 3353
f 3349 3350 3352
f 3338 3350 3349
f 3345 3342 3346
f 3345 3346 3341
f 3345 3341 3338
f 3345 3338 3349
f 3333 3349 3331
f 3333 3331 3330
f 3333 3330 3332
f 3333 3345 3349
f 3334 3345 3333
f 3337 3345 3334
f 3336 3337 3334
f 3335 3336 3334
f 3351 3340 3353
f 3340 3348 3353
f 3340 3339 3348
f 3344 3343 3347
f 3347 3343 3339
f 3339 3343 3348
f 3343 3315 3348
f 3315 3320 3314
f 3314 3320 3318
f 3343 3326 3315
f 3315 3322 3320
f 3326 3324 3315
f 3315 3324 3322
f 3354 3355 3356
f 3357 3355 3354
f 3358 3359 3360
f 3358 3361 3359
f 3362 3363 3364
f 3362 3365 3363
f 3364 3366 3367
f 3368 3367 3369
f 3368 3369 3370
f 3368 3364 3367
f 3371 3370 3372
f 3371 3368 3370
f 3373 3372 3374
f 3373 3371 3372
f 3375 3373 3374
f 3376 3374 3377
f 3376 3375 3374
f 3378 3379 3373
f 3378 3373 3375
f 3380 3377 3381
f 3380 3376 3377
f 3382 3383 3379
f 3382 3379 3378
f 3356 3381 3354
f 3356 3380 3381
f 3384 3383 3382
f 3364 3363 3366
f 3360 3359 3384
f 3384 3359 3383
f 3385 3362 3386
f 3386 3387 3388
f 3388 3387 3389
f 3362 3387 3386
f 3389 3390 3391
f 3387 3390 3389
f 3391 3392 3393
f 3390 3392 3391
f 3392 3394 3393
f 3393 3395 3396
f 3394 3395 3393
f 3397 3398 3392
f 3392 3398 3394
f 3396 3399 3400
f 3395 3399 3396
f 3401 3402 3397
f 3397 3402 3398
f 3400 3355 3357
f 3399 3355 3400
f 3401 3403 3402
f 3361 3358 3403
f 3361 3403 3401
f 3365 3362 3385
f 3386 3388 3404
f 3385 3404 3405
f 3385 3386 3404
f 3406 3369 3367
f 3366 3406 3367
f 3365 3385 3405
f 3407 3366 3363
f 3407 3363 3365
f 3407 3365 3405
f 3407 3406 3366
f 3408 3405 3409
f 3408 3407 3405
f 3410 3409 3411
f 3410 3408 3409
f 3357 3411 3412
f 3357 3410 3411
f 3354 3410 3357
f 3413 3410 3354
f 3400 3412 3414
f 3400 3357 3412
f 3381 3413 3354
f 3396 3414 3415
f 3396 3400 3414
f 3416 3413 3381
f 3377 3416 3381
f 3393 3396 3415
f 3417 3393 3415
f 3418 3377 3374
f 3418 3416 3377
f 3391 3393 3417
f 3419 3391 3417
f 3420 3418 3374
f 3420 3374 3372
f 3389 3391 3419
f 3404 3389 3419
f 3421 3420 3372
f 3421 3372 3370
f 3388 3389 3404
f 3406 3421 3370
f 3406 3370 3369
f 3422 3423 3424
f 3422 3425 3423
f 3426 3427 3428
f 3426 3429 3427
f 3430 3428 3431
f 3430 3431 3423
f 3430 3426 3428
f 3425 3430 3423
f 3429 3432 3427
f 3429 3433 3432
f 3434 3435 3436
f 3434 3437 3435
f 3438 3436 3439
f 3438 3439 3432
f 3438 3434 3436
f 3433 3438 3432
f 3437 3440 3435
f 3437 3441 3440
f 3442 3443 3444
f 3442 3444 3445
f 3442 3446 3443
f 3447 3442 3445
f 3441 3445 3440
f 3441 3447 3445
f 3446 3448 3443
f 3446 3449 3448
f 3450 3451 3452
f 3450 3452 3453
f 3450 3454 3451
f 3455 3453 3448
f 3455 3450 3453
f 3449 3455 3448
f 3454 3456 3451
f 3454 3457 3456
f 3458 3459 3460
f 3461 3458 3460
f 3462 3460 3463
f 3462 3461 3460
f 3457 3463 3456
f 3457 3462 3463
f 3458 3464 3459
f 3458 3465 3464
f 3466 3424 3467
f 3466 3467 3468
f 3466 3422 3424
f 3469 3466 3468
f 3465 3468 3464
f 3465 3469 3468
f 3458 3461 3462
f 3458 3462 3457
f 3405 3457 3454
f 3409 3454 3450
f 3409 3450 3455
f 3409 3455 3449
f 3409 3449 3446
f 3409 3405 3454
f 3404 3457 3405
f 3411 3446 3442
f 3411 3442 3447
f 3411 3447 3441
f 3411 3409 3446
f 3470 3458 3457
f 3471 3404 3419
f 3471 3457 3404
f 3471 3470 3457
f 3472 3458 3470
f 3412 3411 3441
f 3465 3458 3472
f 3473 3419 3417
f 3473 3471 3419
f 3474 3465 3472
f 3422 3466 3469
f 3422 3469 3465
f 3422 3465 3474
f 3475 3473 3417
f 3476 3422 3474
f 3477 3422 3476
f 3478 3475 3417
f 3478 3417 3415
f 3479 3478 3415
f 3479 3415 3414
f 3480 3475 3478
f 3480 3481 3475
f 3437 3479 3414
f 3437 3482 3479
f 3437 3414 3412
f 3437 3412 3441
f 3483 3481 3480
f 3483 3477 3481
f 3433 3437 3434
f 3433 3434 3438
f 3433 3482 3437
f 3484 3482 3433
f 3485 3477 3483
f 3425 3485 3486
f 3429 3487 3484
f 3429 3425 3486
f 3429 3486 3487
f 3429 3484 3433
f 3426 3430 3425
f 3426 3425 3429
f 3425 3422 3485
f 3485 3422 3477
f 3421 3406 3407
f 3421 3407 3408
f 3420 3421 3408
f 3416 3410 3413
f 3418 3408 3410
f 3418 3410 3416
f 3418 3420 3408
f 3362 3488 3472
f 3362 3472 3470
f 3364 3488 3362
f 3489 3488 3364
f 3387 3470 3471
f 3387 3362 3470
f 3368 3489 3364
f 3490 3489 3368
f 3390 3471 3473
f 3390 3387 3471
f 3371 3490 3368
f 3491 3490 3371
f 3392 3473 3475
f 3392 3390 3473
f 3373 3491 3371
f 3492 3491 3373
f 3397 3475 3481
f 3397 3392 3475
f 3379 3492 3373
f 3493 3492 3379
f 3401 3481 3477
f 3401 3397 3481
f 3383 3493 3379
f 3494 3493 3383
f 3361 3477 3476
f 3361 3401 3477
f 3359 3494 3383
f 3495 3359 3361
f 3495 3361 3476
f 3495 3494 3359
f 3496 3476 3474
f 3496 3495 3476
f 3488 3496 3474
f 3488 3474 3472
f 3496 3488 3489
f 3496 3489 3490
f 3495 3496 3490
f 3493 3491 3492
f 3494 3490 3491
f 3494 3491 3493
f 3494 3495 3490
f 3394 3398 3480
f 3394 3480 3478
f 3375 3497 3378
f 3498 3497 3375
f 3395 3478 3479
f 3395 3394 3478
f 3376 3498 3375
f 3499 3498 3376
f 3399 3479 3482
f 3399 3395 3479
f 3380 3499 3376
f 3500 3499 3380
f 3355 3482 3484
f 3355 3399 3482
f 3356 3500 3380
f 3501 3356 3355
f 3501 3355 3484
f 3501 3500 3356
f 3502 3484 3487
f 3502 3501 3484
f 3503 3487 3486
f 3503 3502 3487
f 3358 3486 3485
f 3358 3503 3486
f 3360 3503 3358
f 3403 3485 3483
f 3403 3358 3485
f 3504 3503 3360
f 3384 3504 3360
f 3402 3403 3483
f 3480 3402 3483
f 3505 3504 3384
f 3505 3384 3382
f 3398 3402 3480
f 3497 3505 3382
f 3497 3382 3378
f 3505 3497 3498
f 3505 3498 3499
f 3504 3505 3499
f 3502 3500 3501
f 3503 3499 3500
f 3503 3500 3502
f 3503 3504 3499
f 3451 3448 3452
f 3452 3448 3453
f 3460 3459 3463
f 3463 3459 3456
f 3451 3443 3448
f 3443 3445 3444
f 3456 3440 3451
f 3451 3440 3443
f 3443 3440 3445
f 3468 3467 3464
f 3464 3424 3459
f 3459 3424 3456
f 3467 3424 3464
f 3456 3435 3440
f 3424 3435 3456
f 3435 3432 3436
f 3436 3432 3439
f 3424 3423 3435
f 3435 3423 3432
f 3423 3427 3432
f 3423 3431 3427
f 3431 3428 3427
f 3506 3507 3508
f 3506 3509 3507
f 3510 3511 3512
f 3513 3512 3514
f 3513 3510 3512
f 3515 3514 3507
f 3515 3513 3514
f 3509 3515 3507
f 3510 3516 3511
f 3510 3517 3516
f 3518 3519 3520
f 3518 3521 3519
f 3522 3520 3523
f 3522 3518 3520
f 3517 3523 3516
f 3517 3522 3523
f 3521 3524 3519
f 3521 3525 3524
f 3526 3527 3528
f 3529 3526 3528
f 3530 3528 3531
f 3530 3529 3528
f 3525 3531 3524
f 3525 3530 3531
f 3526 3532 3527
f 3526 3533 3532
f 3534 3508 3535
f 3534 3506 3508
f 3536 3535 3537
f 3536 3534 3535
f 3533 3537 3532
f 3533 3536 3537
f 3510 3513 3515
f 3509 3510 3515
f 3521 3518 3522
f 3521 3522 3517
f 3521 3517 3510
f 3521 3510 3509
f 3506 3521 3509
f 3536 3506 3534
f 3533 3506 3536
f 3526 3506 3533
f 3525 3521 3506
f 3525 3506 3526
f 3529 3530 3525
f 3529 3525 3526
f 3512 3511 3514
f 3511 3507 3514
f 3523 3520 3516
f 3516 3519 3511
f 3511 3519 3507
f 3520 3519 3516
f 3519 3508 3507
f 3508 3537 3535
f 3508 3532 3537
f 3508 3527 3532
f 3519 3524 3508
f 3508 3524 3527
f 3524 3531 3527
f 3531 3528 3527
f 3538 3539 3540
f 3538 3541 3539
f 3542 3540 3543
f 3542 3543 3544
f 3542 3538 3540
f 3545 3542 3544
f 3541 3546 3539
f 3541 3547 3546
f 3548 3549 3546
f 3547 3548 3546
f 3550 3551 3552
f 3550 3552 3553
f 3550 3554 3551
f 3555 3553 3549
f 3555 3550 3553
f 3548 3555 3549
f 3554 3556 3551
f 3554 3557 3556
f 3557 3558 3556
f 3557 3559 3558
f 3560 3561 3562
f 3560 3562 3563
f 3560 3564 3561
f 3565 3560 3563
f 3559 3563 3558
f 3559 3565 3563
f 3564 3566 3561
f 3564 3567 3566
f 3567 3568 3566
f 3567 3569 3568
f 3570 3571 3572
f 3573 3570 3572
f 3574 3572 3575
f 3574 3573 3572
f 3569 3575 3568
f 3569 3574 3575
f 3570 3576 3571
f 3570 3577 3576
f 3577 3578 3576
f 3577 3579 3578
f 3580 3581 3582
f 3580 3583 3581
f 3584 3582 3585
f 3584 3580 3582
f 3579 3585 3578
f 3579 3584 3585
f 3583 3586 3581
f 3583 3587 3586
f 3587 3544 3586
f 3587 3545 3544
f 3564 3560 3565
f 3559 3564 3565
f 3557 3567 3564
f 3557 3564 3559
f 3570 3573 3574
f 3570 3574 3569
f 3570 3569 3567
f 3555 3554 3550
f 3548 3554 3555
f 3577 3570 3567
f 3577 3567 3557
f 3547 3557 3554
f 3547 3554 3548
f 3547 3577 3557
f 3587 3577 3547
f 3583 3584 3579
f 3583 3579 3577
f 3583 3577 3587
f 3580 3584 3583
f 3545 3547 3541
f 3545 3541 3538
f 3545 3587 3547
f 3542 3545 3538
f 3562 3561 3563
f 3561 3558 3563
f 3566 3556 3561
f 3561 3556 3558
f 3572 3571 3575
f 3575 3571 3568
f 3568 3571 3566
f 3551 3553 3552
f 3551 3549 3553
f 3571 3576 3566
f 3566 3576 3556
f 3556 3546 3551
f 3551 3546 3549
f 3576 3546 3556
f 3576 3586 3546
f 3585 3581 3578
f 3578 3581 3576
f 3576 3581 3586
f 3585 3582 3581
f 3546 3544 3539
f 3586 3544 3546
f 3539 3543 3540
f 3544 3543 3539
f 3588 3589 3590
f 3588 3591 3589
f 3592 3590 3593
f 3592 3593 3594
f 3592 3588 3590
f 3595 3592 3594
f 3596 3597 3589
f 3591 3596 3589
f 3598 3599 3597
f 3596 3598 3597
f 3600 3601 3602
f 3600 3603 3601
f 3604 3602 3605
f 3604 3600 3602
f 3598 3605 3599
f 3598 3604 3605
f 3603 3606 3601
f 3603 3607 3606
f 3607 3608 3606
f 3607 3609 3608
f 3610 3611 3612
f 3610 3613 3611
f 3614 3612 3615
f 3614 3610 3612
f 3609 3615 3608
f 3609 3614 3615
f 3613 3616 3611
f 3613 3617 3616
f 3617 3618 3616
f 3617 3619 3618
f 3620 3621 3622
f 3620 3623 3621
f 3624 3622 3625
f 3624 3620 3622
f 3619 3625 3618
f 3619 3624 3625
f 3626 3627 3621
f 3623 3626 3621
f 3626 3628 3627
f 3626 3629 3628
f 3630 3631 3632
f 3630 3633 3631
f 3634 3632 3635
f 3634 3630 3632
f 3629 3635 3628
f 3629 3634 3635
f 3636 3637 3631
f 3633 3636 3631
f 3595 3594 3637
f 3636 3595 3637
f 3595 3591 3588
f 3595 3588 3592
f 3636 3596 3591
f 3636 3591 3595
f 3603 3600 3604
f 3603 3604 3598
f 3603 3598 3596
f 3634 3633 3630
f 3629 3633 3634
f 3607 3603 3596
f 3626 3636 3633
f 3626 3596 3636
f 3626 3633 3629
f 3626 3607 3596
f 3617 3607 3626
f 3609 3607 3617
f 3613 3609 3617
f 3610 3614 3609
f 3610 3609 3613
f 3619 3626 3623
f 3619 3617 3626
f 3624 3623 3620
f 3624 3619 3623
f 3589 3594 3590
f 3590 3594 3593
f 3597 3637 3589
f 3589 3637 3594
f 3602 3601 3605
f 3605 3601 3599
f 3599 3601 3597
f 3631 3635 3632
f 3631 3628 3635
f 3601 3606 3597
f 3597 3606 3637
f 3637 3627 3631
f 3606 3627 3637
f 3631 3627 3628
f 3606 3616 3627
f 3606 3608 3616
f 3608 3611 3616
f 3615 3612 3608
f 3608 3612 3611
f 3627 3618 3621
f 3616 3618 3627
f 3621 3625 3622
f 3618 3625 3621
f 3638 3639 3640
f 3641 3639 3642
f 3640 3639 3641
f 3641 3643 3640
f 3642 3644 3641
f 3641 3644 3645
f 3644 3646 3647
f 3642 3646 3644
f 3640 3648 3638
f 3649 3650 3651
f 3652 3650 3649
f 3653 3654 3655
f 3656 3657 3648
f 3648 3657 3638
f 3658 3659 3660
f 3661 3662 3663
f 3664 3665 3666
f 3666 3667 3668
f 3665 3667 3666
f 3669 3667 3665
f 3670 3671 3672
f 3673 3671 3670
f 3674 3675 3676
f 3671 3677 3672
f 3663 3678 3679
f 3680 3681 3682
f 3682 3681 3638
f 3638 3681 3639
f 3683 3684 3685
f 3672 3686 3687
f 3688 3686 3672
f 3688 3689 3686
f 3690 3689 3688
f 3691 3692 3693
f 3694 3695 3683
f 3691 3696 3692
f 3697 3696 3691
f 3692 3696 3698
f 3699 3700 3639
f 3639 3700 3642
f 3701 3702 3703
f 3704 3705 3706
f 3707 3708 3709
f 3710 3711 3712
f 3712 3711 3713
f 3698 3714 3715
f 3715 3716 3717
f 3714 3716 3715
f 3718 3716 3714
f 3703 3719 3720
f 3721 3722 3703
f 3703 3722 3719
f 3723 3724 3725
f 3726 3724 3723
f 3727 3728 3729
f 3725 3730 3731
f 3724 3730 3725
f 3732 3733 3734
f 3735 3733 3732
f 3736 3737 3738
f 3733 3739 3734
f 3725 3740 3723
f 3725 3741 3740
f 3742 3743 3744
f 3734 3745 3732
f 3732 3745 3746
f 3747 3748 3749
f 3750 3748 3747
f 3734 3751 3745
f 3752 3753 3729
f 3644 3753 3645
f 3645 3753 3752
f 3754 3755 3750
f 3750 3755 3748
f 3748 3755 3756
f 3754 3757 3755
f 3758 3759 3760
f 3759 3761 3760
f 3760 3761 3762
f 3763 3764 3765
f 3765 3764 3766
f 3760 3767 3768
f 3769 3770 3771
f 3771 3772 3773
f 3774 3775 3776
f 3777 3778 3641
f 3641 3778 3643
f 3643 3778 3779
f 3780 3781 3777
f 3778 3781 3779
f 3777 3781 3778
f 3782 3783 3780
f 3780 3783 3781
f 3643 3784 3785
f 3779 3784 3643
f 3781 3786 3779
f 3779 3786 3784
f 3783 3786 3781
f 3787 3786 3783
f 3784 3788 3785
f 3787 3788 3786
f 3785 3788 3789
f 3786 3788 3784
f 3785 3790 3643
f 3791 3792 3793
f 3785 3794 3790
f 3790 3794 3795
f 3789 3794 3785
f 3640 3796 3797
f 3790 3796 3643
f 3795 3796 3790
f 3643 3796 3640
f 3794 3798 3795
f 3798 3799 3795
f 3795 3799 3796
f 3797 3799 3800
f 3796 3799 3797
f 3801 3802 3791
f 3803 3804 3805
f 3798 3806 3799
f 3649 3806 3652
f 3800 3806 3807
f 3652 3806 3798
f 3799 3806 3800
f 3807 3806 3649
f 3797 3808 3640
f 3648 3808 3809
f 3800 3808 3797
f 3640 3808 3648
f 3810 3811 3812
f 3654 3813 3655
f 3814 3813 3654
f 3805 3815 3803
f 3808 3816 3809
f 3800 3816 3808
f 3817 3818 3810
f 3810 3818 3811
f 3658 3819 3818
f 3655 3819 3653
f 3811 3819 3655
f 3818 3819 3811
f 3650 3820 3651
f 3651 3820 3821
f 3821 3820 3822
f 3809 3823 3648
f 3648 3823 3656
f 3656 3823 3824
f 3818 3825 3658
f 3826 3825 3817
f 3659 3825 3826
f 3658 3825 3659
f 3817 3825 3818
f 3827 3828 3829
f 3814 3828 3827
f 3654 3828 3814
f 3823 3830 3824
f 3809 3830 3823
f 3830 3831 3824
f 3824 3831 3832
f 3819 3833 3653
f 3660 3833 3658
f 3653 3833 3834
f 3658 3833 3819
f 3834 3833 3660
f 3661 3835 3662
f 3662 3835 3824
f 3656 3835 3657
f 3657 3835 3661
f 3824 3835 3656
f 3829 3836 3827
f 3837 3836 3838
f 3834 3839 3653
f 3829 3840 3836
f 3836 3840 3838
f 3838 3840 3841
f 3664 3842 3826
f 3826 3842 3659
f 3659 3842 3843
f 3843 3842 3666
f 3666 3842 3664
f 3663 3844 3661
f 3657 3844 3638
f 3845 3844 3663
f 3661 3844 3657
f 3638 3844 3845
f 3659 3846 3660
f 3668 3846 3666
f 3843 3846 3659
f 3666 3846 3843
f 3829 3847 3840
f 3840 3847 3841
f 3841 3847 3848
f 3824 3849 3662
f 3832 3849 3824
f 3850 3849 3832
f 3851 3852 3673
f 3660 3852 3834
f 3853 3854 3850
f 3849 3854 3662
f 3850 3854 3849
f 3671 3855 3668
f 3668 3855 3846
f 3846 3855 3660
f 3852 3855 3673
f 3660 3855 3852
f 3673 3855 3671
f 3675 3856 3676
f 3676 3856 3664
f 3664 3856 3665
f 3679 3857 3663
f 3663 3857 3845
f 3638 3857 3682
f 3682 3857 3679
f 3845 3857 3638
f 3858 3859 3670
f 3848 3859 3858
f 3673 3859 3851
f 3670 3859 3673
f 3663 3860 3861
f 3861 3860 3862
f 3662 3860 3663
f 3854 3863 3662
f 3662 3863 3860
f 3860 3863 3862
f 3675 3864 3856
f 3856 3864 3665
f 3677 3865 3866
f 3668 3865 3671
f 3667 3865 3668
f 3671 3865 3677
f 3867 3868 3674
f 3674 3868 3675
f 3869 3870 3871
f 3872 3870 3869
f 3858 3870 3848
f 3848 3870 3872
f 3682 3873 3680
f 3680 3873 3874
f 3678 3873 3679
f 3874 3873 3678
f 3679 3873 3682
f 3665 3875 3669
f 3669 3875 3876
f 3864 3875 3665
f 3675 3875 3864
f 3663 3877 3678
f 3861 3877 3663
f 3862 3877 3861
f 3869 3878 3872
f 3862 3879 3877
f 3877 3879 3678
f 3880 3881 3693
f 3869 3881 3878
f 3878 3881 3880
f 3865 3882 3866
f 3669 3882 3667
f 3667 3882 3865
f 3687 3883 3672
f 3670 3883 3858
f 3672 3883 3670
f 3871 3883 3687
f 3870 3883 3871
f 3858 3883 3870
f 3685 3884 3885
f 3684 3884 3685
f 3675 3886 3875
f 3876 3886 3887
f 3887 3886 3888
f 3875 3886 3876
f 3866 3889 3677
f 3672 3889 3688
f 3688 3889 3690
f 3677 3889 3672
f 3669 3890 3882
f 3876 3890 3669
f 3693 3891 3691
f 3871 3891 3869
f 3881 3891 3693
f 3869 3891 3881
f 3892 3893 3894
f 3874 3893 3892
f 3678 3893 3874
f 3681 3895 3896
f 3680 3895 3681
f 3874 3895 3680
f 3894 3897 3898
f 3678 3897 3893
f 3879 3897 3678
f 3893 3897 3894
f 3899 3900 3890
f 3890 3900 3882
f 3882 3900 3866
f 3895 3901 3896
f 3874 3901 3895
f 3892 3902 3874
f 3874 3902 3901
f 3690 3903 3904
f 3900 3903 3866
f 3866 3903 3889
f 3889 3903 3690
f 3692 3905 3693
f 3686 3906 3687
f 3691 3906 3697
f 3891 3906 3691
f 3871 3906 3891
f 3687 3906 3871
f 3697 3906 3686
f 3896 3907 3681
f 3639 3907 3908
f 3681 3907 3639
f 3908 3907 3909
f 3887 3910 3876
f 3890 3910 3899
f 3876 3910 3890
f 3888 3910 3887
f 3899 3911 3900
f 3904 3911 3912
f 3900 3911 3903
f 3903 3911 3904
f 3912 3911 3913
f 3684 3914 3915
f 3683 3914 3684
f 3695 3914 3683
f 3908 3916 3639
f 3639 3916 3699
f 3699 3916 3917
f 3896 3918 3907
f 3907 3918 3909
f 3692 3919 3905
f 3694 3920 3695
f 3921 3920 3694
f 3915 3922 3684
f 3684 3922 3923
f 3924 3922 3915
f 3923 3922 3925
f 3924 3926 3922
f 3922 3926 3925
f 3911 3927 3913
f 3899 3927 3911
f 3904 3928 3690
f 3912 3928 3904
f 3690 3928 3689
f 3689 3928 3929
f 3689 3930 3686
f 3686 3930 3697
f 3927 3931 3913
f 3913 3931 3709
f 3932 3933 3698
f 3698 3933 3692
f 3919 3933 3932
f 3692 3933 3919
f 3916 3934 3917
f 3909 3934 3908
f 3908 3934 3916
f 3689 3935 3930
f 3930 3935 3936
f 3929 3935 3689
f 3936 3935 3937
f 3912 3938 3928
f 3913 3938 3912
f 3704 3939 3921
f 3706 3939 3704
f 3921 3939 3920
f 3706 3940 3939
f 3939 3940 3920
f 3695 3940 3941
f 3920 3940 3695
f 3936 3942 3930
f 3697 3942 3696
f 3696 3942 3943
f 3930 3942 3697
f 3944 3942 3936
f 3943 3942 3944
f 3712 3945 3946
f 3909 3945 3934
f 3946 3945 3909
f 3713 3945 3712
f 3928 3947 3929
f 3948 3947 3938
f 3938 3947 3928
f 3702 3949 3941
f 3941 3949 3695
f 3914 3949 3915
f 3695 3949 3914
f 3945 3950 3934
f 3713 3950 3945
f 3934 3950 3917
f 3707 3951 3952
f 3953 3951 3924
f 3952 3951 3953
f 3715 3954 3698
f 3698 3954 3932
f 3932 3954 3955
f 3955 3954 3715
f 3937 3956 3957
f 3935 3956 3937
f 3929 3956 3935
f 3947 3956 3929
f 3950 3958 3917
f 3917 3958 3699
f 3699 3958 3959
f 3959 3958 3960
f 3943 3961 3696
f 3696 3961 3698
f 3944 3961 3943
f 3940 3962 3941
f 3941 3962 3963
f 3706 3962 3940
f 3701 3964 3702
f 3915 3964 3924
f 3949 3964 3915
f 3702 3964 3949
f 3924 3964 3953
f 3953 3964 3701
f 3699 3965 3700
f 3959 3965 3699
f 3705 3966 3645
f 3641 3966 3704
f 3645 3966 3641
f 3704 3966 3705
f 3944 3967 3968
f 3937 3967 3936
f 3936 3967 3944
f 3717 3969 3715
f 3715 3969 3955
f 3948 3970 3947
f 3947 3970 3956
f 3956 3970 3957
f 3952 3971 3707
f 3707 3971 3708
f 3645 3972 3705
f 3705 3972 3706
f 3962 3972 3963
f 3706 3972 3962
f 3973 3974 3948
f 3948 3974 3970
f 3975 3974 3973
f 3710 3976 3711
f 3977 3976 3978
f 3978 3976 3710
f 3979 3980 3981
f 3698 3980 3714
f 3714 3980 3979
f 3961 3980 3698
f 3982 3980 3961
f 3968 3983 3944
f 3961 3983 3982
f 3944 3983 3961
f 3982 3983 3984
f 3963 3985 3941
f 3957 3986 3937
f 3937 3986 3967
f 3987 3988 3989
f 3989 3988 3990
f 3717 3988 3987
f 3959 3991 3965
f 3960 3991 3959
f 3700 3992 3642
f 3642 3992 3993
f 3941 3994 3702
f 3995 3994 3985
f 3985 3994 3941
f 3991 3996 3965
f 3965 3996 3700
f 3997 3996 3991
f 3998 3999 3986
f 3986 3999 3967
f 3967 3999 3968
f 3703 4000 3721
f 3702 4000 3703
f 3994 4000 3702
f 3700 4001 3992
f 3992 4001 3993
f 3993 4001 4002
f 3996 4001 3700
f 3986 4003 3998
f 3957 4003 3986
f 3983 4004 3984
f 3968 4004 3983
f 3999 4004 3968
f 3984 4004 4005
f 3720 4006 3703
f 3703 4006 3701
f 4003 4007 3998
f 3998 4007 4008
f 4009 4010 4011
f 4012 4013 4014
f 3716 4015 3717
f 3988 4015 3990
f 3717 4015 3988
f 3990 4015 4016
f 3990 4017 3989
f 3985 4018 3995
f 3645 4018 3972
f 3963 4018 3985
f 3972 4018 3963
f 3752 4018 3645
f 3981 4019 4020
f 3980 4019 3981
f 3984 4019 3982
f 3982 4019 3980
f 4010 4021 4022
f 4009 4021 4010
f 4023 4021 4009
f 3995 4024 3994
f 4000 4024 3721
f 3994 4024 4000
f 3721 4024 4025
f 4005 4026 4027
f 3999 4026 4004
f 4004 4026 4005
f 3998 4026 3999
f 4028 4029 3981
f 3981 4029 3979
f 3979 4029 3714
f 3714 4029 3718
f 3997 4030 3996
f 4002 4030 4031
f 4001 4030 4002
f 3996 4030 4001
f 3716 4032 4015
f 3718 4032 3716
f 3724 4032 3718
f 4015 4032 4016
f 4016 4032 3726
f 3726 4032 3724
f 4019 4033 4020
f 3984 4033 4019
f 4005 4033 3984
f 4034 4035 4036
f 3990 4035 4017
f 4016 4035 3990
f 4017 4035 4034
f 3995 4037 4024
f 4025 4037 3752
f 4024 4037 4025
f 3752 4037 4018
f 4018 4037 3995
f 4034 4038 4023
f 4021 4038 4022
f 4023 4038 4021
f 4022 4039 4010
f 4014 4040 4012
f 4025 4041 3721
f 3721 4041 3722
f 3722 4041 3728
f 4039 4042 4043
f 4022 4042 4039
f 4043 4042 3738
f 4027 4044 4005
f 4005 4044 4033
f 4036 4045 4046
f 4035 4045 4036
f 4046 4045 3723
f 3726 4045 4016
f 3723 4045 3726
f 4016 4045 4035
f 4047 4048 4044
f 4044 4048 4033
f 4033 4048 4020
f 3981 4049 4028
f 4028 4049 4050
f 4020 4049 3981
f 4048 4049 4020
f 3722 4051 3719
f 4052 4053 4054
f 4054 4053 4055
f 4056 4053 4052
f 4028 4057 4029
f 4029 4057 3718
f 3718 4057 3724
f 3724 4057 3730
f 3728 4058 3729
f 3752 4058 4025
f 4041 4058 3728
f 3729 4058 3752
f 4025 4058 4041
f 3722 4059 4051
f 3727 4059 3728
f 3728 4059 3722
f 4036 4060 4034
f 4046 4060 4036
f 3737 4061 3738
f 3738 4061 4043
f 4062 4063 4060
f 4064 4065 4066
f 3736 4067 4068
f 4050 4069 4070
f 4049 4069 4050
f 4048 4069 4049
f 4047 4069 4048
f 4028 4071 4057
f 4050 4071 4028
f 4057 4071 3730
f 3730 4071 4072
f 4069 4073 4070
f 4047 4073 4069
f 3733 4074 3739
f 4075 4076 3732
f 3732 4076 3735
f 4054 4077 4052
f 4055 4077 4054
f 4052 4077 4078
f 4079 4080 4047
f 4047 4080 4073
f 3739 4081 4082
f 4074 4081 3739
f 4070 4083 4050
f 4050 4083 4071
f 4071 4083 4072
f 4062 4084 4085
f 3723 4084 4046
f 3740 4084 3723
f 4085 4084 3740
f 4046 4084 4060
f 4060 4084 4062
f 4081 4086 4082
f 4066 4087 4088
f 4068 4089 3747
f 4062 4089 4063
f 3727 4090 4086
f 4086 4090 4082
f 3729 4090 3727
f 4068 4091 3736
f 3749 4091 3747
f 3747 4091 4068
f 4083 4092 4072
f 4092 4093 4094
f 4083 4093 4092
f 4070 4093 4083
f 3746 4095 3732
f 3732 4095 4075
f 4062 4096 4089
f 4089 4096 3747
f 4085 4096 4062
f 3747 4096 3750
f 3731 4097 4098
f 4092 4097 4072
f 4098 4097 4099
f 4072 4097 3730
f 3730 4097 3731
f 4100 4101 4102
f 4094 4101 4100
f 4093 4101 4094
f 3749 4103 4091
f 4091 4103 3736
f 3736 4103 3737
f 4104 4105 4106
f 4103 4105 3737
f 3734 4107 4108
f 3739 4107 3734
f 4082 4107 3739
f 4092 4109 4097
f 4094 4109 4092
f 4099 4109 4110
f 4097 4109 4099
f 4085 4111 4096
f 4096 4111 3750
f 3750 4111 3754
f 3740 4111 4085
f 4098 4112 3731
f 3725 4112 3741
f 3741 4112 4113
f 3731 4112 3725
f 3729 4114 4090
f 4107 4114 4108
f 4108 4114 3753
f 4082 4114 4107
f 4090 4114 4082
f 3753 4114 3729
f 3749 4115 4103
f 4106 4115 4116
f 4105 4115 4106
f 4103 4115 4105
f 4111 4117 3754
f 3741 4117 3740
f 3754 4117 4118
f 3740 4117 4111
f 4113 4117 3741
f 4118 4117 4113
f 4108 4119 3734
f 3734 4119 3751
f 3751 4119 4120
f 4116 4121 3756
f 3749 4121 4115
f 3748 4121 3749
f 4115 4121 4116
f 3756 4121 3748
f 3751 4122 3745
f 3753 4123 4108
f 4108 4123 4119
f 4124 4123 3753
f 3743 4125 3744
f 3744 4125 4126
f 4120 4127 3751
f 3751 4127 4122
f 3742 4128 4110
f 4110 4128 4129
f 4120 4130 4127
f 4120 4131 4130
f 4119 4131 4120
f 4123 4131 4119
f 4124 4131 4123
f 4132 4133 3763
f 4118 4133 3754
f 3754 4133 3757
f 3757 4133 4132
f 4131 4134 4130
f 4124 4134 4131
f 4135 4134 4136
f 4130 4134 4135
f 3755 4137 3756
f 3756 4137 4138
f 3757 4137 3755
f 3759 4139 3761
f 3760 4140 3758
f 3768 4140 3760
f 4141 4142 4143
f 4126 4142 3744
f 4143 4142 4126
f 4144 4145 4135
f 4139 4145 3761
f 3761 4145 4144
f 4146 4147 4148
f 4124 4149 4134
f 4134 4149 4136
f 3753 4149 4124
f 3644 4149 3753
f 4136 4149 3644
f 3763 4150 4132
f 3765 4150 3763
f 4137 4150 4138
f 3757 4150 4137
f 4138 4150 3765
f 4132 4150 3757
f 4148 4151 4146
f 4135 4152 4144
f 4136 4152 4135
f 3644 4152 4136
f 3647 4152 3644
f 4143 4153 4141
f 3768 4153 4143
f 4141 4153 4154
f 3767 4153 3768
f 3761 4155 3762
f 4144 4155 3761
f 3762 4155 4156
f 3760 4157 3767
f 3762 4157 3760
f 3770 4158 4154
f 4141 4158 4159
f 4159 4158 4160
f 4154 4158 4141
f 4158 4161 4160
f 3770 4161 4158
f 4152 4162 4144
f 4156 4162 3647
f 3647 4162 4152
f 4144 4162 4155
f 4155 4162 4156
f 3764 4163 3766
f 3766 4163 4164
f 3762 4165 4157
f 4156 4165 3762
f 3767 4166 4167
f 4157 4166 3767
f 4168 4166 4165
f 4165 4166 4157
f 4167 4169 3767
f 3772 4169 4167
f 4153 4169 4154
f 3767 4169 4153
f 4170 4171 3769
f 3769 4171 3770
f 4156 4172 4165
f 3647 4172 4156
f 4165 4172 4168
f 4166 4173 4167
f 4167 4173 4174
f 4168 4173 4166
f 3770 4175 3771
f 4154 4175 3770
f 3771 4175 3772
f 3772 4175 4169
f 4169 4175 4154
f 4172 4176 4168
f 4173 4176 4174
f 3646 4176 3647
f 3647 4176 4172
f 4168 4176 4173
f 4174 4177 4167
f 3774 4178 4177
f 4167 4178 3772
f 4177 4178 4167
f 4178 4179 3772
f 3773 4179 4180
f 3772 4179 3773
f 4176 4181 4174
f 3646 4181 4176
f 4177 4181 3774
f 4174 4181 4177
f 3774 4181 3775
f 3775 4181 3646
f 3774 4182 4178
f 4178 4182 4179
f 4179 4182 4180
f 3776 4182 3774
f 4180 4182 3776
f 3646 4183 3775
f 3642 4183 3646
f 3775 4183 3776
f 3776 4183 3642
f 4184 4185 3782
f 3782 4185 3783
f 3793 4186 4184
f 4187 4186 3792
f 3792 4186 3793
f 3787 4188 3788
f 3788 4188 3789
f 3802 4189 3791
f 3791 4189 3792
f 4190 4189 3802
f 3792 4191 4187
f 4187 4191 3804
f 4189 4191 3792
f 4190 4191 4189
f 3804 4192 4187
f 3803 4192 3804
f 3812 4193 3801
f 3801 4193 3802
f 3650 4194 3815
f 4192 4194 4195
f 3803 4194 4192
f 3815 4194 3803
f 4193 4196 3802
f 3812 4196 4193
f 3655 4196 3811
f 3811 4196 3812
f 3814 4197 3813
f 4191 4197 3804
f 4190 4197 4191
f 3804 4197 3805
f 3813 4197 4190
f 3805 4197 3814
f 4196 4198 3802
f 3655 4198 4196
f 3802 4198 4190
f 3813 4198 3655
f 4190 4198 3813
f 3827 4199 3814
f 3805 4199 3815
f 3814 4199 3805
f 3807 4200 3800
f 3800 4200 3816
f 3649 4200 3807
f 3836 4201 3827
f 3827 4201 4199
f 4200 4202 3816
f 4200 4203 4202
f 3654 4204 3828
f 3653 4204 3654
f 3820 4205 3822
f 3837 4205 3836
f 3822 4205 3837
f 3836 4205 4201
f 3839 4206 3653
f 4204 4206 3828
f 3828 4206 3829
f 3653 4206 4204
f 3850 4207 3853
f 3831 4207 3832
f 3832 4207 3850
f 3829 4208 3847
f 3851 4208 3839
f 3839 4208 4206
f 4206 4208 3829
f 3839 4209 3851
f 3834 4209 3839
f 3851 4209 3852
f 3852 4209 3834
f 3841 4210 3838
f 3872 4210 3848
f 3848 4210 3841
f 3859 4211 3851
f 3847 4211 3848
f 3851 4211 4208
f 3848 4211 3859
f 4208 4211 3847
f 4212 4213 3853
f 3853 4213 3854
f 4214 4213 4212
f 3878 4215 3872
f 3854 4216 3863
f 4213 4216 3854
f 3878 4217 4215
f 4218 4217 3880
f 3880 4217 3878
f 4219 4217 4218
f 4216 4220 3863
f 4221 4220 4222
f 3863 4220 3862
f 3862 4220 4221
f 3885 4223 3867
f 3867 4223 3868
f 3884 4223 3885
f 4224 4223 3884
f 4223 4225 3868
f 4224 4225 4223
f 3675 4225 3886
f 3868 4225 3675
f 3862 4226 3879
f 4222 4226 4221
f 4221 4226 3862
f 3693 4227 3880
f 3905 4227 3693
f 3880 4227 4218
f 3879 4228 3897
f 4226 4228 3879
f 3684 4229 3884
f 3923 4229 3684
f 4224 4229 3923
f 3884 4229 4224
f 4224 4230 4225
f 4225 4230 3886
f 3888 4230 3925
f 3886 4230 3888
f 3923 4230 4224
f 3925 4230 3923
f 3919 4231 3905
f 3905 4231 4227
f 3894 4232 3892
f 3898 4232 3894
f 3892 4232 3902
f 4228 4233 3897
f 3898 4233 4234
f 4234 4233 4235
f 3897 4233 3898
f 4236 4237 3926
f 3888 4237 3910
f 3925 4237 3888
f 3926 4237 3925
f 4238 4239 4240
f 3919 4239 4231
f 3932 4239 3919
f 4240 4239 3932
f 4237 4241 3910
f 3910 4241 3899
f 4236 4241 4237
f 3931 4241 4236
f 3899 4241 3927
f 3927 4241 3931
f 4240 4242 4238
f 3955 4242 3932
f 3932 4242 4240
f 3946 4243 3712
f 4244 4243 4245
f 3909 4243 3946
f 4245 4243 3918
f 3918 4243 3909
f 3951 4246 3924
f 3926 4246 4236
f 3924 4246 3926
f 3951 4247 4246
f 3931 4247 3709
f 3707 4247 3951
f 4246 4247 4236
f 3709 4247 3707
f 4236 4247 3931
f 3708 4248 3709
f 3975 4248 3708
f 3913 4248 3938
f 3938 4248 3948
f 3709 4248 3913
f 3948 4248 3973
f 3973 4248 3975
f 3955 4249 4242
f 3969 4249 3955
f 3717 4250 3969
f 3969 4250 4249
f 4251 4250 3987
f 3987 4250 3717
f 3989 4252 3987
f 4251 4252 4253
f 3987 4252 4251
f 4017 4254 3989
f 3989 4254 4252
f 4255 4256 4006
f 4006 4256 3701
f 3953 4256 3952
f 3952 4256 3971
f 3701 4256 3953
f 4257 4258 4255
f 4255 4258 4256
f 4256 4258 3971
f 3971 4258 3708
f 3708 4259 3975
f 4257 4259 4258
f 4260 4259 4257
f 3975 4259 3974
f 4258 4259 3708
f 3970 4261 3957
f 3957 4261 4003
f 3974 4261 3970
f 4260 4261 4259
f 4259 4261 3974
f 4003 4261 4007
f 4010 4262 4011
f 3977 4262 3976
f 4011 4262 3977
f 3960 4263 3991
f 3991 4263 3997
f 4013 4264 3711
f 4012 4264 4013
f 4023 4265 4034
f 4009 4265 4023
f 4034 4265 4017
f 4010 4266 4262
f 4039 4266 4010
f 4006 4267 4255
f 4268 4267 3720
f 3720 4267 4006
f 4267 4269 4255
f 4268 4269 4267
f 4270 4269 4268
f 4255 4269 4257
f 4270 4271 4269
f 4269 4271 4257
f 4257 4271 4260
f 4260 4271 4272
f 4007 4273 4008
f 4008 4273 4056
f 4260 4273 4261
f 4261 4273 4007
f 4272 4273 4260
f 4012 4274 4264
f 4040 4274 4012
f 4275 4274 4040
f 4264 4274 4276
f 4043 4277 4039
f 4013 4277 4014
f 4014 4277 4043
f 4039 4277 4266
f 4027 4278 4052
f 4056 4278 4008
f 3998 4278 4026
f 4008 4278 3998
f 4052 4278 4056
f 4026 4278 4027
f 4031 4279 4280
f 4030 4279 4031
f 4051 4281 3719
f 4282 4281 4051
f 3720 4281 4268
f 3719 4281 3720
f 4270 4283 4284
f 4268 4283 4270
f 4282 4283 4281
f 4281 4283 4268
f 4272 4285 4286
f 4271 4285 4272
f 4284 4285 4270
f 4270 4285 4271
f 4286 4287 4272
f 4272 4287 4273
f 4056 4287 4053
f 4273 4287 4056
f 4034 4288 4038
f 4060 4288 4034
f 4063 4288 4060
f 4014 4289 4040
f 4061 4289 4043
f 4290 4289 4061
f 4043 4289 4014
f 4052 4291 4027
f 4044 4291 4047
f 4079 4291 4078
f 4047 4291 4079
f 4027 4291 4044
f 4078 4291 4052
f 4038 4292 4022
f 4063 4292 4288
f 4067 4292 4063
f 4288 4292 4038
f 4289 4293 4040
f 4290 4293 4289
f 4275 4293 4065
f 4040 4293 4275
f 3736 4294 4067
f 4022 4294 4042
f 4292 4294 4022
f 4067 4294 4292
f 4042 4295 3738
f 3738 4295 3736
f 4294 4295 4042
f 3736 4295 4294
f 4280 4296 4064
f 4064 4296 4065
f 4065 4296 4275
f 4086 4297 3727
f 4081 4297 4086
f 4051 4297 4282
f 4059 4297 4051
f 3727 4297 4059
f 4282 4297 4074
f 4074 4297 4081
f 3735 4298 3733
f 4283 4298 4284
f 4282 4298 4283
f 4284 4298 3735
f 3733 4298 4074
f 4074 4298 4282
f 4284 4299 4285
f 3735 4299 4284
f 4286 4299 4076
f 4076 4299 3735
f 4285 4299 4286
f 4055 4300 4075
f 4075 4300 4076
f 4287 4300 4053
f 4286 4300 4287
f 4053 4300 4055
f 4076 4300 4286
f 4066 4301 4087
f 4290 4301 4293
f 4293 4301 4065
f 4065 4301 4066
f 4087 4301 4290
f 3737 4302 4061
f 4061 4302 4290
f 4290 4302 4087
f 4068 4303 4089
f 4089 4303 4063
f 4067 4303 4068
f 4063 4303 4067
f 4304 4305 4095
f 4075 4305 4055
f 4095 4305 4075
f 4055 4305 4077
f 4304 4306 4305
f 4307 4306 4304
f 4305 4306 4077
f 4077 4306 4078
f 4079 4308 4080
f 4078 4308 4079
f 4307 4308 4306
f 4306 4308 4078
f 4309 4308 4307
f 4070 4310 4093
f 4308 4310 4080
f 4073 4310 4070
f 4080 4310 4073
f 4309 4310 4308
f 4093 4310 4101
f 3737 4311 4302
f 4105 4311 3737
f 4104 4311 4105
f 4302 4311 4087
f 4104 4312 4311
f 4087 4312 4088
f 4088 4312 4104
f 4311 4312 4087
f 4313 4314 3746
f 4095 4314 4304
f 3746 4314 4095
f 4314 4315 4304
f 4313 4315 4314
f 4316 4315 4313
f 4304 4315 4307
f 4315 4317 4307
f 4316 4317 4315
f 4309 4317 4318
f 4307 4317 4309
f 4310 4319 4101
f 4318 4319 4309
f 4101 4319 4102
f 4102 4319 3743
f 4309 4319 4310
f 4102 4320 4100
f 4100 4320 4094
f 3742 4320 3743
f 3743 4320 4102
f 4110 4320 3742
f 4109 4320 4110
f 4094 4320 4109
f 4110 4321 4099
f 4129 4321 4110
f 3746 4322 4313
f 3745 4322 3746
f 4122 4322 3745
f 4323 4322 4122
f 4323 4324 4322
f 4313 4324 4316
f 4322 4324 4313
f 4316 4324 4325
f 4316 4326 4317
f 4317 4326 4318
f 4325 4326 4316
f 4318 4326 4327
f 4319 4328 3743
f 4318 4328 4319
f 3743 4328 4125
f 4327 4328 4318
f 4130 4329 4127
f 4127 4329 4122
f 4323 4329 4139
f 4145 4329 4135
f 4139 4329 4145
f 4135 4329 4130
f 4122 4329 4323
f 4139 4330 4323
f 4324 4330 4325
f 3758 4330 3759
f 4323 4330 4324
f 4325 4330 3758
f 3759 4330 4139
f 4140 4331 3758
f 4325 4331 4326
f 4326 4331 4327
f 4327 4331 4140
f 3758 4331 4325
f 3768 4332 4140
f 4140 4332 4327
f 4126 4332 4143
f 4143 4332 3768
f 4327 4332 4328
f 4328 4332 4125
f 4125 4332 4126
f 3744 4333 3742
f 3742 4333 4128
f 4142 4333 3744
f 4128 4333 4334
f 4128 4335 4129
f 4129 4335 4336
f 4336 4335 4147
f 4334 4335 4128
f 4146 4337 4147
f 4147 4337 4336
f 3764 4338 4151
f 4337 4338 4339
f 4151 4338 4146
f 4146 4338 4337
f 4334 4340 4159
f 4141 4340 4142
f 4333 4340 4334
f 4142 4340 4333
f 4159 4340 4141
f 4159 4341 4334
f 4147 4341 4148
f 4335 4341 4147
f 4334 4341 4335
f 4160 4341 4159
f 4148 4341 4160
f 4148 4342 4151
f 4161 4342 4160
f 4343 4342 4161
f 4160 4342 4148
f 4151 4344 3764
f 4342 4344 4151
f 4343 4344 4342
f 3764 4344 4163
f 3770 4345 4161
f 4343 4345 4171
f 4161 4345 4343
f 4171 4345 3770
f 4343 4346 4344
f 4164 4346 4170
f 4344 4346 4163
f 4171 4346 4343
f 4163 4346 4164
f 4170 4346 4171
f 4185 4347 3783
f 4187 4347 4186
f 4184 4347 4185
f 3783 4347 3787
f 4186 4347 4184
f 3787 4347 4187
f 4192 4348 4187
f 3787 4348 4188
f 4187 4348 3787
f 4192 4349 4348
f 4195 4349 4192
f 4188 4349 4195
f 4348 4349 4188
f 3650 4350 4194
f 3652 4350 3650
f 4194 4350 4195
f 3815 4351 3650
f 4199 4351 3815
f 4201 4351 4199
f 3820 4351 4205
f 3650 4351 3820
f 4205 4351 4201
f 3651 4352 3649
f 3649 4352 4200
f 4200 4352 4203
f 3809 4353 3830
f 3830 4353 3831
f 4203 4353 4202
f 4202 4353 3816
f 3816 4353 3809
f 3831 4353 4207
f 4207 4354 3853
f 4203 4354 4353
f 4353 4354 4207
f 4210 4355 3838
f 4219 4356 4217
f 4217 4356 4215
f 4213 4357 4216
f 4214 4357 4213
f 4357 4358 4216
f 4220 4358 4222
f 4222 4358 4359
f 4216 4358 4220
f 4227 4360 4218
f 4231 4360 4227
f 4218 4360 4219
f 4359 4361 4222
f 4222 4361 4226
f 4226 4361 4228
f 4238 4362 4239
f 4239 4362 4231
f 3896 4363 3918
f 3901 4363 3896
f 4232 4363 3902
f 4245 4363 4244
f 3902 4363 3901
f 3918 4363 4245
f 4228 4364 4233
f 4361 4364 4228
f 4233 4364 4235
f 4363 4365 4244
f 4232 4365 4363
f 3898 4365 4232
f 4242 4366 4238
f 4249 4366 4242
f 3712 4367 3710
f 4243 4367 3712
f 4244 4367 4243
f 4253 4368 4251
f 4250 4368 4249
f 4251 4368 4250
f 4252 4369 4253
f 4254 4369 4252
f 4009 4370 4265
f 3711 4371 3713
f 4264 4371 3711
f 4276 4371 4264
f 4266 4372 4262
f 4013 4372 4277
f 3976 4372 3711
f 3711 4372 4013
f 4277 4372 4266
f 4262 4372 3976
f 4274 4373 4276
f 4276 4373 4263
f 4274 4374 4373
f 4275 4374 4274
f 3997 4374 4275
f 4373 4374 4263
f 4263 4374 3997
f 4280 4375 4296
f 4275 4375 3997
f 3997 4375 4030
f 4030 4375 4279
f 4296 4375 4275
f 4279 4375 4280
f 4129 4376 4321
f 4098 4376 4112
f 4321 4376 4099
f 4336 4376 4129
f 4112 4376 4113
f 4099 4376 4098
f 4113 4376 4336
f 4339 4377 4337
f 4118 4377 4339
f 4337 4377 4336
f 4113 4377 4118
f 4336 4377 4113
f 3764 4378 4338
f 4133 4378 3763
f 3763 4378 3764
f 4339 4378 4118
f 4338 4378 4339
f 4118 4378 4133
f 4188 4379 3789
f 4195 4379 4188
f 4350 4379 4195
f 3821 4380 3651
f 3651 4380 4352
f 3822 4380 3821
f 4380 4381 4352
f 3837 4382 3822
f 3838 4382 3837
f 4355 4382 3838
f 3853 4383 4212
f 4212 4383 4214
f 4354 4383 3853
f 4210 4384 4355
f 4355 4384 4215
f 3872 4384 4210
f 4215 4384 3872
f 4214 4385 4386
f 4386 4385 4219
f 4356 4385 4387
f 4219 4385 4356
f 4214 4388 4357
f 4386 4388 4214
f 4219 4388 4386
f 4388 4389 4357
f 4219 4389 4388
f 4357 4390 4358
f 4389 4390 4357
f 4390 4391 4358
f 4358 4391 4359
f 4362 4391 4390
f 4391 4392 4359
f 4362 4392 4391
f 4238 4392 4362
f 4393 4392 4238
f 4359 4392 4393
f 4359 4394 4361
f 4394 4395 4366
f 4359 4395 4394
f 4366 4395 4238
f 4238 4395 4393
f 4393 4395 4359
f 4366 4396 4394
f 4361 4396 4364
f 4394 4396 4361
f 4234 4397 3898
f 3898 4397 4365
f 4235 4397 4234
f 4398 4399 4253
f 4364 4399 4235
f 4235 4399 4398
f 4396 4400 4364
f 4364 4400 4399
f 4399 4400 4253
f 4253 4401 4398
f 4398 4401 4235
f 4369 4401 4253
f 4369 4402 4401
f 4367 4403 3710
f 4404 4403 4367
f 3978 4403 3977
f 3710 4403 3978
f 4011 4405 4009
f 3977 4405 4011
f 4009 4405 4370
f 4276 4406 4371
f 4263 4406 4276
f 3960 4406 4263
f 4265 4407 4017
f 4254 4407 4370
f 4017 4407 4254
f 4370 4407 4265
f 4379 4408 3789
f 3789 4408 3794
f 3798 4408 3652
f 3794 4408 3798
f 4350 4408 4379
f 3652 4408 4350
f 4203 4409 4354
f 4381 4409 4352
f 4352 4409 4203
f 4381 4410 4411
f 4380 4410 4381
f 4382 4410 3822
f 3822 4410 4380
f 4411 4412 4381
f 4409 4412 4354
f 4381 4412 4409
f 4354 4412 4383
f 4410 4413 4411
f 4382 4413 4410
f 4355 4413 4382
f 4411 4413 4387
f 4412 4414 4383
f 4411 4414 4412
f 4383 4414 4214
f 4387 4414 4411
f 4214 4414 4385
f 4385 4414 4387
f 4215 4415 4355
f 4413 4415 4387
f 4355 4415 4413
f 4387 4415 4356
f 4356 4415 4215
f 4389 4416 4390
f 4360 4416 4219
f 4390 4416 4362
f 4219 4416 4389
f 4396 4417 4400
f 4366 4417 4396
f 4400 4417 4253
f 4253 4417 4368
f 4397 4418 4365
f 4404 4418 4419
f 4418 4420 4365
f 4367 4420 4404
f 4244 4420 4367
f 4365 4420 4244
f 4404 4420 4418
f 4235 4421 4397
f 4402 4421 4401
f 4401 4421 4235
f 4397 4421 4418
f 4418 4421 4419
f 4419 4421 4402
f 4404 4422 4403
f 4403 4422 3977
f 3977 4422 4405
f 4419 4422 4404
f 4371 4423 3713
f 4406 4423 4371
f 3960 4423 4406
f 3958 4423 3960
f 3950 4423 3958
f 3713 4423 3950
f 4254 4424 4369
f 4369 4424 4402
f 4370 4424 4254
f 4424 4425 4402
f 4405 4425 4370
f 4402 4425 4419
f 4422 4425 4405
f 4419 4425 4422
f 4370 4425 4424
f 4360 4426 4416
f 4231 4426 4360
f 4416 4426 4362
f 4362 4426 4231
f 4249 4427 4366
f 4366 4427 4417
f 4368 4427 4249
f 4417 4427 4368
f 3776 3642 3993
f 3776 3993 4002
f 4180 4002 4031
f 4180 3776 4002
f 3773 4031 4280
f 3773 4280 4064
f 3773 4180 4031
f 3771 4064 4066
f 3771 3773 4064
f 3769 4066 4088
f 3769 3771 4066
f 4170 4088 4104
f 4170 3769 4088
f 4164 4170 4104
f 3766 4104 4106
f 3766 4164 4104
f 4138 4116 3756
f 3765 4106 4116
f 3765 3766 4106
f 3765 4116 4138
f 3641 3704 3777
f 3777 3704 3780
f 3780 3921 3782
f 3704 3921 3780
f 3782 3694 4184
f 4184 3694 3793
f 3921 3694 3782
f 3793 3683 3791
f 3694 3683 3793
f 3791 3685 3801
f 3683 3685 3791
f 3801 3885 3812
f 3685 3885 3801
f 3885 3867 3812
f 3812 3674 3810
f 3867 3674 3812
f 3817 3664 3826
f 3810 3676 3817
f 3674 3676 3810
f 3817 3676 3664
f 4428 4429 4430
f 4428 4431 4429
f 4432 4433 4434
f 4432 4435 4433
f 4436 4434 4437
f 4436 4437 4429
f 4436 4432 4434
f 4431 4436 4429
f 4435 4438 4433
f 4435 4439 4438
f 4440 4441 4442
f 4440 4443 4441
f 4444 4442 4445
f 4444 4440 4442
f 4439 4445 4438
f 4439 4444 4445
f 4443 4446 4441
f 4443 4447 4446
f 4448 4449 4450
f 4448 4451 4449
f 4452 4450 4453
f 4452 4453 4446
f 4452 4448 4450
f 4447 4452 4446
f 4454 4455 4449
f 4451 4454 4449
f 4456 4457 4458
f 4456 4459 4457
f 4460 4458 4461
f 4460 4456 4458
f 4454 4461 4455
f 4454 4460 4461
f 4459 4462 4457
f 4457 4462 4463
f 4463 4464 4465
f 4462 4464 4463
f 4465 4466 4467
f 4464 4466 4465
f 4467 4468 4469
f 4466 4468 4467
f 4469 4470 4471
f 4468 4470 4469
f 4471 4472 4473
f 4470 4472 4471
f 4473 4474 4475
f 4472 4474 4473
f 4475 4476 4477
f 4474 4476 4475
f 4477 4478 4479
f 4476 4478 4477
f 4479 4480 4481
f 4478 4480 4479
f 4481 4482 4483
f 4480 4482 4481
f 4484 4485 4486
f 4484 4487 4485
f 4488 4486 4489
f 4488 4489 4483
f 4488 4484 4486
f 4482 4488 4483
f 4490 4491 4485
f 4487 4490 4485
f 4492 4430 4493
f 4492 4428 4430
f 4494 4493 4495
f 4494 4495 4491
f 4494 4492 4493
f 4490 4494 4491
f 4428 4492 4494
f 4490 4428 4494
f 4487 4428 4490
f 4488 4487 4484
f 4482 4428 4487
f 4482 4487 4488
f 4480 4428 4482
f 4478 4428 4480
f 4431 4428 4478
f 4476 4431 4478
f 4435 4432 4436
f 4435 4436 4431
f 4435 4431 4476
f 4474 4435 4476
f 4472 4435 4474
f 4454 4459 4456
f 4454 4456 4460
f 4447 4464 4462
f 4447 4462 4459
f 4447 4454 4451
f 4447 4451 4448
f 4447 4448 4452
f 4447 4459 4454
f 4439 4472 4470
f 4439 4470 4468
f 4439 4468 4466
f 4439 4435 4472
f 4443 4466 4464
f 4443 4439 4466
f 4443 4464 4447
f 4440 4439 4443
f 4440 4444 4439
f 4493 4430 4495
f 4430 4491 4495
f 4430 4485 4491
f 4485 4489 4486
f 4430 4483 4485
f 4485 4483 4489
f 4430 4481 4483
f 4430 4479 4481
f 4430 4429 4479
f 4429 4477 4479
f 4434 4433 4437
f 4437 4433 4429
f 4429 4433 4477
f 4433 4475 4477
f 4433 4473 4475
f 4457 4455 4458
f 4458 4455 4461
f 4463 4446 4457
f 4465 4446 4463
f 4455 4446 4449
f 4449 4446 4450
f 4450 4446 4453
f 4457 4446 4455
f 4469 4438 4467
f 4471 4438 4469
f 4473 4438 4471
f 4433 4438 4473
f 4467 4441 4465
f 4465 4441 4446
f 4438 4441 4467
f 4438 4442 4441
f 4445 4442 4438
f 4496 4497 4498
f 4496 4498 4499
f 4500 4499 4501
f 4500 4501 4502
f 4500 4496 4499
f 4503 4500 4502
f 4504 4502 4505
f 4504 4505 4506
f 4504 4503 4502
f 4507 4504 4506
f 4507 4506 4508
f 4509 4507 4508
f 4510 4509 4508
f 4510 4508 4511
f 4512 4510 4511
f 4512 4511 4513
f 4514 4512 4513
f 4514 4513 4515
f 4514 4515 4516
f 4517 4514 4516
f 4518 4517 4516
f 4518 4516 4519
f 4520 4518 4519
f 4520 4519 4521
f 4520 4521 4522
f 4523 4520 4522
f 4524 4523 4522
f 4524 4522 4525
f 4526 4524 4525
f 4526 4525 4527
f 4528 4526 4527
f 4528 4527 4529
f 4530 4528 4529
f 4530 4529 4531
f 4532 4530 4531
f 4532 4531 4533
f 4534 4533 4535
f 4534 4532 4533
f 4536 4535 4537
f 4536 4537 4538
f 4536 4534 4535
f 4539 4536 4538
f 4540 4538 4541
f 4540 4541 4542
f 4540 4539 4538
f 4543 4540 4542
f 4544 4542 4545
f 4544 4543 4542
f 4546 4545 4547
f 4546 4544 4545
f 4548 4547 4549
f 4548 4549 4550
f 4548 4546 4547
f 4551 4548 4550
f 4552 4550 4553
f 4552 4551 4550
f 4554 4553 4555
f 4554 4552 4553
f 4556 4555 4557
f 4556 4557 4558
f 4556 4554 4555
f 4559 4556 4558
f 4560 4559 4558
f 4560 4558 4561
f 4560 4561 4562
f 4563 4560 4562
f 4564 4563 4562
f 4564 4562 4565
f 4564 4565 4566
f 4567 4564 4566
f 4568 4567 4566
f 4568 4566 4569
f 4497 4568 4569
f 4497 4569 4498
f 4503 4504 4507
f 4510 4507 4509
f 4517 4512 4514
f 4567 4497 4496
f 4567 4496 4500
f 4567 4500 4503
f 4567 4568 4497
f 4567 4503 4507
f 4523 4518 4520
f 4560 4563 4564
f 4526 4523 4524
f 4559 4560 4564
f 4528 4517 4518
f 4528 4518 4523
f 4528 4523 4526
f 4554 4556 4559
f 4532 4510 4512
f 4532 4528 4530
f 4532 4512 4517
f 4532 4517 4528
f 4536 4532 4534
f 4536 4507 4510
f 4536 4567 4507
f 4536 4510 4532
f 4548 4551 4552
f 4548 4552 4554
f 4548 4564 4567
f 4548 4554 4559
f 4548 4567 4536
f 4548 4559 4564
f 4546 4548 4536
f 4540 4536 4539
f 4543 4536 4540
f 4543 4544 4546
f 4543 4546 4536
f 4505 4502 4506
f 4506 4511 4508
f 4513 4516 4515
f 4498 4566 4499
f 4499 4566 4501
f 4501 4566 4502
f 4569 4566 4498
f 4502 4566 4506
f 4519 4522 4521
f 4562 4561 4565
f 4522 4527 4525
f 4561 4558 4565
f 4516 4529 4519
f 4519 4529 4522
f 4522 4529 4527
f 4557 4555 4558
f 4511 4533 4513
f 4529 4533 4531
f 4513 4533 4516
f 4516 4533 4529
f 4533 4537 4535
f 4506 4537 4511
f 4566 4537 4506
f 4511 4537 4533
f 4550 4549 4553
f 4553 4549 4555
f 4565 4549 4566
f 4555 4549 4558
f 4566 4549 4537
f 4558 4549 4565
f 4549 4547 4537
f 4537 4541 4538
f 4537 4542 4541
f 4545 4542 4547
f 4547 4542 4537
f 4570 4571 4572
f 4572 4571 4573
f 4573 4574 4575
f 4571 4574 4573
f 4575 4576 4577
f 4574 4576 4575
f 4577 4578 4579
f 4576 4578 4577
f 4579 4580 4581
f 4578 4580 4579
f 4581 4582 4583
f 4580 4582 4581
f 4583 4584 4585
f 4582 4584 4583
f 4585 4586 4587
f 4587 4586 4588
f 4584 4586 4585
f 4586 4589 4588
f 4588 4590 4591
f 4591 4590 4592
f 4589 4590 4588
f 4590 4593 4592
f 4592 4594 4595
f 4595 4594 4596
f 4593 4594 4592
f 4594 4597 4596
f 4598 4599 4600
f 4598 4600 4601
f 4598 4602 4599
f 4603 4598 4601
f 4597 4601 4596
f 4597 4603 4601
f 4602 4604 4599
f 4602 4605 4604
f 4606 4607 4608
f 4606 4609 4607
f 4610 4608 4611
f 4610 4611 4604
f 4610 4606 4608
f 4605 4610 4604
f 4609 4612 4607
f 4609 4613 4612
f 4614 4615 4616
f 4614 4616 4617
f 4614 4618 4615
f 4619 4617 4612
f 4619 4614 4617
f 4613 4619 4612
f 4620 4621 4615
f 4618 4620 4615
f 4622 4623 4624
f 4625 4624 4626
f 4625 4622 4624
f 4627 4626 4621
f 4627 4625 4626
f 4620 4627 4621
f 4622 4628 4623
f 4622 4629 4628
f 4630 4631 4632
f 4630 4632 4633
f 4630 4634 4631
f 4635 4630 4633
f 4629 4633 4628
f 4629 4635 4633
f 4634 4636 4631
f 4634 4637 4636
f 4638 4572 4639
f 4638 4570 4572
f 4640 4639 4641
f 4640 4638 4639
f 4637 4641 4636
f 4637 4640 4641
f 4605 4609 4606
f 4605 4606 4610
f 4602 4609 4605
f 4597 4602 4598
f 4597 4598 4603
f 4597 4609 4602
f 4594 4609 4597
f 4593 4609 4594
f 4613 4593 4590
f 4613 4609 4593
f 4589 4613 4590
f 4614 4619 4613
f 4618 4614 4613
f 4618 4613 4589
f 4586 4618 4589
f 4584 4618 4586
f 4570 4638 4640
f 4637 4570 4640
f 4635 4634 4630
f 4629 4637 4634
f 4629 4574 4571
f 4629 4571 4570
f 4629 4570 4637
f 4629 4634 4635
f 4620 4584 4582
f 4620 4582 4580
f 4620 4580 4578
f 4620 4618 4584
f 4622 4578 4576
f 4622 4576 4574
f 4622 4620 4578
f 4622 4574 4629
f 4625 4620 4622
f 4625 4627 4620
f 4608 4607 4611
f 4611 4607 4604
f 4607 4599 4604
f 4599 4596 4600
f 4600 4596 4601
f 4607 4596 4599
f 4607 4595 4596
f 4607 4592 4595
f 4592 4612 4591
f 4607 4612 4592
f 4612 4588 4591
f 4617 4616 4612
f 4616 4615 4612
f 4612 4615 4588
f 4615 4587 4588
f 4615 4585 4587
f 4639 4572 4641
f 4572 4636 4641
f 4631 4633 4632
f 4636 4628 4631
f 4573 4628 4572
f 4575 4628 4573
f 4572 4628 4636
f 4631 4628 4633
f 4581 4621 4579
f 4583 4621 4581
f 4585 4621 4583
f 4615 4621 4585
f 4577 4623 4575
f 4579 4623 4577
f 4575 4623 4628
f 4621 4623 4579
f 4626 4624 4621
f 4621 4624 4623
f 4642 4643 4644
f 4645 4646 4647
f 4647 4646 4648
f 4649 4646 4645
f 4648 4646 4650
f 4651 4652 4653
f 4654 4652 4651
f 4655 4652 4654
f 4656 4657 4658
f 4658 4657 4659
f 4659 4657 4660
f 4660 4657 4661
f 4661 4657 4662
f 4663 4664 4665
f 4665 4664 4666
f 4666 4664 4667
f 4668 4669 4643
f 4670 4671 4672
f 4672 4671 4673
f 4674 4671 4675
f 4675 4671 4676
f 4676 4671 4670
f 4673 4671 4674
f 4677 4678 4679
f 4680 4678 4649
f 4650 4678 4677
f 4649 4678 4646
f 4646 4678 4650
f 4653 4681 4663
f 4663 4681 4664
f 4667 4681 4682
f 4664 4681 4667
f 4662 4683 4684
f 4656 4683 4657
f 4657 4683 4662
f 4685 4686 4687
f 4688 4686 4685
f 4689 4686 4668
f 4668 4686 4669
f 4687 4686 4689
f 4669 4686 4688
f 4648 4690 4691
f 4692 4690 4693
f 4691 4690 4692
f 4650 4690 4648
f 4687 4694 4695
f 4655 4694 4652
f 4695 4694 4655
f 4661 4696 4660
f 4660 4696 4697
f 4697 4696 4698
f 4662 4696 4661
f 4656 4699 4683
f 4667 4699 4656
f 4684 4699 4700
f 4683 4699 4684
f 4701 4702 4694
f 4652 4702 4653
f 4694 4702 4652
f 4703 4704 4705
f 4670 4704 4676
f 4702 4706 4653
f 4682 4706 4707
f 4653 4706 4681
f 4681 4706 4682
f 4690 4708 4693
f 4693 4708 4709
f 4677 4708 4650
f 4650 4708 4690
f 4696 4710 4698
f 4662 4710 4696
f 4684 4710 4662
f 4698 4710 4711
f 4700 4712 4713
f 4667 4712 4699
f 4699 4712 4700
f 4714 4715 4716
f 4692 4715 4714
f 4693 4715 4692
f 4704 4717 4705
f 4672 4717 4670
f 4670 4717 4704
f 4718 4717 4672
f 4705 4717 4718
f 4694 4719 4701
f 4720 4719 4689
f 4689 4719 4687
f 4687 4719 4694
f 4677 4721 4708
f 4679 4721 4677
f 4708 4721 4709
f 4709 4721 4722
f 4712 4723 4713
f 4667 4723 4712
f 4713 4723 4724
f 4682 4723 4667
f 4705 4725 4703
f 4668 4725 4726
f 4703 4725 4668
f 4726 4725 4727
f 4684 4728 4710
f 4711 4728 4729
f 4710 4728 4711
f 4700 4728 4684
f 4701 4730 4702
f 4702 4730 4706
f 4706 4730 4707
f 4707 4730 4731
f 4709 4732 4693
f 4715 4732 4716
f 4693 4732 4715
f 4727 4733 4718
f 4725 4733 4727
f 4718 4733 4705
f 4705 4733 4725
f 4720 4734 4719
f 4719 4734 4701
f 4735 4736 4737
f 4697 4736 4735
f 4698 4736 4697
f 4711 4736 4698
f 4713 4738 4700
f 4728 4738 4729
f 4729 4738 4739
f 4700 4738 4728
f 4740 4741 4742
f 4735 4741 4743
f 4716 4744 4745
f 4732 4744 4716
f 4709 4744 4732
f 4722 4744 4709
f 4713 4746 4738
f 4739 4746 4747
f 4738 4746 4739
f 4736 4748 4737
f 4737 4748 4749
f 4729 4748 4711
f 4711 4748 4736
f 4726 4750 4720
f 4720 4750 4751
f 4727 4750 4726
f 4720 4752 4734
f 4753 4752 4754
f 4754 4752 4755
f 4740 4756 4757
f 4718 4758 4727
f 4759 4758 4718
f 4727 4758 4750
f 4750 4758 4751
f 4724 4760 4713
f 4747 4760 4761
f 4713 4760 4746
f 4746 4760 4747
f 4748 4762 4749
f 4749 4762 4763
f 4739 4762 4729
f 4729 4762 4748
f 4741 4764 4742
f 4737 4764 4735
f 4742 4764 4765
f 4735 4764 4741
f 4753 4766 4731
f 4767 4766 4768
f 4769 4770 4771
f 4742 4770 4740
f 4740 4770 4756
f 4724 4772 4760
f 4767 4772 4724
f 4761 4772 4773
f 4760 4772 4761
f 4764 4774 4765
f 4749 4774 4737
f 4737 4774 4764
f 4762 4775 4763
f 4763 4775 4776
f 4747 4775 4739
f 4739 4775 4762
f 4770 4777 4756
f 4769 4777 4770
f 4756 4777 4778
f 4779 4780 4759
f 4759 4780 4758
f 4758 4780 4751
f 4747 4781 4775
f 4776 4781 4782
f 4761 4781 4747
f 4775 4781 4776
f 4774 4783 4765
f 4763 4783 4749
f 4749 4783 4774
f 4765 4783 4784
f 4777 4785 4778
f 4786 4785 4787
f 4779 4788 4755
f 4755 4788 4754
f 4789 4788 4779
f 4783 4790 4784
f 4763 4790 4783
f 4776 4790 4763
f 4781 4791 4782
f 4761 4791 4781
f 4773 4791 4761
f 4742 4792 4770
f 4770 4792 4771
f 4765 4792 4742
f 4771 4792 4793
f 4789 4794 4788
f 4773 4795 4791
f 4776 4796 4790
f 4782 4796 4776
f 4790 4796 4784
f 4784 4796 4797
f 4765 4798 4792
f 4792 4798 4793
f 4793 4798 4799
f 4794 4800 4768
f 4801 4800 4802
f 4787 4803 4804
f 4771 4803 4769
f 4798 4805 4799
f 4784 4805 4765
f 4765 4805 4798
f 4799 4805 4806
f 4782 4807 4796
f 4796 4807 4797
f 4797 4807 4808
f 4801 4809 4810
f 4802 4809 4801
f 4811 4809 4802
f 4805 4812 4806
f 4784 4812 4805
f 4806 4812 4813
f 4804 4814 4815
f 4803 4814 4804
f 4771 4814 4803
f 4793 4814 4771
f 4799 4814 4793
f 4816 4817 4789
f 4818 4817 4819
f 4797 4820 4784
f 4784 4820 4812
f 4812 4820 4813
f 4813 4820 4821
f 4814 4822 4815
f 4799 4822 4814
f 4806 4822 4799
f 4823 4824 4759
f 4817 4824 4819
f 4819 4824 4823
f 4759 4824 4816
f 4816 4824 4817
f 4808 4825 4826
f 4815 4827 4828
f 4822 4827 4815
f 4806 4827 4822
f 4813 4827 4806
f 4797 4829 4820
f 4808 4829 4797
f 4820 4829 4821
f 4826 4830 4808
f 4808 4830 4829
f 4830 4831 4829
f 4829 4831 4821
f 4832 4831 4830
f 4818 4833 4834
f 4834 4833 4835
f 4823 4833 4819
f 4819 4833 4818
f 4831 4836 4821
f 4828 4836 4837
f 4827 4836 4828
f 4813 4836 4827
f 4821 4836 4813
f 4832 4838 4831
f 4836 4838 4837
f 4837 4838 4839
f 4839 4838 4840
f 4831 4838 4836
f 4840 4838 4832
f 4835 4841 4834
f 4833 4841 4835
f 4823 4841 4833
f 4834 4841 4842
f 4842 4841 4843
f 4843 4841 4823
f 4844 4845 4846
f 4842 4845 4847
f 4845 4848 4846
f 4842 4848 4845
f 4846 4848 4849
f 4849 4848 4843
f 4843 4848 4842
f 4846 4850 4844
f 4849 4850 4846
f 4851 4850 4852
f 4852 4850 4853
f 4844 4850 4851
f 4850 4854 4853
f 4843 4854 4849
f 4853 4854 4714
f 4849 4854 4850
f 4714 4854 4843
f 4855 4856 4857
f 4857 4856 4858
f 4859 4860 4861
f 4861 4860 4862
f 4863 4864 4865
f 4866 4864 4863
f 4867 4868 4869
f 4870 4868 4867
f 4871 4872 4873
f 4873 4872 4874
f 4875 4876 4877
f 4877 4876 4878
f 4879 4880 4881
f 4881 4880 4882
f 4880 4883 4882
f 4879 4883 4880
f 4884 4883 4879
f 4885 4886 4887
f 4888 4886 4885
f 4889 4890 4879
f 4891 4890 4889
f 4884 4892 4883
f 4893 4892 4894
f 4894 4892 4884
f 4895 4892 4893
f 4887 4896 4885
f 4885 4896 4897
f 4887 4898 4899
f 4900 4898 4901
f 4899 4898 4900
f 4894 4902 4893
f 4893 4902 4903
f 4899 4904 4887
f 4905 4904 4899
f 4906 4904 4905
f 4907 4908 4909
f 4910 4908 4907
f 4911 4912 4913
f 4914 4912 4911
f 4915 4916 4917
f 4918 4916 4919
f 4920 4916 4918
f 4917 4916 4921
f 4921 4916 4920
f 4919 4916 4915
f 4909 4922 4644
f 4923 4922 4909
f 4918 4922 4923
f 4924 4922 4918
f 4644 4922 4642
f 4642 4922 4924
f 4644 4925 4907
f 4907 4925 4926
f 4926 4927 4688
f 4669 4927 4643
f 4643 4927 4644
f 4688 4927 4669
f 4925 4927 4926
f 4644 4927 4925
f 4643 4928 4668
f 4668 4928 4703
f 4680 4929 4678
f 4930 4929 4680
f 4931 4932 4679
f 4679 4932 4721
f 4743 4933 4934
f 4741 4933 4743
f 4740 4933 4741
f 4701 4935 4730
f 4734 4935 4701
f 4752 4935 4734
f 4753 4935 4752
f 4753 4936 4935
f 4731 4936 4753
f 4730 4936 4731
f 4935 4936 4730
f 4731 4937 4707
f 4766 4937 4731
f 4751 4938 4720
f 4720 4938 4752
f 4745 4939 4940
f 4744 4939 4745
f 4938 4941 4752
f 4779 4941 4780
f 4780 4941 4751
f 4751 4941 4938
f 4755 4941 4779
f 4752 4941 4755
f 4766 4942 4768
f 4753 4942 4766
f 4754 4942 4753
f 4768 4942 4794
f 4788 4942 4754
f 4794 4942 4788
f 4772 4943 4773
f 4773 4943 4810
f 4769 4944 4777
f 4785 4944 4787
f 4777 4944 4785
f 4803 4944 4769
f 4787 4944 4803
f 4791 4945 4782
f 4795 4945 4791
f 4946 4945 4795
f 4782 4945 4807
f 4773 4947 4795
f 4795 4947 4946
f 4809 4947 4810
f 4810 4947 4773
f 4789 4948 4794
f 4800 4948 4802
f 4794 4948 4800
f 4802 4948 4818
f 4818 4948 4817
f 4817 4948 4789
f 4946 4949 4945
f 4945 4949 4807
f 4807 4949 4808
f 4825 4949 4946
f 4808 4949 4825
f 4947 4950 4946
f 4809 4950 4947
f 4946 4950 4825
f 4811 4950 4809
f 4825 4950 4811
f 4826 4951 4952
f 4825 4951 4826
f 4832 4953 4954
f 4830 4953 4832
f 4955 4956 4855
f 4856 4956 4858
f 4858 4956 4957
f 4958 4956 4959
f 4855 4956 4856
f 4959 4956 4955
f 4957 4956 4958
f 4859 4960 4860
f 4957 4960 4859
f 4961 4960 4958
f 4958 4960 4957
f 4862 4962 4963
f 4860 4962 4862
f 4963 4962 4961
f 4960 4962 4860
f 4961 4962 4960
f 4861 4964 4866
f 4866 4964 4864
f 4864 4964 4865
f 4862 4964 4861
f 4869 4965 4966
f 4963 4965 4862
f 4966 4965 4963
f 4868 4965 4869
f 4870 4965 4868
f 4862 4965 4964
f 4876 4967 4878
f 4968 4967 4969
f 4878 4967 4968
f 4970 4971 4901
f 4875 4971 4876
f 4901 4971 4875
f 4967 4971 4969
f 4876 4971 4967
f 4969 4971 4970
f 4883 4972 4882
f 4973 4972 4895
f 4892 4972 4883
f 4895 4972 4892
f 4974 4972 4973
f 4882 4972 4974
f 4871 4975 4872
f 4872 4975 4874
f 4889 4975 4891
f 4874 4975 4889
f 4898 4976 4901
f 4901 4976 4970
f 4886 4976 4887
f 4888 4976 4886
f 4970 4976 4888
f 4887 4976 4898
f 4879 4977 4978
f 4979 4977 4891
f 4980 4977 4979
f 4890 4977 4879
f 4978 4977 4980
f 4891 4977 4890
f 4896 4981 4897
f 4897 4981 4982
f 4887 4981 4896
f 4982 4981 4906
f 4906 4981 4904
f 4904 4981 4887
f 4894 4983 4902
f 4903 4983 4984
f 4902 4983 4903
f 4984 4983 4923
f 4985 4983 4894
f 4923 4983 4920
f 4920 4983 4985
f 4909 4986 4984
f 4987 4986 4988
f 4984 4986 4987
f 4908 4986 4909
f 4988 4986 4989
f 4910 4986 4908
f 4989 4986 4910
f 4913 4990 4906
f 4982 4990 4991
f 4906 4990 4982
f 4912 4990 4913
f 4914 4992 4912
f 4991 4992 4993
f 4990 4992 4991
f 4993 4992 4914
f 4912 4992 4990
f 4703 4994 4704
f 4704 4994 4676
f 4643 4994 4928
f 4676 4994 4995
f 4995 4994 4643
f 4928 4994 4703
f 4679 4996 4931
f 4678 4996 4679
f 4930 4996 4929
f 4929 4996 4678
f 4740 4997 4933
f 4931 4997 4757
f 4933 4997 4934
f 4757 4997 4740
f 4996 4997 4931
f 4757 4998 4931
f 4931 4998 4932
f 4756 4998 4757
f 4756 4999 4998
f 4932 4999 4721
f 4998 4999 4932
f 4722 4999 4778
f 4721 4999 4722
f 4778 4999 4756
f 4767 5000 4766
f 4937 5000 4707
f 4707 5000 4682
f 4723 5000 4724
f 4682 5000 4723
f 4724 5000 4767
f 4766 5000 4937
f 4785 5001 4778
f 4744 5001 4939
f 4940 5001 4786
f 4939 5001 4940
f 4786 5001 4785
f 4778 5001 4722
f 4722 5001 4744
f 4767 5002 4772
f 4943 5002 4810
f 4800 5002 4768
f 4772 5002 4943
f 4768 5002 4767
f 4801 5002 4800
f 4810 5002 4801
f 4952 5003 4847
f 4825 5003 4951
f 4847 5003 5004
f 4811 5003 4825
f 4951 5003 4952
f 5004 5003 4811
f 4826 5005 4830
f 4953 5005 4954
f 4830 5005 4953
f 4952 5005 4826
f 4865 5006 4870
f 4964 5006 4865
f 4870 5006 4965
f 4965 5006 4964
f 5007 5008 4871
f 5009 5008 5007
f 4979 5008 5009
f 4891 5008 4979
f 4871 5008 4975
f 4975 5008 4891
f 4930 5010 4996
f 4997 5010 4934
f 4996 5010 4997
f 4934 5010 4930
f 4954 5011 4844
f 4847 5011 4952
f 4844 5011 4845
f 4845 5011 4847
f 4952 5011 5005
f 5005 5011 4954
f 5012 5013 4714
f 5014 5013 5012
f 5015 5013 5014
f 5013 4691 4714
f 4714 4672 5012
f 5012 4672 5016
f 5016 4672 4673
f 4714 4843 4672
f 5012 5017 5014
f 4865 4870 5018
f 4863 5019 5020
f 4865 5019 4863
f 5018 5019 4865
f 5021 5022 5023
f 5020 5022 5024
f 5020 5025 5022
f 5023 5025 4968
f 5022 5025 5023
f 5019 5025 5020
f 4867 5026 5027
f 4870 5028 5018
f 5027 5028 4867
f 4867 5028 4870
f 5025 5029 4968
f 5018 5029 5019
f 5019 5029 5025
f 5028 5030 5018
f 5018 5030 5029
f 5013 5031 4691
f 4691 5031 5032
f 5032 5031 5033
f 5034 5031 5013
f 4877 5035 5036
f 5027 5035 5028
f 5030 5035 4877
f 5028 5035 5030
f 5029 4878 4968
f 4877 4878 5030
f 5030 4878 5029
f 5037 4973 5038
f 5039 4871 5040
f 5040 4871 4873
f 5039 5007 4871
f 4978 4980 4921
f 5033 5041 5032
f 4979 5042 4980
f 5043 5042 4979
f 5044 5045 5046
f 5047 5045 5048
f 4980 4917 4921
f 5042 4917 4980
f 5045 5049 5046
f 4993 5049 5047
f 5047 5049 5045
f 4993 5050 5049
f 4914 5050 4993
f 5050 5051 5052
f 4914 5051 5050
f 4911 5051 4914
f 5052 5053 5050
f 5050 5053 5049
f 5049 5053 5046
f 4919 4675 4676
f 4911 4660 5051
f 4659 4660 4911
f 5053 4680 5046
f 5051 5054 5052
f 4697 5054 4660
f 4660 5054 5051
f 4689 4668 4726
f 5053 4930 4680
f 5052 4930 5053
f 4691 4692 4714
f 5054 4934 5052
f 5052 4934 4930
f 4697 4743 5054
f 5054 4743 4934
f 4697 4735 4743
f 4726 4720 4689
f 4843 4718 4672
f 4759 4718 4823
f 4823 4718 4843
f 4779 4816 4789
f 4759 4816 4779
f 4818 5004 4802
f 4802 5004 4811
f 4818 4834 5004
f 4847 4834 4842
f 5004 4834 4847
f 4840 4954 4851
f 4832 4954 4840
f 4954 4844 4851
f 5055 5056 5012
f 5017 5056 5057
f 5012 5056 5017
f 5055 5058 5056
f 5056 5058 5057
f 5057 5058 5059
f 4857 4858 5055
f 5058 4858 5059
f 5055 4858 5058
f 5059 4858 4957
f 5017 5060 5014
f 5014 5060 5061
f 5057 5060 5017
f 5061 5060 5062
f 5062 5063 5064
f 5057 5063 5060
f 5060 5063 5062
f 5059 5063 5057
f 5014 5065 5015
f 5061 5065 5014
f 5064 4859 4861
f 5063 4859 5064
f 5059 4859 5063
f 4957 4859 5059
f 5066 5067 5068
f 5061 5067 5065
f 5065 5067 5066
f 5062 5067 5061
f 5069 4959 4955
f 5062 4866 5067
f 5064 4866 5062
f 4861 4866 5064
f 5068 4866 4863
f 5067 4866 5068
f 5065 5070 5015
f 5015 5070 5071
f 5066 5070 5065
f 5072 5073 5069
f 5069 5073 4959
f 4959 5074 4958
f 5073 5074 4959
f 5075 5074 5073
f 4963 4961 4966
f 5074 4961 4958
f 5071 5076 5020
f 5068 5076 5066
f 4863 5076 5068
f 5020 5076 4863
f 5070 5076 5071
f 5066 5076 5070
f 5075 5077 5078
f 5073 5077 5075
f 5072 5077 5073
f 5079 5080 5072
f 5072 5080 5077
f 5078 5080 5081
f 5077 5080 5078
f 5075 5082 5074
f 4961 5082 4966
f 5074 5082 4961
f 4966 5082 5083
f 5084 5085 5024
f 5020 5085 5071
f 5024 5085 5020
f 5015 5085 5084
f 5071 5085 5015
f 5081 5086 5087
f 5079 5086 5080
f 5080 5086 5081
f 5079 5088 5086
f 5086 5088 5087
f 5078 5089 5075
f 5083 5089 5090
f 5075 5089 5082
f 5082 5089 5083
f 5084 5091 5015
f 5015 5091 5013
f 5013 5091 5092
f 5092 5091 5093
f 4867 4869 5026
f 5083 4869 4966
f 5094 5095 5079
f 5079 5095 5088
f 5096 5095 5097
f 5088 5095 5087
f 5087 5095 5096
f 5081 5098 5078
f 5078 5098 5089
f 5089 5098 5090
f 5024 5099 5084
f 5084 5099 5091
f 5093 5099 5021
f 5022 5099 5024
f 5021 5099 5022
f 5091 5099 5093
f 5090 5100 5083
f 5026 5100 5101
f 4869 5100 5026
f 5083 5100 4869
f 5090 5102 5103
f 5098 5102 5090
f 5087 5102 5081
f 5081 5102 5098
f 5104 5105 5094
f 5095 5105 5097
f 5094 5105 5095
f 5090 5106 5100
f 5100 5106 5101
f 5101 5106 5107
f 5087 5108 5102
f 5102 5108 5103
f 5096 5108 5087
f 5034 5109 5110
f 5013 5109 5034
f 5092 5109 5013
f 5093 5109 5092
f 5103 5111 5112
f 5108 5111 5103
f 5096 5111 5108
f 5097 5111 5096
f 5090 5113 5106
f 5106 5113 5107
f 5103 5113 5090
f 5107 5113 5114
f 5115 5116 5104
f 5040 5116 5115
f 5104 5116 5105
f 4873 5116 5040
f 5021 5117 5093
f 5109 5117 5110
f 5093 5117 5109
f 5027 5118 5119
f 5026 5118 5027
f 5101 5118 5026
f 5119 5118 5120
f 5105 5121 5097
f 5116 5121 5105
f 4873 5121 5116
f 5023 5122 5021
f 5117 5122 5110
f 5021 5122 5117
f 5037 5123 4973
f 5103 5123 5113
f 5113 5123 5114
f 5114 5123 5037
f 5097 5124 5111
f 5112 5124 4881
f 5111 5124 5112
f 5121 5124 5097
f 5101 5125 5118
f 5118 5125 5120
f 5120 5125 5126
f 5107 5125 5101
f 5110 5127 5034
f 5031 5127 5128
f 5034 5127 5031
f 5129 5130 5131
f 5119 5130 5027
f 5035 5130 5129
f 5027 5130 5035
f 4968 4969 5023
f 5023 4969 5122
f 5122 5132 5110
f 4969 5132 5122
f 4970 5132 4969
f 5112 4974 5103
f 5103 4974 5123
f 5123 4974 4973
f 5133 5134 5038
f 5038 5134 5037
f 5125 5134 5126
f 5107 5134 5125
f 5114 5134 5107
f 5126 5134 5133
f 5037 5134 5114
f 4873 4874 5121
f 4881 4874 4889
f 5124 4874 4881
f 5121 4874 5124
f 5132 5135 5110
f 5127 5135 5128
f 5110 5135 5127
f 5128 5135 5136
f 5131 5137 5138
f 5119 5137 5130
f 5130 5137 5131
f 5120 5137 5119
f 4881 4882 5112
f 5112 4882 4974
f 5031 5139 5033
f 5128 5139 5031
f 5139 5140 5141
f 5128 5140 5139
f 5137 5142 5138
f 5138 5142 5143
f 5126 5142 5120
f 5120 5142 5137
f 5144 5145 5146
f 5147 5145 5039
f 5148 5145 5147
f 5007 5145 5144
f 5039 5145 5007
f 4970 4888 5132
f 5136 4888 4885
f 5132 4888 5135
f 5135 4888 5136
f 5131 5149 5129
f 5036 5149 5150
f 5150 5149 5151
f 5035 5149 5036
f 5129 5149 5035
f 5140 5152 5141
f 5128 5152 5140
f 5136 5152 5128
f 5142 5153 5143
f 5126 5153 5142
f 5143 5153 5154
f 5133 5153 5126
f 5155 4895 4893
f 5038 4895 5155
f 4973 4895 5038
f 5150 4875 5036
f 5036 4875 4877
f 4901 4875 5156
f 4889 4879 4881
f 5131 5157 5149
f 5138 5157 5131
f 5149 5157 5151
f 5038 5158 5133
f 5153 5158 5154
f 5133 5158 5153
f 5145 5159 5146
f 5012 5159 5148
f 5146 5159 5016
f 5016 5159 5012
f 5148 5159 5145
f 5141 5160 5139
f 5139 5160 5033
f 5033 5160 5161
f 5144 5009 5007
f 4979 5009 5043
f 4885 4897 5136
f 5136 4897 5152
f 5138 5162 5157
f 5157 5162 5151
f 5143 5162 5138
f 5151 5162 5163
f 5158 5164 5154
f 5155 5164 5038
f 5154 5164 4987
f 5038 5164 5158
f 5160 5165 5161
f 5141 5165 5160
f 5161 5165 5048
f 4982 5166 4897
f 4897 5166 5152
f 5152 5166 5141
f 5146 5167 5144
f 5009 5167 5043
f 5144 5167 5009
f 5016 5167 5146
f 5043 5167 5016
f 5150 5168 4875
f 5156 5168 5169
f 5151 5168 5150
f 4875 5168 5156
f 5169 5168 5170
f 4978 4884 4879
f 5165 5171 5048
f 5166 5171 5141
f 5141 5171 5165
f 5048 5171 5047
f 5169 4900 5156
f 5172 4900 5169
f 4899 4900 5172
f 5156 4900 4901
f 5143 5173 5162
f 5162 5173 5163
f 5154 5173 5143
f 5164 4903 4987
f 4893 4903 5155
f 5155 4903 5164
f 4987 4903 4984
f 4978 5174 4884
f 4884 5174 4894
f 4985 5174 4921
f 4921 5174 4978
f 4894 5174 4985
f 5151 5175 5168
f 5168 5175 5170
f 5163 5175 5151
f 5170 5175 5176
f 4987 4988 5154
f 5154 4988 5173
f 5173 4988 5163
f 5163 4988 4989
f 5033 5177 5041
f 5044 5177 5045
f 5161 5177 5033
f 5048 5177 5161
f 5041 5177 5044
f 5045 5177 5048
f 4982 4991 5166
f 5166 4991 5171
f 5171 4991 5047
f 5047 4991 4993
f 5163 5178 5175
f 5175 5178 5176
f 5176 5178 5179
f 5180 4905 5181
f 5172 4905 4899
f 4906 4905 5180
f 5181 4905 5172
f 5016 5182 5043
f 4673 5182 5016
f 5043 5182 5042
f 5042 5182 5183
f 5169 5184 5172
f 5170 5184 5169
f 5172 5184 5185
f 5179 5186 5187
f 5178 5186 5179
f 4989 5186 5163
f 5163 5186 5178
f 5032 5188 5189
f 5189 5188 5046
f 5046 5188 5044
f 5041 5188 5032
f 5044 5188 5041
f 4921 4920 4985
f 5176 5190 5170
f 5170 5190 5184
f 5184 5190 5185
f 5186 5191 5187
f 4910 5191 4989
f 4989 5191 5186
f 4907 4909 4644
f 4923 4909 4984
f 5187 5192 5179
f 5185 5192 4654
f 5190 5192 5185
f 5176 5192 5190
f 5179 5192 5176
f 4917 5193 5194
f 5194 5193 4673
f 5183 5193 5042
f 4673 5193 5182
f 5182 5193 5183
f 5042 5193 4917
f 4659 4913 4658
f 4911 4913 4659
f 5180 4913 4906
f 5181 5195 5196
f 5185 5195 5172
f 5172 5195 5181
f 4920 4918 4923
f 5189 5197 5032
f 5194 4915 4917
f 4919 4915 4675
f 4907 4926 4910
f 4910 4926 5191
f 5195 5198 5196
f 5185 5198 5195
f 5196 5198 4665
f 5191 5199 5187
f 4688 5199 4926
f 4926 5199 5191
f 5187 5200 5192
f 5192 5200 4654
f 4654 5200 4655
f 5199 5200 5187
f 4680 5201 5046
f 5197 5201 4645
f 5189 5201 5197
f 4645 5201 4649
f 4649 5201 4680
f 5046 5201 5189
f 4676 4924 4919
f 4919 4924 4918
f 4642 4924 4995
f 4995 4924 4676
f 4915 4674 4675
f 4673 4674 5194
f 5194 4674 4915
f 5181 5202 5180
f 4658 5202 4656
f 5196 5202 5181
f 5180 5202 4913
f 4913 5202 4658
f 4663 4651 4653
f 5198 4651 4665
f 5185 4651 5198
f 4654 4651 5185
f 4665 4651 4663
f 4691 4647 4648
f 4645 4647 5197
f 5197 4647 5032
f 5032 4647 4691
f 5202 4666 4656
f 4656 4666 4667
f 4665 4666 5196
f 5196 4666 5202
f 5199 4685 5200
f 5200 4685 4655
f 4688 4685 5199
f 4695 4685 4687
f 4655 4685 4695
f 4995 4643 4642
f 4853 4714 4716
f 4852 4853 4716
f 4851 4716 4745
f 4851 4852 4716
f 4840 4745 4940
f 4840 4851 4745
f 4839 4940 4786
f 4839 4840 4940
f 4837 4786 4787
f 4837 4839 4786
f 4828 4787 4804
f 4828 4804 4815
f 4828 4837 4787
f 5012 5148 5055
f 5148 5147 5055
f 5055 5039 4857
f 5147 5039 5055
f 4857 5040 4855
f 5039 5040 4857
f 4855 5115 4955
f 5040 5115 4855
f 4955 5104 5069
f 5115 5104 4955
f 5069 5094 5072
f 5072 5094 5079
f 5104 5094 5069
f 5203 5204 5205
f 5203 5205 5206
f 5203 5207 5204
f 5208 5203 5206
f 5209 5206 5210
f 5209 5208 5206
f 5207 5211 5204
f 5207 5212 5211
f 5212 5213 5211
f 5212 5214 5213
f 5215 5216 5217
f 5218 5215 5217
f 5219 5217 5220
f 5219 5218 5217
f 5214 5220 5213
f 5214 5219 5220
f 5215 5221 5216
f 5215 5222 5221
f 5222 5223 5221
f 5222 5224 5223
f 5225 5226 5227
f 5228 5227 5229
f 5228 5225 5227
f 5230 5228 5229
f 5224 5229 5223
f 5224 5230 5229
f 5225 5231 5226
f 5225 5232 5231
f 5232 5233 5231
f 5232 5234 5233
f 5235 5236 5237
f 5235 5238 5236
f 5239 5237 5240
f 5239 5235 5237
f 5234 5240 5233
f 5234 5239 5240
f 5238 5241 5236
f 5238 5242 5241
f 5242 5243 5241
f 5242 5244 5243
f 5245 5246 5247
f 5245 5248 5246
f 5249 5247 5250
f 5249 5250 5243
f 5249 5245 5247
f 5244 5249 5243
f 5248 5251 5246
f 5248 5252 5251
f 5252 5210 5251
f 5252 5209 5210
f 5224 5225 5228
f 5224 5228 5230
f 5222 5232 5225
f 5222 5225 5224
f 5238 5235 5239
f 5238 5239 5234
f 5238 5234 5232
f 5214 5222 5215
f 5214 5215 5218
f 5214 5218 5219
f 5242 5238 5232
f 5212 5232 5222
f 5212 5222 5214
f 5252 5232 5212
f 5252 5242 5232
f 5248 5244 5242
f 5248 5242 5252
f 5245 5249 5244
f 5245 5244 5248
f 5207 5252 5212
f 5209 5207 5203
f 5209 5252 5207
f 5208 5209 5203
f 5226 5223 5227
f 5227 5223 5229
f 5231 5221 5226
f 5226 5221 5223
f 5237 5236 5240
f 5240 5236 5233
f 5233 5236 5231
f 5221 5213 5216
f 5216 5213 5217
f 5217 5213 5220
f 5236 5241 5231
f 5231 5211 5221
f 5221 5211 5213
f 5241 5211 5231
f 5241 5251 5211
f 5243 5246 5241
f 5241 5246 5251
f 5250 5247 5243
f 5243 5247 5246
f 5251 5204 5211
f 5251 5210 5204
f 5204 5206 5205
f 5210 5206 5204
f 5253 5254 5255
f 5256 5257 5254
f 5256 5254 5253
f 5258 5255 5259
f 5258 5253 5255
f 5260 5261 5257
f 5260 5257 5256
f 5262 5258 5259
f 5263 5264 5261
f 5263 5261 5260
f 5265 5266 5264
f 5265 5264 5263
f 5267 5268 5266
f 5267 5266 5269
f 5269 5266 5265
f 5256 5270 5260
f 5271 5270 5256
f 5253 5271 5256
f 5272 5271 5253
f 5258 5272 5253
f 5273 5272 5258
f 5262 5273 5258
f 5274 5262 5275
f 5276 5262 5274
f 5276 5273 5262
f 5277 5274 5278
f 5277 5276 5274
f 5279 5278 5280
f 5279 5277 5278
f 5281 5280 5282
f 5281 5279 5280
f 5283 5282 5284
f 5283 5281 5282
f 5285 5284 5286
f 5285 5283 5284
f 5287 5286 5288
f 5287 5285 5286
f 5267 5288 5289
f 5290 5287 5288
f 5290 5288 5267
f 5291 5267 5269
f 5291 5290 5267
f 5292 5269 5265
f 5292 5291 5269
f 5293 5265 5263
f 5293 5292 5265
f 5270 5263 5260
f 5270 5293 5263
f 5273 5271 5272
f 5293 5270 5271
f 5277 5273 5276
f 5279 5271 5273
f 5279 5273 5277
f 5291 5292 5293
f 5283 5279 5281
f 5283 5293 5271
f 5283 5271 5279
f 5285 5287 5290
f 5285 5290 5291
f 5285 5291 5293
f 5285 5293 5283
f 5294 5259 5255
f 5295 5294 5255
f 5296 5255 5254
f 5296 5254 5257
f 5296 5295 5255
f 5297 5296 5257
f 5298 5257 5261
f 5298 5297 5257
f 5298 5261 5264
f 5299 5264 5266
f 5299 5298 5264
f 5300 5299 5266
f 5301 5266 5268
f 5301 5300 5266
f 5259 5302 5275
f 5262 5259 5275
f 5294 5303 5259
f 5303 5302 5259
f 5304 5305 5306
f 5307 5306 5308
f 5307 5304 5306
f 5309 5308 5302
f 5309 5307 5308
f 5303 5309 5302
f 5304 5310 5305
f 5304 5311 5310
f 5312 5313 5314
f 5315 5314 5316
f 5315 5312 5314
f 5317 5315 5316
f 5311 5316 5310
f 5311 5317 5316
f 5268 5289 5313
f 5268 5267 5289
f 5312 5301 5268
f 5313 5312 5268
f 5303 5304 5307
f 5303 5307 5309
f 5311 5304 5303
f 5312 5315 5317
f 5312 5317 5311
f 5312 5311 5303
f 5297 5303 5294
f 5297 5294 5295
f 5297 5295 5296
f 5297 5312 5303
f 5301 5297 5298
f 5301 5312 5297
f 5299 5300 5301
f 5299 5301 5298
f 5305 5302 5306
f 5306 5302 5308
f 5305 5310 5302
f 5314 5313 5316
f 5316 5313 5310
f 5310 5313 5302
f 5275 5280 5274
f 5274 5280 5278
f 5302 5289 5275
f 5313 5289 5302
f 5275 5282 5280
f 5282 5286 5284
f 5288 5286 5289
f 5289 5286 5275
f 5275 5286 5282
f 5318 5319 5320
f 5318 5321 5319
f 5322 5320 5323
f 5322 5318 5320
f 5324 5322 5323
f 5325 5321 5318
f 5326 5327 5321
f 5326 5321 5325
f 5328 5329 5327
f 5328 5330 5329
f 5328 5327 5326
f 5331 5330 5328
f 5332 5333 5330
f 5332 5330 5331
f 5334 5332 5331
f 5334 5335 5332
f 5336 5331 5328
f 5336 5334 5331
f 5337 5328 5326
f 5337 5336 5328
f 5338 5326 5325
f 5338 5337 5326
f 5339 5325 5318
f 5339 5338 5325
f 5340 5318 5322
f 5340 5339 5318
f 5341 5322 5324
f 5341 5340 5322
f 5342 5343 5344
f 5342 5345 5343
f 5346 5344 5347
f 5346 5342 5344
f 5348 5347 5349
f 5348 5346 5347
f 5345 5350 5343
f 5345 5351 5350
f 5352 5353 5354
f 5352 5355 5353
f 5356 5354 5357
f 5356 5352 5354
f 5351 5357 5350
f 5351 5356 5357
f 5341 5338 5339
f 5341 5339 5340
f 5337 5338 5341
f 5335 5334 5336
f 5335 5336 5337
f 5351 5355 5352
f 5351 5352 5356
f 5345 5341 5355
f 5345 5337 5341
f 5345 5355 5351
f 5345 5335 5337
f 5348 5335 5345
f 5346 5345 5342
f 5346 5348 5345
f 5358 5323 5320
f 5358 5359 5323
f 5360 5320 5319
f 5360 5358 5320
f 5361 5319 5321
f 5361 5360 5319
f 5362 5321 5327
f 5362 5361 5321
f 5324 5363 5353
f 5324 5323 5363
f 5359 5364 5323
f 5355 5341 5324
f 5353 5355 5324
f 5364 5363 5323
f 5365 5366 5367
f 5365 5368 5366
f 5369 5367 5370
f 5369 5365 5367
f 5364 5370 5363
f 5364 5369 5370
f 5368 5371 5366
f 5368 5372 5371
f 5373 5374 5375
f 5373 5376 5374
f 5377 5375 5378
f 5377 5373 5375
f 5372 5378 5371
f 5372 5377 5378
f 5333 5349 5374
f 5333 5332 5349
f 5335 5348 5332
f 5376 5379 5333
f 5374 5376 5333
f 5348 5349 5332
f 5380 5327 5329
f 5380 5362 5327
f 5381 5329 5330
f 5381 5380 5329
f 5379 5330 5333
f 5379 5381 5330
f 5368 5365 5369
f 5368 5369 5364
f 5359 5372 5368
f 5359 5368 5364
f 5373 5377 5372
f 5376 5373 5372
f 5361 5359 5358
f 5361 5358 5360
f 5362 5372 5359
f 5362 5359 5361
f 5362 5376 5372
f 5379 5376 5362
f 5381 5362 5380
f 5381 5379 5362
f 5367 5366 5370
f 5370 5366 5363
f 5366 5371 5363
f 5378 5375 5371
f 5371 5374 5363
f 5375 5374 5371
f 5374 5353 5363
f 5353 5357 5354
f 5353 5350 5357
f 5353 5343 5350
f 5374 5349 5353
f 5353 5349 5343
f 5343 5347 5344
f 5349 5347 5343
f 5382 5383 5384
f 5385 5386 5383
f 5385 5383 5382
f 5387 5384 5388
f 5387 5382 5384
f 5389 5386 5385
f 5390 5387 5388
f 5391 5392 5386
f 5391 5386 5389
f 5393 5392 5391
f 5394 5395 5392
f 5394 5392 5393
f 5396 5397 5395
f 5396 5395 5394
f 5398 5399 5400
f 5400 5399 5397
f 5400 5397 5396
f 5389 5401 5391
f 5402 5401 5389
f 5385 5402 5389
f 5403 5402 5385
f 5382 5403 5385
f 5404 5403 5382
f 5387 5404 5382
f 5405 5387 5390
f 5405 5404 5387
f 5406 5390 5407
f 5408 5390 5406
f 5408 5405 5390
f 5409 5406 5410
f 5409 5408 5406
f 5411 5410 5412
f 5411 5409 5410
f 5413 5412 5414
f 5413 5411 5412
f 5415 5414 5416
f 5415 5413 5414
f 5417 5416 5418
f 5417 5415 5416
f 5419 5418 5420
f 5419 5417 5418
f 5421 5420 5422
f 5421 5419 5420
f 5398 5422 5423
f 5424 5422 5398
f 5424 5421 5422
f 5425 5398 5400
f 5425 5424 5398
f 5426 5425 5400
f 5426 5400 5396
f 5427 5426 5396
f 5427 5396 5394
f 5428 5427 5394
f 5428 5394 5393
f 5401 5428 5393
f 5401 5393 5391
f 5428 5401 5402
f 5427 5402 5403
f 5427 5403 5404
f 5427 5428 5402
f 5425 5426 5427
f 5424 5404 5405
f 5424 5405 5408
f 5424 5427 5404
f 5424 5425 5427
f 5417 5409 5411
f 5417 5411 5413
f 5417 5413 5415
f 5419 5408 5409
f 5419 5421 5424
f 5419 5424 5408
f 5419 5409 5417
f 5429 5388 5384
f 5430 5429 5384
f 5431 5384 5383
f 5431 5430 5384
f 5432 5383 5386
f 5432 5431 5383
f 5433 5434 5435
f 5433 5436 5434
f 5437 5438 5439
f 5437 5439 5440
f 5437 5441 5438
f 5442 5440 5434
f 5442 5437 5440
f 5436 5442 5434
f 5399 5423 5438
f 5399 5398 5423
f 5441 5443 5399
f 5438 5441 5399
f 5444 5392 5395
f 5444 5445 5392
f 5446 5395 5397
f 5446 5397 5399
f 5446 5444 5395
f 5443 5446 5399
f 5445 5386 5392
f 5445 5432 5386
f 5388 5447 5407
f 5390 5388 5407
f 5429 5448 5388
f 5448 5447 5388
f 5449 5435 5450
f 5449 5433 5435
f 5451 5450 5452
f 5451 5449 5450
f 5448 5452 5447
f 5448 5451 5452
f 5433 5449 5451
f 5448 5433 5451
f 5441 5437 5442
f 5441 5442 5436
f 5441 5436 5433
f 5441 5433 5448
f 5432 5429 5430
f 5432 5430 5431
f 5443 5448 5429
f 5443 5429 5432
f 5443 5441 5448
f 5445 5443 5432
f 5444 5446 5443
f 5444 5443 5445
f 5450 5435 5452
f 5435 5447 5452
f 5439 5438 5440
f 5440 5438 5434
f 5434 5438 5435
f 5435 5438 5447
f 5447 5423 5407
f 5407 5423 5406
f 5406 5423 5410
f 5410 5423 5412
f 5438 5423 5447
f 5412 5416 5414
f 5423 5416 5412
f 5423 5418 5416
f 5422 5420 5423
f 5423 5420 5418
f 5453 5454 5455
f 5453 5456 5454
f 5457 5455 5458
f 5457 5453 5455
f 5459 5457 5458
f 5460 5456 5453
f 5461 5462 5463
f 5461 5463 5456
f 5461 5456 5460
f 5464 5462 5461
f 5465 5466 5462
f 5465 5462 5464
f 5467 5468 5465
f 5465 5468 5466
f 5469 5467 5465
f 5469 5470 5467
f 5471 5465 5464
f 5471 5469 5465
f 5472 5464 5461
f 5472 5471 5464
f 5473 5461 5460
f 5473 5472 5461
f 5474 5460 5453
f 5474 5473 5460
f 5475 5453 5457
f 5475 5474 5453
f 5476 5457 5459
f 5476 5475 5457
f 5477 5478 5479
f 5477 5480 5478
f 5481 5479 5482
f 5481 5477 5479
f 5483 5482 5484
f 5483 5481 5482
f 5480 5485 5478
f 5480 5486 5485
f 5487 5488 5489
f 5487 5490 5488
f 5491 5489 5492
f 5491 5487 5489
f 5486 5492 5485
f 5486 5491 5492
f 5476 5473 5474
f 5476 5474 5475
f 5472 5473 5476
f 5491 5490 5487
f 5470 5469 5471
f 5470 5471 5472
f 5470 5472 5476
f 5486 5490 5491
f 5480 5476 5490
f 5480 5470 5476
f 5480 5490 5486
f 5483 5470 5480
f 5481 5480 5477
f 5481 5483 5480
f 5493 5458 5455
f 5493 5494 5458
f 5495 5455 5454
f 5495 5493 5455
f 5496 5454 5456
f 5496 5495 5454
f 5497 5456 5463
f 5497 5496 5456
f 5498 5463 5462
f 5498 5497 5463
f 5499 5462 5466
f 5499 5498 5462
f 5500 5466 5468
f 5500 5499 5466
f 5458 5501 5488
f 5459 5458 5488
f 5494 5502 5458
f 5490 5476 5459
f 5488 5490 5459
f 5502 5501 5458
f 5503 5504 5505
f 5503 5506 5504
f 5507 5505 5508
f 5507 5503 5505
f 5502 5508 5501
f 5502 5507 5508
f 5506 5509 5504
f 5506 5510 5509
f 5511 5512 5513
f 5511 5514 5512
f 5515 5513 5516
f 5515 5511 5513
f 5510 5516 5509
f 5510 5515 5516
f 5468 5484 5512
f 5468 5467 5484
f 5470 5483 5467
f 5514 5500 5468
f 5512 5514 5468
f 5483 5484 5467
f 5502 5506 5503
f 5502 5503 5507
f 5510 5506 5502
f 5511 5515 5510
f 5514 5511 5510
f 5496 5494 5493
f 5496 5493 5495
f 5496 5502 5494
f 5496 5510 5502
f 5500 5514 5510
f 5500 5510 5496
f 5497 5500 5496
f 5498 5500 5497
f 5499 5500 5498
f 5504 5501 5505
f 5505 5501 5508
f 5504 5509 5501
f 5516 5513 5509
f 5509 5512 5501
f 5513 5512 5509
f 5488 5485 5489
f 5489 5485 5492
f 5488 5478 5485
f 5501 5484 5488
f 5512 5484 5501
f 5488 5484 5478
f 5478 5482 5479
f 5484 5482 5478
f 5517 5518 5519
f 5517 5520 5518
f 5521 5522 5523
f 5521 5524 5522
f 5525 5523 5526
f 5525 5521 5523
f 5520 5526 5518
f 5520 5525 5526
f 5524 5527 5522
f 5524 5528 5527
f 5529 5530 5531
f 5529 5532 5530
f 5533 5531 5534
f 5533 5534 5527
f 5533 5529 5531
f 5528 5533 5527
f 5532 5535 5530
f 5532 5536 5535
f 5537 5538 5539
f 5537 5540 5538
f 5541 5539 5542
f 5541 5537 5539
f 5536 5542 5535
f 5536 5541 5542
f 5540 5543 5538
f 5540 5544 5543
f 5545 5546 5547
f 5545 5548 5546
f 5549 5547 5550
f 5549 5550 5543
f 5549 5545 5547
f 5544 5549 5543
f 5546 5548 5551
f 5551 5552 5553
f 5548 5552 5551
f 5553 5554 5555
f 5552 5554 5553
f 5555 5556 5557
f 5554 5556 5555
f 5557 5558 5559
f 5556 5558 5557
f 5559 5560 5561
f 5558 5560 5559
f 5561 5562 5563
f 5560 5562 5561
f 5563 5564 5565
f 5562 5564 5563
f 5565 5566 5567
f 5564 5566 5565
f 5566 5568 5567
f 5569 5570 5571
f 5569 5572 5570
f 5573 5571 5574
f 5573 5574 5567
f 5573 5569 5571
f 5568 5573 5567
f 5572 5575 5570
f 5572 5576 5575
f 5577 5519 5578
f 5577 5517 5519
f 5579 5578 5580
f 5579 5577 5578
f 5576 5580 5575
f 5576 5579 5580
f 5517 5577 5579
f 5517 5579 5576
f 5572 5517 5576
f 5573 5572 5569
f 5568 5517 5572
f 5568 5572 5573
f 5566 5517 5568
f 5520 5566 5564
f 5520 5517 5566
f 5524 5564 5562
f 5524 5521 5525
f 5524 5525 5520
f 5524 5520 5564
f 5560 5524 5562
f 5544 5548 5545
f 5544 5545 5549
f 5536 5552 5548
f 5536 5544 5540
f 5536 5540 5537
f 5536 5537 5541
f 5536 5548 5544
f 5528 5560 5558
f 5528 5558 5556
f 5528 5556 5554
f 5528 5524 5560
f 5532 5554 5552
f 5532 5528 5554
f 5532 5552 5536
f 5529 5533 5528
f 5529 5528 5532
f 5578 5519 5580
f 5580 5519 5575
f 5519 5570 5575
f 5570 5574 5571
f 5519 5567 5570
f 5570 5567 5574
f 5519 5565 5567
f 5565 5518 5563
f 5519 5518 5565
f 5563 5522 5561
f 5523 5522 5526
f 5526 5522 5518
f 5518 5522 5563
f 5522 5559 5561
f 5546 5543 5547
f 5547 5543 5550
f 5551 5535 5546
f 5543 5535 5538
f 5538 5535 5539
f 5539 5535 5542
f 5546 5535 5543
f 5555 5527 5553
f 5557 5527 5555
f 5559 5527 5557
f 5522 5527 5559
f 5553 5530 5551
f 5551 5530 5535
f 5527 5530 5553
f 5534 5531 5527
f 5527 5531 5530
f 5581 5582 5583
f 5584 5585 5586
f 5587 5585 5588
f 5588 5585 5584
f 5586 5585 5589
f 5589 5585 5587
f 5590 5591 5592
f 5593 5591 5594
f 5594 5591 5590
f 5595 5591 5593
f 5596 5597 5598
f 5599 5597 5600
f 5600 5597 5596
f 5601 5602 5603
f 5604 5602 5605
f 5605 5602 5601
f 5606 5602 5604
f 5607 5608 5609
f 5610 5608 5611
f 5612 5613 5582
f 5582 5613 5595
f 5610 5614 5615
f 5616 5614 5610
f 5617 5614 5616
f 5618 5614 5617
f 5597 5619 5598
f 5598 5619 5620
f 5621 5619 5599
f 5599 5619 5597
f 5622 5623 5624
f 5624 5623 5625
f 5625 5623 5626
f 5590 5623 5627
f 5627 5623 5622
f 5628 5629 5630
f 5601 5629 5631
f 5592 5632 5633
f 5591 5632 5592
f 5613 5632 5595
f 5595 5632 5591
f 5634 5635 5636
f 5637 5638 5639
f 5582 5638 5612
f 5639 5638 5581
f 5581 5638 5582
f 5618 5640 5614
f 5596 5640 5618
f 5614 5640 5615
f 5641 5642 5643
f 5608 5644 5609
f 5609 5644 5645
f 5610 5644 5608
f 5586 5646 5584
f 5647 5646 5648
f 5603 5646 5647
f 5648 5646 5586
f 5606 5646 5602
f 5584 5646 5606
f 5602 5646 5603
f 5649 5650 5651
f 5609 5650 5607
f 5625 5652 5624
f 5653 5652 5654
f 5624 5652 5653
f 5598 5655 5596
f 5620 5655 5598
f 5615 5655 5656
f 5640 5655 5615
f 5596 5655 5640
f 5644 5657 5645
f 5610 5657 5644
f 5645 5657 5658
f 5615 5657 5610
f 5623 5659 5626
f 5590 5659 5623
f 5592 5659 5590
f 5626 5659 5660
f 5630 5661 5662
f 5601 5661 5629
f 5603 5661 5601
f 5629 5661 5630
f 5619 5663 5620
f 5621 5663 5619
f 5634 5663 5621
f 5636 5663 5634
f 5664 5663 5636
f 5620 5663 5664
f 5650 5665 5651
f 5609 5665 5650
f 5645 5665 5609
f 5642 5666 5667
f 5628 5666 5642
f 5630 5666 5628
f 5668 5669 5670
f 5651 5671 5649
f 5649 5671 5672
f 5625 5673 5652
f 5626 5673 5625
f 5654 5673 5674
f 5652 5673 5654
f 5674 5673 5626
f 5657 5675 5658
f 5615 5675 5657
f 5658 5675 5676
f 5636 5677 5678
f 5679 5677 5680
f 5678 5677 5679
f 5681 5682 5664
f 5620 5682 5655
f 5655 5682 5656
f 5664 5682 5620
f 5656 5682 5681
f 5648 5683 5647
f 5661 5683 5662
f 5647 5683 5603
f 5603 5683 5661
f 5658 5684 5645
f 5645 5684 5665
f 5666 5685 5667
f 5654 5686 5653
f 5687 5686 5688
f 5653 5686 5687
f 5688 5686 5689
f 5656 5690 5615
f 5615 5690 5675
f 5676 5690 5691
f 5675 5690 5676
f 5691 5690 5692
f 5668 5693 5633
f 5651 5694 5671
f 5671 5694 5695
f 5695 5694 5696
f 5685 5697 5667
f 5670 5698 5699
f 5662 5700 5630
f 5701 5700 5702
f 5702 5700 5703
f 5704 5705 5706
f 5684 5705 5704
f 5676 5705 5658
f 5658 5705 5684
f 5707 5708 5693
f 5709 5710 5711
f 5687 5710 5709
f 5688 5710 5687
f 5700 5712 5703
f 5713 5712 5648
f 5648 5712 5683
f 5662 5712 5700
f 5703 5712 5713
f 5683 5712 5662
f 5714 5715 5716
f 5716 5715 5697
f 5696 5717 5718
f 5694 5717 5696
f 5708 5719 5660
f 5660 5719 5674
f 5674 5719 5720
f 5720 5719 5721
f 5685 5722 5697
f 5716 5722 5723
f 5697 5722 5716
f 5701 5722 5685
f 5686 5724 5689
f 5674 5724 5654
f 5654 5724 5686
f 5676 5725 5705
f 5705 5725 5706
f 5691 5725 5676
f 5690 5726 5692
f 5727 5726 5681
f 5692 5726 5727
f 5656 5726 5690
f 5681 5726 5656
f 5699 5728 5670
f 5695 5729 5698
f 5699 5729 5730
f 5696 5729 5695
f 5698 5729 5699
f 5714 5731 5715
f 5715 5731 5679
f 5732 5731 5733
f 5679 5731 5678
f 5733 5731 5714
f 5678 5731 5732
f 5717 5734 5718
f 5718 5734 5735
f 5704 5734 5717
f 5711 5736 5737
f 5710 5736 5711
f 5688 5736 5710
f 5689 5736 5688
f 5725 5738 5706
f 5691 5738 5725
f 5706 5738 5739
f 5692 5738 5691
f 5724 5740 5689
f 5718 5741 5696
f 5729 5741 5730
f 5696 5741 5729
f 5730 5741 5742
f 5722 5743 5723
f 5701 5743 5722
f 5723 5743 5713
f 5713 5743 5703
f 5702 5743 5701
f 5703 5743 5702
f 5735 5744 5745
f 5745 5744 5746
f 5706 5744 5704
f 5734 5744 5735
f 5704 5744 5734
f 5721 5747 5720
f 5699 5748 5728
f 5730 5748 5699
f 5728 5748 5749
f 5750 5748 5730
f 5751 5748 5750
f 5749 5748 5751
f 5752 5753 5754
f 5755 5756 5757
f 5716 5756 5755
f 5723 5756 5716
f 5735 5758 5718
f 5718 5758 5741
f 5741 5758 5742
f 5742 5758 5759
f 5737 5760 5761
f 5762 5760 5740
f 5689 5760 5736
f 5736 5760 5737
f 5740 5760 5689
f 5763 5764 5727
f 5739 5764 5765
f 5727 5764 5692
f 5738 5764 5739
f 5692 5764 5738
f 5765 5764 5763
f 5752 5766 5721
f 5721 5766 5747
f 5758 5767 5759
f 5745 5767 5735
f 5768 5767 5745
f 5735 5767 5758
f 5759 5767 5769
f 5769 5767 5768
f 5746 5770 5771
f 5739 5770 5706
f 5744 5770 5746
f 5706 5770 5744
f 5754 5772 5773
f 5774 5772 5751
f 5773 5772 5774
f 5751 5772 5749
f 5766 5775 5747
f 5776 5775 5766
f 5747 5775 5762
f 5713 5777 5723
f 5756 5777 5757
f 5723 5777 5756
f 5750 5778 5779
f 5730 5778 5750
f 5742 5778 5730
f 5759 5778 5742
f 5775 5780 5762
f 5781 5780 5782
f 5783 5784 5733
f 5732 5784 5785
f 5733 5784 5732
f 5785 5784 5786
f 5757 5787 5755
f 5788 5787 5789
f 5777 5790 5757
f 5713 5790 5777
f 5787 5790 5789
f 5789 5790 5791
f 5757 5790 5787
f 5778 5792 5779
f 5759 5792 5778
f 5779 5792 5793
f 5769 5792 5759
f 5763 5794 5765
f 5773 5795 5754
f 5785 5796 5763
f 5786 5796 5785
f 5779 5797 5750
f 5774 5797 5798
f 5751 5797 5774
f 5750 5797 5751
f 5746 5799 5768
f 5771 5799 5746
f 5800 5799 5801
f 5768 5799 5800
f 5792 5802 5793
f 5769 5802 5792
f 5793 5802 5803
f 5803 5802 5804
f 5804 5802 5800
f 5768 5802 5769
f 5800 5802 5768
f 5805 5806 5795
f 5807 5808 5809
f 5806 5808 5776
f 5779 5810 5797
f 5797 5810 5798
f 5793 5810 5779
f 5786 5811 5796
f 5791 5812 5789
f 5789 5812 5788
f 5788 5812 5813
f 5773 5814 5795
f 5795 5814 5805
f 5805 5814 5815
f 5774 5814 5773
f 5771 5816 5799
f 5799 5816 5801
f 5801 5816 5817
f 5817 5816 5818
f 5783 5819 5784
f 5784 5819 5786
f 5820 5819 5783
f 5803 5821 5793
f 5793 5821 5810
f 5810 5821 5798
f 5791 5822 5812
f 5823 5824 5709
f 5812 5822 5813
f 5809 5825 5826
f 5805 5825 5806
f 5808 5825 5809
f 5806 5825 5808
f 5798 5827 5774
f 5774 5827 5814
f 5814 5827 5815
f 5815 5827 5828
f 5813 5829 5820
f 5820 5829 5830
f 5822 5829 5813
f 5817 5831 5801
f 5801 5831 5800
f 5800 5831 5832
f 5820 5833 5819
f 5803 5834 5821
f 5804 5834 5803
f 5832 5834 5804
f 5826 5835 5836
f 5825 5835 5826
f 5815 5835 5805
f 5805 5835 5825
f 5817 5837 5831
f 5831 5837 5832
f 5798 5838 5827
f 5828 5838 5839
f 5827 5838 5828
f 5822 5840 5829
f 5829 5840 5830
f 5791 5840 5822
f 5841 5842 5843
f 5820 5844 5833
f 5830 5844 5820
f 5815 5845 5835
f 5835 5845 5836
f 5828 5845 5815
f 5846 5847 5844
f 5844 5847 5833
f 5833 5847 5848
f 5838 5849 5839
f 5839 5849 5850
f 5832 5851 5834
f 5834 5851 5852
f 5852 5851 5853
f 5836 5854 5855
f 5845 5854 5836
f 5828 5854 5845
f 5839 5854 5828
f 5851 5856 5853
f 5837 5856 5832
f 5853 5856 5857
f 5832 5856 5851
f 5847 5858 5848
f 5842 5858 5859
f 5848 5858 5842
f 5859 5858 5860
f 5861 5862 5713
f 5840 5862 5830
f 5791 5862 5840
f 5790 5862 5791
f 5713 5862 5790
f 5853 5863 5852
f 5849 5863 5850
f 5852 5863 5849
f 5846 5864 5865
f 5862 5864 5830
f 5844 5864 5846
f 5861 5864 5862
f 5865 5864 5861
f 5830 5864 5844
f 5839 5866 5854
f 5854 5866 5855
f 5850 5866 5839
f 5860 5867 5859
f 5868 5867 5869
f 5865 5870 5846
f 5860 5870 5871
f 5855 5872 5873
f 5850 5872 5866
f 5866 5872 5855
f 5872 5874 5873
f 5870 5875 5871
f 5824 5876 5709
f 5877 5876 5824
f 5861 5875 5865
f 5865 5875 5870
f 5878 5879 5880
f 5868 5879 5878
f 5880 5879 5881
f 5869 5879 5868
f 5867 5882 5869
f 5869 5882 5883
f 5884 5882 5871
f 5883 5882 5884
f 5871 5882 5860
f 5860 5882 5867
f 5875 5885 5871
f 5884 5885 5886
f 5871 5885 5884
f 5887 5885 5861
f 5886 5885 5887
f 5861 5885 5875
f 5869 5888 5879
f 5883 5888 5869
f 5879 5888 5881
f 5881 5888 5889
f 5890 5891 5892
f 5893 5894 5886
f 5889 5894 5893
f 5888 5894 5889
f 5886 5894 5884
f 5884 5894 5883
f 5883 5894 5888
f 5889 5895 5881
f 5896 5897 5895
f 5897 5898 5899
f 5900 5898 5901
f 5893 5902 5889
f 5895 5902 5896
f 5889 5902 5895
f 5896 5902 5903
f 5886 5904 5893
f 5903 5904 5887
f 5887 5904 5886
f 5893 5904 5902
f 5902 5904 5903
f 5903 5905 5896
f 5887 5906 5903
f 5905 5906 5907
f 5903 5906 5905
f 5709 5906 5887
f 5907 5906 5709
f 5908 5909 5910
f 5910 5909 5911
f 5912 5909 5908
f 5911 5909 5913
f 5913 5909 5912
f 5914 5915 5916
f 5916 5915 5917
f 5917 5915 5918
f 5913 5915 5914
f 5919 5915 5913
f 5918 5915 5919
f 5920 5921 5922
f 5923 5921 5920
f 5924 5921 5923
f 5922 5925 5912
f 5921 5925 5922
f 5926 5925 5924
f 5924 5925 5921
f 5912 5925 5926
f 5927 5928 5929
f 5929 5928 5924
f 5930 5928 5927
f 5931 5932 5930
f 5924 5932 5933
f 5933 5932 5931
f 5928 5932 5924
f 5930 5932 5928
f 5934 5935 5931
f 5931 5935 5936
f 5937 5938 5934
f 5936 5938 5939
f 5934 5938 5935
f 5935 5938 5936
f 5939 5940 5941
f 5941 5940 5937
f 5937 5940 5938
f 5938 5940 5939
f 5941 5942 5943
f 5944 5942 5945
f 5946 5942 5941
f 5947 5942 5946
f 5945 5942 5947
f 5943 5942 5944
f 5930 5948 5934
f 5949 5948 5950
f 5950 5948 5930
f 5934 5951 5937
f 5948 5951 5934
f 5952 5951 5949
f 5949 5951 5948
f 5946 5953 5954
f 5937 5953 5946
f 5951 5953 5937
f 5952 5953 5951
f 5954 5955 5947
f 5956 5955 5954
f 5953 5957 5954
f 5954 5957 5958
f 5958 5957 5952
f 5952 5957 5953
f 5947 5959 5960
f 5955 5959 5947
f 5961 5959 5956
f 5956 5959 5955
f 5959 5962 5960
f 5960 5962 5963
f 5963 5962 5961
f 5961 5962 5959
f 5964 5965 5966
f 5967 5965 5964
f 5966 5965 5968
f 5968 5965 5969
f 5969 5965 5967
f 5970 5971 5972
f 5972 5971 5973
f 5974 5971 5970
f 5975 5971 5974
f 5973 5971 5976
f 5976 5971 5975
f 5958 5977 5956
f 5978 5977 5958
f 5979 5977 5978
f 5961 5980 5981
f 5956 5980 5961
f 5977 5980 5956
f 5979 5980 5977
f 5982 5983 5984
f 5985 5983 5986
f 5987 5983 5985
f 5984 5983 5987
f 5986 5983 5982
f 5986 5988 5985
f 5989 5988 5990
f 5990 5988 5986
f 5991 5992 5993
f 5993 5992 5968
f 5994 5992 5991
f 5995 5996 5997
f 5968 5996 5995
f 5992 5996 5968
f 5994 5996 5992
f 5997 5996 5994
f 5979 5998 5999
f 6000 5998 6001
f 5999 5998 6000
f 5978 5998 5979
f 6001 5998 5978
f 6002 6003 6004
f 5999 6003 5979
f 6004 6003 5999
f 5979 6003 5980
f 5980 6003 5981
f 5981 6003 6002
f 5989 6005 6006
f 6007 6005 5989
f 6008 6005 6007
f 5993 6009 5991
f 6002 6009 6010
f 6010 6009 5993
f 6011 6012 6006
f 6006 6012 5989
f 5988 6012 5985
f 5989 6012 5988
f 6013 6014 6015
f 6012 6014 5985
f 5987 6014 6013
f 5985 6014 5987
f 6011 6014 6012
f 6015 6014 6011
f 6016 6017 6018
f 5991 6017 6016
f 6009 6017 5991
f 6016 6019 5994
f 6020 6019 6016
f 6021 6019 6020
f 6021 6022 6019
f 5994 6022 6023
f 6019 6022 5994
f 6023 6022 6024
f 6021 6025 6022
f 6022 6025 6024
f 6026 6025 6027
f 6024 6025 6026
f 6006 6028 6011
f 6029 6028 6030
f 6031 6028 6029
f 6011 6028 6031
f 6018 6032 6033
f 6034 6032 6004
f 6033 6032 6034
f 6031 6035 6015
f 6029 6035 6031
f 6015 6035 6036
f 6037 6038 6039
f 6040 6038 6037
f 6041 6038 6042
f 6043 6038 6041
f 6042 6038 6040
f 6039 6038 6043
f 6044 6045 6046
f 6046 6045 6047
f 6048 6045 6044
f 6049 6045 6050
f 6050 6045 6048
f 6047 6045 6049
f 6027 6051 6052
f 6052 6051 6053
f 6053 6051 5583
f 6020 6054 6055
f 6036 6056 6057
f 6035 6056 6036
f 6025 6058 6027
f 6059 6058 6021
f 6027 6058 6060
f 6021 6058 6025
f 6060 6058 6059
f 6061 6062 6054
f 6054 6062 6055
f 6055 6062 6059
f 5595 6063 5582
f 6064 6063 5595
f 5583 6063 6065
f 5582 6063 5583
f 6065 6063 6064
f 6066 6067 6033
f 5611 6067 6066
f 6061 6067 5611
f 6056 6068 6057
f 6069 6068 6070
f 5641 6068 6071
f 6070 6068 5641
f 6071 6068 6056
f 6057 6068 6069
f 6051 6072 5583
f 6027 6072 6051
f 6073 6072 6027
f 5581 6072 6073
f 5583 6072 5581
f 6074 6075 6060
f 6060 6075 6073
f 5607 6076 5608
f 5608 6076 5611
f 5611 6076 6061
f 5639 6077 5637
f 6073 6077 5581
f 6075 6077 6073
f 5581 6077 5639
f 5628 6078 5629
f 5629 6078 5631
f 5631 6078 6071
f 5643 6079 5641
f 6070 6079 6080
f 6081 6079 5643
f 5641 6079 6070
f 5628 6082 6078
f 5641 6082 5642
f 5642 6082 5628
f 6071 6082 5641
f 6078 6082 6071
f 5635 6083 6084
f 5621 6083 5634
f 5634 6083 5635
f 6084 6083 6085
f 6085 6083 5621
f 6084 6086 5635
f 6080 6086 6084
f 6079 6086 6080
f 6081 6086 6079
f 5650 6087 5607
f 5649 6087 5650
f 5607 6087 6074
f 5612 6088 5613
f 5613 6088 5632
f 6086 6089 5635
f 5680 6089 6081
f 5635 6089 5636
f 6081 6089 6086
f 5677 6089 5680
f 5636 6089 5677
f 5649 6090 5637
f 5672 6090 5649
f 6091 6090 5672
f 5637 6090 5638
f 6088 6092 5632
f 5612 6092 6088
f 5669 6092 5612
f 5632 6092 5633
f 6081 6093 5680
f 5642 6093 5643
f 5667 6093 5642
f 5643 6093 6081
f 6091 6094 6090
f 6090 6094 5638
f 5612 6094 5669
f 5638 6094 5612
f 5668 6095 5669
f 6092 6095 5633
f 5633 6095 5668
f 5669 6095 6092
f 5660 6096 5708
f 5693 6096 5633
f 5708 6096 5693
f 5659 6096 5660
f 5592 6096 5659
f 5633 6096 5592
f 5697 6097 5667
f 5667 6097 6093
f 5715 6097 5697
f 6093 6097 5680
f 5679 6097 5715
f 5680 6097 5679
f 6091 6098 5698
f 5698 6098 5695
f 5672 6098 6091
f 5671 6098 5672
f 5695 6098 5671
f 5670 6099 5698
f 6094 6099 5669
f 5698 6099 6091
f 6091 6099 6094
f 5669 6099 5670
f 5701 6100 5700
f 5630 6100 5666
f 5700 6100 5630
f 5685 6100 5701
f 5666 6100 5685
f 5651 6101 5694
f 5684 6101 5665
f 5704 6101 5684
f 5665 6101 5651
f 5694 6101 5717
f 5717 6101 5704
f 5728 6102 5670
f 5670 6102 5668
f 5693 6103 5707
f 5668 6103 5693
f 6102 6103 5668
f 5728 6103 6102
f 5708 6104 5719
f 5707 6104 5708
f 5719 6105 5721
f 5707 6105 6104
f 5753 6105 5707
f 6104 6105 5719
f 5740 6106 5762
f 5674 6106 5724
f 5762 6106 5747
f 5724 6106 5740
f 5720 6106 5674
f 5747 6106 5720
f 6103 6107 5707
f 5749 6107 5728
f 5728 6107 6103
f 5707 6107 5753
f 6105 6108 5721
f 5753 6108 6105
f 5721 6108 5752
f 5752 6108 5753
f 5753 6109 5754
f 5772 6109 5749
f 5749 6109 6107
f 6107 6109 5753
f 5754 6109 5772
f 5780 6110 5762
f 5762 6110 5760
f 5761 6110 5781
f 5781 6110 5780
f 5760 6110 5761
f 5752 6111 5766
f 5766 6111 5776
f 5754 6111 5752
f 5770 6112 5771
f 5765 6112 5739
f 5794 6112 5765
f 5771 6112 5794
f 5739 6112 5770
f 5787 6113 5755
f 5788 6113 5787
f 6114 6113 5788
f 5775 6115 5780
f 5780 6115 5782
f 5776 6115 5775
f 6111 6116 5776
f 5795 6116 5754
f 5776 6116 5806
f 5806 6116 5795
f 5754 6116 6111
f 5763 6117 5794
f 5811 6117 5796
f 5796 6117 5763
f 6118 6117 5811
f 5782 6119 5807
f 5807 6119 5808
f 5808 6119 5776
f 6115 6119 5782
f 5776 6119 6115
f 6117 6120 5794
f 5794 6120 5771
f 5771 6120 5816
f 6118 6120 6117
f 5833 6121 5819
f 5786 6121 5811
f 5819 6121 5786
f 5848 6121 5833
f 5841 6122 6118
f 5816 6122 5818
f 5843 6122 5841
f 6120 6122 5816
f 6118 6122 6120
f 5818 6122 5843
f 6118 6123 5841
f 5842 6123 5848
f 5841 6123 5842
f 5811 6123 6118
f 6121 6123 5811
f 5848 6123 6121
f 5838 6124 5849
f 5821 6124 5798
f 5852 6124 5834
f 5834 6124 5821
f 5798 6124 5838
f 5849 6124 5852
f 6125 6126 5843
f 5817 6126 5837
f 5818 6126 5817
f 5843 6126 5818
f 6126 6127 5837
f 5837 6127 5856
f 6125 6127 6126
f 5843 6128 6125
f 5859 6128 5842
f 5842 6128 5843
f 5859 6129 6128
f 6128 6129 6125
f 6125 6129 5868
f 5867 6129 5859
f 5868 6129 5867
f 6127 6130 5856
f 5857 6130 6131
f 6131 6130 5878
f 5856 6130 5857
f 5847 6132 5858
f 5858 6132 5860
f 5860 6132 5870
f 5846 6132 5847
f 5870 6132 5846
f 6131 6133 5857
f 5857 6133 5853
f 6134 6133 6131
f 6133 6135 5853
f 6134 6135 6133
f 5853 6135 5863
f 6134 6136 6135
f 6134 6137 6138
f 5880 6137 5878
f 5878 6137 6131
f 6131 6137 6134
f 5890 6139 5891
f 6136 6139 5874
f 5873 6139 5890
f 5874 6139 5873
f 5891 6140 5892
f 6138 6140 5891
f 5892 6140 6141
f 5896 6142 5897
f 5897 6142 5898
f 5898 6142 5901
f 5907 6142 5905
f 5905 6142 5896
f 5901 6142 5907
f 6008 6143 6005
f 6144 6143 6008
f 6006 6143 6145
f 6005 6143 6006
f 6040 6143 6144
f 6145 6143 6040
f 6004 6146 6002
f 6009 6146 6017
f 6002 6146 6009
f 6017 6146 6018
f 6018 6146 6032
f 6032 6146 6004
f 6145 6147 6006
f 6028 6147 6030
f 6006 6147 6028
f 6018 6148 6020
f 6020 6148 6054
f 6067 6148 6033
f 6054 6148 6061
f 6033 6148 6018
f 6061 6148 6067
f 5631 6149 6029
f 6029 6149 6035
f 6035 6149 6056
f 6071 6149 5631
f 6056 6149 6071
f 6062 6150 6059
f 6059 6150 6074
f 6076 6150 6061
f 6061 6150 6062
f 6074 6150 5607
f 5607 6150 6076
f 5637 6151 5649
f 5649 6151 6087
f 6077 6151 5637
f 6074 6151 6075
f 6075 6151 6077
f 6087 6151 6074
f 5733 6152 6114
f 6113 6152 5755
f 5755 6152 5714
f 5714 6152 5733
f 6114 6152 6113
f 6127 6153 6130
f 6130 6153 5878
f 5868 6153 6125
f 5878 6153 5868
f 6125 6153 6127
f 6135 6154 5863
f 6136 6154 6135
f 6138 6155 6134
f 5891 6155 6138
f 6134 6155 6136
f 6139 6155 5891
f 6136 6155 6139
f 6137 6156 6138
f 6138 6156 5899
f 5880 6156 6137
f 5900 6157 5898
f 5899 6157 6138
f 6138 6157 6140
f 6140 6157 6141
f 6141 6157 5900
f 5898 6157 5899
f 6158 6159 6037
f 5604 6159 6158
f 6145 6159 6147
f 6037 6159 6145
f 5604 6160 6159
f 6147 6160 6030
f 6159 6160 6147
f 6030 6160 5604
f 5874 6161 6136
f 5863 6161 5850
f 5850 6161 5872
f 6136 6161 6154
f 5872 6161 5874
f 6154 6161 5863
f 5880 6162 6156
f 5881 6162 5880
f 5897 6163 5895
f 5895 6163 5881
f 5899 6163 5897
f 6156 6163 5899
f 5881 6163 6162
f 6162 6163 6156
f 5823 6164 5824
f 5824 6164 6165
f 6165 6166 5824
f 5824 6166 6167
f 5917 5943 6168
f 6169 6170 6171
f 5876 5624 5653
f 5622 5624 5876
f 5823 5648 5589
f 5589 5648 5586
f 5653 5687 5876
f 5876 5687 5709
f 5626 5660 5674
f 5681 5664 6172
f 5664 5678 6172
f 5636 5678 5664
f 6172 5678 5732
f 6172 5727 5681
f 5716 5755 5714
f 5727 5785 5763
f 5732 5785 6172
f 6172 5785 5727
f 5745 5746 5768
f 6114 5783 5733
f 6114 5813 5783
f 5783 5813 5820
f 5788 5813 6114
f 5800 5832 5804
f 5709 5861 5823
f 5823 5861 5648
f 5648 5861 5713
f 5709 5887 5861
f 6173 6174 5823
f 6164 6174 6175
f 5823 6174 6164
f 6176 6177 6173
f 6174 6177 6175
f 6173 6177 6174
f 6175 6177 6178
f 6164 6179 6165
f 6175 6179 6164
f 6165 6179 6180
f 6178 6179 6175
f 5910 5911 6176
f 6176 5911 6177
f 6177 5911 6178
f 5913 5914 5911
f 5911 5914 6178
f 6165 6181 6166
f 6166 6181 6182
f 6180 6181 6165
f 6180 5916 5917
f 5914 5916 6178
f 6179 5916 6180
f 6178 5916 6179
f 5922 5912 5908
f 5917 6183 6180
f 6182 6183 6168
f 6168 6183 5917
f 6181 6183 6182
f 6180 6183 6181
f 5912 5926 5913
f 5926 5919 5913
f 5918 5919 5936
f 6184 5923 5920
f 6168 6185 6182
f 6166 6185 6167
f 6182 6185 6166
f 6186 6185 6187
f 6167 6185 6186
f 5924 5933 5926
f 5936 5933 5931
f 5926 5933 5919
f 5919 5933 5936
f 6167 6188 5824
f 6189 6188 6190
f 5877 6188 6189
f 5824 6188 5877
f 5936 5939 5918
f 5918 5939 5917
f 5917 5939 5943
f 6191 6192 6184
f 6184 6192 5923
f 5923 5929 5924
f 6192 5929 5923
f 6193 5929 6192
f 6167 6194 6188
f 6187 6194 6186
f 6190 6194 6195
f 6186 6194 6167
f 6188 6194 6190
f 6187 5944 5945
f 6185 5944 6187
f 6168 5944 6185
f 5943 5944 6168
f 6196 6197 6191
f 6193 6197 6198
f 6191 6197 6192
f 6192 6197 6193
f 5939 5941 5943
f 5930 5927 6199
f 6193 5927 5929
f 5930 5934 5931
f 6198 6200 6201
f 6196 6200 6197
f 6197 6200 6198
f 5945 6202 6187
f 6187 6202 6194
f 6195 6202 5967
f 6194 6202 6195
f 6189 6203 6204
f 6195 6203 6190
f 6190 6203 6189
f 5947 5946 5954
f 5937 5946 5941
f 6196 6205 6200
f 6200 6205 6201
f 6202 5960 5967
f 5945 5960 6202
f 5947 5960 5945
f 6193 5972 5927
f 6199 5972 5973
f 6198 5972 6193
f 5927 5972 6199
f 6204 5964 5966
f 6195 5964 6203
f 6203 5964 6204
f 5967 5964 6195
f 6199 5950 5930
f 5973 5950 6199
f 6206 5950 5973
f 6207 6208 6196
f 6205 6208 6201
f 6196 6208 6205
f 6201 6208 6209
f 6206 5949 5950
f 5958 5952 6210
f 5960 5963 5967
f 6198 5970 5972
f 6201 5970 6198
f 6211 6212 6207
f 6207 6212 6208
f 6208 6212 6209
f 6209 6212 6213
f 6213 6212 5982
f 5966 6214 6204
f 6204 6214 6189
f 6189 6214 6215
f 6201 6216 5970
f 5970 6216 5974
f 6209 6216 6201
f 5958 5956 5954
f 5968 5969 5993
f 5963 5969 5967
f 5961 5969 5963
f 5973 5976 6206
f 6206 5976 6217
f 6217 5976 6218
f 6210 6219 6220
f 6217 6219 6206
f 5949 6219 5952
f 5952 6219 6210
f 6220 6219 6217
f 6206 6219 5949
f 5966 5995 6214
f 5968 5995 5966
f 6214 5995 6215
f 5974 6221 6222
f 6216 6221 5974
f 6209 6221 6216
f 6213 6221 6209
f 5982 6221 6213
f 5990 5986 6211
f 6212 5986 5982
f 6211 5986 6212
f 6189 6223 5877
f 6215 6223 6189
f 5877 6223 6224
f 6210 5978 5958
f 5976 5975 6218
f 6218 5975 6225
f 5969 5981 5993
f 6010 5981 6002
f 5961 5981 5969
f 5993 5981 6010
f 5995 5997 6215
f 6225 6226 6227
f 6222 6226 5974
f 5975 6226 6225
f 5974 6226 5975
f 6221 5984 6222
f 6222 5984 6013
f 5982 5984 6221
f 6224 6228 6229
f 6215 6228 6223
f 6223 6228 6224
f 5997 6228 6215
f 6007 5989 5990
f 6220 6230 6231
f 6231 6230 6232
f 6217 6230 6220
f 6218 6230 6217
f 6220 6233 6210
f 6210 6233 5978
f 6001 6233 6234
f 5978 6233 6001
f 5984 5987 6013
f 6235 6236 6237
f 5877 6236 6235
f 6224 6236 5877
f 5997 6023 6228
f 6229 6023 6024
f 6228 6023 6229
f 5994 6023 5997
f 6004 6000 6044
f 5999 6000 6004
f 6234 6238 6239
f 6233 6238 6234
f 6231 6238 6220
f 6220 6238 6233
f 6227 6240 6225
f 6218 6240 6230
f 6232 6240 6241
f 6230 6240 6232
f 6225 6240 6218
f 6222 6242 6226
f 6227 6242 6243
f 6013 6242 6222
f 6226 6242 6227
f 6236 6244 6237
f 6224 6244 6236
f 6229 6244 6224
f 5991 6016 5994
f 6015 6011 6031
f 6238 6245 6239
f 6239 6245 6246
f 6232 6245 6231
f 6231 6245 6238
f 6242 6247 6243
f 6013 6247 6242
f 6001 6048 6000
f 6234 6048 6001
f 6000 6048 6044
f 6243 6248 6227
f 6169 6248 6249
f 6241 6248 6169
f 6240 6248 6241
f 6227 6248 6240
f 6237 6250 6235
f 6251 6250 6065
f 6235 6250 6251
f 6015 6036 6013
f 6247 6036 6243
f 6013 6036 6247
f 6229 6026 6244
f 6024 6026 6229
f 6042 6040 6144
f 6245 6252 6246
f 6241 6252 6232
f 6169 6252 6241
f 6171 6252 6169
f 6232 6252 6245
f 6246 6252 6171
f 6018 6020 6016
f 6021 6020 6055
f 6027 6052 6026
f 6026 6052 6244
f 6244 6052 6237
f 6239 6050 6234
f 6234 6050 6048
f 6044 6034 6004
f 6033 6034 6253
f 6235 6254 6255
f 6251 6254 6235
f 6255 6254 5593
f 6250 6053 6065
f 6065 6053 5583
f 6237 6053 6250
f 6052 6053 6237
f 6040 6037 6145
f 6256 6257 6069
f 6249 6257 6256
f 6243 6257 6248
f 6248 6257 6249
f 6246 6258 6239
f 6239 6258 6050
f 6050 6258 6049
f 6036 6057 6243
f 6243 6057 6257
f 6257 6057 6069
f 6253 6046 5617
f 6034 6046 6253
f 6044 6046 6034
f 6039 6043 5587
f 6055 6059 6021
f 6065 6064 6251
f 5593 6064 5595
f 6251 6064 6254
f 6254 6064 5593
f 6255 6259 6235
f 5877 6259 5876
f 5876 6259 5622
f 6235 6259 5877
f 6039 6158 6037
f 5604 6158 5606
f 6258 6260 6049
f 6170 6260 6171
f 6246 6260 6258
f 6049 6260 5599
f 6171 6260 6246
f 6074 6060 6059
f 6249 6261 6169
f 6170 6261 6084
f 6256 6261 6249
f 6169 6261 6170
f 6046 6047 5617
f 5617 6047 5618
f 5823 6262 6041
f 6043 6262 5587
f 6041 6262 6043
f 5589 6262 5823
f 5587 6262 5589
f 5611 6066 5610
f 6253 6066 6033
f 6259 5594 5622
f 5627 5594 5590
f 5593 5594 6255
f 6255 5594 6259
f 5622 5594 5627
f 6060 6073 6027
f 6030 5605 6029
f 6029 5605 5631
f 5604 5605 6030
f 5631 5605 5601
f 6158 5588 5606
f 6039 5588 6158
f 5587 5588 6039
f 5606 5588 5584
f 6047 5600 5618
f 5618 5600 5596
f 5599 5600 6049
f 6049 5600 6047
f 6069 6080 6256
f 6070 6080 6069
f 6261 6080 6084
f 6256 6080 6261
f 6170 6085 6260
f 6260 6085 5599
f 6084 6085 6170
f 5599 6085 5621
f 6066 5616 5610
f 6253 5616 6066
f 5617 5616 6253
f 5907 5709 5711
f 5907 5711 5737
f 5901 5737 5761
f 5901 5907 5737
f 5900 5761 5781
f 5900 5901 5761
f 6141 5900 5781
f 5892 5781 5782
f 5892 5782 5807
f 5892 6141 5781
f 5890 5807 5809
f 5890 5892 5807
f 5855 5826 5836
f 5873 5809 5826
f 5873 5890 5809
f 5873 5826 5855
f 5823 6041 6173
f 6173 6041 6176
f 6176 6042 5910
f 6041 6042 6176
f 5910 6144 5908
f 6042 6144 5910
f 6144 6008 5908
f 5908 6007 5922
f 5922 6007 5920
f 6008 6007 5908
f 5920 5990 6184
f 6007 5990 5920
f 6191 6207 6196
f 6184 6211 6191
f 5990 6211 6184
f 6191 6211 6207
f 6263 6264 6265
f 6263 6266 6264
f 6267 6265 6268
f 6267 6268 6269
f 6267 6263 6265
f 6270 6267 6269
f 6266 6271 6264
f 6266 6272 6271
f 6273 6274 6275
f 6273 6276 6274
f 6277 6275 6278
f 6277 6273 6275
f 6272 6278 6271
f 6272 6277 6278
f 6276 6279 6274
f 6276 6280 6279
f 6281 6282 6283
f 6281 6284 6282
f 6285 6283 6286
f 6285 6286 6279
f 6285 6281 6283
f 6280 6285 6279
f 6284 6287 6282
f 6284 6288 6287
f 6289 6290 6291
f 6289 6292 6290
f 6293 6291 6294
f 6293 6294 6287
f 6293 6289 6291
f 6288 6293 6287
f 6292 6295 6290
f 6292 6296 6295
f 6297 6298 6299
f 6297 6300 6298
f 6301 6299 6302
f 6301 6297 6299
f 6296 6302 6295
f 6296 6301 6302
f 6300 6303 6298
f 6300 6304 6303
f 6305 6306 6307
f 6308 6307 6309
f 6308 6305 6307
f 6310 6309 6303
f 6310 6308 6309
f 6304 6310 6303
f 6305 6269 6306
f 6305 6270 6269
f 6266 6263 6267
f 6266 6267 6270
f 6304 6270 6305
f 6304 6305 6308
f 6304 6308 6310
f 6272 6266 6270
f 6273 6277 6272
f 6276 6272 6270
f 6276 6273 6272
f 6296 6304 6300
f 6296 6300 6297
f 6296 6297 6301
f 6296 6270 6304
f 6284 6281 6285
f 6284 6285 6280
f 6288 6296 6292
f 6288 6280 6276
f 6288 6276 6270
f 6288 6270 6296
f 6288 6284 6280
f 6293 6292 6289
f 6293 6288 6292
f 6268 6265 6269
f 6265 6264 6269
f 6306 6309 6307
f 6306 6303 6309
f 6264 6271 6269
f 6278 6275 6271
f 6271 6274 6269
f 6275 6274 6271
f 6303 6295 6298
f 6298 6295 6299
f 6299 6295 6302
f 6269 6295 6306
f 6306 6295 6303
f 6283 6282 6286
f 6286 6282 6279
f 6295 6287 6290
f 6279 6287 6274
f 6274 6287 6269
f 6269 6287 6295
f 6282 6287 6279
f 6290 6294 6291
f 6287 6294 6290
f 6311 6312 6313
f 6314 6311 6313
f 6315 6316 6317
f 6318 6317 6319
f 6318 6315 6317
f 6320 6319 6312
f 6320 6318 6319
f 6311 6320 6312
f 6321 6322 6316
f 6315 6321 6316
f 6323 6324 6325
f 6326 6323 6325
f 6327 6325 6328
f 6327 6328 6322
f 6327 6326 6325
f 6321 6327 6322
f 6329 6330 6324
f 6323 6329 6324
f 6331 6332 6333
f 6331 6334 6332
f 6335 6333 6336
f 6335 6336 6330
f 6335 6331 6333
f 6329 6335 6330
f 6337 6338 6332
f 6334 6337 6332
f 6314 6313 6339
f 6340 6314 6339
f 6341 6339 6342
f 6341 6342 6338
f 6341 6340 6339
f 6337 6341 6338
f 6311 6315 6318
f 6311 6318 6320
f 6321 6315 6311
f 6326 6327 6321
f 6323 6321 6311
f 6323 6326 6321
f 6341 6314 6340
f 6337 6314 6341
f 6329 6311 6314
f 6329 6323 6311
f 6329 6314 6337
f 6334 6329 6337
f 6331 6335 6329
f 6331 6329 6334
f 6316 6312 6317
f 6317 6312 6319
f 6316 6322 6312
f 6325 6324 6328
f 6328 6324 6322
f 6322 6324 6312
f 6313 6342 6339
f 6313 6338 6342
f 6312 6330 6313
f 6324 6330 6312
f 6313 6330 6338
f 6330 6332 6338
f 6336 6333 6330
f 6330 6333 6332
f 6343 6344 6345
f 6343 6345 6346
f 6347 6346 6348
f 6347 6343 6346
f 6349 6348 6350
f 6349 6347 6348
f 6351 6350 6352
f 6351 6349 6350
f 6353 6352 6354
f 6353 6351 6352
f 6355 6354 6356
f 6355 6356 6357
f 6355 6353 6354
f 6358 6355 6357
f 6359 6357 6360
f 6359 6358 6357
f 6361 6360 6362
f 6361 6359 6360
f 6363 6362 6364
f 6363 6361 6362
f 6365 6364 6366
f 6365 6363 6364
f 6367 6365 6366
f 6367 6366 6368
f 6369 6367 6368
f 6369 6368 6370
f 6369 6370 6371
f 6372 6369 6371
f 6372 6371 6373
f 6374 6372 6373
f 6375 6374 6373
f 6375 6373 6376
f 6375 6376 6377
f 6378 6375 6377
f 6379 6378 6377
f 6379 6377 6380
f 6379 6380 6381
f 6382 6379 6381
f 6383 6382 6381
f 6383 6381 6384
f 6383 6384 6385
f 6386 6383 6385
f 6387 6386 6385
f 6387 6385 6388
f 6387 6388 6389
f 6390 6387 6389
f 6344 6390 6389
f 6344 6389 6345
f 6344 6343 6347
f 6390 6347 6349
f 6390 6344 6347
f 6359 6351 6353
f 6359 6353 6355
f 6359 6355 6358
f 6386 6387 6390
f 6363 6359 6361
f 6379 6382 6383
f 6379 6383 6386
f 6369 6349 6351
f 6369 6363 6365
f 6369 6365 6367
f 6369 6359 6363
f 6369 6390 6349
f 6369 6351 6359
f 6378 6386 6390
f 6378 6379 6386
f 6372 6390 6369
f 6374 6375 6378
f 6374 6378 6390
f 6374 6390 6372
f 6346 6345 6348
f 6348 6389 6350
f 6345 6389 6348
f 6352 6360 6354
f 6354 6360 6356
f 6356 6360 6357
f 6388 6385 6389
f 6360 6364 6362
f 6381 6380 6384
f 6384 6380 6385
f 6350 6370 6352
f 6364 6370 6366
f 6366 6370 6368
f 6360 6370 6364
f 6389 6370 6350
f 6352 6370 6360
f 6385 6377 6389
f 6380 6377 6385
f 6389 6371 6370
f 6376 6373 6377
f 6377 6373 6389
f 6389 6373 6371
f 6391 6392 6393
f 6391 6393 6394
f 6395 6394 6396
f 6395 6391 6394
f 6397 6396 6398
f 6397 6395 6396
f 6399 6398 6400
f 6399 6397 6398
f 6401 6400 6402
f 6401 6402 6403
f 6401 6399 6400
f 6404 6401 6403
f 6405 6403 6406
f 6405 6406 6407
f 6405 6404 6403
f 6408 6407 6409
f 6408 6405 6407
f 6410 6408 6409
f 6411 6410 6409
f 6411 6409 6412
f 6413 6411 6412
f 6413 6412 6414
f 6415 6413 6414
f 6415 6414 6416
f 6415 6416 6417
f 6418 6415 6417
f 6418 6417 6419
f 6420 6418 6419
f 6421 6420 6419
f 6421 6419 6422
f 6423 6421 6422
f 6423 6422 6424
f 6423 6424 6425
f 6426 6423 6425
f 6427 6426 6425
f 6427 6425 6428
f 6429 6427 6428
f 6429 6428 6430
f 6429 6430 6431
f 6432 6429 6431
f 6433 6432 6431
f 6433 6431 6434
f 6435 6434 6436
f 6435 6433 6434
f 6437 6436 6438
f 6437 6435 6436
f 6439 6438 6440
f 6439 6437 6438
f 6441 6440 6442
f 6441 6439 6440
f 6443 6442 6444
f 6443 6441 6442
f 6445 6444 6446
f 6445 6443 6444
f 6447 6446 6448
f 6447 6448 6449
f 6447 6445 6446
f 6450 6447 6449
f 6392 6449 6393
f 6392 6450 6449
f 6395 6397 6399
f 6404 6399 6401
f 6408 6404 6405
f 6450 6392 6391
f 6450 6391 6395
f 6450 6395 6399
f 6450 6399 6404
f 6413 6408 6410
f 6413 6410 6411
f 6413 6447 6450
f 6413 6404 6408
f 6413 6450 6404
f 6443 6445 6447
f 6441 6443 6447
f 6441 6447 6413
f 6418 6413 6415
f 6439 6413 6418
f 6439 6441 6413
f 6433 6435 6437
f 6433 6437 6439
f 6427 6418 6420
f 6427 6420 6421
f 6427 6421 6423
f 6427 6423 6426
f 6429 6432 6433
f 6429 6439 6418
f 6429 6433 6439
f 6429 6418 6427
f 6398 6396 6400
f 6400 6403 6402
f 6403 6407 6406
f 6393 6449 6394
f 6394 6449 6396
f 6396 6449 6400
f 6400 6449 6403
f 6407 6414 6409
f 6409 6414 6412
f 6448 6414 6449
f 6403 6414 6407
f 6449 6414 6403
f 6446 6444 6448
f 6444 6442 6448
f 6448 6442 6414
f 6414 6417 6416
f 6414 6440 6417
f 6442 6440 6414
f 6436 6434 6438
f 6438 6434 6440
f 6417 6428 6419
f 6419 6428 6422
f 6422 6428 6424
f 6424 6428 6425
f 6431 6430 6434
f 6440 6430 6417
f 6434 6430 6440
f 6417 6430 6428
f 6451 6452 6453
f 6451 6454 6452
f 6455 6453 6456
f 6455 6456 6457
f 6455 6451 6453
f 6458 6455 6457
f 6454 6459 6452
f 6454 6460 6459
f 6461 6462 6463
f 6464 6461 6463
f 6465 6463 6466
f 6465 6464 6463
f 6460 6466 6459
f 6460 6465 6466
f 6461 6467 6462
f 6461 6468 6467
f 6469 6470 6471
f 6469 6472 6470
f 6473 6471 6474
f 6473 6474 6467
f 6473 6469 6471
f 6468 6473 6467
f 6472 6475 6470
f 6472 6476 6475
f 6477 6478 6479
f 6477 6479 6480
f 6477 6481 6478
f 6482 6480 6475
f 6482 6477 6480
f 6476 6482 6475
f 6483 6484 6478
f 6481 6483 6478
f 6485 6486 6487
f 6488 6485 6487
f 6489 6487 6490
f 6489 6488 6487
f 6483 6490 6484
f 6483 6489 6490
f 6485 6491 6486
f 6485 6492 6491
f 6493 6494 6495
f 6493 6496 6494
f 6497 6495 6498
f 6497 6498 6491
f 6497 6493 6495
f 6492 6497 6491
f 6458 6457 6494
f 6496 6458 6494
f 6488 6489 6483
f 6485 6488 6483
f 6476 6483 6481
f 6476 6481 6477
f 6476 6477 6482
f 6492 6485 6483
f 6492 6483 6476
f 6493 6497 6492
f 6496 6493 6492
f 6472 6492 6476
f 6472 6496 6492
f 6468 6472 6469
f 6468 6469 6473
f 6451 6455 6458
f 6454 6451 6458
f 6461 6458 6496
f 6461 6496 6472
f 6461 6472 6468
f 6461 6454 6458
f 6460 6461 6464
f 6460 6454 6461
f 6465 6460 6464
f 6490 6487 6484
f 6487 6486 6484
f 6484 6475 6478
f 6478 6475 6479
f 6479 6475 6480
f 6486 6491 6484
f 6498 6495 6491
f 6484 6494 6475
f 6491 6494 6484
f 6495 6494 6491
f 6494 6470 6475
f 6470 6467 6471
f 6471 6467 6474
f 6494 6457 6470
f 6456 6453 6457
f 6453 6452 6457
f 6470 6462 6467
f 6457 6462 6470
f 6462 6459 6463
f 6452 6459 6457
f 6457 6459 6462
f 6459 6466 6463
f 6499 6500 6501
f 6499 6502 6500
f 6503 6504 6505
f 6506 6505 6507
f 6506 6503 6505
f 6508 6507 6500
f 6508 6506 6507
f 6502 6508 6500
f 6503 6509 6504
f 6503 6510 6509
f 6511 6512 6513
f 6511 6514 6512
f 6515 6513 6516
f 6515 6511 6513
f 6510 6516 6509
f 6510 6515 6516
f 6514 6517 6512
f 6514 6518 6517
f 6519 6520 6521
f 6519 6521 6522
f 6519 6523 6520
f 6524 6519 6522
f 6518 6522 6517
f 6518 6524 6522
f 6523 6525 6520
f 6523 6526 6525
f 6527 6501 6528
f 6527 6528 6529
f 6527 6499 6501
f 6530 6527 6529
f 6526 6529 6525
f 6526 6530 6529
f 6510 6514 6511
f 6510 6511 6515
f 6518 6514 6510
f 6523 6519 6524
f 6523 6524 6518
f 6523 6518 6510
f 6508 6503 6506
f 6502 6503 6508
f 6526 6510 6503
f 6526 6502 6499
f 6526 6523 6510
f 6526 6503 6502
f 6527 6530 6526
f 6527 6526 6499
f 6512 6509 6513
f 6513 6509 6516
f 6512 6517 6509
f 6521 6520 6522
f 6522 6520 6517
f 6517 6520 6509
f 6504 6507 6505
f 6504 6500 6507
f 6509 6525 6504
f 6520 6525 6509
f 6504 6525 6500
f 6525 6501 6500
f 6529 6528 6525
f 6525 6528 6501
f 6531 6532 6533
f 6531 6534 6532
f 6535 6533 6536
f 6535 6531 6533
f 6537 6536 6538
f 6537 6535 6536
f 6539 6540 6532
f 6534 6539 6532
f 6541 6542 6543
f 6544 6543 6545
f 6544 6541 6543
f 6546 6545 6540
f 6546 6544 6545
f 6539 6546 6540
f 6541 6547 6542
f 6541 6548 6547
f 6549 6550 6551
f 6552 6549 6551
f 6553 6551 6554
f 6553 6552 6551
f 6548 6554 6547
f 6548 6553 6554
f 6549 6555 6550
f 6549 6556 6555
f 6557 6558 6559
f 6557 6560 6558
f 6561 6559 6562
f 6561 6562 6555
f 6561 6557 6559
f 6556 6561 6555
f 6563 6564 6558
f 6560 6563 6558
f 6565 6566 6567
f 6568 6567 6569
f 6568 6565 6567
f 6570 6568 6569
f 6563 6569 6564
f 6563 6570 6569
f 6571 6572 6566
f 6565 6571 6566
f 6573 6574 6575
f 6573 6576 6574
f 6577 6575 6578
f 6577 6573 6575
f 6571 6578 6572
f 6571 6577 6578
f 6537 6538 6574
f 6576 6537 6574
f 6534 6531 6535
f 6534 6535 6537
f 6571 6537 6576
f 6571 6576 6573
f 6571 6573 6577
f 6544 6546 6539
f 6541 6544 6539
f 6563 6571 6565
f 6563 6565 6568
f 6563 6568 6570
f 6563 6534 6537
f 6563 6537 6571
f 6548 6541 6539
f 6552 6553 6548
f 6549 6552 6548
f 6560 6539 6534
f 6560 6534 6563
f 6556 6539 6560
f 6556 6548 6539
f 6556 6549 6548
f 6561 6560 6557
f 6561 6556 6560
f 6536 6533 6538
f 6533 6532 6538
f 6574 6578 6575
f 6574 6572 6578
f 6532 6540 6538
f 6545 6543 6540
f 6543 6542 6540
f 6574 6566 6572
f 6566 6564 6567
f 6567 6564 6569
f 6574 6564 6566
f 6542 6547 6540
f 6554 6551 6547
f 6551 6550 6547
f 6538 6558 6574
f 6540 6558 6538
f 6574 6558 6564
f 6540 6555 6558
f 6547 6555 6540
f 6550 6555 6547
f 6558 6562 6559
f 6555 6562 6558
# Vertices: 6578, normals: 0, texture coordinates: 0, faces: 12964

