# File generated by ImageToStl.com - Free Image and 3D model conversion tools

o obj1
v 85.24916077 154.89680481 -1.5
v 85.24916077 154.89680481 48.5
v 85.44927979 151.65222168 -1.5
v 85.44927979 151.65222168 48.5
v 86.04660034 148.45683289 -1.5
v 86.04660034 148.45683289 48.5
v 87.03207397 145.35906982 -1.5
v 87.03207397 145.35906982 48.5
v 88.3907547 142.40588379 -1.5
v 88.3907547 142.40588379 48.5
v 90.10204315 139.64204407 -1.5
v 90.10204315 139.64204407 48.5
v 92.14001465 137.10945129 -1.5
v 92.14001465 137.10945129 48.5
v 94.47376251 134.84651184 -1.5
v 94.47376251 134.84651184 48.5
v 97.06790924 132.88749695 -1.5
v 97.06790924 132.88749695 48.5
v 99.88313293 131.26213074 -1.5
v 99.88313293 131.26213074 48.5
v 102.87675476 129.99502563 -1.5
v 102.87675476 129.99502563 48.5
v 106.00340271 129.10542297 -1.5
v 106.00340271 129.10542297 48.5
v 109.21567535 128.60679626 -1.5
v 109.21567535 128.60679626 48.5
v 112.46487427 128.50668335 -1.5
v 112.46487427 128.50668335 48.5
v 115.70174408 128.80662537 -1.5
v 115.70174408 128.80662537 48.5
v 118.87722778 129.50205994 -1.5
v 118.87722778 129.50205994 48.5
v 121.94317627 130.5824585 -1.5
v 121.94317627 130.5824585 48.5
v 124.8531189 132.03144836 -1.5
v 124.8531189 132.03144836 48.5
v 127.5629425 133.82704163 -1.5
v 127.5629425 133.82704163 48.5
v 130.03157043 135.94203186 -1.5
v 130.03157043 135.94203186 48.5
v 132.22158813 138.34436035 -1.5
v 132.22158813 138.34436035 48.5
v 134.09977722 140.99760437 -1.5
v 134.09977722 140.99760437 48.5
v 135.63768005 143.86154175 -1.5
v 135.63768005 143.86154175 48.5
v 136.8119812 146.89277649 -1.5
v 136.8119812 146.89277649 48.5
v 137.60488892 150.04533386 -1.5
v 137.60488892 150.04533386 48.5
v 138.00436401 153.27142334 -1.5
v 138.00436401 153.27142334 48.5
v 138.00436401 156.52217102 -1.5
v 138.00436401 156.52217102 48.5
v 137.60488892 159.74827576 -1.5
v 137.60488892 159.74827576 48.5
v 136.8119812 162.90083313 -1.5
v 136.8119812 162.90083313 48.5
v 135.63768005 165.93205261 -1.5
v 135.63768005 165.93205261 48.5
v 134.09977722 168.79600525 -1.5
v 134.09977722 168.79600525 48.5
v 132.22158813 171.44924927 -1.5
v 132.22158813 171.44924927 48.5
v 130.03157043 173.8515625 -1.5
v 130.03157043 173.8515625 48.5
v 127.5629425 175.96656799 -1.5
v 127.5629425 175.96656799 48.5
v 124.8531189 177.76216125 -1.5
v 124.8531189 177.76216125 48.5
v 121.94317627 179.21113586 -1.5
v 121.94317627 179.21113586 48.5
v 118.87722778 180.29153442 -1.5
v 118.87722778 180.29153442 48.5
v 115.70174408 180.98698425 48.5
v 115.70174408 180.98698425 -1.5
v 112.46487427 181.28691101 -1.5
v 112.46487427 181.28691101 48.5
v 109.21567535 181.18681335 -1.5
v 109.21567535 181.18681335 48.5
v 106.00340271 180.68817139 -1.5
v 106.00340271 180.68817139 48.5
v 102.87675476 179.79856873 -1.5
v 102.87675476 179.79856873 48.5
v 99.88313293 178.53147888 -1.5
v 99.88313293 178.53147888 48.5
v 97.06790924 176.90609741 48.5
v 97.06790924 176.90609741 -1.5
v 94.47376251 174.94709778 48.5
v 94.47376251 174.94709778 -1.5
v 92.14001465 172.68414307 -1.5
v 92.14001465 172.68414307 48.5
v 90.10204315 170.15155029 -1.5
v 90.10204315 170.15155029 48.5
v 88.3907547 167.38772583 -1.5
v 88.3907547 167.38772583 48.5
v 87.03207397 164.43453979 48.5
v 87.03207397 164.43453979 -1.5
v 86.04660034 161.33676147 48.5
v 86.04660034 161.33676147 -1.5
v 85.44927979 158.14137268 48.5
v 85.44927979 158.14137268 -1.5
v 99.16436005 212.43226624 42.25
v 102.10637665 211.12039185 45.375
v 103.14894104 210.73591614 36
v 101.6442337 211.30340576 36
v 99.02396393 212.50428772 36
v 96.47769165 213.99147034 39.125
v 94.1995163 215.68438721 42.25
v 96.8272934 213.76506042 45.375
v 133.18431091 243.23640442 14.125
v 129.18128967 244.98068237 14.125
v 129.37704468 244.91001892 11
v 134.14952087 242.7086792 11
v 135.81541443 241.6762085 11
v 136.71530151 241.04389954 14.125
v 133.7903595 242.91062927 16.46875
v 130.52253723 244.46832275 18.8125
v 136.40852356 241.26600647 20.375
v 133.61697388 243.00570679 19.59375
v 131.82136536 243.90536499 23.5
v 135.53010559 241.86506653 23.5
v 138.70291138 239.40991211 23.5
v 136.08250427 241.49452209 25.84375
v 138.43225098 239.65510559 29.75
v 133.0743866 243.29354858 28.1875
v 129.93003845 244.70292664 27.40625
v 131.4515686 244.07270813 29.75
v 126.54381561 245.80764771 26.625
v 127.99045563 245.3820343 32.875
v 112.47771454 247.02838135 14.125
v 107.10447693 246.18711853 11
v 112.69678497 247.04701233 11
v 118.20768738 247.12704468 14.125
v 106.89513397 246.13876343 14.125
v 112.25885773 247.00857544 17.25
v 106.47808075 246.03872681 20.375
v 117.76690674 247.14782715 20.375
v 112.04024506 246.9875946 20.375
v 111.8218689 246.9654541 23.5
v 111.932724 246.97685242 26.625
v 106.68958282 246.09008789 26.625
v 117.32572174 247.16390991 26.625
v 112.04364777 246.98794556 29.75
v 117.54979706 247.15632629 32.875
v 106.9016571 246.14028931 32.875
v 101.54916382 244.44865417 21.15625
v 98.52639008 243.02557373 20.375
v 101.48718262 244.42333984 17.25
v 104.8098526 245.58778381 21.9375
v 112.1546402 246.99873352 32.875
v 112.26568604 247.00921631 36
v 107.00790405 246.16496277 36
v 101.64591217 244.48786926 24.28125
v 104.91300964 245.61808777 25.0625
v 98.7039032 243.12080383 26.625
v 101.69436646 244.50738525 25.84375
v 101.87492371 244.57928467 29.75
v 95.87374115 241.3894043 22.71875
v 93.39906311 239.39849854 18.8125
v 94.52863312 240.37579346 17.25
v 93.53553009 239.5236969 25.0625
v 91.43824768 237.31604004 21.15625
v 89.7877655 234.90771484 17.25
v 90.59481049 236.19361877 22.71875
v 88.7282486 232.62371826 26.625
v 88.67211914 232.46754456 20.375
v 91.55101013 237.45335388 27.40625
v 91.68598938 237.61431885 32.875
v 89.95930481 235.20367432 29.75
v 93.60429382 239.58599854 28.1875
v 90.64451599 236.26512146 25.84375
v 89.42429352 234.22769165 29.75
v 99.49712372 212.26527405 5.921875
v 102.54653168 210.95336914 3.96875
v 97.1462326 213.56515503 1.625
v 96.71096039 213.83953857 7.875
v 99.3814621 212.32273865 9.4375
v 102.29660797 211.04734802 11
v 106.83555603 209.66113281 4.359375
v 111.3710022 208.87284851 4.75
v 111.79424286 208.82681274 -1.5
v 105.06533051 210.12469482 11
v 112.02654266 208.8034668 11
v 105.94094086 209.88378906 -1.5
v 88.03005219 225.89512634 23.5
v 87.87705994 227.89373779 -1.5
v 87.87705994 227.89373779 48.5
v 88.03249359 229.92523193 23.5
v 88.11727142 225.38865662 4.75
v 88.48053741 223.92495728 -1.5
v 88.34347534 224.40333557 17.25
v 88.82108307 222.93739319 11
v 98.11562347 212.993927 17.25
v 99.72151947 212.1555481 11
v 97.40258026 213.40890503 11
v 96.96260834 213.67948914 17.25
v 117.92682648 208.65019226 -1.5
v 99.33706665 212.34495544 17.25
v 88.00289154 226.08151245 42.25
v 88.37406158 224.29095459 36
v 97.82559967 213.15931702 29.75
v 96.6455307 213.88180542 29.75
v 96.99775696 213.65744019 36
v 125.64562988 209.74633789 4.75
v 129.65475464 210.98085022 -1.5
v 124.02687073 209.38604736 -1.5
v 98.49299622 212.78541565 29.75
v 89.87914276 220.72817993 42.25
v 88.90766907 222.71754456 48.5
v 91.84525299 217.98667908 48.5
v 93.76024628 216.06260681 36
v 92.69434357 217.07069397 29.75
v 91.14731598 218.8384552 36
v 99.23928833 212.39421082 29.75
v 100.07413483 211.9876709 29.75
v 128.50593567 210.57333374 4.75
v 142.15548706 220.57058716 4.75
v 143.27584839 222.85575867 -1.5
v 141.41656494 219.4342041 -1.5
v 143.01887512 222.23953247 4.75
v 112.02052307 208.80406189 42.25
v 110.31826782 209.00709534 48.5
v 113.70838928 208.67417908 48.5
v 114.04788208 208.65644836 42.25
v 117.4444046 208.63137817 48.5
v 139.28067017 216.92776489 17.25
v 139.07395935 216.72563171 11
v 138.34790039 216.05657959 17.25
v 140.12846375 217.82044983 17.25
v 143.30781555 222.93824768 17.25
v 142.54277039 221.26011658 17.25
v 142.33035278 220.87220764 23.5
v 142.90882874 233.78276062 4.75
v 143.10906982 233.33218384 -1.5
v 143.56999207 232.09858704 4.75
v 142.0355835 235.40930176 4.75
v 141.21165466 236.63160706 -1.5
v 128.13987732 210.45300293 42.25
v 125.77753448 209.7789917 48.5
v 130.17988586 211.18293762 48.5
v 139.54408264 217.19366455 29.75
v 138.89685059 216.55674744 29.75
v 139.07099915 216.72277832 36
v 130.11671448 211.15808105 42.25
v 134.50993347 213.29003906 48.5
v 143.289505 222.89082336 29.75
v 142.51841736 221.21432495 29.75
v 142.56135559 234.48509216 17.25
v 143.32099915 232.8062439 17.25
v 142.37475586 234.82948303 23.5
v 130.21743774 244.59080505 4.75
v 130.2890625 244.56236267 -1.5
v 134.61470032 242.43675232 -1.5
v 128.23950195 245.30204773 4.75
v 125.88448334 245.98045349 -1.5
v 138.9680481 239.16157532 17.25
v 139.1471405 238.9889679 11
v 139.61230469 238.52081299 17.25
v 141.98686218 220.29301453 42.25
v 141.15473938 219.07437134 48.5
v 143.07434082 222.3662262 48.5
v 126.3605423 245.85696411 4.75
v 124.59230804 246.28271484 4.75
v 121.59536743 246.80853271 -1.5
v 117.54069519 247.15666199 -1.5
v 142.87039185 221.91481018 42.25
v 143.54315186 223.5975647 42.25
v 142.58578491 234.43849182 29.75
v 143.33927917 232.75802612 29.75
v 139.35516357 238.78327942 29.75
v 140.19979858 237.88330078 29.75
v 139.15327454 238.98297119 36
v 142.20294189 235.13000488 42.25
v 143.30764771 232.84114075 48.5
v 141.47041321 236.27153015 48.5
v 143.05499268 233.45779419 42.25
v 102.35129547 244.76319885 4.75
v 99.84323883 243.69535828 -1.5
v 104.41415405 245.46841431 -1.5
v 100.86941528 244.16282654 4.75
v 98.30010986 242.90182495 4.75
v 96.4489975 241.78137207 -1.5
v 96.32504272 241.69882202 4.75
v 125.79325867 246.00335693 42.25
v 129.80523682 244.75064087 48.5
v 124.16635895 246.37210083 48.5
v 128.63737488 245.16996765 42.25
v 122.85490417 246.61647034 42.25
v 118.09481812 247.1328125 48.5
v 88.00241852 229.71818542 4.75
v 88.37467957 231.52163696 11
v 88.98797607 233.28372192 17.25
v 89.33447266 234.04647827 11
v 89.32608032 234.02922058 17.25
v 88.52154541 232.01737976 17.25
v 99.3730545 243.46569824 42.25
v 100.82537842 244.14367676 48.5
v 96.39069366 241.74267578 48.5
v 101.93829346 244.60423279 42.25
v 89.64785767 234.65519714 36
v 88.83615875 232.90933228 36
v 97.08603668 242.18995667 42.25
v 88.98216248 233.26989746 29.75
v 88.6260376 232.33493042 29.75
v 88.35005951 231.43139648 29.75
v 88.11941528 230.4296875 42.25
v 88.4935379 231.92776489 48.5
v 88.9176178 222.69291687 1.625
v 90.24694061 220.12153625 -1.5
v 90.15583801 220.26646423 4.75
v 91.9519043 217.86506653 1.625
v 92.7862854 216.97808838 -1.5
v 94.05825806 215.80387878 4.75
v 90.91169739 219.15124512 7.875
v 92.13421631 217.6618042 11
v 96.27610779 214.12564087 -1.5
v 100.69786072 211.70384216 -1.5
v 89.78914642 220.88607788 14.125
v 89.08416748 222.29772949 20.375
v 94.35932159 215.55151367 14.125
v 88.4437027 224.04754639 26.625
v 89.10812378 222.24331665 29.75
v 90.15057373 220.27493286 23.5
v 93.0638504 216.70535278 20.375
v 91.31476593 218.62449646 26.625
v 94.49736786 215.43867493 23.5
v 96.78816986 213.79000854 20.375
v 90.01283264 220.50085449 32.875
v 118.58842468 208.68511963 4.75
v 119.24867249 208.73052979 11
v 112.68429565 208.74462891 17.25
v 105.68038177 209.95306396 17.25
v 106.30097961 209.79138184 23.5
v 89.00576019 222.47991943 39.125
v 96.74368286 213.8184967 26.625
v 102.69190979 210.8997345 20.375
v 99.87948608 212.07966614 23.5
v 97.12198639 213.58013916 26.625
v 88.34901428 224.38270569 45.375
v 92.56386566 217.20417786 39.125
v 131.6360321 211.79917908 1.625
v 134.51757812 213.29455566 -1.5
v 129.26567078 210.83763123 7.875
v 126.26808167 209.90490723 11
v 119.9072113 208.78645325 17.25
v 120.56369019 208.85284424 23.5
v 126.88500977 210.07350159 17.25
v 113.34389496 208.69631958 23.5
v 113.57839203 208.68170166 29.75
v 106.52252197 209.73640442 29.75
v 106.74471283 209.68267822 36
v 103.30104065 210.68299866 32.875
v 104.84282684 210.18963623 36
v 131.93107605 211.93460083 7.875
v 140.52729797 218.28170776 1.625
v 138.49052429 216.18328857 -1.5
v 96.41635132 214.03201294 48.5
v 99.79917145 212.11811829 48.5
v 135.67697144 214.02008057 14.125
v 137.2114563 215.11830139 11
v 135.0511322 213.6184082 11
v 132.63018799 212.2706604 11
v 133.1653595 212.54299927 17.25
v 127.4960556 210.25204468 23.5
v 130.42695618 211.28161621 20.375
v 133.69129944 212.82411194 23.5
v 140.77012634 218.57789612 7.875
v 140.64286804 218.42112732 11
v 120.79613495 208.87893677 29.75
v 121.02825928 208.90635681 36
v 127.71146393 210.3177948 29.75
v 113.81305695 208.66841125 36
v 143.75015259 224.28239441 1.625
v 144.15409851 226.37985229 -1.5
v 141.97711182 220.27734375 7.875
v 108.10878754 209.38362122 45.375
v 104.35321808 210.33799744 48.5
v 136.15310669 214.34265137 20.375
v 130.81330872 211.44064331 26.625
v 144.16882324 229.25909424 1.625
v 144.08830261 229.89892578 -1.5
v 144.21759033 227.13739014 4.75
v 141.67456055 219.80880737 14.125
v 140.88220215 218.71893311 17.25
v 143.93287659 225.02757263 7.875
v 143.31695557 222.96208191 11
v 144.2384491 227.89645386 11
v 142.17869568 220.60977173 14.125
v 140.58486938 218.35081482 20.375
v 138.75526428 216.42445374 23.5
v 136.4695282 214.56570435 26.625
v 133.8757019 212.92597961 29.75
v 131.01425171 211.52568054 32.875
v 140.96786499 218.82870483 20.375
v 127.9260788 210.38478088 36
v 134.05889893 213.02891541 36
v 121.26004028 208.93507385 42.25
v 121.49147797 208.96513367 48.5
v 141.32521057 219.30645752 20.375
v 144.07049561 230.01425171 7.875
v 144.00596619 225.3901062 14.125
v 140.41226196 237.63822937 1.625
v 138.40019226 239.68360901 -1.5
v 140.80917358 218.62672424 26.625
v 140.20825195 217.91038513 29.75
v 140.88098145 218.71737671 29.75
v 136.63328552 214.684021 32.875
v 137.41175842 215.27513123 36
v 135.72775269 214.05375671 36
v 131.21417236 211.61187744 39.125
v 141.07781982 218.97216797 26.625
v 141.35942078 219.35400391 26.625
v 142.3780365 234.8236084 7.875
v 143.31188965 232.83009338 11
v 140.63624573 237.37042236 11
v 144.00765991 230.37799072 14.125
v 144.23843384 227.87155151 17.25
v 133.05003357 212.48316956 39.125
v 144.00132751 225.36547852 20.375
v 143.75787354 224.31063843 23.5
v 144.23838806 227.84666443 23.5
v 141.90171814 235.62414551 7.875
v 140.72598267 237.26020813 7.875
v 140.03926086 238.06312561 7.875
v 141.63018799 219.74284363 32.875
v 140.5737915 218.33746338 36
v 142.18579102 235.15922546 14.125
v 144.01223755 230.35336304 20.375
v 143.78041077 231.38345337 23.5
v 143.99665833 225.34098816 26.625
v 142.13859558 220.54223633 32.875
v 141.68302917 235.96037292 14.125
v 140.94136047 236.98846436 17.25
v 140.27290344 237.79992676 17.25
v 139.9724884 217.64781189 39.125
v 140.66342163 218.44621277 39.125
v 141.8510437 220.07795715 39.125
v 144.01681519 230.32847595 26.625
v 133.14561462 243.25657654 7.875
v 144.23828125 227.82162476 29.75
v 143.99189758 225.3162384 32.875
v 143.28018188 222.86686707 36
v 144.23814392 227.79658508 36
v 142.33312988 220.87710571 39.125
v 141.41409302 236.3515625 20.375
v 141.13452148 236.73536682 20.375
v 131.3107605 244.13491821 7.875
v 137.49473572 240.44619751 11
v 140.86767578 237.08262634 20.375
v 130.43766785 244.50274658 7.875
v 140.34764099 218.07025146 45.375
v 138.32058716 216.032547 48.5
v 129.62080383 244.82011414 7.875
v 144.02131653 230.30369568 32.875
v 144.05705261 225.67973328 39.125
v 141.3828125 236.39561462 26.625
v 140.94389343 236.98519897 29.75
v 141.02740479 236.87686157 26.625
v 140.64923096 237.35458374 26.625
v 124.06365204 246.39291382 11
v 142.22602844 235.09048462 32.875
v 143.34829712 232.73402405 36
v 140.70579529 237.28517151 36
v 143.95056152 230.66651917 39.125
v 141.72761536 235.89321899 32.875
v 144.22195435 228.55586243 42.25
v 118.70317841 247.09806824 7.875
v 144.16012573 226.43463135 45.375
v 144.07525635 225.7928772 48.5
v 144.16314697 229.31378174 48.5
v 106.26519012 245.98574829 1.625
v 110.39796448 246.79150391 -1.5
v 142.02674866 235.42372131 39.125
v 143.7726593 231.41252136 45.375
v 140.83349609 237.12588501 39.125
v 135.78039551 241.69969177 32.875
v 137.31082153 240.59179688 36
v 135.15310669 242.10662842 36
v 132.75086975 243.45838928 36
v 107.36711121 246.24606323 7.875
v 140.59188843 237.42427063 45.375
v 138.57164001 239.52986145 48.5
v 93.91864014 239.86424255 1.625
v 91.86196899 237.81893921 -1.5
v 101.86894226 244.57691956 11
v 97.41392517 242.39050293 7.875
v 96.77275085 241.99223328 7.875
v 129.40087891 244.90133667 39.125
v 132.04917908 243.79936218 39.125
v 95.64350891 241.22596741 7.875
v 128.02359009 245.371521 39.125
v 90.70069122 236.34501648 1.625
v 88.90612793 233.08551025 -1.5
v 92.50110626 238.51724243 4.75
v 89.72541809 234.79649353 4.75
v 93.90261078 239.85031128 7.875
v 93.31221771 239.31770325 11
v 91.83522797 237.78822327 11
v 123.00177002 246.59138489 36
v 131.75987244 243.93359375 45.375
v 134.63061523 242.42724609 48.5
v 90.6892395 236.32881165 7.875
v 90.76571655 236.43632507 11
v 88.34692383 231.41975403 1.625
v 117.58621979 247.15498352 39.125
v 88.94667053 233.18470764 7.875
v 91.34685516 237.20277405 14.125
v 90.7269516 236.3820343 14.125
v 102.07011414 244.65565491 36
v 106.93618774 246.14834595 39.125
v 88.5187149 232.00842285 20.375
v 88.40322113 231.62338257 20.375
v 106.79294586 246.11471558 45.375
v 106.07422638 245.93710327 48.5
v 111.96606445 246.98020935 48.5
v 97.57499695 242.48670959 39.125
v 96.44152832 241.77642822 39.125
v 93.86291504 239.81567383 36
v 92.14837646 238.14012146 36
v 90.7474823 236.4108429 36
v 88.55169678 232.11161804 26.625
v 90.96520996 236.70909119 32.875
v 88.40120697 231.61627197 26.625
v 94.42197418 240.28889465 39.125
v 94.84233093 240.62545776 45.375
v 92.86357117 238.88568115 48.5
v 88.71240997 232.5802002 39.125
v 88.93326569 233.15213013 45.375
v 90.29212189 235.74087524 48.5
v 91.76961517 218.07418823 14.125
v 91.24355316 218.71469116 17.25
v 90.75263977 219.37083435 20.375
v 102.39962769 211.0083313 17.25
v 135.32058716 213.7883606 0.0625
v 136.61186218 214.66842651 1.625
v 129.55880737 210.94502258 11
v 136.73410034 214.75785828 4.75
v 94.12595367 215.74636841 46.9375
v 134.71109009 213.41012573 9.4375
v 138.98191833 216.63737488 6.3125
v 130.13949585 211.16702271 17.25
v 100.39394379 211.84010315 46.9375
v 135.93809509 241.59336853 3.1875
v 136.84240723 214.83805847 39.125
v 137.16537476 240.70487976 4.75
v 137.0824585 215.01908875 42.25
v 136.92602539 240.88719177 7.875
v 135.84890747 214.1348114 43.8125
v 123.63891602 246.47592163 17.25
v 118.42789459 247.11491394 11
v 112.97114563 247.06866455 7.875
v 113.79592896 247.12246704 -1.5
v 139.06365967 239.06993103 40.6875
v 134.8213501 242.3120575 37.5625
v 136.82778931 240.9606781 42.25
v 122.78407288 246.62835693 29.75
v 119.29381561 247.0557251 25.0625
v 128.09228516 245.34957886 36
v 136.70819092 241.0491333 45.375
v 135.42430115 241.9337616 46.9375
v 97.20578003 242.26394653 11
v 97.04068756 242.16171265 14.125
v 117.6618042 247.15208435 36
v 95.74420166 241.29792786 15.6875
v 112.19073486 247.00216675 39.125
v 112.11582184 246.99499512 42.25
v 97.54724121 242.47024536 32.875
v 96.1413269 241.5745697 31.3125
v 94.82498169 240.61186218 29.75
v 97.63269043 242.52081299 36
v 91.14624023 236.94761658 42.25
v 89.73583984 234.81523132 40.6875
v 92.30827332 238.31347656 46.9375
v 91.30110168 237.14538574 45.375
v 160.70909119 239.67878723 48.5
v 160.70909119 214.77615356 48.5
v 160.70909119 239.67878723 -1.5
v 160.70909119 214.77615356 -1.5
v 165.76661682 244.73631287 -1.5
v 165.76661682 244.73631287 48.5
v 163.237854 244.05873108 -1.5
v 163.237854 244.05873108 48.5
v 161.38667297 242.20755005 -1.5
v 161.38667297 242.20755005 48.5
v 208.45684814 244.73631287 48.5
v 208.45684814 244.73631287 -1.5
v 213.51437378 239.67878723 48.5
v 212.83679199 242.20755005 48.5
v 213.51437378 239.67878723 -1.5
v 212.83679199 242.20755005 -1.5
v 210.98561096 244.05873108 48.5
v 210.98561096 244.05873108 -1.5
v 213.51437378 214.77615356 48.5
v 213.51437378 214.77615356 -1.5
v 208.45684814 209.71862793 -1.5
v 208.45684814 209.71862793 48.5
v 210.98561096 210.39620972 -1.5
v 210.98561096 210.39620972 48.5
v 212.83679199 212.24739075 -1.5
v 212.83679199 212.24739075 48.5
v 165.76661682 209.71862793 48.5
v 165.76661682 209.71862793 -1.5
v 161.38667297 212.24739075 48.5
v 161.38667297 212.24739075 -1.5
v 163.237854 210.39620972 48.5
v 163.237854 210.39620972 -1.5
v 182.45451355 144.99003601 48.5
v 182.45451355 144.99003601 -1.5
v 181.86027527 142.77229309 48.5
v 181.86027527 142.77229309 -1.5
v 180.23677063 141.14878845 48.5
v 180.23677063 141.14878845 -1.5
v 178.01902771 140.55455017 48.5
v 178.01902771 140.55455017 -1.5
v 159.42759705 140.55455017 48.5
v 159.42759705 140.55455017 -1.5
v 157.20985413 141.14878845 48.5
v 157.20985413 141.14878845 -1.5
v 155.58634949 142.77229309 48.5
v 155.58634949 142.77229309 -1.5
v 154.99211121 144.99003601 48.5
v 154.99211121 144.99003601 -1.5
v 154.99211121 163.58146667 -1.5
v 154.99211121 163.58146667 48.5
v 217.15887451 168.01695251 -1.5
v 219.37661743 167.42271423 -1.5
v 217.15887451 168.01695251 48.5
v 219.37661743 167.42271423 48.5
v 221.00012207 165.79920959 -1.5
v 221.00012207 165.79920959 48.5
v 221.59436035 163.58146667 -1.5
v 221.59436035 163.58146667 48.5
v 221.59436035 144.99003601 48.5
v 221.59436035 144.99003601 -1.5
v 198.56744385 168.01695251 -1.5
v 198.56744385 168.01695251 48.5
v 221.00012207 142.77229309 48.5
v 221.00012207 142.77229309 -1.5
v 219.37661743 141.14878845 48.5
v 219.37661743 141.14878845 -1.5
v 217.15887451 140.55455017 48.5
v 217.15887451 140.55455017 -1.5
v 198.56744385 140.55455017 -1.5
v 198.56744385 140.55455017 48.5
v 178.01902771 168.01695251 -1.5
v 180.23677063 167.42271423 -1.5
v 178.01902771 168.01695251 48.5
v 180.23677063 167.42271423 48.5
v 181.86027527 165.79920959 -1.5
v 181.86027527 165.79920959 48.5
v 182.45451355 163.58146667 -1.5
v 182.45451355 163.58146667 48.5
v 155.58634949 165.79920959 -1.5
v 155.58634949 165.79920959 48.5
v 157.20985413 167.42271423 -1.5
v 157.20985413 167.42271423 48.5
v 159.42759705 168.01695251 -1.5
v 159.42759705 168.01695251 48.5
v 196.34970093 141.14878845 48.5
v 196.34970093 141.14878845 -1.5
v 194.72621155 142.77229309 48.5
v 194.72621155 142.77229309 -1.5
v 194.13195801 144.99003601 48.5
v 194.13195801 144.99003601 -1.5
v 194.13195801 163.58146667 -1.5
v 194.13195801 163.58146667 48.5
v 194.72621155 165.79920959 -1.5
v 194.72621155 165.79920959 48.5
v 196.34970093 167.42271423 -1.5
v 196.34970093 167.42271423 48.5
v 212.74028015 91.17559814 48.5
v 160.56332397 91.17559814 48.5
v 212.74028015 91.17559814 -1.5
v 160.56332397 91.17559814 -1.5
v 217.79780579 86.11808014 48.5
v 217.120224 88.64684296 48.5
v 217.79780579 86.11808014 -1.5
v 217.120224 88.64684296 -1.5
v 215.26904297 90.49802399 48.5
v 215.26904297 90.49802399 -1.5
v 217.79780579 57.65792084 48.5
v 217.79780579 57.65792084 -1.5
v 212.74028015 52.60039902 -1.5
v 212.74028015 52.60039902 48.5
v 215.26904297 53.2779808 -1.5
v 215.26904297 53.2779808 48.5
v 217.120224 55.12916183 -1.5
v 217.120224 55.12916183 48.5
v 208.90013123 52.60039902 48.5
v 208.90013123 52.60039902 -1.5
v 203.90605164 56.85936356 48.5
v 204.81144714 54.68115234 48.5
v 203.90605164 56.85936356 -1.5
v 204.81144714 54.68115234 -1.5
v 206.60629272 53.15050507 48.5
v 206.60629272 53.15050507 -1.5
v 203.08462524 60.04037857 48.5
v 203.08462524 60.04037857 -1.5
v 201.68226624 63.01140976 48.5
v 201.68226624 63.01140976 -1.5
v 199.74856567 65.66741943 48.5
v 199.74856567 65.66741943 -1.5
v 197.35186768 67.91451263 48.5
v 197.35186768 67.91451263 -1.5
v 194.5769043 69.67325592 48.5
v 194.5769043 69.67325592 -1.5
v 191.52177429 70.88147736 48.5
v 191.52177429 70.88147736 -1.5
v 188.29447937 71.49645233 48.5
v 188.29447937 71.49645233 -1.5
v 185.00912476 71.49645233 48.5
v 185.00912476 71.49645233 -1.5
v 181.78182983 70.88147736 48.5
v 181.78182983 70.88147736 -1.5
v 178.72669983 69.67325592 48.5
v 178.72669983 69.67325592 -1.5
v 175.95173645 67.91451263 48.5
v 175.95173645 67.91451263 -1.5
v 173.55503845 65.66741943 48.5
v 173.55503845 65.66741943 -1.5
v 171.62132263 63.01140976 -1.5
v 171.62132263 63.01140976 48.5
v 170.21897888 60.04037857 48.5
v 170.21897888 60.04037857 -1.5
v 169.39755249 56.85936356 48.5
v 169.39755249 56.85936356 -1.5
v 164.4034729 52.60039902 48.5
v 166.6973114 53.15050507 48.5
v 164.4034729 52.60039902 -1.5
v 166.6973114 53.15050507 -1.5
v 168.49215698 54.68115234 48.5
v 168.49215698 54.68115234 -1.5
v 160.56332397 52.60039902 48.5
v 160.56332397 52.60039902 -1.5
v 155.50579834 57.65792084 48.5
v 156.18338013 55.12916183 48.5
v 155.50579834 57.65792084 -1.5
v 156.18338013 55.12916183 -1.5
v 158.03456116 53.2779808 48.5
v 158.03456116 53.2779808 -1.5
v 155.50579834 86.11808014 48.5
v 155.50579834 86.11808014 -1.5
v 158.03456116 90.49802399 48.5
v 158.03456116 90.49802399 -1.5
v 156.18338013 88.64684296 48.5
v 156.18338013 88.64684296 -1.5
v 82.66656494 64.05010986 -1.5
v 83.15544128 67.29359436 -1.5
v 82.66656494 64.05010986 48.5
v 83.15544128 67.29359436 48.5
v 84.57863617 70.24888611 -1.5
v 84.57863617 70.24888611 48.5
v 86.80968475 72.65338135 -1.5
v 86.80968475 72.65338135 48.5
v 89.65035248 74.29344177 -1.5
v 89.65035248 74.29344177 48.5
v 92.84823608 75.02333832 -1.5
v 92.84823608 75.02333832 48.5
v 96.1191864 74.7782135 -1.5
v 96.1191864 74.7782135 48.5
v 99.17256927 73.57985687 -1.5
v 99.17256927 73.57985687 48.5
v 101.73706818 71.534729 -1.5
v 101.73706818 71.534729 48.5
v 103.58483124 68.8245697 -1.5
v 103.58483124 68.8245697 48.5
v 104.55165863 65.69017029 -1.5
v 104.55165863 65.69017029 48.5
v 104.55165863 62.41004944 -1.5
v 104.55165863 62.41004944 48.5
v 103.58483124 59.27565384 -1.5
v 103.58483124 59.27565384 48.5
v 101.73706818 56.56549072 -1.5
v 101.73706818 56.56549072 48.5
v 99.17256927 54.52036667 -1.5
v 99.17256927 54.52036667 48.5
v 96.1191864 53.32200241 -1.5
v 96.1191864 53.32200241 48.5
v 92.84823608 53.07688141 -1.5
v 92.84823608 53.07688141 48.5
v 89.65035248 53.80677414 -1.5
v 89.65035248 53.80677414 48.5
v 86.80968475 55.44683838 -1.5
v 86.80968475 55.44683838 48.5
v 84.57863617 57.85133743 -1.5
v 84.57863617 57.85133743 48.5
v 83.15544128 60.80662537 -1.5
v 83.15544128 60.80662537 48.5
v 98.50656891 91.48579407 48.5
v 98.50656891 91.48579407 -1.5
v 98.99544525 94.72927856 48.5
v 98.99544525 94.72927856 -1.5
v 100.41863251 97.68457031 -1.5
v 100.41863251 97.68457031 48.5
v 102.64968872 100.08906555 -1.5
v 102.64968872 100.08906555 48.5
v 105.49035645 101.72912598 -1.5
v 105.49035645 101.72912598 48.5
v 108.68824005 102.45902252 -1.5
v 108.68824005 102.45902252 48.5
v 111.95919037 102.21390533 -1.5
v 111.95919037 102.21390533 48.5
v 115.01256561 101.01554108 -1.5
v 115.01256561 101.01554108 48.5
v 117.57707214 98.97041321 -1.5
v 117.57707214 98.97041321 48.5
v 119.42482758 96.26025391 -1.5
v 119.42482758 96.26025391 48.5
v 120.3916626 93.12585449 -1.5
v 120.3916626 93.12585449 48.5
v 120.3916626 89.84573364 -1.5
v 120.3916626 89.84573364 48.5
v 119.42482758 86.71134186 -1.5
v 119.42482758 86.71134186 48.5
v 117.57707214 84.00117493 -1.5
v 117.57707214 84.00117493 48.5
v 115.01256561 81.95605469 -1.5
v 115.01256561 81.95605469 48.5
v 111.95919037 80.75769043 -1.5
v 111.95919037 80.75769043 48.5
v 108.68824005 80.51256561 -1.5
v 108.68824005 80.51256561 48.5
v 105.49035645 81.24246216 -1.5
v 105.49035645 81.24246216 48.5
v 102.64968872 82.88252258 -1.5
v 102.64968872 82.88252258 48.5
v 100.41863251 85.28701782 -1.5
v 100.41863251 85.28701782 48.5
v 98.99544525 88.24230957 48.5
v 98.99544525 88.24230957 -1.5
v 114.34656525 64.05010986 48.5
v 114.34656525 64.05010986 -1.5
v 114.83544159 67.29359436 48.5
v 114.83544159 67.29359436 -1.5
v 116.25863647 70.24888611 -1.5
v 116.25863647 70.24888611 48.5
v 118.48968506 72.65338135 -1.5
v 118.48968506 72.65338135 48.5
v 121.33035278 74.29344177 -1.5
v 121.33035278 74.29344177 48.5
v 124.52823639 75.02333832 -1.5
v 124.52823639 75.02333832 48.5
v 127.79918671 74.7782135 -1.5
v 127.79918671 74.7782135 48.5
v 130.85256958 73.57985687 -1.5
v 130.85256958 73.57985687 48.5
v 133.41706848 71.534729 -1.5
v 133.41706848 71.534729 48.5
v 135.26483154 68.8245697 -1.5
v 135.26483154 68.8245697 48.5
v 136.23165894 65.69017029 -1.5
v 136.23165894 65.69017029 48.5
v 136.23165894 62.41004944 -1.5
v 136.23165894 62.41004944 48.5
v 135.26483154 59.27565384 -1.5
v 135.26483154 59.27565384 48.5
v 133.41706848 56.56549072 -1.5
v 133.41706848 56.56549072 48.5
v 130.85256958 54.52036667 -1.5
v 130.85256958 54.52036667 48.5
v 127.79918671 53.32200241 -1.5
v 127.79918671 53.32200241 48.5
v 124.52823639 53.07688141 -1.5
v 124.52823639 53.07688141 48.5
v 121.33035278 53.80677414 -1.5
v 121.33035278 53.80677414 48.5
v 118.48968506 55.44683838 -1.5
v 118.48968506 55.44683838 48.5
v 116.25863647 57.85133743 -1.5
v 116.25863647 57.85133743 48.5
v 114.83544159 60.80662537 -1.5
v 114.83544159 60.80662537 48.5
v 41.11423874 52.51865005 -1.5
v 41.11423874 52.51865005 48.5
v 42.76477051 51.9179039 -1.5
v 42.76477051 51.9179039 48.5
v 44.52122879 51.9179039 -1.5
v 44.52122879 51.9179039 48.5
v 46.17176056 52.51865005 -1.5
v 46.17176056 52.51865005 48.5
v 22.07847404 63.50895309 48.5
v 22.07847404 63.50895309 -1.5
v 19.54971313 67.88889313 -1.5
v 19.54971313 67.88889313 48.5
v 19.85471916 66.15911865 -1.5
v 19.85471916 66.15911865 48.5
v 20.7329483 64.63798523 -1.5
v 20.7329483 64.63798523 48.5
v 19.54971313 89.86950684 48.5
v 19.54971313 89.86950684 -1.5
v 22.07847404 94.24944305 -1.5
v 22.07847404 94.24944305 48.5
v 20.7329483 93.12041473 -1.5
v 20.7329483 93.12041473 48.5
v 19.85471916 91.59928131 -1.5
v 19.85471916 91.59928131 48.5
v 41.11423874 105.23975372 48.5
v 41.11423874 105.23975372 -1.5
v 46.17176056 105.23975372 48.5
v 44.52122879 105.84049225 48.5
v 46.17176056 105.23975372 -1.5
v 44.52122879 105.84049225 -1.5
v 42.76477051 105.84049225 48.5
v 42.76477051 105.84049225 -1.5
v 65.20752716 94.24944305 48.5
v 65.20752716 94.24944305 -1.5
v 67.73628998 89.86950684 48.5
v 67.43128204 91.59928131 48.5
v 67.73628998 89.86950684 -1.5
v 67.43128204 91.59928131 -1.5
v 66.55305481 93.12041473 48.5
v 66.55305481 93.12041473 -1.5
v 67.73628998 67.88889313 48.5
v 67.73628998 67.88889313 -1.5
v 65.20752716 63.50895309 48.5
v 66.55305481 64.63798523 48.5
v 65.20752716 63.50895309 -1.5
v 66.55305481 64.63798523 -1.5
v 67.43128204 66.15911865 48.5
v 67.43128204 66.15911865 -1.5
v 37.14142227 239.71032715 -1.5
v 37.14142227 225.45431519 -1.5
v 37.14142227 239.71032715 48.5
v 37.14142227 225.45431519 48.5
v 36.30381393 222.32832336 48.5
v 36.30381393 222.32832336 -1.5
v 34.01542282 220.03993225 48.5
v 34.01542282 220.03993225 -1.5
v 30.88942337 219.20231628 48.5
v 30.88942337 219.20231628 -1.5
v 16.63342285 219.20231628 -1.5
v 16.63342285 219.20231628 48.5
v 13.5074234 220.03993225 48.5
v 13.5074234 220.03993225 -1.5
v 11.21903229 222.32832336 48.5
v 11.21903229 222.32832336 -1.5
v 10.381423 225.45431519 48.5
v 10.381423 225.45431519 -1.5
v 49.98142242 232.58232117 48.5
v 49.98142242 232.58232117 -1.5
v 50.37022018 235.78436279 48.5
v 50.37022018 235.78436279 -1.5
v 51.51402283 238.80032349 48.5
v 51.51402283 238.80032349 -1.5
v 53.34634781 241.45489502 48.5
v 53.34634781 241.45489502 -1.5
v 55.76071548 243.59384155 48.5
v 55.76071548 243.59384155 -1.5
v 58.61680984 245.09283447 48.5
v 58.61680984 245.09283447 -1.5
v 61.74864197 245.86476135 48.5
v 61.74864197 245.86476135 -1.5
v 64.97420502 245.86476135 48.5
v 64.97420502 245.86476135 -1.5
v 68.10603333 245.09283447 48.5
v 68.10603333 245.09283447 -1.5
v 70.96212769 243.59384155 48.5
v 70.96212769 243.59384155 -1.5
v 73.37649536 241.45489502 48.5
v 73.37649536 241.45489502 -1.5
v 75.20882416 238.80032349 48.5
v 75.20882416 238.80032349 -1.5
v 76.35262299 235.78436279 -1.5
v 76.35262299 235.78436279 48.5
v 76.74142456 232.58232117 48.5
v 76.74142456 232.58232117 -1.5
v 76.35262299 229.38027954 -1.5
v 76.35262299 229.38027954 48.5
v 75.20882416 226.36431885 48.5
v 75.20882416 226.36431885 -1.5
v 73.37649536 223.70973206 -1.5
v 73.37649536 223.70973206 48.5
v 70.96212769 221.57080078 48.5
v 70.96212769 221.57080078 -1.5
v 68.10603333 220.07180786 48.5
v 68.10603333 220.07180786 -1.5
v 64.97420502 219.29988098 -1.5
v 64.97420502 219.29988098 48.5
v 61.74864197 219.29988098 48.5
v 61.74864197 219.29988098 -1.5
v 58.61680984 220.07180786 -1.5
v 58.61680984 220.07180786 48.5
v 55.76071548 221.57080078 48.5
v 55.76071548 221.57080078 -1.5
v 53.34634781 223.70973206 48.5
v 53.34634781 223.70973206 -1.5
v 51.51402283 226.36431885 -1.5
v 51.51402283 226.36431885 48.5
v 50.37022018 229.38027954 -1.5
v 50.37022018 229.38027954 48.5
v 30.88942337 245.96232605 -1.5
v 34.01542282 245.12471008 -1.5
v 30.88942337 245.96232605 48.5
v 34.01542282 245.12471008 48.5
v 36.30381393 242.83631897 -1.5
v 36.30381393 242.83631897 48.5
v 10.381423 239.71032715 -1.5
v 10.381423 239.71032715 48.5
v 16.63342285 245.96232605 -1.5
v 16.63342285 245.96232605 48.5
v 11.21903229 242.83631897 -1.5
v 11.21903229 242.83631897 48.5
v 13.5074234 245.12471008 -1.5
v 13.5074234 245.12471008 48.5
v 66.63320923 167.02360535 48.5
v 52.28792572 167.02360535 48.5
v 66.63320923 167.02360535 -1.5
v 52.28792572 167.02360535 -1.5
v 69.6059494 157.87446594 48.5
v 71.44319916 160.4032135 48.5
v 69.6059494 157.87446594 -1.5
v 71.44319916 160.4032135 -1.5
v 71.44319916 163.52894592 48.5
v 71.44319916 163.52894592 -1.5
v 69.6059494 166.05769348 48.5
v 69.6059494 166.05769348 -1.5
v 58.00036621 149.44252014 48.5
v 58.00036621 149.44252014 -1.5
v 62.43330383 135.79933167 48.5
v 62.43330383 135.79933167 -1.5
v 54.65058136 130.14485168 -1.5
v 54.65058136 130.14485168 48.5
v 57.62331772 129.17895508 -1.5
v 57.62331772 129.17895508 48.5
v 60.59605408 130.14485168 -1.5
v 60.59605408 130.14485168 48.5
v 62.43330383 132.6736145 -1.5
v 62.43330383 132.6736145 48.5
v 43.04500198 138.57679749 48.5
v 43.04500198 138.57679749 -1.5
v 31.43942261 130.14485168 48.5
v 31.43942261 130.14485168 -1.5
v 23.65670013 135.79933167 48.5
v 23.65670013 132.6736145 48.5
v 23.65670013 135.79933167 -1.5
v 23.65670013 132.6736145 -1.5
v 25.4939518 130.14485168 48.5
v 25.4939518 130.14485168 -1.5
v 28.46668816 129.17895508 48.5
v 28.46668816 129.17895508 -1.5
v 28.08963776 149.44252014 48.5
v 28.08963776 149.44252014 -1.5
v 16.48405838 157.87446594 48.5
v 16.48405838 157.87446594 -1.5
v 19.45679283 167.02360535 -1.5
v 19.45679283 167.02360535 48.5
v 16.48405838 166.05769348 -1.5
v 16.48405838 166.05769348 48.5
v 14.64680576 163.52894592 -1.5
v 14.64680576 163.52894592 48.5
v 14.64680576 160.4032135 -1.5
v 14.64680576 160.4032135 48.5
v 33.80207825 167.02360535 48.5
v 33.80207825 167.02360535 -1.5
v 38.23501587 180.66677856 48.5
v 38.23501587 180.66677856 -1.5
v 47.8549881 180.66677856 48.5
v 46.01773834 183.19554138 48.5
v 47.8549881 180.66677856 -1.5
v 46.01773834 183.19554138 -1.5
v 43.04500198 184.16143799 48.5
v 43.04500198 184.16143799 -1.5
v 40.07226562 183.19554138 48.5
v 40.07226562 183.19554138 -1.5
v 1 263 48.23205185
v 2 263 48.5
v 2 264 48.23205185
v 1 264.73205566 46.5
v 2 264.73205566 47.5
v 2 265 46.5
v 0 263 46.5
v 0.26794919 263 47.5
v 0.26794919 264 46.5
v 0.67863578 263.28207397 47.97459412
v 0.67863578 264.47457886 46.7820816
v 2 265 -1.5
v 1 264.73205566 -1.5
v 0.26794919 264 -1.5
v 0 263 -1.5
v 229 263 48.23205185
v 228 264 48.23205185
v 228 263 48.5
v 229 264.73205566 46.5
v 228 265 46.5
v 228 264.73205566 47.5
v 230 263 46.5
v 229.73205566 264 46.5
v 229.73205566 263 47.5
v 228.28207397 264.47457886 47.82136536
v 229.47459412 263.28207397 47.82136536
v 230 263 -1.5
v 229.73205566 264 -1.5
v 229 264.73205566 -1.5
v 228 265 -1.5
v 1 35.26794815 46.5
v 2 35 46.5
v 2 35.26794815 47.5
v 1 37 48.23205185
v 2 36 48.23205185
v 2 37 48.5
v 0 37 46.5
v 0.26794919 36 46.5
v 0.26794919 37 47.5
v 0.67863578 35.52540588 46.7820816
v 0.67863578 36.7179184 47.97459412
v 0 37 -1.5
v 0.26794919 36 -1.5
v 1 35.26794815 -1.5
v 2 35 -1.5
v 229.73205566 37 47.5
v 229.73205566 36 46.5
v 230 37 46.5
v 228 35.26794815 47.5
v 228 35 46.5
v 229 35.26794815 46.5
v 228 37 48.5
v 228 36 48.23205185
v 229 37 48.23205185
v 229.32136536 35.52540588 46.7820816
v 229.32136536 36.7179184 47.97459412
v 228 35 -1.5
v 229 35.26794815 -1.5
v 229.73205566 36 -1.5
v 230 37 -1.5
v 299.90872192 214.97886658 48.5
v 299.90872192 214.97886658 -1.5
v 297.17874146 215.71037292 48.5
v 297.17874146 215.71037292 -1.5
v 295.18023682 217.70887756 48.5
v 295.18023682 217.70887756 -1.5
v 294.44873047 220.43887329 48.5
v 294.44873047 220.43887329 -1.5
v 294.44873047 232.31887817 -1.5
v 294.44873047 232.31887817 48.5
v 295.18023682 235.0488739 48.5
v 295.18023682 235.0488739 -1.5
v 297.17874146 237.04737854 48.5
v 297.17874146 237.04737854 -1.5
v 299.90872192 237.77886963 48.5
v 299.90872192 237.77886963 -1.5
v 311.78872681 237.77886963 -1.5
v 311.78872681 237.77886963 48.5
v 327.44873047 226.37887573 -1.5
v 327.91052246 229.59062195 -1.5
v 327.44873047 226.37887573 48.5
v 327.91052246 229.59062195 48.5
v 329.25845337 232.54217529 -1.5
v 329.25845337 232.54217529 48.5
v 331.3833313 234.99441528 -1.5
v 331.3833313 234.99441528 48.5
v 334.11300659 236.74867249 -1.5
v 334.11300659 236.74867249 48.5
v 337.22634888 237.6628418 -1.5
v 337.22634888 237.6628418 48.5
v 340.47113037 237.6628418 -1.5
v 340.47113037 237.6628418 48.5
v 343.58447266 236.74867249 -1.5
v 343.58447266 236.74867249 48.5
v 346.31414795 234.99441528 -1.5
v 346.31414795 234.99441528 48.5
v 348.43902588 232.54217529 -1.5
v 348.43902588 232.54217529 48.5
v 349.78695679 229.59062195 -1.5
v 349.78695679 229.59062195 48.5
v 350.24871826 226.37887573 -1.5
v 350.24871826 226.37887573 48.5
v 349.78695679 223.16711426 -1.5
v 349.78695679 223.16711426 48.5
v 348.43902588 220.21556091 -1.5
v 348.43902588 220.21556091 48.5
v 346.31414795 217.76332092 -1.5
v 346.31414795 217.76332092 48.5
v 343.58447266 216.00906372 -1.5
v 343.58447266 216.00906372 48.5
v 340.47113037 215.09490967 -1.5
v 340.47113037 215.09490967 48.5
v 337.22634888 215.09490967 -1.5
v 337.22634888 215.09490967 48.5
v 334.11300659 216.00906372 -1.5
v 334.11300659 216.00906372 48.5
v 331.3833313 217.76332092 -1.5
v 331.3833313 217.76332092 48.5
v 329.25845337 220.21556091 -1.5
v 329.25845337 220.21556091 48.5
v 327.91052246 223.16711426 -1.5
v 327.91052246 223.16711426 48.5
v 314.51873779 237.04737854 -1.5
v 314.51873779 237.04737854 48.5
v 316.51724243 235.0488739 -1.5
v 316.51724243 235.0488739 48.5
v 317.24871826 232.31887817 -1.5
v 317.24871826 232.31887817 48.5
v 317.24871826 220.43887329 -1.5
v 317.24871826 220.43887329 48.5
v 316.51724243 217.70887756 48.5
v 316.51724243 217.70887756 -1.5
v 314.51873779 215.71037292 48.5
v 314.51873779 215.71037292 -1.5
v 311.78872681 214.97886658 48.5
v 311.78872681 214.97886658 -1.5
v 366.23034668 77.35671997 48.5
v 366.23034668 77.35671997 -1.5
v 366.79846191 80.57855225 48.5
v 366.79846191 80.57855225 -1.5
v 368.43423462 83.41178131 48.5
v 368.43423462 83.41178131 -1.5
v 370.94036865 85.51467896 48.5
v 370.94036865 85.51467896 -1.5
v 374.0145874 86.63360596 48.5
v 374.0145874 86.63360596 -1.5
v 377.28613281 86.63360596 48.5
v 377.28613281 86.63360596 -1.5
v 380.36035156 85.51467896 48.5
v 380.36035156 85.51467896 -1.5
v 382.8664856 83.41178131 48.5
v 382.8664856 83.41178131 -1.5
v 384.5022583 80.57855225 48.5
v 384.5022583 80.57855225 -1.5
v 385.07037354 77.35671997 48.5
v 385.07037354 77.35671997 -1.5
v 384.5022583 74.1348877 48.5
v 384.5022583 74.1348877 -1.5
v 382.8664856 71.30165863 48.5
v 382.8664856 71.30165863 -1.5
v 380.36035156 69.19876099 48.5
v 380.36035156 69.19876099 -1.5
v 377.28613281 68.07983398 48.5
v 377.28613281 68.07983398 -1.5
v 374.0145874 68.07983398 48.5
v 374.0145874 68.07983398 -1.5
v 370.94036865 69.19876099 -1.5
v 370.94036865 69.19876099 48.5
v 368.43423462 71.30165863 48.5
v 368.43423462 71.30165863 -1.5
v 366.79846191 74.1348877 48.5
v 366.79846191 74.1348877 -1.5
v 379.43035889 100.2197876 -1.5
v 379.9984436 103.44161987 -1.5
v 379.43035889 100.2197876 48.5
v 379.9984436 103.44161987 48.5
v 381.63421631 106.27484894 48.5
v 381.63421631 106.27484894 -1.5
v 384.14035034 108.37774658 48.5
v 384.14035034 108.37774658 -1.5
v 387.21459961 109.49668121 48.5
v 387.21459961 109.49668121 -1.5
v 390.4861145 109.49668121 48.5
v 390.4861145 109.49668121 -1.5
v 393.56036377 108.37774658 48.5
v 393.56036377 108.37774658 -1.5
v 396.0664978 106.27484894 48.5
v 396.0664978 106.27484894 -1.5
v 397.70227051 103.44161987 48.5
v 397.70227051 103.44161987 -1.5
v 398.27035522 100.2197876 48.5
v 398.27035522 100.2197876 -1.5
v 397.70227051 96.99796295 48.5
v 397.70227051 96.99796295 -1.5
v 396.0664978 94.16473389 48.5
v 396.0664978 94.16473389 -1.5
v 393.56036377 92.06182861 48.5
v 393.56036377 92.06182861 -1.5
v 390.4861145 90.94290161 48.5
v 390.4861145 90.94290161 -1.5
v 387.21459961 90.94290161 48.5
v 387.21459961 90.94290161 -1.5
v 384.14035034 92.06182861 48.5
v 384.14035034 92.06182861 -1.5
v 381.63421631 94.16473389 48.5
v 381.63421631 94.16473389 -1.5
v 379.9984436 96.99796295 -1.5
v 379.9984436 96.99796295 48.5
v 392.63037109 77.35671997 48.5
v 392.63037109 77.35671997 -1.5
v 393.19845581 80.57855225 48.5
v 393.19845581 80.57855225 -1.5
v 394.83422852 83.41178131 48.5
v 394.83422852 83.41178131 -1.5
v 397.34036255 85.51467896 48.5
v 397.34036255 85.51467896 -1.5
v 400.4145813 86.63360596 48.5
v 400.4145813 86.63360596 -1.5
v 403.68612671 86.63360596 48.5
v 403.68612671 86.63360596 -1.5
v 406.76037598 85.51467896 48.5
v 406.76037598 85.51467896 -1.5
v 409.26651001 83.41178131 48.5
v 409.26651001 83.41178131 -1.5
v 410.9022522 80.57855225 48.5
v 410.9022522 80.57855225 -1.5
v 411.47036743 77.35671997 48.5
v 411.47036743 77.35671997 -1.5
v 410.9022522 74.1348877 48.5
v 410.9022522 74.1348877 -1.5
v 409.26651001 71.30165863 48.5
v 409.26651001 71.30165863 -1.5
v 406.76037598 69.19876099 48.5
v 406.76037598 69.19876099 -1.5
v 403.68612671 68.07983398 48.5
v 403.68612671 68.07983398 -1.5
v 400.4145813 68.07983398 48.5
v 400.4145813 68.07983398 -1.5
v 397.34036255 69.19876099 -1.5
v 397.34036255 69.19876099 48.5
v 394.83422852 71.30165863 48.5
v 394.83422852 71.30165863 -1.5
v 393.19845581 74.1348877 48.5
v 393.19845581 74.1348877 -1.5
v 341.50360107 95.7516861 48.5
v 341.23944092 97.24973297 48.5
v 341.50360107 95.7516861 -1.5
v 341.23944092 97.24973297 -1.5
v 340.47885132 98.5670929 48.5
v 340.47885132 98.5670929 -1.5
v 339.31359863 99.5448761 -1.5
v 339.31359863 99.5448761 48.5
v 341.50360107 77.95722198 -1.5
v 341.50360107 77.95722198 48.5
v 339.31359863 74.16403198 48.5
v 340.47885132 75.14181519 48.5
v 339.31359863 74.16403198 -1.5
v 340.47885132 75.14181519 -1.5
v 341.23944092 76.45917511 48.5
v 341.23944092 76.45917511 -1.5
v 323.90313721 65.26679993 -1.5
v 323.90313721 65.26679993 48.5
v 319.52313232 65.26679993 48.5
v 320.95254517 64.74653625 48.5
v 319.52313232 65.26679993 -1.5
v 320.95254517 64.74653625 -1.5
v 322.47372437 64.74653625 48.5
v 322.47372437 64.74653625 -1.5
v 304.1126709 74.16403198 -1.5
v 304.1126709 74.16403198 48.5
v 301.92266846 77.95722198 48.5
v 302.18682861 76.45917511 48.5
v 301.92266846 77.95722198 -1.5
v 302.18682861 76.45917511 -1.5
v 302.9473877 75.14181519 48.5
v 302.9473877 75.14181519 -1.5
v 301.92266846 95.7516861 -1.5
v 301.92266846 95.7516861 48.5
v 304.1126709 99.5448761 48.5
v 302.9473877 98.5670929 48.5
v 304.1126709 99.5448761 -1.5
v 302.9473877 98.5670929 -1.5
v 302.18682861 97.24973297 48.5
v 302.18682861 97.24973297 -1.5
v 319.52313232 108.44210815 -1.5
v 319.52313232 108.44210815 48.5
v 323.90313721 108.44210815 -1.5
v 323.90313721 108.44210815 48.5
v 322.47372437 108.96237183 -1.5
v 322.47372437 108.96237183 48.5
v 320.95254517 108.96237183 -1.5
v 320.95254517 108.96237183 48.5
v 365.54000854 159.19999695 -1.5
v 365.54000854 159.19999695 48.5
v 365.78192139 155.97174072 -1.5
v 365.78192139 155.97174072 48.5
v 366.50228882 152.81559753 -1.5
v 366.50228882 152.81559753 48.5
v 367.68502808 149.80207825 -1.5
v 367.68502808 149.80207825 48.5
v 369.30368042 146.99848938 -1.5
v 369.30368042 146.99848938 48.5
v 371.32208252 144.467453 -1.5
v 371.32208252 144.467453 48.5
v 373.69522095 142.26553345 -1.5
v 373.69522095 142.26553345 48.5
v 376.36999512 140.44189453 -1.5
v 376.36999512 140.44189453 48.5
v 379.28671265 139.03727722 -1.5
v 379.28671265 139.03727722 48.5
v 382.38018799 138.08306885 -1.5
v 382.38018799 138.08306885 48.5
v 385.58135986 137.60057068 -1.5
v 385.58135986 137.60057068 48.5
v 388.81866455 137.60057068 -1.5
v 388.81866455 137.60057068 48.5
v 392.01980591 138.08306885 -1.5
v 392.01980591 138.08306885 48.5
v 395.11328125 139.03727722 -1.5
v 395.11328125 139.03727722 48.5
v 398.02999878 140.44189453 -1.5
v 398.02999878 140.44189453 48.5
v 400.70480347 142.26553345 -1.5
v 400.70480347 142.26553345 48.5
v 403.07791138 144.467453 -1.5
v 403.07791138 144.467453 48.5
v 405.09634399 146.99848938 -1.5
v 405.09634399 146.99848938 48.5
v 406.71499634 149.80207825 -1.5
v 406.71499634 149.80207825 48.5
v 407.89770508 152.81559753 -1.5
v 407.89770508 152.81559753 48.5
v 408.61807251 155.97174072 -1.5
v 408.61807251 155.97174072 48.5
v 408.85998535 159.19999695 48.5
v 408.85998535 159.19999695 -1.5
v 408.61807251 162.42825317 -1.5
v 408.61807251 162.42825317 48.5
v 407.89770508 165.58439636 -1.5
v 407.89770508 165.58439636 48.5
v 406.71499634 168.59791565 48.5
v 406.71499634 168.59791565 -1.5
v 405.09634399 171.40151978 48.5
v 405.09634399 171.40151978 -1.5
v 403.07791138 173.93254089 -1.5
v 403.07791138 173.93254089 48.5
v 400.70480347 176.13447571 -1.5
v 400.70480347 176.13447571 48.5
v 398.02999878 177.95811462 48.5
v 398.02999878 177.95811462 -1.5
v 395.11328125 179.36273193 -1.5
v 395.11328125 179.36273193 48.5
v 392.01980591 180.31694031 -1.5
v 392.01980591 180.31694031 48.5
v 388.81866455 180.79943848 -1.5
v 388.81866455 180.79943848 48.5
v 385.58135986 180.79943848 48.5
v 385.58135986 180.79943848 -1.5
v 382.38018799 180.31694031 48.5
v 382.38018799 180.31694031 -1.5
v 379.28671265 179.36273193 48.5
v 379.28671265 179.36273193 -1.5
v 376.36999512 177.95811462 -1.5
v 376.36999512 177.95811462 48.5
v 373.69522095 176.13447571 48.5
v 373.69522095 176.13447571 -1.5
v 371.32208252 173.93254089 48.5
v 371.32208252 173.93254089 -1.5
v 369.30368042 171.40151978 -1.5
v 369.30368042 171.40151978 48.5
v 367.68502808 168.59791565 48.5
v 367.68502808 168.59791565 -1.5
v 366.50228882 165.58439636 48.5
v 366.50228882 165.58439636 -1.5
v 365.78192139 162.42825317 -1.5
v 365.78192139 162.42825317 48.5
v 367.08258057 224.04885864 36
v 367.33444214 222.70469666 23.5
v 367.08258057 224.04885864 11
v 366.99719238 225.40751648 -1.5
v 366.99719238 225.40751648 48.5
v 367.2052002 223.28501892 4.75
v 367.81292725 221.2124939 11
v 380.16876221 211.04025269 4.75
v 383.1114502 210.24627686 -1.5
v 378.23483276 211.74810791 -1.5
v 382.72039795 210.33378601 4.75
v 388.49990845 209.54698181 -1.5
v 371.9864502 215.50253296 17.25
v 373.22296143 214.51696777 11
v 371.55960083 215.88453674 11
v 395.52252197 209.94795227 4.75
v 399.39303589 210.83876038 -1.5
v 394.07781982 209.74377441 -1.5
v 371.70852661 215.74848938 29.75
v 370.63641357 216.80415344 36
v 372.92398071 214.74053955 36
v 398.20114136 210.50802612 4.75
v 372.56210327 215.02314758 29.75
v 367.18811035 223.37431335 42.25
v 367.74645996 221.38539124 36
v 373.66210938 214.2036438 29.75
v 411.33435059 219.11079407 4.75
v 412.42141724 221.28730774 -1.5
v 410.69458008 218.16691589 -1.5
v 408.41131592 215.68147278 17.25
v 408.29736328 215.58073425 11
v 407.50643921 214.92440796 17.25
v 382.85198975 210.30374146 42.25
v 381.43887329 210.65840149 48.5
v 386.56665039 209.69338989 48.5
v 409.24371338 216.47314453 17.25
v 409.82437134 217.0940094 11
v 385.94778442 209.76428223 42.25
v 412.38122559 221.1842804 17.25
v 413.00192261 223.32066345 11
v 411.87313843 220.06338501 11
v 408.76919556 216.00926208 29.75
v 408.0763855 215.39001465 36
v 409.43930054 216.67520142 36
v 409.32675171 216.55809021 29.75
v 398.7015686 210.64044189 42.25
v 396.35519409 210.09611511 48.5
v 399.92330933 211.00335693 48.5
v 409.89764404 217.17712402 29.75
v 400.29833984 211.12657166 42.25
v 398.70080566 240.17810059 4.75
v 399.92230225 239.81488037 -1.5
v 400.29794312 239.69132996 4.75
v 396.35354614 240.72270203 -1.5
v 409.3260498 234.25650024 17.25
v 409.43823242 234.13970947 11
v 409.89666748 233.63735962 17.25
v 408.76873779 234.80543518 17.25
v 408.0758667 235.42512512 11
v 409.24462891 234.33985901 29.75
v 409.8243103 233.71949768 36
v 408.29797363 235.23330688 36
v 382.85046387 240.51141357 4.75
v 386.5668335 241.11776733 -1.5
v 385.94790649 241.04704285 4.75
v 381.43655396 240.15855408 -1.5
v 408.41601562 235.12882996 29.75
v 411.8727417 230.74752808 36
v 412.38024902 229.62677002 29.75
v 413.00146484 227.48753357 36
v 407.50686646 235.89025879 29.75
v 411.33349609 231.70196533 42.25
v 412.42004395 229.52471924 48.5
v 410.69433594 232.64581299 48.5
v 372.56219482 235.79060364 17.25
v 372.9239502 236.07325745 11
v 373.66183472 236.61038208 17.25
v 371.70870972 235.06535339 17.25
v 370.63616943 234.01028442 11
v 395.52301025 240.87023926 42.25
v 399.40197754 239.97665405 48.5
v 394.10791016 241.07002258 48.5
v 398.21582031 240.30665588 42.25
v 367.15856934 227.29312134 17.25
v 367.63571167 229.14349365 11
v 368.41619873 230.92671204 17.25
v 367.15856934 227.29312134 4.75
v 382.72027588 240.48191833 42.25
v 388.50216675 241.26487732 48.5
v 383.11984253 240.5705719 48.5
v 371.17462158 234.56286621 29.75
v 371.98825073 235.31265259 29.75
v 371.56497192 234.93415833 36
v 380.17129517 239.77902222 42.25
v 378.25595093 239.0786438 48.5
v 369.18988037 232.20547485 36
v 367.63571167 229.14349365 36
v 368.41619873 230.92671204 29.75
v 367.15856934 227.29312134 42.25
v 367.7059021 221.49484253 1.625
v 368.48773193 219.76725769 -1.5
v 369.83416748 217.73736572 4.75
v 371.78512573 215.67970276 1.625
v 370.9833374 216.44192505 -1.5
v 374.1505127 213.87463379 -1.5
v 368.68069458 219.42416382 7.875
v 367.59402466 221.81483459 14.125
v 371.38778687 216.04542542 7.875
v 377.00210571 212.28909302 1.625
v 374.26727295 213.79884338 4.75
v 372.2204895 215.30296326 7.875
v 375.18392944 213.23881531 11
v 369.87002563 217.69233704 14.125
v 368.54122925 219.66978455 17.25
v 371.17056274 216.25512695 17.25
v 367.83297729 221.16181946 20.375
v 369.48248291 218.19917297 23.5
v 377.57739258 212.02719116 7.875
v 377.4039917 212.10435486 11
v 375.02584839 213.33114624 14.125
v 372.88845825 214.76768494 17.25
v 370.63952637 216.80078125 20.375
v 367.81591797 221.2049408 26.625
v 371.02850342 216.39631653 20.375
v 392.03292847 209.56472778 1.625
v 389.0814209 209.5247345 4.75
v 389.66357422 209.5124054 11
v 386.14660645 209.74021912 7.875
v 383.27520752 210.21118164 11
v 383.83422852 210.0982666 17.25
v 380.51150513 210.93106079 14.125
v 377.89794922 211.88850403 17.25
v 378.39941406 211.68144226 23.5
v 367.57952881 221.85853577 32.875
v 368.49563599 219.75273132 29.75
v 370.51760864 216.93339539 26.625
v 371.04364014 216.38111877 29.75
v 375.47689819 213.07211304 20.375
v 370.88885498 216.53842163 26.625
v 373.28909302 214.46865845 23.5
v 371.3555603 216.07606506 26.625
v 369.45889282 218.23153687 32.875
v 401.25604248 211.46801758 1.625
v 404.081604 212.72871399 -1.5
v 375.91574097 212.83268738 26.625
v 368.43954468 219.85673523 39.125
v 369.34115601 218.39596558 42.25
v 398.88909912 210.69244385 7.875
v 396.08755493 210.04602051 11
v 396.64889526 210.15385437 17.25
v 402.05569458 211.78440857 11
v 393.19116211 209.65063477 14.125
v 390.2460022 209.51002502 17.25
v 390.82836914 209.51754761 23.5
v 387.29901123 209.62469482 20.375
v 401.41571045 211.52883911 7.875
v 404.37188721 212.88262939 11
v 384.39709473 209.99511719 23.5
v 384.91140747 209.90997314 29.75
v 367.62878418 221.71232605 45.375
v 368.31225586 220.10131836 48.5
v 381.56097412 210.62490845 26.625
v 378.86108398 211.50108337 29.75
v 379.32839966 211.32810974 36
v 370.95504761 216.47065735 39.125
v 376.34094238 212.6118927 32.875
v 374.50946045 213.64494324 36
v 376.59646606 212.48426819 36
v 371.61392212 215.83456421 39.125
v 409.80975342 217.07757568 1.625
v 407.8991394 215.24128723 -1.5
v 370.55184937 216.89585876 45.375
v 371.97927856 215.50875854 48.5
v 409.22805786 216.45726013 7.875
v 404.94955444 213.20443726 14.125
v 406.47058105 214.16249084 11
v 409.97515869 217.26634216 7.875
v 402.55285645 211.99642944 17.25
v 399.95803833 211.01452637 20.375
v 379.60812378 211.22903442 39.125
v 397.20620728 210.27140808 23.5
v 403.04229736 212.21725464 23.5
v 413.01535034 223.39329529 1.625
v 412.94372559 227.77391052 -1.5
v 413.19519043 225.54916382 4.75
v 394.31555176 209.77285767 26.625
v 391.35696411 209.53300476 29.75
v 397.70861816 210.38653564 29.75
v 391.88491821 209.55662537 36
v 388.378479 209.55288696 32.875
v 412.74389648 222.24212646 4.75
v 385.42840576 209.83302307 36
v 382.55438232 210.37254333 39.125
v 412.37365723 221.16517639 7.875
v 405.39556885 213.46786499 20.375
v 400.45956421 211.18132019 26.625
v 411.02526855 218.63435364 14.125
v 409.98944092 217.28294373 17.25
v 412.30007935 229.82466125 1.625
v 409.88076782 233.65551758 -1.5
v 409.66314697 216.91506958 20.375
v 407.89086914 215.23445129 23.5
v 411.3565979 219.14678955 23.5
v 410.0369873 217.33851624 20.375
v 412.96258545 227.68447876 7.875
v 412.32473755 229.7648468 11
v 411.28479004 231.78001404 4.75
v 413.13302612 226.59262085 11
v 405.81231689 213.72669983 26.625
v 410.38967896 217.76797485 20.375
v 403.47991943 212.42533875 29.75
v 408.23040771 215.52229309 29.75
v 400.93151855 211.34788513 32.875
v 398.20715332 210.50956726 36
v 403.9107666 212.64047241 36
v 409.39001465 234.19017029 1.625
v 406.95498657 236.30891418 -1.5
v 395.35192871 209.92037964 39.125
v 392.41195679 209.58842468 42.25
v 392.93786621 209.62841797 48.5
v 389.43502808 209.51605225 45.375
v 413.19595337 225.46705627 14.125
v 412.97729492 227.61203003 17.25
v 409.96154785 217.25061035 26.625
v 410.18740845 217.51782227 26.625
v 410.47415161 217.87573242 29.75
v 410.42544556 217.81336975 26.625
v 406.2008667 213.97973633 32.875
v 405.27957153 213.39805603 36
v 406.67706299 214.30653381 36
v 412.99176025 223.26731873 20.375
v 413.19613647 225.40223694 23.5
v 409.85110474 233.68920898 7.875
v 401.3979187 211.52200317 39.125
v 409.27722168 234.30662537 7.875
v 403.83956909 238.2122345 1.625
v 403.51672363 238.37324524 -1.5
v 402.89242554 212.14833069 39.125
v 403.67825317 212.52305603 39.125
v 411.51843262 231.39456177 14.125
v 410.47286987 232.93864441 17.25
v 412.35705566 221.12359619 26.625
v 412.97750854 223.1947937 29.75
v 412.35635376 229.68678284 20.375
v 411.51901245 219.41740417 32.875
v 412.32498169 221.04452515 36
v 403.67840576 238.29333496 7.875
v 405.27981567 237.41772461 11
v 403.91116333 238.17573547 11
v 402.89260864 238.66835022 7.875
v 403.83987427 212.60435486 45.375
v 403.51724243 212.44355774 48.5
v 406.95593262 214.5070343 48.5
v 409.27734375 216.50741577 39.125
v 401.39797974 239.29530334 7.875
v 409.85153198 217.12469482 39.125
v 411.28546143 219.03253174 42.25
v 412.99139404 227.54037476 26.625
v 411.35510254 231.66700745 23.5
v 406.20111084 236.83566284 14.125
v 406.67700195 236.50889587 11
v 408.23019409 235.29249573 17.25
v 410.42434692 233.00083923 20.375
v 410.18643188 233.2964325 20.375
v 409.96069336 233.56369019 20.375
v 413.19598389 225.34030151 32.875
v 413.13299561 224.21192932 36
v 389.43499756 241.29644775 1.625
v 392.93670654 241.18795776 -1.5
v 392.4112854 241.2273407 4.75
v 391.88470459 241.2585144 11
v 395.3508606 240.89797974 7.875
v 409.39053345 216.62417603 45.375
v 409.88250732 217.15988159 48.5
v 398.206604 240.309021 11
v 397.70828247 240.43206787 17.25
v 400.93179321 239.46954346 14.125
v 403.48059082 238.39089966 17.25
v 410.38928223 233.04537964 26.625
v 409.98892212 233.53092957 29.75
v 405.81289673 237.08865356 20.375
v 412.96295166 223.12322998 39.125
v 413.19522095 225.2571106 42.25
v 410.03817749 233.47331238 26.625
v 407.89099121 235.58024597 23.5
v 403.04324341 238.59902954 23.5
v 409.66259766 233.89912415 26.625
v 412.30001831 220.98403931 45.375
v 412.94345093 223.0308075 48.5
v 411.02493286 232.17808533 32.875
v 400.45999146 239.63623047 20.375
v 405.39642334 237.34747314 26.625
v 412.3729248 229.64530945 39.125
v 382.55267334 240.44308472 7.875
v 385.4286499 240.97865295 11
v 379.32583618 239.48948669 11
v 384.91174316 240.90223694 17.25
v 412.74319458 228.56729126 42.25
v 388.37927246 241.25881958 14.125
v 391.35723877 241.28152466 17.25
v 390.82913208 241.29637146 23.5
v 394.31524658 241.04472351 20.375
v 413.01470947 227.41578674 45.375
v 397.20608521 240.54718018 23.5
v 396.6489563 240.66467285 29.75
v 379.6055603 239.58859253 7.875
v 376.59472656 238.3316803 11
v 399.95864868 239.80317688 26.625
v 402.5539856 238.81996155 29.75
v 402.05697632 239.03211975 36
v 409.97506714 233.54704285 39.125
v 404.95068359 237.61096191 32.875
v 406.4744873 236.65028381 36
v 404.38494873 237.92655945 36
v 409.22946167 234.35528564 39.125
v 370.55151367 233.91860962 1.625
v 368.30743408 230.71774292 -1.5
v 371.97937012 235.30496216 -1.5
v 409.81015015 233.73545837 45.375
v 407.90081787 235.57211304 48.5
v 371.61404419 234.97927856 7.875
v 369.33914185 232.4203949 4.75
v 376.33932495 238.20384216 14.125
v 374.50875854 237.16947937 11
v 370.95498657 234.34352112 7.875
v 378.8588562 239.31648254 17.25
v 381.55932617 240.19210815 20.375
v 367.59848022 229.03439331 1.625
v 384.39746094 240.8177948 23.5
v 378.39755249 239.13600159 23.5
v 383.83444214 240.7155304 29.75
v 401.43002319 239.28295898 39.125
v 387.30044556 241.18661499 26.625
v 390.24719238 241.30329895 29.75
v 389.66513062 241.30033875 36
v 393.19165039 241.16586304 32.875
v 396.08779907 240.7723999 36
v 398.88989258 240.12561035 39.125
v 368.36129761 230.8223877 7.875
v 375.9145813 237.98284912 20.375
v 401.26455688 239.34616089 45.375
v 404.08416748 238.08628845 48.5
v 369.40948486 232.51889038 14.125
v 371.04364014 234.43302917 17.25
v 371.35568237 234.73791504 20.375
v 373.28918457 236.34541321 23.5
v 369.48080444 232.61695862 23.5
v 370.88879395 234.27583313 20.375
v 375.47616577 237.74320984 26.625
v 370.51730347 233.88117981 20.375
v 377.89642334 238.92874146 29.75
v 372.88882446 236.04640198 29.75
v 380.51000977 239.88679504 32.875
v 383.27526855 240.60357666 36
v 386.14834595 241.07122803 39.125
v 389.08334351 241.28753662 42.25
v 392.03421021 241.25050354 45.375
v 367.98913574 230.04519653 20.375
v 371.02868652 234.41799927 26.625
v 370.64004517 234.01443481 26.625
v 375.0255127 237.48396301 32.875
v 377.40280151 238.71263123 36
v 375.18685913 237.57832336 36
v 373.23226929 236.30383301 36
v 367.63571167 229.14349365 23.5
v 377.57980347 238.79151917 39.125
v 372.22366333 235.51335144 39.125
v 374.27035522 237.01782227 42.25
v 369.8352356 233.08076477 42.25
v 377.00961304 238.53163147 45.375
v 374.16253662 236.94779968 48.5
v 371.39328003 234.77363586 39.125
v 368.55178833 231.17514038 39.125
v 371.79193115 235.14006042 45.375
v 370.98339844 234.37236023 48.5
v 368.48342896 231.05145264 48.5
v 367.65856934 229.20884705 45.375
v 380.33981323 210.98516846 9.4375
v 407.22561646 214.70776367 0.0625
v 406.03768921 213.87203979 1.625
v 405.65060425 213.6247406 4.75
v 405.71853638 213.66734314 7.875
v 375.24346924 213.20448303 39.125
v 374.3225708 213.76332092 43.8125
v 373.65823364 214.2063446 46.9375
v 377.49209595 212.06495667 48.5
v 406.85931396 236.37854004 1.625
v 406.78982544 236.42855835 4.75
v 406.72006226 236.47834778 7.875
v 406.71972656 214.33674622 39.125
v 406.78970337 214.38667297 42.25
v 406.85940552 214.43682861 45.375
v 373.65786743 236.60765076 0.0625
v 377.4899292 238.75166321 -1.5
v 374.32192993 237.05099487 3.1875
v 375.24237061 237.6104126 7.875
v 405.72619629 237.14360046 39.125
v 405.65579224 237.18778992 42.25
v 406.04232788 236.94056702 45.375
v 407.22732544 236.10604858 46.9375
v 380.34033203 239.83338928 37.5625
v 376.84103394 212.36552429 41.46875
v 378.32537842 211.71127319 43.03125
v 378.32296753 239.10591125 3.96875
v 376.83914185 238.4506073 5.53125
v 299.64822388 159.10733032 48.5
v 308.87564087 152.40322876 48.5
v 299.64822388 159.10733032 -1.5
v 308.87564087 152.40322876 -1.5
v 302.22271729 167.03082275 48.5
v 299.64822388 166.19432068 48.5
v 302.22271729 167.03082275 -1.5
v 299.64822388 166.19432068 -1.5
v 298.05709839 164.00431824 48.5
v 298.05709839 164.00431824 -1.5
v 298.05709839 161.29733276 48.5
v 298.05709839 161.29733276 -1.5
v 313.62844849 167.03082275 48.5
v 313.62844849 167.03082275 -1.5
v 317.15298462 177.87831116 48.5
v 317.15298462 177.87831116 -1.5
v 325.48425293 177.87831116 48.5
v 323.89312744 180.06829834 48.5
v 325.48425293 177.87831116 -1.5
v 323.89312744 180.06829834 -1.5
v 321.31863403 180.90481567 48.5
v 321.31863403 180.90481567 -1.5
v 318.74414062 180.06829834 48.5
v 318.74414062 180.06829834 -1.5
v 329.00881958 167.03082275 -1.5
v 329.00881958 167.03082275 48.5
v 340.41452026 167.03082275 48.5
v 340.41452026 167.03082275 -1.5
v 342.98901367 159.10733032 -1.5
v 342.98901367 159.10733032 48.5
v 344.58013916 161.29733276 -1.5
v 344.58013916 161.29733276 48.5
v 344.58013916 164.00431824 -1.5
v 344.58013916 164.00431824 48.5
v 342.98901367 166.19432068 -1.5
v 342.98901367 166.19432068 48.5
v 333.76159668 152.40322876 48.5
v 333.76159668 152.40322876 -1.5
v 337.28616333 141.55574036 48.5
v 337.28616333 141.55574036 -1.5
v 330.54605103 136.65875244 -1.5
v 330.54605103 136.65875244 48.5
v 333.12054443 135.82225037 -1.5
v 333.12054443 135.82225037 48.5
v 335.69503784 136.65875244 -1.5
v 335.69503784 136.65875244 48.5
v 337.28616333 138.84875488 -1.5
v 337.28616333 138.84875488 48.5
v 321.31863403 143.36286926 48.5
v 321.31863403 143.36286926 -1.5
v 312.09121704 136.65875244 48.5
v 312.09121704 136.65875244 -1.5
v 305.35107422 141.55574036 48.5
v 305.35107422 138.84875488 48.5
v 305.35107422 141.55574036 -1.5
v 305.35107422 138.84875488 -1.5
v 306.94219971 136.65875244 48.5
v 306.94219971 136.65875244 -1.5
v 309.51672363 135.82225037 48.5
v 309.51672363 135.82225037 -1.5
v 478.53585815 239.77030945 -1.5
v 478.53585815 239.77030945 48.5
v 443.9758606 239.77030945 -1.5
v 443.9758606 239.77030945 48.5
v 482.91586304 235.39031982 48.5
v 482.32904053 237.58032227 48.5
v 482.91586304 235.39031982 -1.5
v 482.32904053 237.58032227 -1.5
v 480.7258606 239.1835022 48.5
v 480.7258606 239.1835022 -1.5
v 482.91586304 215.23031616 48.5
v 482.91586304 215.23031616 -1.5
v 478.53585815 210.85031128 48.5
v 480.7258606 211.43711853 48.5
v 478.53585815 210.85031128 -1.5
v 480.7258606 211.43711853 -1.5
v 482.32904053 213.04031372 48.5
v 482.32904053 213.04031372 -1.5
v 443.9758606 210.85031128 -1.5
v 443.9758606 210.85031128 48.5
v 439.59585571 215.23031616 -1.5
v 439.59585571 215.23031616 48.5
v 440.18267822 213.04031372 -1.5
v 440.18267822 213.04031372 48.5
v 441.78585815 211.43711853 -1.5
v 441.78585815 211.43711853 48.5
v 439.59585571 235.39031982 48.5
v 439.59585571 235.39031982 -1.5
v 441.78585815 239.1835022 48.5
v 441.78585815 239.1835022 -1.5
v 440.18267822 237.58032227 48.5
v 440.18267822 237.58032227 -1.5
v 464.39956665 165.91763306 -1.5
v 464.92825317 167.89074707 -1.5
v 464.39956665 165.91763306 48.5
v 464.92825317 167.89074707 48.5
v 466.37268066 169.33517456 48.5
v 466.37268066 169.33517456 -1.5
v 468.34579468 169.86387634 48.5
v 468.34579468 169.86387634 -1.5
v 483.83865356 169.86387634 -1.5
v 485.81176758 169.33517456 -1.5
v 483.83865356 169.86387634 48.5
v 485.81176758 169.33517456 48.5
v 487.25619507 167.89074707 -1.5
v 487.25619507 167.89074707 48.5
v 487.78491211 165.91763306 -1.5
v 487.78491211 165.91763306 48.5
v 487.78491211 150.42477417 -1.5
v 487.78491211 150.42477417 48.5
v 435.72927856 146.47853088 48.5
v 435.72927856 146.47853088 -1.5
v 433.75613403 147.00723267 48.5
v 433.75613403 147.00723267 -1.5
v 432.31170654 148.45166016 48.5
v 432.31170654 148.45166016 -1.5
v 431.78302002 150.42477417 48.5
v 431.78302002 150.42477417 -1.5
v 451.22213745 146.47853088 -1.5
v 451.22213745 146.47853088 48.5
v 431.78302002 165.91763306 -1.5
v 431.78302002 165.91763306 48.5
v 432.31170654 167.89074707 -1.5
v 432.31170654 167.89074707 48.5
v 433.75613403 169.33517456 48.5
v 433.75613403 169.33517456 -1.5
v 435.72927856 169.86387634 -1.5
v 435.72927856 169.86387634 48.5
v 451.22213745 169.86387634 -1.5
v 451.22213745 169.86387634 48.5
v 468.34579468 146.47853088 48.5
v 468.34579468 146.47853088 -1.5
v 466.37268066 147.00723267 48.5
v 466.37268066 147.00723267 -1.5
v 464.92825317 148.45166016 48.5
v 464.92825317 148.45166016 -1.5
v 464.39956665 150.42477417 48.5
v 464.39956665 150.42477417 -1.5
v 487.25619507 148.45166016 -1.5
v 487.25619507 148.45166016 48.5
v 485.81176758 147.00723267 48.5
v 485.81176758 147.00723267 -1.5
v 483.83865356 146.47853088 48.5
v 483.83865356 146.47853088 -1.5
v 453.19525146 169.33517456 -1.5
v 453.19525146 169.33517456 48.5
v 454.63967896 167.89074707 -1.5
v 454.63967896 167.89074707 48.5
v 455.16836548 165.91763306 -1.5
v 455.16836548 165.91763306 48.5
v 455.16836548 150.42477417 -1.5
v 455.16836548 150.42477417 48.5
v 454.63967896 148.45166016 -1.5
v 454.63967896 148.45166016 48.5
v 453.19525146 147.00723267 48.5
v 453.19525146 147.00723267 -1.5
v 480.15951538 65.90892792 48.5
v 483.26831055 65.90892792 48.5
v 480.15951538 65.90892792 -1.5
v 483.26831055 65.90892792 -1.5
v 475.83447266 69.59735107 -1.5
v 475.83447266 69.59735107 48.5
v 476.61856079 67.7109375 -1.5
v 476.61856079 67.7109375 48.5
v 478.17297363 66.38533783 -1.5
v 478.17297363 66.38533783 48.5
v 474.94674683 72.7286911 -1.5
v 474.94674683 72.7286911 48.5
v 473.35327148 75.56668091 -1.5
v 473.35327148 75.56668091 48.5
v 471.14187622 77.95480347 -1.5
v 471.14187622 77.95480347 48.5
v 468.43453979 79.76137543 -1.5
v 468.43453979 79.76137543 48.5
v 465.3805542 80.88677216 -1.5
v 465.3805542 80.88677216 48.5
v 462.14831543 81.26892853 -1.5
v 462.14831543 81.26892853 48.5
v 458.91610718 80.88677216 -1.5
v 458.91610718 80.88677216 48.5
v 455.86209106 79.76137543 48.5
v 455.86209106 79.76137543 -1.5
v 453.15475464 77.95480347 48.5
v 453.15475464 77.95480347 -1.5
v 450.94338989 75.56668091 -1.5
v 450.94338989 75.56668091 48.5
v 449.34988403 72.7286911 48.5
v 449.34988403 72.7286911 -1.5
v 448.46218872 69.59735107 -1.5
v 448.46218872 69.59735107 48.5
v 444.13711548 65.90892792 48.5
v 446.12368774 66.38533783 48.5
v 444.13711548 65.90892792 -1.5
v 446.12368774 66.38533783 -1.5
v 447.67807007 67.7109375 48.5
v 447.67807007 67.7109375 -1.5
v 441.02832031 65.90892792 48.5
v 441.02832031 65.90892792 -1.5
v 436.64831543 70.28892517 48.5
v 437.23513794 68.09893036 48.5
v 436.64831543 70.28892517 -1.5
v 437.23513794 68.09893036 -1.5
v 438.83831787 66.49573517 48.5
v 438.83831787 66.49573517 -1.5
v 436.64831543 93.32892609 48.5
v 436.64831543 93.32892609 -1.5
v 441.02832031 97.70893097 48.5
v 438.83831787 97.12211609 48.5
v 441.02832031 97.70893097 -1.5
v 438.83831787 97.12211609 -1.5
v 437.23513794 95.51892853 48.5
v 437.23513794 95.51892853 -1.5
v 483.26831055 97.70893097 48.5
v 483.26831055 97.70893097 -1.5
v 487.64831543 93.32892609 48.5
v 487.06152344 95.51892853 48.5
v 487.64831543 93.32892609 -1.5
v 487.06152344 95.51892853 -1.5
v 485.45831299 97.12211609 48.5
v 485.45831299 97.12211609 -1.5
v 487.64831543 70.28892517 48.5
v 487.64831543 70.28892517 -1.5
v 485.45831299 66.49573517 -1.5
v 485.45831299 66.49573517 48.5
v 487.06152344 68.09893036 -1.5
v 487.06152344 68.09893036 48.5
v 509 268 48.23205185
v 508 269 48.23205185
v 508 268 48.5
v 509 269.73205566 46.5
v 508 270 46.5
v 508 269.73205566 47.5
v 510 268 46.5
v 509.73205566 269 46.5
v 509.73205566 268 47.5
v 508.28207397 269.47457886 47.82136536
v 509.47457886 268.28207397 47.82136536
v 510 268 -1.5
v 509.73205566 269 -1.5
v 509 269.73205566 -1.5
v 508 270 -1.5
v 509.73205566 42 47.5
v 509.73205566 41 46.5
v 510 42 46.5
v 508 40.26794815 47.5
v 508 40 46.5
v 509 40.26794815 46.5
v 508 42 48.5
v 508 41 48.23205185
v 509 42 48.23205185
v 509.3213501 40.52540588 46.7820816
v 509.3213501 41.7179184 47.97459412
v 508 40 -1.5
v 509 40.26794815 -1.5
v 509.73205566 41 -1.5
v 510 42 -1.5
v 281 268 48.23205185
v 282 268 48.5
v 282 269 48.23205185
v 281 269.73205566 46.5
v 282 269.73205566 47.5
v 282 270 46.5
v 280 268 46.5
v 280.26794434 268 47.5
v 280.26794434 269 46.5
v 280.6786499 268.28207397 47.97459412
v 280.6786499 269.47457886 46.7820816
v 282 270 -1.5
v 281 269.73205566 -1.5
v 280.26794434 269 -1.5
v 280 268 -1.5
v 281 42 48.23205185
v 282 41 48.23205185
v 282 42 48.5
v 281 40.26794815 46.5
v 282 40 46.5
v 282 40.26794815 47.5
v 280 42 46.5
v 280.26794434 41 46.5
v 280.26794434 42 47.5
v 281.71792603 40.52540588 47.82136536
v 280.52542114 41.7179184 47.82136536
v 280 42 -1.5
v 280.26794434 41 -1.5
v 281 40.26794815 -1.5
v 282 40 -1.5
v 680.31134033 78.22052002 -1.5
v 680.95977783 81.27104187 -1.5
v 680.31134033 78.22052002 48.5
v 680.95977783 81.27104187 48.5
v 682.79284668 83.79410553 48.5
v 682.79284668 83.79410553 -1.5
v 685.49371338 85.35344696 48.5
v 685.49371338 85.35344696 -1.5
v 688.59527588 85.67943573 48.5
v 688.59527588 85.67943573 -1.5
v 691.56134033 84.7157135 48.5
v 691.56134033 84.7157135 -1.5
v 693.87896729 82.62890625 48.5
v 693.87896729 82.62890625 -1.5
v 695.14746094 79.77986145 48.5
v 695.14746094 79.77986145 -1.5
v 695.14746094 76.66118622 48.5
v 695.14746094 76.66118622 -1.5
v 693.87896729 73.81213379 -1.5
v 693.87896729 73.81213379 48.5
v 691.56134033 71.72532654 48.5
v 691.56134033 71.72532654 -1.5
v 688.59527588 70.76160431 -1.5
v 688.59527588 70.76160431 48.5
v 685.49371338 71.08759308 48.5
v 685.49371338 71.08759308 -1.5
v 682.79284668 72.64693451 48.5
v 682.79284668 72.64693451 -1.5
v 680.95977783 75.16999817 -1.5
v 680.95977783 75.16999817 48.5
v 660.31134033 78.22052002 -1.5
v 660.95977783 81.27104187 -1.5
v 660.31134033 78.22052002 48.5
v 660.95977783 81.27104187 48.5
v 662.79284668 83.79410553 48.5
v 662.79284668 83.79410553 -1.5
v 665.49371338 85.35344696 48.5
v 665.49371338 85.35344696 -1.5
v 668.59527588 85.67943573 48.5
v 668.59527588 85.67943573 -1.5
v 671.56134033 84.7157135 48.5
v 671.56134033 84.7157135 -1.5
v 673.87896729 82.62890625 48.5
v 673.87896729 82.62890625 -1.5
v 675.14746094 79.77986145 48.5
v 675.14746094 79.77986145 -1.5
v 675.14746094 76.66118622 48.5
v 675.14746094 76.66118622 -1.5
v 673.87896729 73.81213379 -1.5
v 673.87896729 73.81213379 48.5
v 671.56134033 71.72532654 48.5
v 671.56134033 71.72532654 -1.5
v 668.59527588 70.76160431 -1.5
v 668.59527588 70.76160431 48.5
v 665.49371338 71.08759308 48.5
v 665.49371338 71.08759308 -1.5
v 662.79284668 72.64693451 48.5
v 662.79284668 72.64693451 -1.5
v 660.95977783 75.16999817 -1.5
v 660.95977783 75.16999817 48.5
v 670.31134033 95.54103088 -1.5
v 670.95977783 98.59155273 -1.5
v 670.31134033 95.54103088 48.5
v 670.95977783 98.59155273 48.5
v 672.79284668 101.11461639 48.5
v 672.79284668 101.11461639 -1.5
v 675.49371338 102.6739502 48.5
v 675.49371338 102.6739502 -1.5
v 678.59527588 102.99993896 48.5
v 678.59527588 102.99993896 -1.5
v 681.56134033 102.03621674 48.5
v 681.56134033 102.03621674 -1.5
v 683.87896729 99.94941711 48.5
v 683.87896729 99.94941711 -1.5
v 685.14746094 97.10036469 48.5
v 685.14746094 97.10036469 -1.5
v 685.14746094 93.98168945 48.5
v 685.14746094 93.98168945 -1.5
v 683.87896729 91.13263702 48.5
v 683.87896729 91.13263702 -1.5
v 681.56134033 89.0458374 -1.5
v 681.56134033 89.0458374 48.5
v 678.59527588 88.08211517 48.5
v 678.59527588 88.08211517 -1.5
v 675.49371338 88.40810394 48.5
v 675.49371338 88.40810394 -1.5
v 672.79284668 89.96744537 -1.5
v 672.79284668 89.96744537 48.5
v 670.95977783 92.4905014 -1.5
v 670.95977783 92.4905014 48.5
v 767.45428467 70.39199829 48.5
v 769.95489502 70.39199829 48.5
v 767.45428467 70.39199829 -1.5
v 769.95489502 70.39199829 -1.5
v 763.68554688 73.60597992 -1.5
v 763.68554688 73.60597992 48.5
v 764.36877441 71.96221924 -1.5
v 764.36877441 71.96221924 48.5
v 765.72320557 70.80712891 -1.5
v 765.72320557 70.80712891 48.5
v 762.78308105 76.52553558 48.5
v 762.78308105 76.52553558 -1.5
v 761.10272217 79.07789612 48.5
v 761.10272217 79.07789612 -1.5
v 758.77758789 81.06078339 48.5
v 758.77758789 81.06078339 -1.5
v 755.99194336 82.31707764 48.5
v 755.99194336 82.31707764 -1.5
v 752.9664917 82.74720001 48.5
v 752.9664917 82.74720001 -1.5
v 749.94110107 82.31707764 48.5
v 749.94110107 82.31707764 -1.5
v 747.15539551 81.06078339 48.5
v 747.15539551 81.06078339 -1.5
v 744.83026123 79.07789612 48.5
v 744.83026123 79.07789612 -1.5
v 743.14990234 76.52553558 48.5
v 743.14990234 76.52553558 -1.5
v 742.24749756 73.60597992 48.5
v 742.24749756 73.60597992 -1.5
v 738.47875977 70.39199829 48.5
v 740.20977783 70.80712891 48.5
v 738.47875977 70.39199829 -1.5
v 740.20977783 70.80712891 -1.5
v 741.56420898 71.96221924 48.5
v 741.56420898 71.96221924 -1.5
v 735.97808838 70.39199829 48.5
v 735.97808838 70.39199829 -1.5
v 732.16149902 74.20860291 48.5
v 732.67285156 72.3003006 48.5
v 732.16149902 74.20860291 -1.5
v 732.67285156 72.3003006 -1.5
v 734.06982422 70.90332794 48.5
v 734.06982422 70.90332794 -1.5
v 732.16149902 92.74140167 48.5
v 732.16149902 92.74140167 -1.5
v 735.97808838 96.55799866 48.5
v 734.06982422 96.04666901 48.5
v 735.97808838 96.55799866 -1.5
v 734.06982422 96.04666901 -1.5
v 732.67285156 94.64969635 48.5
v 732.67285156 94.64969635 -1.5
v 769.95489502 96.55799866 48.5
v 769.95489502 96.55799866 -1.5
v 773.77148438 92.74140167 48.5
v 773.26019287 94.64969635 48.5
v 773.77148438 92.74140167 -1.5
v 773.26019287 94.64969635 -1.5
v 771.86322021 96.04666901 48.5
v 771.86322021 96.04666901 -1.5
v 773.77148438 74.20860291 -1.5
v 773.77148438 74.20860291 48.5
v 771.86322021 70.90332794 -1.5
v 771.86322021 70.90332794 48.5
v 773.26019287 72.3003006 -1.5
v 773.26019287 72.3003006 48.5
v 756.00823975 156.9949646 -1.5
v 756.4574585 158.67156982 -1.5
v 756.00823975 156.9949646 48.5
v 756.4574585 158.67156982 48.5
v 757.68481445 159.89892578 -1.5
v 757.68481445 159.89892578 48.5
v 759.3614502 160.34817505 -1.5
v 759.3614502 160.34817505 48.5
v 771.09844971 160.34817505 -1.5
v 772.77502441 159.89892578 -1.5
v 771.09844971 160.34817505 48.5
v 772.77502441 159.89892578 48.5
v 774.00244141 158.67156982 -1.5
v 774.00244141 158.67156982 48.5
v 774.45166016 156.9949646 -1.5
v 774.45166016 156.9949646 48.5
v 774.45166016 145.25794983 -1.5
v 774.45166016 145.25794983 48.5
v 734.6519165 141.90473938 48.5
v 734.6519165 141.90473938 -1.5
v 732.9753418 142.35398865 48.5
v 732.9753418 142.35398865 -1.5
v 731.74798584 143.5813446 48.5
v 731.74798584 143.5813446 -1.5
v 731.29870605 145.25794983 48.5
v 731.29870605 145.25794983 -1.5
v 746.38891602 141.90473938 -1.5
v 746.38891602 141.90473938 48.5
v 731.29870605 156.9949646 -1.5
v 731.29870605 156.9949646 48.5
v 731.74798584 158.67156982 -1.5
v 731.74798584 158.67156982 48.5
v 732.9753418 159.89892578 -1.5
v 732.9753418 159.89892578 48.5
v 734.6519165 160.34817505 -1.5
v 734.6519165 160.34817505 48.5
v 746.38891602 160.34817505 -1.5
v 746.38891602 160.34817505 48.5
v 759.3614502 141.90473938 48.5
v 759.3614502 141.90473938 -1.5
v 757.68481445 142.35398865 48.5
v 757.68481445 142.35398865 -1.5
v 756.4574585 143.5813446 48.5
v 756.4574585 143.5813446 -1.5
v 756.00823975 145.25794983 48.5
v 756.00823975 145.25794983 -1.5
v 774.00244141 143.5813446 48.5
v 774.00244141 143.5813446 -1.5
v 772.77502441 142.35398865 48.5
v 772.77502441 142.35398865 -1.5
v 771.09844971 141.90473938 48.5
v 771.09844971 141.90473938 -1.5
v 748.06555176 159.89892578 -1.5
v 748.06555176 159.89892578 48.5
v 749.29290771 158.67156982 -1.5
v 749.29290771 158.67156982 48.5
v 749.74212646 156.9949646 -1.5
v 749.74212646 156.9949646 48.5
v 749.74212646 145.25794983 -1.5
v 749.74212646 145.25794983 48.5
v 749.29290771 143.5813446 48.5
v 749.29290771 143.5813446 -1.5
v 748.06555176 142.35398865 48.5
v 748.06555176 142.35398865 -1.5
v 660.25030518 152.52900696 48.5
v 660.55194092 149.27365112 48.5
v 660.25030518 152.52900696 -1.5
v 660.55194092 149.27365112 -1.5
v 661.44665527 146.12916565 48.5
v 661.44665527 146.12916565 -1.5
v 662.90386963 143.20262146 48.5
v 662.90386963 143.20262146 -1.5
v 664.87408447 140.59367371 48.5
v 664.87408447 140.59367371 -1.5
v 667.2901001 138.39117432 48.5
v 667.2901001 138.39117432 -1.5
v 670.06970215 136.67010498 48.5
v 670.06970215 136.67010498 -1.5
v 673.1182251 135.48910522 48.5
v 673.1182251 135.48910522 -1.5
v 676.33184814 134.8883667 48.5
v 676.33184814 134.8883667 -1.5
v 679.60113525 134.8883667 48.5
v 679.60113525 134.8883667 -1.5
v 682.8147583 135.48910522 48.5
v 682.8147583 135.48910522 -1.5
v 685.86328125 136.67010498 48.5
v 685.86328125 136.67010498 -1.5
v 688.6428833 138.39117432 48.5
v 688.6428833 138.39117432 -1.5
v 691.05895996 140.59367371 48.5
v 691.05895996 140.59367371 -1.5
v 693.02911377 143.20262146 48.5
v 693.02911377 143.20262146 -1.5
v 694.48638916 146.12916565 48.5
v 694.48638916 146.12916565 -1.5
v 695.38104248 149.27365112 48.5
v 695.38104248 149.27365112 -1.5
v 695.68267822 152.52900696 48.5
v 695.68267822 152.52900696 -1.5
v 695.38104248 155.78434753 48.5
v 695.38104248 155.78434753 -1.5
v 694.48638916 158.92883301 48.5
v 694.48638916 158.92883301 -1.5
v 693.02911377 161.8553772 48.5
v 693.02911377 161.8553772 -1.5
v 691.05895996 164.46432495 48.5
v 691.05895996 164.46432495 -1.5
v 688.6428833 166.6668396 48.5
v 688.6428833 166.6668396 -1.5
v 685.86328125 168.38789368 48.5
v 685.86328125 168.38789368 -1.5
v 682.8147583 169.56889343 48.5
v 682.8147583 169.56889343 -1.5
v 679.60113525 170.16963196 48.5
v 679.60113525 170.16963196 -1.5
v 676.33184814 170.16963196 48.5
v 676.33184814 170.16963196 -1.5
v 673.1182251 169.56889343 48.5
v 673.1182251 169.56889343 -1.5
v 670.06970215 168.38789368 48.5
v 670.06970215 168.38789368 -1.5
v 667.2901001 166.6668396 48.5
v 667.2901001 166.6668396 -1.5
v 664.87408447 164.46432495 48.5
v 664.87408447 164.46432495 -1.5
v 662.90386963 161.8553772 48.5
v 662.90386963 161.8553772 -1.5
v 661.44665527 158.92883301 48.5
v 661.44665527 158.92883301 -1.5
v 660.55194092 155.78434753 48.5
v 660.55194092 155.78434753 -1.5
v 627.0993042 90.81164551 48.5
v 626.86914062 92.11700439 48.5
v 627.0993042 90.81164551 -1.5
v 626.86914062 92.11700439 -1.5
v 626.20635986 93.26490784 48.5
v 626.20635986 93.26490784 -1.5
v 625.190979 94.11692047 48.5
v 625.190979 94.11692047 -1.5
v 627.0993042 76.49822998 48.5
v 627.0993042 76.49822998 -1.5
v 625.190979 73.19295502 -1.5
v 625.190979 73.19295502 48.5
v 626.20635986 74.04496765 -1.5
v 626.20635986 74.04496765 48.5
v 626.86914062 75.19287109 -1.5
v 626.86914062 75.19287109 48.5
v 612.79522705 66.03624725 -1.5
v 612.79522705 66.03624725 48.5
v 608.9786377 66.03624725 -1.5
v 608.9786377 66.03624725 48.5
v 610.22418213 65.582901 -1.5
v 610.22418213 65.582901 48.5
v 611.54968262 65.582901 -1.5
v 611.54968262 65.582901 48.5
v 596.58282471 73.19295502 48.5
v 596.58282471 73.19295502 -1.5
v 594.67449951 76.49822998 48.5
v 594.90472412 75.19287109 48.5
v 594.67449951 76.49822998 -1.5
v 594.90472412 75.19287109 -1.5
v 595.56744385 74.04496765 48.5
v 595.56744385 74.04496765 -1.5
v 594.67449951 90.81164551 48.5
v 594.67449951 90.81164551 -1.5
v 596.58282471 94.11692047 -1.5
v 596.58282471 94.11692047 48.5
v 595.56744385 93.26490784 -1.5
v 595.56744385 93.26490784 48.5
v 594.90472412 92.11700439 -1.5
v 594.90472412 92.11700439 48.5
v 608.9786377 101.27362823 -1.5
v 608.9786377 101.27362823 48.5
v 612.79522705 101.27362823 -1.5
v 612.79522705 101.27362823 48.5
v 611.54968262 101.72697449 -1.5
v 611.54968262 101.72697449 48.5
v 610.22418213 101.72697449 -1.5
v 610.22418213 101.72697449 48.5
v 659.7791748 220.11711121 36
v 660.01678467 218.92951965 23.5
v 659.7791748 220.11711121 11
v 659.69842529 221.32011414 -1.5
v 659.69842529 221.32011414 48.5
v 659.87878418 219.52070618 4.75
v 665.74255371 211.69664001 17.25
v 667.04083252 210.94000244 11
v 663.71575928 213.21633911 11
v 680.01062012 208.27546692 4.75
v 684.11560059 208.80674744 -1.5
v 679.13983154 208.2440033 -1.5
v 670.6293335 209.44180298 17.25
v 671.02911377 209.31813049 11
v 668.07116699 210.43031311 23.5
v 671.79626465 209.10176086 17.25
v 673.36804199 208.73950195 11
v 690.55767822 211.18515015 4.75
v 688.62860107 210.22767639 -1.5
v 688.52392578 210.18270874 4.75
v 659.89465332 219.44319153 42.25
v 670.64935303 209.4354248 29.75
v 665.49432373 211.85812378 29.75
v 672.01586914 209.04472351 29.75
v 671.090271 209.29989624 36
v 673.41033936 208.73120117 36
v 666.79992676 211.07008362 36
v 663.3001709 213.59725952 36
v 697.40893555 220.47825623 17.25
v 697.36212158 222.56974792 11
v 697.29595947 219.64480591 11
v 680.71032715 208.32073975 42.25
v 679.22772217 208.24594116 48.5
v 685.00592041 209.01112366 48.5
v 680.72399902 234.31820679 4.75
v 679.2421875 234.39224243 -1.5
v 685.02160645 233.62762451 -1.5
v 697.40869141 222.15600586 29.75
v 697.36248779 220.06515503 36
v 697.29553223 222.99024963 36
v 672.0223999 233.59786987 17.25
v 671.09674072 233.34378052 11
v 673.41943359 233.90937805 11
v 670.65466309 233.2081604 17.25
v 666.80456543 231.5723114 11
v 665.49749756 230.78347778 17.25
v 663.30236816 229.04515076 11
v 668.07452393 232.21200562 23.5
v 688.54986572 232.44735718 42.25
v 690.57440186 231.44421387 42.25
v 688.64678955 232.4054718 48.5
v 671.80749512 233.54238892 29.75
v 673.38391113 233.90248108 36
v 671.02545166 233.32254028 36
v 670.63781738 233.20281982 29.75
v 659.8482666 222.96058655 17.25
v 659.8482666 222.96058655 4.75
v 660.28588867 224.56506348 11
v 660.99334717 226.10595703 17.25
v 680.03991699 234.36231995 42.25
v 684.15106201 233.82823181 48.5
v 679.16845703 234.3938446 48.5
v 665.74450684 230.94410706 29.75
v 667.03967285 231.6993866 36
v 663.71594238 229.42390442 36
v 659.8482666 222.96058655 42.25
v 660.29364014 218.05540466 1.625
v 660.93408203 216.64350891 -1.5
v 662.14715576 214.8405304 4.75
v 663.83935547 213.10848999 1.625
v 668.32861328 210.31390381 4.75
v 665.88427734 211.60704041 -1.5
v 662.98962402 213.90240479 -1.5
v 661.15386963 216.25738525 7.875
v 660.40411377 217.76808167 11
v 664.86352539 212.29652405 4.75
v 660.23809814 218.21031189 14.125
v 671.1697998 209.27641296 1.625
v 669.67553711 209.76876831 -1.5
v 674.21368408 208.58724976 -1.5
v 665.85681152 211.62426758 7.875
v 662.24304199 214.72416687 14.125
v 661.07666016 216.38905334 17.25
v 660.45837402 217.63555908 20.375
v 661.95239258 215.08601379 23.5
v 677.0947876 208.27780151 1.625
v 673.93676758 208.63392639 4.75
v 670.76867676 209.39782715 7.875
v 663.65600586 213.26931763 20.375
v 664.62268066 212.47546387 23.5
v 660.47399902 217.5983429 26.625
v 676.65966797 208.30456543 7.875
v 675.83807373 208.37417603 11
v 684.42712402 208.87442017 4.75
v 684.73699951 208.94580078 11
v 660.25140381 218.17253113 32.875
v 661.11810303 216.31791687 29.75
v 660.46539307 217.61889648 36
v 663.55102539 213.36384583 26.625
v 680.33569336 208.29426575 11
v 680.66027832 208.31689453 17.25
v 676.16131592 208.34379578 17.25
v 676.48516846 208.31726074 23.5
v 662.09759521 214.90180969 32.875
v 693.05755615 212.89593506 1.625
v 692.35284424 212.3454895 -1.5
v 695.07592773 214.93310547 -1.5
v 672.10235596 209.02284241 23.5
v 690.50970459 211.15808105 7.875
v 661.1706543 216.22929382 39.125
v 662.08294678 214.92004395 42.25
v 688.80169678 210.30352783 11
v 692.30639648 212.31140137 11
v 692.34924316 212.34283447 7.875
v 696.27593994 216.75 1.625
v 697.43701172 220.89367676 -1.5
v 697.07421875 218.7043457 4.75
v 694.70166016 214.48646545 4.75
v 693.15478516 212.97703552 7.875
v 693.91937256 213.66612244 11
v 695.22393799 215.12187195 11
v 685.04510498 209.02090454 17.25
v 685.35131836 209.09967041 23.5
v 689.07653809 210.42774963 17.25
v 660.36474609 217.86753845 45.375
v 661.09509277 216.35720825 48.5
v 680.98425293 208.34336853 23.5
v 680.89300537 208.33552551 29.75
v 690.76379395 211.30354309 14.125
v 665.37280273 211.93937683 39.125
v 696.32983398 216.85276794 7.875
v 696.20294189 216.6149292 11
v 676.39385986 208.32435608 29.75
v 676.30255127 208.33174133 36
v 697.33197021 222.77571106 1.625
v 695.8951416 226.55221558 -1.5
v 664.5982666 212.49398804 42.25
v 667.79370117 210.56048584 42.25
v 696.69921875 217.6431427 7.875
v 693.88256836 213.63067627 14.125
v 695.2076416 215.10069275 17.25
v 695.78009033 215.90808105 17.25
v 663.37969971 213.52207947 45.375
v 664.90661621 212.2651825 48.5
v 692.53259277 212.48001099 17.25
v 670.49804688 209.48410034 39.125
v 691.01446533 211.45220947 20.375
v 697.42102051 220.62573242 7.875
v 696.84881592 224.61500549 4.75
v 689.34832764 210.55535889 23.5
v 692.75469971 212.65162659 23.5
v 689.27203369 210.51904297 29.75
v 695.60705566 226.99304199 1.625
v 693.77258301 229.11334229 -1.5
v 696.89624023 218.15290833 14.125
v 696.25842285 216.71716309 17.25
v 685.26519775 209.07710266 29.75
v 685.17889404 209.05480957 36
v 694.07666016 213.82054138 20.375
v 677.03149414 208.28126526 39.125
v 680.80169678 208.32797241 36
v 673.96801758 208.62849426 42.25
v 696.35662842 225.73550415 7.875
v 696.51702881 225.40751648 11
v 670.93725586 209.34587097 45.375
v 670.47106934 209.49290466 48.5
v 674.34313965 208.56648254 48.5
v 691.10357666 211.50636292 26.625
v 695.98962402 226.39750671 7.875
v 695.72937012 226.81121826 11
v 694.79315186 228.04924011 11
v 691.63122559 230.79621887 1.625
v 691.11743164 231.12347412 -1.5
v 693.93432617 228.95918274 4.75
v 689.13098145 232.18759155 4.75
v 696.2522583 216.70573425 20.375
v 696.47125244 217.13578796 20.375
v 696.98638916 218.41825867 23.5
v 695.36560059 215.30978394 23.5
v 694.14520264 213.88937378 26.625
v 697.02923584 224.08207703 14.125
v 696.45214844 225.54354858 17.25
v 696.0993042 226.21052551 17.25
v 692.69256592 212.60296631 29.75
v 695.32159424 215.25059509 29.75
v 677.51165771 208.25863647 45.375
v 691.03363037 211.46380615 32.875
v 692.27294922 230.35101318 7.875
v 692.63769531 230.07772827 11
v 689.19549561 210.48300171 36
v 689.11871338 210.44723511 42.25
v 692.63000488 212.55451965 36
v 696.29522705 216.78648376 26.625
v 696.09527588 216.42353821 29.75
v 696.44897461 217.0897522 29.75
v 690.97320557 231.21109009 7.875
v 697.38775635 222.36280823 20.375
v 685.09246826 209.03282166 42.25
v 694.09143066 213.83531189 32.875
v 694.7857666 214.58332825 36
v 695.72283936 215.82061768 36
v 694.09771729 228.79850769 14.125
v 695.32659912 227.38441467 17.25
v 685.10577393 233.60649109 4.75
v 685.18981934 233.58506775 11
v 697.38800049 220.27125549 26.625
v 696.98693848 224.21646118 23.5
v 690.96343994 211.42152405 39.125
v 696.2980957 225.84863281 20.375
v 689.20556641 232.1526947 11
v 692.26373291 212.28024292 39.125
v 691.04138184 231.16989136 14.125
v 689.27996826 232.11753845 17.25
v 677.52526855 234.37898254 1.625
v 674.35522461 234.07290649 -1.5
v 692.69842529 230.03065491 17.25
v 697.02862549 218.55183411 32.875
v 696.51464844 217.22703552 36
v 694.14996338 228.74597168 20.375
v 695.36938477 227.32685852 23.5
v 692.7588501 229.98335266 23.5
v 696.47381592 225.498703 26.625
v 696.2612915 225.91802979 29.75
v 696.25616455 225.92765808 26.625
v 695.78497314 226.72605896 29.75
v 695.21533203 227.53102112 29.75
v 693.92779541 213.67428589 42.25
v 691.61865234 211.83349609 45.375
v 691.10290527 211.50598145 48.5
v 693.7598877 213.51428223 48.5
v 695.98516846 216.23641968 39.125
v 696.84771729 218.01948547 42.25
v 691.10931396 231.12844849 20.375
v 670.94494629 233.29827881 1.625
v 670.47875977 233.15155029 -1.5
v 696.35296631 216.89768982 39.125
v 673.97875977 234.01130676 4.75
v 667.79931641 232.08274841 4.75
v 680.81280518 234.31121826 11
v 680.90155029 234.30393982 17.25
v 677.04400635 234.35627747 7.875
v 676.31427002 234.30584717 11
v 694.08294678 228.81323242 26.625
v 685.27368164 233.56336975 17.25
v 685.35742188 233.54138184 23.5
v 696.89697266 224.48214722 32.875
v 696.21081543 226.01141357 36
v 695.22906494 227.51319885 36
v 695.60009766 215.63864136 45.375
v 695.89068604 216.08207703 48.5
v 689.35412598 232.08213806 23.5
v 689.08886719 232.20710754 29.75
v 697.42102051 222.00640869 39.125
v 691.02227783 231.1815033 26.625
v 670.5045166 233.15992737 7.875
v 692.54211426 230.15084839 29.75
v 692.32147217 230.3155365 36
v 663.38250732 229.12084961 1.625
v 661.09588623 226.28588867 -1.5
v 664.91113281 230.37763977 -1.5
v 693.89355469 228.99850464 32.875
v 693.9276123 228.96566772 36
v 696.70349121 224.98516846 39.125
v 697.07568359 223.92608643 42.25
v 664.60192871 230.14846802 4.75
v 662.08435059 227.72291565 4.75
v 697.33233643 219.85899353 45.375
v 697.43682861 221.74212646 48.5
v 676.40307617 234.3130188 17.25
v 676.49194336 234.31990051 23.5
v 696.33355713 225.78041077 39.125
v 665.37689209 230.70289612 7.875
v 680.99023438 234.29638672 23.5
v 680.67401123 234.32202148 29.75
v 660.32104492 224.65989685 1.625
v 685.05841064 233.61842346 29.75
v 684.75762939 233.69190979 36
v 693.16442871 229.6534729 39.125
v 694.71118164 228.14375305 42.25
v 696.2845459 225.8742981 45.375
v 695.09417725 227.68553162 48.5
v 692.36108398 230.28637695 39.125
v 688.82080078 232.32885742 36
v 661.04418945 226.1960907 7.875
v 690.52996826 231.46939087 39.125
v 672.10650635 233.61901855 23.5
v 693.0758667 229.72746277 45.375
v 692.36047363 230.28681946 48.5
v 662.01806641 227.63952637 14.125
v 676.17565918 234.29406738 29.75
v 675.85998535 234.26461792 36
v 680.35723877 234.34399414 36
v 663.5526123 229.27780151 20.375
v 664.62475586 230.16575623 23.5
v 661.95269775 227.5557251 23.5
v 684.45513916 233.76185608 42.25
v 676.68347168 234.33377075 39.125
v 660.60699463 225.34518433 20.375
v 663.65716553 229.37179565 26.625
v 660.99334717 226.10595703 29.75
v 660.28588867 224.56506348 23.5
v 660.28588867 224.56506348 36
v 670.77435303 233.24581909 39.125
v 673.95062256 234.00648499 42.25
v 668.32659912 232.32617188 42.25
v 677.10516357 234.35961914 45.375
v 674.2041626 234.04885864 48.5
v 662.18743896 227.84989929 32.875
v 665.85638428 231.01499939 39.125
v 662.14685059 227.80030823 42.25
v 671.16326904 233.3633728 45.375
v 669.68347168 232.8759613 48.5
v 665.88397217 231.0322876 48.5
v 664.86297607 230.34268188 42.25
v 661.06817627 226.23800659 39.125
v 663.83911133 229.53134155 45.375
v 662.98925781 228.73780823 48.5
v 660.93359375 225.99736023 48.5
v 660.26525879 224.50804138 45.375
v 667.72485352 210.59356689 46.9375
v 677.31915283 208.26670837 42.25
v 688.52978516 232.45594788 0.0625
v 688.5145874 210.17874146 46.9375
v 677.33227539 234.37088013 4.75
v 667.73101807 232.04989624 0.0625
v 594.36291504 156.32415771 48.5
v 601.61273193 151.05685425 48.5
v 594.36291504 156.32415771 -1.5
v 601.61273193 151.05685425 -1.5
v 596.60626221 163.22845459 -1.5
v 596.60626221 163.22845459 48.5
v 593.7699585 161.96565247 -1.5
v 593.7699585 161.96565247 48.5
v 592.81054688 159.01290894 -1.5
v 592.81054688 159.01290894 48.5
v 605.56750488 163.22845459 48.5
v 605.56750488 163.22845459 -1.5
v 608.33666992 171.75112915 -1.5
v 608.33666992 171.75112915 48.5
v 615.59631348 171.75112915 48.5
v 613.51885986 174.05838013 48.5
v 615.59631348 171.75112915 -1.5
v 613.51885986 174.05838013 -1.5
v 610.41412354 174.05838013 48.5
v 610.41412354 174.05838013 -1.5
v 618.36547852 163.22845459 48.5
v 618.36547852 163.22845459 -1.5
v 627.32678223 163.22845459 48.5
v 627.32678223 163.22845459 -1.5
v 629.57012939 156.32415771 48.5
v 631.12243652 159.01290894 48.5
v 629.57012939 156.32415771 -1.5
v 631.12243652 159.01290894 -1.5
v 630.1630249 161.96565247 48.5
v 630.1630249 161.96565247 -1.5
v 622.32025146 151.05685425 48.5
v 622.32025146 151.05685425 -1.5
v 625.08947754 142.53417969 -1.5
v 625.08947754 142.53417969 48.5
v 619.21630859 138.26708984 48.5
v 622.25317383 137.62158203 48.5
v 619.21630859 138.26708984 -1.5
v 622.25317383 137.62158203 -1.5
v 624.76495361 139.44647217 48.5
v 624.76495361 139.44647217 -1.5
v 611.9664917 143.53439331 48.5
v 611.9664917 143.53439331 -1.5
v 604.7166748 138.26708984 48.5
v 604.7166748 138.26708984 -1.5
v 598.84350586 142.53417969 -1.5
v 598.84350586 142.53417969 48.5
v 599.16809082 139.44647217 -1.5
v 599.16809082 139.44647217 48.5
v 601.67980957 137.62158203 -1.5
v 601.67980957 137.62158203 48.5
v 609.5 227.29893494 -1.5
v 609.5 218.29893494 -1.5
v 609.5 227.29893494 48.5
v 609.5 218.29893494 48.5
v 608.89709473 216.04893494 48.5
v 608.89709473 216.04893494 -1.5
v 607.25 214.40182495 48.5
v 607.25 214.40182495 -1.5
v 605 213.79893494 48.5
v 605 213.79893494 -1.5
v 596 213.79893494 -1.5
v 596 213.79893494 48.5
v 593.75 214.40182495 48.5
v 593.75 214.40182495 -1.5
v 592.10290527 216.04893494 48.5
v 592.10290527 216.04893494 -1.5
v 591.5 218.29893494 48.5
v 591.5 218.29893494 -1.5
v 616.5 222.79893494 -1.5
v 617.04278564 225.87712097 -1.5
v 616.5 222.79893494 48.5
v 617.04278564 225.87712097 48.5
v 618.60559082 228.58403015 48.5
v 618.60559082 228.58403015 -1.5
v 621 230.59317017 48.5
v 621 230.59317017 -1.5
v 623.93719482 231.66220093 48.5
v 623.93719482 231.66220093 -1.5
v 627.06286621 231.66220093 48.5
v 627.06286621 231.66220093 -1.5
v 630 230.59317017 48.5
v 630 230.59317017 -1.5
v 632.39440918 228.58403015 48.5
v 632.39440918 228.58403015 -1.5
v 633.95721436 225.87712097 48.5
v 633.95721436 225.87712097 -1.5
v 634.5 222.79893494 48.5
v 634.5 222.79893494 -1.5
v 633.95721436 219.7207489 48.5
v 633.95721436 219.7207489 -1.5
v 632.39440918 217.01385498 48.5
v 632.39440918 217.01385498 -1.5
v 630 215.00471497 48.5
v 630 215.00471497 -1.5
v 627.06286621 213.93566895 48.5
v 627.06286621 213.93566895 -1.5
v 623.93719482 213.93566895 48.5
v 623.93719482 213.93566895 -1.5
v 621 215.00471497 48.5
v 621 215.00471497 -1.5
v 618.60559082 217.01385498 48.5
v 618.60559082 217.01385498 -1.5
v 617.04278564 219.7207489 -1.5
v 617.04278564 219.7207489 48.5
v 605 231.79893494 -1.5
v 607.25 231.19604492 -1.5
v 605 231.79893494 48.5
v 607.25 231.19604492 48.5
v 608.89709473 229.54893494 -1.5
v 608.89709473 229.54893494 48.5
v 591.5 227.29893494 -1.5
v 591.5 227.29893494 48.5
v 596 231.79893494 -1.5
v 596 231.79893494 48.5
v 592.10290527 229.54893494 48.5
v 592.10290527 229.54893494 -1.5
v 593.75 231.19604492 48.5
v 593.75 231.19604492 -1.5
v 767.81207275 232.39970398 48.5
v 740.01287842 232.39970398 48.5
v 767.81207275 232.39970398 -1.5
v 740.01287842 232.39970398 -1.5
v 771.62872314 228.58309937 -1.5
v 771.62872314 228.58309937 48.5
v 771.11737061 230.49139404 -1.5
v 771.11737061 230.49139404 48.5
v 769.72039795 231.8883667 -1.5
v 769.72039795 231.8883667 48.5
v 771.62872314 212.36689758 48.5
v 771.62872314 212.36689758 -1.5
v 767.81207275 208.55029297 48.5
v 769.72039795 209.06163025 48.5
v 767.81207275 208.55029297 -1.5
v 769.72039795 209.06163025 -1.5
v 771.11737061 210.45860291 48.5
v 771.11737061 210.45860291 -1.5
v 740.01287842 208.55029297 48.5
v 740.01287842 208.55029297 -1.5
v 736.19628906 212.36689758 48.5
v 736.7076416 210.45860291 48.5
v 736.19628906 212.36689758 -1.5
v 736.7076416 210.45860291 -1.5
v 738.10461426 209.06163025 48.5
v 738.10461426 209.06163025 -1.5
v 736.19628906 228.58309937 48.5
v 736.19628906 228.58309937 -1.5
v 738.10461426 231.8883667 48.5
v 738.10461426 231.8883667 -1.5
v 736.7076416 230.49139404 48.5
v 736.7076416 230.49139404 -1.5
v 798 269.73205566 47.5
v 799 269.73205566 46.5
v 798 270 46.5
v 799.73205566 268 47.5
v 800 268 46.5
v 799.73205566 269 46.5
v 798 268 48.5
v 799 268 48.23205185
v 798 269 48.23205185
v 799.47460938 269.3213501 46.7820816
v 798.28210449 269.3213501 47.97459412
v 800 268 -1.5
v 799.73205566 269 -1.5
v 799 269.73205566 -1.5
v 798 270 -1.5
v 799.73205566 42 47.5
v 799.73205566 41 46.5
v 800 42 46.5
v 798 40.26794815 47.5
v 798 40 46.5
v 799 40.26794815 46.5
v 798 42 48.5
v 798 41 48.23205185
v 799 42 48.23205185
v 799.3213501 40.52540588 46.7820816
v 799.3213501 41.7179184 47.97459412
v 798 40 -1.5
v 799 40.26794815 -1.5
v 799.73205566 41 -1.5
v 800 42 -1.5
v 571 268 48.23205185
v 572 268 48.5
v 572 269 48.23205185
v 571 269.73205566 46.5
v 572 269.73205566 47.5
v 572 270 46.5
v 570 268 46.5
v 570.26794434 268 47.5
v 570.26794434 269 46.5
v 570.6786499 268.28207397 47.97459412
v 570.6786499 269.47457886 46.7820816
v 572 270 -1.5
v 571 269.73205566 -1.5
v 570.26794434 269 -1.5
v 570 268 -1.5
v 571 40.26794815 46.5
v 572 40 46.5
v 572 40.26794815 47.5
v 571 42 48.23205185
v 572 41 48.23205185
v 572 42 48.5
v 570 42 46.5
v 570.26794434 41 46.5
v 570.26794434 42 47.5
v 570.6786499 40.52540588 46.7820816
v 570.6786499 41.7179184 47.97459412
v 570 42 -1.5
v 570.26794434 41 -1.5
v 571 40.26794815 -1.5
v 572 40 -1.5
f 1 2 3
f 2 4 3
f 3 4 5
f 4 6 5
f 5 6 7
f 6 8 7
f 7 8 9
f 8 10 9
f 9 10 11
f 10 12 11
f 11 12 13
f 12 14 13
f 13 14 15
f 14 16 15
f 15 16 17
f 16 18 17
f 17 18 19
f 18 20 19
f 19 20 21
f 20 22 21
f 21 22 23
f 22 24 23
f 23 24 25
f 24 26 25
f 25 26 27
f 26 28 27
f 27 28 29
f 28 30 29
f 29 30 31
f 31 32 33
f 30 32 31
f 33 34 35
f 32 34 33
f 35 36 37
f 34 36 35
f 37 38 39
f 36 38 37
f 39 40 41
f 38 40 39
f 41 42 43
f 40 42 41
f 43 44 45
f 42 44 43
f 45 46 47
f 44 46 45
f 47 48 49
f 46 48 47
f 48 50 49
f 49 50 51
f 50 52 51
f 51 52 53
f 52 54 53
f 53 54 55
f 54 56 55
f 55 56 57
f 56 58 57
f 57 58 59
f 58 60 59
f 59 60 61
f 60 62 61
f 61 62 63
f 62 64 63
f 63 64 65
f 64 66 65
f 65 66 67
f 66 68 67
f 67 68 69
f 68 70 69
f 69 70 71
f 70 72 71
f 71 72 73
f 72 74 73
f 74 75 73
f 73 75 76
f 76 75 77
f 75 78 77
f 77 78 79
f 78 80 79
f 79 80 81
f 80 82 81
f 81 82 83
f 82 84 83
f 83 84 85
f 84 86 85
f 86 87 85
f 85 87 88
f 87 89 88
f 88 89 90
f 90 89 91
f 89 92 91
f 91 92 93
f 92 94 93
f 93 94 95
f 94 96 95
f 95 97 98
f 96 97 95
f 97 99 98
f 98 99 100
f 100 101 102
f 99 101 100
f 102 101 1
f 101 2 1
f 103 104 105
f 103 106 107
f 103 107 108
f 103 108 109
f 103 109 110
f 103 105 106
f 111 112 113
f 111 113 114
f 111 115 116
f 111 114 115
f 117 112 111
f 117 118 112
f 117 116 119
f 117 111 116
f 120 121 118
f 120 118 117
f 120 117 119
f 122 121 120
f 122 119 123
f 122 120 119
f 124 123 125
f 124 121 122
f 124 125 126
f 124 126 121
f 124 122 123
f 127 126 128
f 127 129 121
f 127 128 130
f 127 121 126
f 127 130 129
f 131 132 133
f 131 133 134
f 131 135 132
f 136 137 135
f 136 135 131
f 136 134 138
f 136 131 134
f 139 140 137
f 139 136 138
f 139 137 136
f 139 138 140
f 141 142 140
f 141 140 143
f 144 143 145
f 144 142 141
f 144 146 142
f 144 141 143
f 147 148 149
f 147 137 150
f 147 149 137
f 151 145 152
f 151 144 145
f 151 146 144
f 151 152 153
f 151 153 146
f 154 148 147
f 154 150 155
f 154 147 150
f 154 156 148
f 157 156 154
f 157 158 156
f 157 154 155
f 157 155 158
f 159 160 161
f 159 148 156
f 159 156 162
f 159 162 160
f 159 161 148
f 163 164 160
f 163 160 162
f 165 164 163
f 165 166 167
f 165 163 162
f 165 167 164
f 168 169 170
f 168 162 171
f 168 171 169
f 172 168 170
f 172 166 165
f 172 165 162
f 172 162 168
f 172 170 173
f 172 173 166
f 174 175 176
f 174 177 178
f 174 179 175
f 174 178 179
f 174 176 177
f 180 181 182
f 180 183 184
f 180 184 181
f 180 182 185
f 180 175 183
f 180 185 175
f 186 187 188
f 189 188 187
f 190 191 187
f 190 187 186
f 192 190 186
f 192 193 190
f 194 195 196
f 194 196 197
f 181 198 182
f 199 195 194
f 200 186 188
f 200 201 186
f 202 203 204
f 202 204 107
f 205 206 207
f 208 202 107
f 209 210 211
f 212 204 203
f 212 213 214
f 212 203 213
f 215 208 107
f 216 215 107
f 217 206 205
f 109 209 211
f 218 219 220
f 221 219 218
f 222 223 224
f 225 222 224
f 225 224 226
f 227 228 229
f 230 228 227
f 231 232 233
f 234 235 236
f 237 238 235
f 237 235 234
f 239 240 241
f 242 243 244
f 245 239 241
f 245 241 246
f 247 233 248
f 249 250 251
f 252 253 254
f 255 253 252
f 255 256 253
f 257 258 259
f 260 261 262
f 263 256 255
f 264 265 256
f 264 266 265
f 264 256 263
f 267 260 262
f 268 267 262
f 269 251 270
f 271 272 273
f 125 271 273
f 274 275 276
f 274 277 275
f 278 279 280
f 281 279 278
f 282 279 281
f 282 283 279
f 284 283 282
f 285 286 287
f 285 288 286
f 289 287 290
f 289 285 287
f 291 189 187
f 291 292 189
f 293 294 295
f 293 292 294
f 296 292 293
f 296 189 292
f 297 298 299
f 297 300 298
f 173 301 302
f 303 297 299
f 304 173 302
f 305 304 302
f 306 305 302
f 307 308 188
f 307 306 302
f 307 189 306
f 307 188 189
f 309 310 191
f 309 191 190
f 311 309 190
f 311 190 193
f 311 310 309
f 312 313 310
f 312 310 311
f 312 311 314
f 315 314 311
f 315 311 193
f 315 316 314
f 176 317 313
f 176 318 317
f 176 312 314
f 176 313 312
f 319 315 193
f 319 316 315
f 319 193 192
f 177 176 314
f 177 314 316
f 177 316 196
f 320 319 192
f 320 192 186
f 321 197 196
f 321 196 316
f 322 201 323
f 322 324 320
f 322 323 324
f 322 186 201
f 322 320 186
f 325 197 321
f 326 327 325
f 326 213 327
f 326 325 324
f 326 324 323
f 328 194 197
f 328 325 327
f 328 197 325
f 328 199 194
f 329 323 201
f 329 213 326
f 329 326 323
f 329 214 213
f 330 198 181
f 330 331 205
f 330 207 198
f 330 205 207
f 184 331 330
f 184 332 331
f 184 330 181
f 333 184 183
f 333 332 184
f 333 334 332
f 335 200 209
f 335 214 329
f 335 201 200
f 335 209 214
f 335 329 201
f 336 327 213
f 336 213 203
f 337 199 328
f 337 334 333
f 338 337 328
f 338 328 327
f 338 334 337
f 338 216 334
f 339 327 336
f 339 203 202
f 339 336 203
f 339 202 208
f 339 208 215
f 339 338 327
f 339 216 338
f 339 215 216
f 340 209 200
f 340 200 188
f 340 210 209
f 340 188 210
f 341 214 209
f 341 212 214
f 341 209 109
f 342 343 206
f 342 206 217
f 344 217 205
f 345 344 205
f 345 205 331
f 108 204 212
f 108 212 341
f 108 341 109
f 108 107 204
f 346 347 348
f 346 348 345
f 346 345 331
f 346 331 332
f 349 332 334
f 349 350 347
f 349 346 332
f 349 347 346
f 351 349 334
f 351 334 216
f 351 352 350
f 351 350 349
f 353 107 106
f 353 105 354
f 353 216 107
f 353 351 216
f 353 352 351
f 353 354 352
f 353 106 105
f 355 342 217
f 355 217 344
f 356 218 220
f 356 220 357
f 110 358 359
f 360 361 362
f 360 362 363
f 360 228 361
f 360 229 228
f 364 360 363
f 364 229 360
f 365 348 347
f 365 366 348
f 365 367 366
f 368 228 369
f 370 371 372
f 370 347 350
f 370 365 347
f 370 372 365
f 373 350 352
f 373 352 222
f 373 371 370
f 373 222 225
f 373 225 371
f 373 370 350
f 374 375 219
f 374 219 221
f 376 221 218
f 376 368 369
f 376 218 368
f 377 378 223
f 377 223 222
f 377 222 352
f 377 352 354
f 379 229 364
f 379 366 367
f 379 364 366
f 380 365 372
f 380 367 365
f 381 236 235
f 381 375 374
f 381 382 375
f 381 235 382
f 383 374 221
f 383 381 374
f 383 236 381
f 384 369 228
f 384 228 230
f 384 230 385
f 384 385 232
f 386 221 376
f 386 383 221
f 387 386 376
f 387 376 369
f 387 388 386
f 389 384 232
f 389 387 369
f 389 369 384
f 389 232 231
f 390 229 379
f 390 227 229
f 390 230 227
f 390 385 230
f 391 233 390
f 391 379 367
f 391 390 379
f 392 391 367
f 392 367 380
f 393 392 380
f 393 380 372
f 393 243 392
f 394 393 372
f 395 390 233
f 395 385 390
f 396 372 371
f 396 394 372
f 396 397 394
f 398 240 239
f 398 399 240
f 398 226 399
f 398 239 396
f 398 396 371
f 398 225 226
f 398 371 225
f 400 395 233
f 400 385 395
f 400 232 385
f 400 233 232
f 401 236 383
f 401 383 386
f 401 386 388
f 402 388 387
f 402 387 389
f 402 389 231
f 403 238 237
f 403 404 238
f 405 391 392
f 405 243 242
f 405 242 406
f 405 406 407
f 405 392 243
f 405 233 391
f 408 409 244
f 408 243 393
f 408 394 397
f 408 393 394
f 408 397 410
f 408 244 243
f 408 410 409
f 411 396 239
f 411 397 396
f 411 239 245
f 412 233 405
f 412 405 407
f 413 248 233
f 413 407 248
f 413 233 412
f 413 412 407
f 414 237 234
f 414 234 236
f 414 236 401
f 415 416 414
f 415 401 388
f 415 414 401
f 417 388 402
f 417 415 388
f 418 402 231
f 418 417 402
f 418 250 417
f 419 411 245
f 419 410 397
f 419 397 411
f 420 231 233
f 420 233 421
f 420 421 422
f 420 418 231
f 423 237 414
f 423 414 416
f 424 423 416
f 424 237 423
f 425 424 416
f 425 403 237
f 425 416 258
f 425 237 424
f 426 242 244
f 426 406 242
f 426 407 406
f 426 248 407
f 426 244 427
f 428 250 249
f 428 416 415
f 428 417 250
f 428 415 417
f 429 420 422
f 429 418 420
f 429 430 251
f 429 251 250
f 429 422 430
f 429 250 418
f 431 421 233
f 431 422 421
f 431 233 247
f 432 426 427
f 432 247 248
f 432 248 426
f 433 258 416
f 433 249 434
f 433 416 428
f 433 434 435
f 433 259 258
f 433 435 259
f 433 428 249
f 436 427 244
f 437 427 436
f 437 436 260
f 438 427 437
f 438 437 260
f 439 422 431
f 439 251 430
f 439 270 251
f 439 430 422
f 440 115 114
f 441 439 431
f 441 431 247
f 441 270 439
f 442 247 432
f 442 441 247
f 443 442 432
f 443 444 442
f 443 432 427
f 445 427 438
f 445 438 260
f 445 443 427
f 445 260 267
f 445 267 268
f 446 434 249
f 446 249 251
f 447 434 446
f 447 446 251
f 448 440 114
f 448 252 440
f 116 449 258
f 116 258 257
f 116 115 449
f 450 435 434
f 450 259 435
f 450 257 259
f 450 434 447
f 450 447 251
f 451 252 448
f 452 453 261
f 452 261 260
f 452 260 436
f 454 255 252
f 454 263 255
f 454 252 451
f 455 270 441
f 455 441 442
f 455 442 444
f 456 444 443
f 456 443 445
f 456 445 268
f 457 251 269
f 457 269 458
f 459 251 457
f 459 457 458
f 119 116 257
f 460 450 251
f 460 458 272
f 460 251 459
f 460 459 458
f 460 272 271
f 460 271 125
f 461 264 263
f 461 263 454
f 462 269 270
f 462 270 455
f 463 464 462
f 463 462 455
f 463 455 444
f 465 463 444
f 465 444 456
f 466 462 464
f 466 269 462
f 466 464 273
f 466 273 272
f 466 458 269
f 466 272 458
f 467 465 456
f 467 277 465
f 467 456 268
f 468 266 264
f 468 264 461
f 469 467 268
f 469 470 471
f 469 262 470
f 469 268 262
f 472 278 280
f 472 280 473
f 474 277 274
f 474 465 277
f 474 464 463
f 474 463 465
f 475 469 471
f 475 471 275
f 475 467 469
f 475 275 277
f 475 277 467
f 476 474 274
f 476 464 474
f 476 273 464
f 477 125 273
f 477 273 478
f 477 478 479
f 477 479 480
f 481 278 472
f 482 276 483
f 482 274 276
f 484 283 284
f 484 485 283
f 486 281 278
f 486 278 481
f 487 284 282
f 487 282 281
f 487 281 486
f 488 284 487
f 489 480 490
f 489 490 288
f 491 284 488
f 492 288 285
f 492 489 288
f 493 485 484
f 493 494 485
f 495 484 284
f 495 493 484
f 495 496 493
f 497 284 491
f 497 495 284
f 497 498 499
f 497 491 498
f 500 285 289
f 500 492 285
f 501 502 286
f 501 288 490
f 501 286 288
f 503 499 504
f 503 504 294
f 503 496 495
f 503 495 497
f 503 497 499
f 505 496 291
f 505 187 494
f 505 291 187
f 505 493 496
f 505 494 493
f 506 289 290
f 506 500 289
f 507 291 496
f 507 292 291
f 507 503 294
f 507 294 292
f 507 496 503
f 508 499 498
f 508 504 499
f 509 504 508
f 509 508 164
f 509 164 295
f 509 295 294
f 509 294 504
f 510 511 300
f 167 295 164
f 167 293 295
f 167 296 293
f 512 296 167
f 512 167 189
f 513 296 512
f 513 512 189
f 513 189 296
f 514 515 298
f 514 516 515
f 514 300 511
f 514 298 300
f 517 300 297
f 517 510 300
f 517 297 303
f 518 517 303
f 169 519 520
f 169 520 521
f 166 189 167
f 166 173 304
f 166 304 305
f 522 189 166
f 522 166 305
f 522 305 306
f 523 170 169
f 523 169 521
f 523 173 170
f 523 301 173
f 523 521 301
f 524 189 522
f 524 522 306
f 524 306 189
f 525 518 303
f 525 519 518
f 525 520 519
f 526 299 527
f 526 525 303
f 526 303 299
f 528 307 302
f 528 302 301
f 529 530 308
f 529 308 307
f 531 316 319
f 531 321 316
f 532 319 320
f 532 531 319
f 532 321 531
f 532 325 321
f 533 320 324
f 533 532 320
f 533 325 532
f 533 324 325
f 178 177 196
f 178 196 195
f 178 195 179
f 534 333 183
f 534 337 333
f 534 199 337
f 534 183 179
f 534 179 195
f 534 195 199
f 535 357 343
f 535 343 342
f 536 535 342
f 536 356 357
f 536 357 535
f 537 345 348
f 537 344 345
f 537 363 355
f 537 355 344
f 538 342 355
f 538 356 536
f 538 536 342
f 539 211 358
f 539 358 110
f 539 110 109
f 539 109 211
f 540 362 361
f 540 363 362
f 540 355 363
f 540 538 355
f 541 538 540
f 541 228 368
f 541 361 228
f 541 540 361
f 541 218 356
f 541 368 218
f 541 356 538
f 542 537 348
f 542 348 366
f 542 364 363
f 542 366 364
f 542 363 537
f 543 359 378
f 543 110 359
f 104 377 354
f 104 378 377
f 104 543 378
f 104 354 105
f 544 252 254
f 544 254 404
f 544 440 252
f 544 404 403
f 545 436 244
f 545 244 409
f 545 409 410
f 545 410 419
f 546 544 403
f 546 440 544
f 546 403 425
f 547 545 419
f 547 436 545
f 547 452 436
f 548 425 258
f 548 440 546
f 548 115 440
f 548 258 449
f 548 449 115
f 548 546 425
f 549 419 245
f 549 547 419
f 549 246 453
f 549 452 547
f 549 245 246
f 549 453 452
f 113 448 114
f 113 451 448
f 113 454 451
f 113 461 454
f 123 257 450
f 123 450 460
f 123 119 257
f 123 460 125
f 112 550 461
f 112 461 113
f 118 129 550
f 118 550 112
f 551 468 461
f 121 129 118
f 552 266 468
f 552 472 473
f 552 481 472
f 552 133 481
f 552 551 133
f 552 553 266
f 552 473 553
f 552 468 551
f 134 461 550
f 134 133 551
f 134 551 461
f 126 125 477
f 128 126 477
f 128 477 480
f 554 476 274
f 554 273 476
f 554 478 273
f 554 274 482
f 132 481 133
f 132 486 481
f 138 134 550
f 555 490 480
f 555 478 554
f 555 479 478
f 555 480 479
f 135 149 486
f 135 486 132
f 556 490 555
f 556 554 482
f 556 555 554
f 556 501 490
f 130 557 129
f 130 500 557
f 130 128 480
f 558 129 557
f 558 550 129
f 558 138 550
f 558 140 138
f 559 480 489
f 559 489 492
f 559 500 130
f 559 130 480
f 559 492 500
f 560 501 556
f 560 482 483
f 560 556 482
f 143 558 557
f 143 140 558
f 561 483 502
f 561 502 501
f 561 560 483
f 561 501 560
f 562 487 486
f 562 488 487
f 562 498 491
f 562 491 488
f 137 149 135
f 145 557 500
f 145 143 557
f 150 137 140
f 563 149 148
f 563 486 149
f 563 498 562
f 563 562 486
f 564 500 506
f 564 152 145
f 564 506 152
f 564 145 500
f 155 150 140
f 155 140 142
f 155 142 158
f 565 498 563
f 565 563 148
f 161 498 565
f 161 565 148
f 161 508 498
f 146 158 142
f 146 510 158
f 160 508 161
f 160 164 508
f 566 152 506
f 153 511 510
f 153 510 146
f 153 566 511
f 153 152 566
f 567 290 516
f 567 506 290
f 567 511 566
f 567 514 511
f 567 516 514
f 567 566 506
f 568 156 158
f 568 158 510
f 569 156 568
f 569 568 519
f 570 156 569
f 570 569 519
f 570 519 169
f 171 162 156
f 171 570 169
f 171 156 570
f 571 510 517
f 571 568 510
f 571 517 518
f 571 519 568
f 571 518 519
f 572 520 525
f 572 525 526
f 572 521 520
f 573 572 529
f 573 521 572
f 573 307 528
f 573 528 301
f 573 529 307
f 573 301 521
f 574 527 530
f 574 526 527
f 575 529 572
f 575 574 530
f 575 526 574
f 575 572 526
f 575 530 529
f 175 185 318
f 175 318 176
f 175 179 183
f 103 543 104
f 103 110 543
f 576 577 578
f 578 577 579
f 580 581 582
f 582 583 584
f 581 583 582
f 584 585 578
f 583 585 584
f 585 576 578
f 586 581 587
f 587 581 580
f 588 589 590
f 590 589 591
f 591 592 593
f 589 592 591
f 593 586 587
f 592 586 593
f 594 588 595
f 595 588 590
f 596 597 598
f 598 599 600
f 597 599 598
f 600 601 595
f 599 601 600
f 601 594 595
f 602 597 603
f 603 597 596
f 577 604 579
f 579 604 605
f 605 606 607
f 604 606 605
f 607 602 603
f 606 602 607
f 608 609 610
f 610 611 612
f 609 611 610
f 612 613 614
f 611 613 612
f 613 615 614
f 616 617 618
f 618 619 620
f 617 619 618
f 620 621 622
f 619 621 620
f 621 623 622
f 623 624 622
f 622 624 625
f 626 627 628
f 628 627 629
f 629 630 631
f 627 630 629
f 631 632 633
f 630 632 631
f 633 632 634
f 632 635 634
f 636 626 637
f 637 626 628
f 634 635 638
f 638 639 640
f 635 639 638
f 640 641 642
f 639 641 640
f 641 643 642
f 643 644 642
f 642 644 645
f 615 617 614
f 614 617 616
f 646 647 648
f 648 647 649
f 649 650 651
f 647 650 649
f 651 652 653
f 650 652 651
f 652 609 653
f 653 609 608
f 624 654 625
f 625 654 655
f 655 656 657
f 654 656 655
f 657 658 659
f 656 658 657
f 645 644 660
f 660 661 662
f 644 661 660
f 662 663 664
f 661 663 662
f 663 665 664
f 665 666 664
f 664 666 667
f 666 668 667
f 667 668 669
f 669 670 671
f 668 670 669
f 671 636 637
f 670 636 671
f 658 646 659
f 659 646 648
f 672 673 674
f 674 673 675
f 676 677 678
f 678 677 679
f 679 680 681
f 677 680 679
f 681 672 674
f 680 672 681
f 682 676 683
f 683 676 678
f 684 685 686
f 686 687 688
f 685 687 686
f 687 689 688
f 688 682 683
f 689 682 688
f 690 685 691
f 691 685 684
f 692 693 694
f 694 693 695
f 695 696 697
f 693 696 695
f 697 690 691
f 696 690 697
f 698 692 694
f 698 694 699
f 700 699 701
f 700 698 699
f 702 701 703
f 702 700 701
f 704 703 705
f 704 702 703
f 706 705 707
f 706 704 705
f 708 707 709
f 708 706 707
f 710 709 711
f 710 708 709
f 712 711 713
f 712 710 711
f 714 713 715
f 714 712 713
f 716 715 717
f 716 714 715
f 718 717 719
f 718 716 717
f 720 721 722
f 720 719 721
f 720 718 719
f 723 720 722
f 724 722 725
f 724 723 722
f 726 725 727
f 726 724 725
f 728 729 730
f 730 729 731
f 731 732 733
f 729 732 731
f 733 726 727
f 732 726 733
f 734 728 735
f 735 728 730
f 736 737 738
f 738 737 739
f 739 740 741
f 737 740 739
f 741 734 735
f 740 734 741
f 742 736 743
f 743 736 738
f 673 744 675
f 675 744 745
f 745 746 747
f 747 746 743
f 744 746 745
f 746 742 743
f 748 749 750
f 750 749 751
f 751 752 753
f 749 752 751
f 753 754 755
f 752 754 753
f 755 756 757
f 754 756 755
f 757 758 759
f 756 758 757
f 759 760 761
f 758 760 759
f 761 762 763
f 760 762 761
f 763 764 765
f 762 764 763
f 765 766 767
f 764 766 765
f 767 768 769
f 766 768 767
f 769 770 771
f 768 770 769
f 771 772 773
f 770 772 771
f 773 774 775
f 772 774 773
f 774 776 775
f 775 776 777
f 776 778 777
f 777 778 779
f 778 780 779
f 779 780 781
f 780 782 781
f 781 782 783
f 782 784 783
f 783 784 785
f 784 786 785
f 785 786 787
f 786 788 787
f 787 788 789
f 788 748 789
f 789 748 750
f 790 791 792
f 791 793 792
f 792 794 795
f 793 794 792
f 795 796 797
f 794 796 795
f 797 798 799
f 796 798 797
f 799 800 801
f 798 800 799
f 801 802 803
f 800 802 801
f 803 804 805
f 802 804 803
f 805 806 807
f 804 806 805
f 807 808 809
f 806 808 807
f 809 810 811
f 808 810 809
f 811 812 813
f 810 812 811
f 813 814 815
f 812 814 813
f 815 816 817
f 814 816 815
f 816 818 817
f 817 818 819
f 818 820 819
f 819 820 821
f 820 822 821
f 821 822 823
f 822 824 823
f 823 824 825
f 824 826 825
f 825 826 827
f 826 828 827
f 827 828 829
f 829 828 830
f 828 831 830
f 831 791 830
f 830 791 790
f 832 833 834
f 833 835 834
f 834 836 837
f 835 836 834
f 837 838 839
f 836 838 837
f 839 840 841
f 838 840 839
f 841 842 843
f 840 842 841
f 843 844 845
f 842 844 843
f 845 846 847
f 844 846 845
f 847 848 849
f 846 848 847
f 849 850 851
f 848 850 849
f 851 852 853
f 850 852 851
f 853 854 855
f 852 854 853
f 855 856 857
f 854 856 855
f 857 858 859
f 856 858 857
f 858 860 859
f 859 860 861
f 860 862 861
f 861 862 863
f 862 864 863
f 863 864 865
f 864 866 865
f 865 866 867
f 866 868 867
f 867 868 869
f 868 870 869
f 869 870 871
f 870 872 871
f 871 872 873
f 872 833 873
f 873 833 832
f 874 875 876
f 876 877 878
f 875 877 876
f 878 879 880
f 877 879 878
f 879 881 880
f 882 875 883
f 883 875 874
f 884 885 886
f 886 887 888
f 885 887 886
f 888 889 883
f 887 889 888
f 889 882 883
f 890 885 891
f 891 885 884
f 892 893 894
f 894 895 896
f 893 895 894
f 896 897 891
f 895 897 896
f 897 890 891
f 898 893 899
f 899 893 892
f 900 901 902
f 902 901 903
f 903 904 905
f 901 904 903
f 905 898 899
f 904 898 905
f 906 900 907
f 907 900 902
f 908 909 910
f 910 909 911
f 911 912 913
f 909 912 911
f 913 906 907
f 912 906 913
f 914 908 915
f 915 908 910
f 916 917 918
f 918 917 919
f 919 920 921
f 917 920 919
f 921 914 915
f 920 914 921
f 881 916 880
f 880 916 918
f 922 923 924
f 924 923 925
f 925 923 926
f 926 927 928
f 923 927 926
f 928 929 930
f 927 929 928
f 929 931 930
f 931 932 930
f 930 932 933
f 933 932 934
f 934 935 936
f 932 935 934
f 936 937 938
f 935 937 936
f 937 939 938
f 940 941 942
f 942 943 944
f 941 943 942
f 944 945 946
f 943 945 944
f 946 947 948
f 945 947 946
f 948 949 950
f 947 949 948
f 950 951 952
f 949 951 950
f 952 953 954
f 951 953 952
f 954 955 956
f 953 955 954
f 956 957 958
f 955 957 956
f 958 959 960
f 957 959 958
f 960 961 962
f 959 961 960
f 961 963 962
f 963 964 962
f 962 964 965
f 965 964 966
f 964 967 966
f 967 968 966
f 966 968 969
f 969 968 970
f 968 971 970
f 971 972 970
f 970 972 973
f 973 972 974
f 972 975 974
f 974 975 976
f 975 977 976
f 977 978 976
f 976 978 979
f 979 978 980
f 978 981 980
f 981 982 980
f 980 982 983
f 983 982 984
f 982 985 984
f 984 985 986
f 985 987 986
f 986 988 989
f 987 988 986
f 989 990 991
f 988 990 989
f 991 941 940
f 990 941 991
f 992 993 994
f 994 993 995
f 995 996 997
f 993 996 995
f 997 922 924
f 996 922 997
f 939 998 938
f 938 998 999
f 1000 992 1001
f 1001 992 994
f 998 1002 999
f 999 1002 1003
f 1003 1004 1005
f 1005 1004 1001
f 1002 1004 1003
f 1004 1000 1001
f 1006 1007 1008
f 1008 1007 1009
f 1010 1011 1012
f 1012 1011 1013
f 1013 1014 1015
f 1011 1014 1013
f 1015 1016 1017
f 1014 1016 1015
f 1017 1006 1008
f 1016 1006 1017
f 1018 1010 1019
f 1019 1010 1012
f 1020 1018 1021
f 1021 1018 1019
f 1022 1023 1024
f 1024 1025 1026
f 1023 1025 1024
f 1026 1027 1028
f 1025 1027 1026
f 1028 1029 1021
f 1027 1029 1028
f 1029 1020 1021
f 1030 1023 1031
f 1031 1023 1022
f 1032 1030 1033
f 1033 1030 1031
f 1034 1035 1036
f 1036 1035 1037
f 1037 1038 1039
f 1035 1038 1037
f 1039 1040 1041
f 1041 1040 1033
f 1038 1040 1039
f 1040 1032 1033
f 1042 1034 1043
f 1043 1034 1036
f 1044 1042 1045
f 1045 1042 1043
f 1046 1047 1048
f 1048 1049 1050
f 1047 1049 1048
f 1050 1051 1052
f 1049 1051 1050
f 1051 1053 1052
f 1052 1044 1045
f 1053 1044 1052
f 1054 1047 1055
f 1055 1047 1046
f 1056 1054 1057
f 1057 1054 1055
f 1058 1059 1060
f 1060 1059 1061
f 1061 1062 1063
f 1059 1062 1061
f 1063 1064 1065
f 1062 1064 1063
f 1065 1056 1057
f 1064 1056 1065
f 1007 1058 1009
f 1009 1058 1060
f 1066 1067 1068
f 1069 1070 1071
f 1072 1073 1074
f 1075 1073 1066
f 1075 1066 1068
f 1075 1074 1073
f 1076 1068 1070
f 1076 1069 1074
f 1076 1075 1068
f 1076 1070 1069
f 1076 1074 1075
f 1069 1077 1078
f 1069 1071 1077
f 1074 1078 1079
f 1074 1079 1080
f 1074 1069 1078
f 1072 1074 1080
f 1081 1082 1083
f 1084 1085 1086
f 1087 1088 1089
f 1090 1086 1082
f 1090 1084 1086
f 1090 1082 1081
f 1091 1081 1089
f 1091 1088 1084
f 1091 1090 1081
f 1091 1084 1090
f 1091 1089 1088
f 1087 1092 1093
f 1088 1093 1094
f 1088 1087 1093
f 1084 1094 1095
f 1084 1088 1094
f 1085 1084 1095
f 1067 1083 1082
f 1068 1082 1086
f 1068 1067 1082
f 1070 1068 1086
f 1071 1086 1085
f 1071 1070 1086
f 1096 1097 1098
f 1099 1100 1101
f 1102 1103 1104
f 1105 1103 1096
f 1105 1098 1100
f 1105 1096 1098
f 1105 1104 1103
f 1106 1099 1104
f 1106 1105 1100
f 1106 1100 1099
f 1106 1104 1105
f 1102 1107 1108
f 1103 1108 1109
f 1103 1102 1108
f 1096 1109 1110
f 1096 1103 1109
f 1097 1096 1110
f 1111 1112 1113
f 1114 1115 1116
f 1117 1118 1119
f 1120 1116 1112
f 1120 1114 1116
f 1120 1112 1111
f 1121 1118 1114
f 1121 1111 1119
f 1121 1120 1111
f 1121 1114 1120
f 1121 1119 1118
f 1115 1122 1123
f 1116 1123 1124
f 1116 1115 1123
f 1112 1124 1125
f 1112 1116 1124
f 1113 1112 1125
f 1081 1083 1117
f 1081 1117 1119
f 1089 1119 1111
f 1089 1081 1119
f 1087 1111 1113
f 1087 1089 1111
f 1118 1117 1101
f 1118 1101 1100
f 1114 1100 1098
f 1114 1118 1100
f 1115 1098 1097
f 1115 1114 1098
f 1101 1067 1066
f 1099 1066 1073
f 1099 1101 1066
f 1104 1073 1072
f 1104 1099 1073
f 1102 1104 1072
f 1071 1085 1095
f 1071 1095 1077
f 1087 1113 1125
f 1087 1125 1092
f 882 889 1101
f 887 1101 889
f 885 1101 887
f 875 882 1101
f 877 875 1101
f 879 877 1101
f 890 1101 885
f 785 916 881
f 787 916 785
f 783 881 879
f 783 785 881
f 789 920 917
f 789 917 916
f 789 916 787
f 781 879 1101
f 781 783 879
f 750 914 920
f 750 920 789
f 751 914 750
f 753 914 751
f 1038 895 893
f 1035 897 895
f 1035 895 1038
f 908 914 753
f 1040 893 898
f 1040 1038 893
f 755 908 753
f 1032 898 904
f 1032 1040 898
f 757 908 755
f 869 775 777
f 871 775 869
f 871 773 775
f 1044 1035 1034
f 1053 897 1035
f 1053 1101 890
f 1053 890 897
f 1053 1035 1044
f 867 869 777
f 867 777 779
f 873 773 871
f 873 771 773
f 1042 1044 1034
f 865 867 779
f 865 781 1101
f 865 779 781
f 832 771 873
f 832 769 771
f 834 769 832
f 834 767 769
f 1023 1030 1032
f 1023 1032 904
f 1023 904 901
f 1023 901 900
f 827 761 763
f 829 761 827
f 829 759 761
f 837 767 834
f 825 827 763
f 825 763 765
f 1025 1023 900
f 1025 900 906
f 830 759 829
f 830 757 759
f 823 767 837
f 823 825 765
f 823 765 767
f 790 757 830
f 790 908 757
f 790 909 908
f 1027 1025 906
f 821 823 837
f 821 837 839
f 792 912 909
f 792 909 790
f 819 839 841
f 819 821 839
f 795 906 912
f 795 912 792
f 817 819 841
f 817 841 843
f 815 817 843
f 815 843 845
f 813 815 845
f 813 845 847
f 740 859 861
f 740 861 863
f 737 859 740
f 737 857 859
f 736 851 853
f 736 853 855
f 736 855 857
f 736 857 737
f 734 863 865
f 734 740 863
f 1056 1047 1054
f 1010 1018 1020
f 16 14 1029
f 16 1029 1027
f 16 1027 906
f 12 1029 14
f 18 906 795
f 18 16 906
f 18 795 797
f 10 1020 1029
f 10 1029 12
f 20 18 797
f 8 1020 10
f 22 20 797
f 22 797 799
f 936 1051 1049
f 934 936 1049
f 1006 1058 1007
f 6 1010 1020
f 6 1020 8
f 723 724 726
f 24 22 799
f 24 799 801
f 938 1051 936
f 933 1049 1047
f 933 1056 1064
f 933 1047 1056
f 933 934 1049
f 4 1010 6
f 26 24 801
f 2 1010 4
f 2 1011 1010
f 28 26 801
f 28 801 803
f 742 811 813
f 742 851 736
f 742 847 849
f 742 849 851
f 742 813 847
f 101 1011 2
f 30 28 803
f 30 803 805
f 746 809 811
f 746 811 742
f 99 1011 101
f 99 1014 1011
f 32 30 805
f 744 809 746
f 930 933 1064
f 930 1064 1062
f 97 1014 99
f 34 805 807
f 34 32 805
f 714 716 718
f 928 930 1062
f 96 1014 97
f 96 1016 1014
f 36 807 809
f 36 34 807
f 696 732 729
f 696 693 732
f 94 1016 96
f 692 726 732
f 692 732 693
f 38 809 744
f 38 36 809
f 708 723 726
f 708 710 712
f 708 712 714
f 708 714 718
f 708 718 720
f 708 720 723
f 708 726 692
f 700 692 698
f 92 1006 1016
f 92 1016 94
f 1117 734 865
f 1117 865 1101
f 1117 729 728
f 1117 728 734
f 1117 690 696
f 1117 696 729
f 1067 1051 938
f 1067 938 999
f 1067 999 1003
f 1067 1003 1005
f 1067 1005 1001
f 685 690 1117
f 702 704 706
f 702 706 708
f 702 708 692
f 702 692 700
f 40 38 744
f 687 685 1117
f 689 687 1117
f 682 689 1117
f 994 1067 1001
f 984 986 926
f 984 928 1062
f 984 926 928
f 989 926 986
f 989 925 926
f 983 1062 1059
f 983 984 1062
f 991 925 989
f 980 983 1059
f 940 925 991
f 940 924 925
f 979 1059 1058
f 979 1058 1006
f 979 980 1059
f 942 924 940
f 976 92 89
f 976 1006 92
f 976 979 1006
f 944 924 942
f 944 997 924
f 946 997 944
f 620 46 44
f 618 40 744
f 618 44 42
f 618 42 40
f 618 620 44
f 948 997 946
f 948 995 997
f 622 46 620
f 622 52 50
f 622 50 48
f 622 48 46
f 616 744 673
f 616 618 744
f 950 994 995
f 950 995 948
f 676 682 1117
f 952 1067 994
f 952 994 950
f 211 973 974
f 211 974 976
f 358 89 87
f 358 976 89
f 358 211 976
f 954 1067 952
f 210 973 211
f 210 970 973
f 359 87 86
f 359 86 84
f 359 358 87
f 378 84 82
f 378 359 84
f 188 970 210
f 188 966 969
f 188 969 970
f 625 58 56
f 625 56 54
f 625 54 52
f 625 52 622
f 614 673 672
f 614 616 673
f 223 82 80
f 223 80 78
f 223 378 82
f 308 966 188
f 308 965 966
f 655 62 60
f 655 60 58
f 655 58 625
f 612 614 672
f 224 78 75
f 224 223 78
f 657 62 655
f 657 66 64
f 657 64 62
f 530 965 308
f 530 962 965
f 226 75 74
f 226 224 75
f 399 74 72
f 399 226 74
f 527 962 530
f 527 960 962
f 240 72 70
f 240 399 72
f 660 610 612
f 660 612 672
f 660 662 610
f 299 960 527
f 299 958 960
f 664 608 610
f 664 610 662
f 645 660 672
f 241 240 70
f 241 70 68
f 298 958 299
f 298 956 958
f 246 68 66
f 246 241 68
f 515 954 956
f 515 956 298
f 667 651 653
f 667 653 608
f 667 608 664
f 642 672 680
f 642 645 672
f 669 651 667
f 669 649 651
f 640 680 677
f 640 642 680
f 671 649 669
f 638 640 677
f 638 677 676
f 634 638 676
f 634 676 1117
f 604 261 453
f 604 453 246
f 606 657 659
f 606 246 66
f 606 604 246
f 606 66 657
f 602 659 648
f 602 648 649
f 602 606 659
f 577 261 604
f 577 470 262
f 577 262 261
f 576 470 577
f 576 276 275
f 576 275 471
f 576 471 470
f 585 276 576
f 585 502 483
f 585 483 276
f 583 286 502
f 583 502 585
f 581 286 583
f 581 287 286
f 597 649 671
f 597 671 637
f 597 637 628
f 597 602 649
f 599 628 629
f 599 597 628
f 601 629 631
f 601 599 629
f 594 601 631
f 1083 586 592
f 1083 592 589
f 1083 589 588
f 1083 594 631
f 1083 631 633
f 1083 588 594
f 1083 581 586
f 1083 1067 290
f 290 1067 516
f 516 1067 515
f 515 1067 954
f 1083 290 287
f 1083 287 581
f 1067 1101 1053
f 1067 1053 1051
f 1117 1083 634
f 634 1083 633
f 1102 1072 1080
f 1102 1080 1107
f 1115 1097 1110
f 1115 1110 1122
f 1108 1107 1109
f 1107 1110 1109
f 1107 883 1110
f 888 883 1107
f 1107 886 888
f 1107 884 886
f 883 874 1110
f 874 876 1110
f 876 878 1110
f 1107 891 884
f 918 784 880
f 918 786 784
f 880 782 878
f 784 782 880
f 919 788 918
f 921 788 919
f 918 788 786
f 878 780 1110
f 782 780 878
f 915 748 921
f 921 748 788
f 915 749 748
f 915 752 749
f 894 1039 892
f 896 1037 894
f 894 1037 1039
f 915 910 752
f 1039 1041 892
f 892 1041 899
f 910 754 752
f 1041 1033 899
f 899 1033 905
f 910 756 754
f 774 868 776
f 774 870 868
f 772 870 774
f 1037 1045 1036
f 896 1052 1037
f 1037 1052 1045
f 891 1052 896
f 1107 1052 891
f 776 866 778
f 868 866 776
f 770 872 772
f 772 872 870
f 1045 1043 1036
f 778 864 780
f 866 864 778
f 780 864 1110
f 768 833 770
f 770 833 872
f 766 835 768
f 768 835 833
f 1033 1022 905
f 1031 1022 1033
f 903 1022 902
f 905 1022 903
f 760 826 762
f 758 828 760
f 760 828 826
f 766 836 835
f 762 824 764
f 826 824 762
f 1022 1024 902
f 902 1024 907
f 756 831 758
f 758 831 828
f 764 822 766
f 824 822 764
f 766 822 836
f 910 791 756
f 911 791 910
f 756 791 831
f 1024 1026 907
f 836 820 838
f 822 820 836
f 911 793 791
f 913 793 911
f 838 818 840
f 820 818 838
f 913 794 793
f 907 794 913
f 840 816 842
f 818 816 840
f 816 814 842
f 842 814 844
f 814 812 844
f 844 812 846
f 856 739 858
f 739 741 858
f 860 741 862
f 858 741 860
f 856 738 739
f 854 738 856
f 852 738 854
f 850 738 852
f 741 735 862
f 862 735 864
f 1046 1057 1055
f 1019 1012 1021
f 1026 15 907
f 1028 15 1026
f 13 15 1028
f 1028 11 13
f 794 17 796
f 907 17 794
f 15 17 907
f 1028 9 11
f 1021 9 1028
f 17 19 796
f 1021 7 9
f 796 21 798
f 19 21 796
f 1050 937 1048
f 937 935 1048
f 1060 1008 1009
f 1021 5 7
f 1012 5 1021
f 798 23 800
f 21 23 798
f 1050 939 937
f 1048 932 1046
f 1057 932 1065
f 1046 932 1057
f 935 932 1048
f 1012 3 5
f 23 25 800
f 725 721 727
f 722 721 725
f 1012 1 3
f 1013 1 1012
f 25 27 800
f 800 27 802
f 810 743 812
f 812 743 846
f 850 743 738
f 848 743 850
f 846 743 848
f 1013 102 1
f 802 29 804
f 27 29 802
f 808 747 810
f 810 747 743
f 1013 100 102
f 1015 100 1013
f 29 31 804
f 808 745 747
f 1065 931 1063
f 932 931 1065
f 1015 98 100
f 804 33 806
f 31 33 804
f 719 715 721
f 717 715 719
f 931 929 1063
f 1017 95 1015
f 1015 95 98
f 715 713 721
f 721 713 727
f 806 35 808
f 33 35 806
f 733 697 731
f 695 697 733
f 1017 93 95
f 727 694 733
f 733 694 695
f 35 37 808
f 808 37 745
f 939 1080 998
f 1052 1080 1050
f 1050 1080 939
f 1002 1080 1004
f 998 1080 1002
f 731 1122 730
f 730 1122 735
f 735 1122 864
f 864 1122 1110
f 691 1122 697
f 697 1122 731
f 709 707 711
f 713 701 727
f 711 701 713
f 727 701 694
f 694 701 699
f 1008 91 1017
f 1017 91 93
f 707 705 711
f 691 684 1122
f 711 703 701
f 705 703 711
f 1122 1124 1123
f 1079 1078 1080
f 37 39 745
f 1122 1125 1124
f 1080 1077 1004
f 1078 1077 1080
f 1004 1077 1000
f 684 686 1122
f 1122 686 1125
f 686 688 1125
f 688 683 1125
f 1077 992 1000
f 927 985 929
f 987 985 927
f 929 985 1063
f 923 988 927
f 927 988 987
f 1063 982 1061
f 985 982 1063
f 923 990 988
f 982 981 1061
f 922 941 923
f 923 941 990
f 1061 978 1060
f 1060 978 1008
f 981 978 1061
f 922 943 941
f 91 977 90
f 1008 977 91
f 978 977 1008
f 996 945 922
f 922 945 943
f 996 947 945
f 45 621 43
f 39 619 745
f 41 619 39
f 43 619 41
f 621 619 43
f 993 949 996
f 996 949 947
f 47 623 45
f 49 623 47
f 51 623 49
f 45 623 621
f 619 617 745
f 745 617 675
f 992 951 993
f 993 951 949
f 683 678 1125
f 992 953 951
f 1077 953 992
f 977 313 90
f 975 313 977
f 975 310 313
f 972 310 975
f 88 317 85
f 90 317 88
f 313 317 90
f 1077 955 953
f 317 318 85
f 85 318 83
f 972 191 310
f 971 191 972
f 971 187 191
f 968 187 971
f 967 187 968
f 81 185 79
f 83 185 81
f 318 185 83
f 53 624 51
f 55 624 53
f 57 624 55
f 51 624 623
f 617 615 675
f 675 615 674
f 79 182 77
f 185 182 79
f 57 654 624
f 59 654 57
f 61 654 59
f 615 613 674
f 967 494 187
f 964 494 967
f 61 656 654
f 63 656 61
f 65 656 63
f 182 198 77
f 76 198 73
f 77 198 76
f 964 485 494
f 963 485 964
f 961 485 963
f 198 207 73
f 71 207 69
f 73 207 71
f 663 661 611
f 611 661 613
f 613 661 674
f 961 283 485
f 959 283 961
f 611 665 663
f 609 665 611
f 661 644 674
f 207 206 69
f 69 206 67
f 959 279 283
f 957 279 959
f 206 343 67
f 67 343 65
f 957 280 279
f 955 280 957
f 955 473 280
f 609 666 665
f 652 666 609
f 644 643 674
f 674 643 681
f 650 668 652
f 647 668 650
f 652 668 666
f 643 641 681
f 681 641 679
f 647 670 668
f 641 639 679
f 679 639 678
f 678 635 1125
f 639 635 678
f 357 605 343
f 220 605 357
f 656 607 658
f 343 607 65
f 605 607 343
f 65 607 656
f 658 603 646
f 646 603 647
f 607 603 658
f 220 579 605
f 219 579 220
f 375 579 219
f 375 578 579
f 382 578 375
f 235 578 382
f 238 578 235
f 238 584 578
f 404 584 238
f 254 584 404
f 254 582 584
f 253 582 254
f 256 582 253
f 256 580 582
f 670 596 636
f 636 596 626
f 603 596 647
f 647 596 670
f 626 598 627
f 596 598 626
f 627 600 630
f 598 600 627
f 600 595 630
f 591 1092 590
f 593 1092 591
f 590 1092 595
f 630 1092 632
f 595 1092 630
f 593 1095 1092
f 580 1095 587
f 587 1095 593
f 1092 1094 1093
f 1095 1094 1092
f 1107 1080 1052
f 1092 1125 635
f 1092 635 632
f 1077 1095 266
f 1077 266 553
f 1077 553 473
f 1077 473 955
f 266 1095 265
f 265 1095 256
f 256 1095 580
f 1126 1127 1128
f 1128 1129 1130
f 1127 1129 1128
f 1130 1131 1132
f 1129 1131 1130
f 1131 1133 1132
f 1133 1134 1132
f 1132 1134 1135
f 1135 1134 1136
f 1136 1137 1138
f 1134 1137 1136
f 1138 1139 1140
f 1137 1139 1138
f 1139 1141 1140
f 1141 1142 1140
f 1140 1142 1143
f 1144 1145 1146
f 1146 1145 1147
f 1147 1148 1149
f 1145 1148 1147
f 1149 1150 1151
f 1148 1150 1149
f 1151 1152 1153
f 1150 1152 1151
f 1153 1154 1155
f 1152 1154 1153
f 1155 1156 1157
f 1154 1156 1155
f 1157 1158 1159
f 1156 1158 1157
f 1159 1160 1161
f 1158 1160 1159
f 1161 1162 1163
f 1160 1162 1161
f 1163 1164 1165
f 1162 1164 1163
f 1165 1166 1167
f 1164 1166 1165
f 1167 1168 1169
f 1166 1168 1167
f 1168 1170 1169
f 1169 1170 1171
f 1170 1172 1171
f 1171 1172 1173
f 1172 1174 1173
f 1173 1174 1175
f 1174 1176 1175
f 1175 1176 1177
f 1176 1178 1177
f 1177 1178 1179
f 1178 1180 1179
f 1179 1180 1181
f 1180 1182 1181
f 1181 1182 1183
f 1182 1184 1183
f 1183 1184 1185
f 1184 1186 1185
f 1185 1186 1187
f 1186 1144 1187
f 1187 1144 1146
f 1142 1188 1143
f 1143 1188 1189
f 1189 1190 1191
f 1188 1190 1189
f 1191 1192 1193
f 1190 1192 1191
f 1192 1194 1193
f 1193 1194 1195
f 1195 1194 1196
f 1196 1197 1198
f 1194 1197 1196
f 1198 1199 1200
f 1197 1199 1198
f 1199 1201 1200
f 1201 1127 1200
f 1200 1127 1126
f 1202 1203 1204
f 1204 1205 1206
f 1203 1205 1204
f 1206 1207 1208
f 1205 1207 1206
f 1208 1209 1210
f 1207 1209 1208
f 1210 1211 1212
f 1209 1211 1210
f 1212 1213 1214
f 1211 1213 1212
f 1214 1215 1216
f 1213 1215 1214
f 1216 1217 1218
f 1215 1217 1216
f 1218 1219 1220
f 1217 1219 1218
f 1220 1221 1222
f 1219 1221 1220
f 1222 1223 1224
f 1221 1223 1222
f 1224 1225 1226
f 1223 1225 1224
f 1226 1227 1228
f 1225 1227 1226
f 1228 1229 1230
f 1227 1229 1228
f 1229 1231 1230
f 1231 1232 1230
f 1230 1232 1233
f 1233 1232 1234
f 1232 1235 1234
f 1234 1235 1236
f 1235 1237 1236
f 1236 1237 1202
f 1237 1203 1202
f 1238 1239 1240
f 1240 1239 1241
f 1241 1239 1242
f 1242 1243 1244
f 1239 1243 1242
f 1244 1245 1246
f 1243 1245 1244
f 1246 1247 1248
f 1245 1247 1246
f 1248 1249 1250
f 1247 1249 1248
f 1250 1251 1252
f 1249 1251 1250
f 1252 1253 1254
f 1251 1253 1252
f 1254 1255 1256
f 1253 1255 1254
f 1256 1257 1258
f 1255 1257 1256
f 1258 1259 1260
f 1257 1259 1258
f 1260 1261 1262
f 1259 1261 1260
f 1262 1263 1264
f 1261 1263 1262
f 1264 1265 1266
f 1263 1265 1264
f 1266 1267 1268
f 1265 1267 1266
f 1267 1269 1268
f 1268 1269 1270
f 1269 1271 1270
f 1271 1272 1270
f 1270 1272 1273
f 1273 1272 1240
f 1272 1238 1240
f 1274 1275 1276
f 1276 1277 1278
f 1275 1277 1276
f 1278 1279 1280
f 1277 1279 1278
f 1280 1281 1282
f 1279 1281 1280
f 1282 1283 1284
f 1281 1283 1282
f 1284 1285 1286
f 1283 1285 1284
f 1286 1287 1288
f 1285 1287 1286
f 1288 1289 1290
f 1287 1289 1288
f 1290 1291 1292
f 1289 1291 1290
f 1292 1293 1294
f 1291 1293 1292
f 1294 1295 1296
f 1293 1295 1294
f 1296 1297 1298
f 1295 1297 1296
f 1298 1299 1300
f 1297 1299 1298
f 1300 1301 1302
f 1299 1301 1300
f 1301 1303 1302
f 1303 1304 1302
f 1302 1304 1305
f 1305 1304 1306
f 1304 1307 1306
f 1306 1307 1308
f 1307 1309 1308
f 1308 1309 1274
f 1309 1275 1274
f 1310 1311 1312
f 1312 1311 1313
f 1313 1314 1315
f 1315 1314 1316
f 1311 1314 1313
f 1314 1317 1316
f 1318 1319 1312
f 1319 1310 1312
f 1320 1321 1322
f 1322 1321 1323
f 1323 1324 1325
f 1325 1324 1318
f 1321 1324 1323
f 1324 1319 1318
f 1326 1327 1322
f 1327 1320 1322
f 1328 1329 1330
f 1330 1329 1331
f 1331 1332 1333
f 1333 1332 1326
f 1329 1332 1331
f 1332 1327 1326
f 1334 1335 1330
f 1335 1328 1330
f 1336 1337 1338
f 1338 1337 1339
f 1339 1340 1341
f 1341 1340 1334
f 1337 1340 1339
f 1340 1335 1334
f 1342 1343 1338
f 1343 1336 1338
f 1344 1345 1346
f 1346 1345 1347
f 1347 1348 1349
f 1349 1348 1342
f 1345 1348 1347
f 1348 1343 1342
f 1350 1351 1346
f 1351 1344 1346
f 1352 1353 1354
f 1354 1355 1356
f 1353 1355 1354
f 1356 1357 1350
f 1355 1357 1356
f 1357 1351 1350
f 1316 1317 1352
f 1317 1353 1352
f 1358 1359 1360
f 1360 1361 1362
f 1359 1361 1360
f 1362 1363 1364
f 1361 1363 1362
f 1363 1365 1364
f 1364 1365 1366
f 1365 1367 1366
f 1366 1367 1368
f 1367 1369 1368
f 1368 1369 1370
f 1369 1371 1370
f 1370 1371 1372
f 1371 1373 1372
f 1372 1373 1374
f 1373 1375 1374
f 1374 1375 1376
f 1375 1377 1376
f 1376 1377 1378
f 1377 1379 1378
f 1378 1379 1380
f 1379 1381 1380
f 1380 1381 1382
f 1381 1383 1382
f 1382 1383 1384
f 1383 1385 1384
f 1384 1385 1386
f 1385 1387 1386
f 1386 1387 1388
f 1387 1389 1388
f 1388 1389 1390
f 1389 1391 1390
f 1390 1391 1392
f 1391 1393 1392
f 1392 1393 1394
f 1393 1395 1394
f 1394 1395 1396
f 1396 1397 1398
f 1395 1397 1396
f 1397 1399 1398
f 1398 1400 1401
f 1401 1400 1402
f 1399 1400 1398
f 1402 1403 1404
f 1400 1403 1402
f 1403 1405 1404
f 1404 1406 1407
f 1405 1406 1404
f 1407 1408 1409
f 1409 1408 1410
f 1406 1408 1407
f 1410 1411 1412
f 1408 1411 1410
f 1411 1413 1412
f 1413 1414 1412
f 1412 1414 1415
f 1415 1414 1416
f 1414 1417 1416
f 1416 1417 1418
f 1417 1419 1418
f 1418 1419 1420
f 1419 1421 1420
f 1421 1422 1420
f 1420 1422 1423
f 1422 1424 1423
f 1423 1424 1425
f 1424 1426 1425
f 1425 1426 1427
f 1427 1426 1428
f 1426 1429 1428
f 1429 1430 1428
f 1428 1430 1431
f 1430 1432 1431
f 1431 1432 1433
f 1433 1432 1434
f 1432 1435 1434
f 1435 1436 1434
f 1434 1436 1437
f 1436 1438 1437
f 1437 1438 1439
f 1439 1438 1440
f 1438 1441 1440
f 1440 1441 1358
f 1441 1359 1358
f 1442 1443 1444
f 1442 1445 1446
f 1442 1444 1445
f 1447 1444 1448
f 1447 1445 1444
f 1449 1450 1451
f 1452 1453 1450
f 1452 1450 1449
f 1454 1455 1456
f 1457 1458 1459
f 1460 1461 1462
f 1463 1458 1457
f 1464 1460 1462
f 1465 1442 1446
f 1465 1466 1442
f 1467 1464 1462
f 1468 1469 1470
f 1471 1472 1473
f 1474 1475 1476
f 1477 1472 1471
f 1477 1478 1472
f 1479 1474 1476
f 1480 1481 1482
f 1483 1484 1485
f 1486 1483 1485
f 1487 1488 1489
f 1490 1486 1485
f 1491 1487 1489
f 1492 1493 1494
f 1492 1495 1493
f 1496 1497 1498
f 1499 1497 1496
f 1499 1500 1497
f 1501 1502 1503
f 1504 1505 1506
f 1504 1507 1505
f 1508 1501 1503
f 1509 1510 1511
f 1512 1508 1503
f 1513 1514 1515
f 1516 1517 1518
f 1519 1520 1517
f 1519 1517 1516
f 1521 1522 1523
f 1521 1524 1522
f 1525 1526 1527
f 1525 1445 1528
f 1525 1446 1445
f 1525 1528 1526
f 1529 1530 1531
f 1532 1533 1534
f 1535 1531 1536
f 1535 1529 1531
f 1537 1532 1534
f 1537 1538 1539
f 1537 1539 1532
f 1540 1446 1525
f 1541 1542 1445
f 1541 1445 1447
f 1541 1543 1542
f 1544 1545 1542
f 1544 1546 1545
f 1544 1542 1543
f 1547 1541 1447
f 1547 1543 1541
f 1547 1447 1448
f 1548 1444 1443
f 1548 1448 1444
f 1549 1543 1547
f 1549 1547 1456
f 1550 1451 1546
f 1550 1546 1544
f 1550 1449 1451
f 1551 1544 1543
f 1551 1449 1550
f 1551 1550 1544
f 1552 1455 1553
f 1552 1456 1455
f 1552 1543 1549
f 1552 1549 1456
f 1552 1551 1543
f 1554 1454 1456
f 1554 1547 1448
f 1554 1456 1547
f 1554 1448 1548
f 1554 1548 1555
f 1554 1556 1454
f 1554 1555 1556
f 1557 1548 1443
f 1557 1555 1548
f 1557 1443 1558
f 1559 1552 1553
f 1559 1449 1551
f 1559 1551 1552
f 1559 1553 1560
f 1561 1553 1455
f 1561 1455 1454
f 1561 1560 1553
f 1561 1454 1562
f 1563 1555 1557
f 1563 1557 1558
f 1563 1556 1555
f 1564 1558 1443
f 1565 1563 1558
f 1565 1454 1556
f 1565 1556 1563
f 1565 1562 1454
f 1566 1459 1453
f 1566 1457 1459
f 1567 1566 1453
f 1567 1453 1452
f 1567 1457 1566
f 1567 1568 1457
f 1569 1567 1452
f 1569 1568 1567
f 1570 1571 1568
f 1570 1568 1569
f 1572 1571 1570
f 1572 1560 1561
f 1573 1571 1572
f 1573 1561 1562
f 1573 1574 1571
f 1573 1572 1561
f 1575 1564 1443
f 1575 1443 1442
f 1575 1442 1466
f 1575 1576 1564
f 1577 1576 1578
f 1577 1558 1564
f 1577 1564 1576
f 1579 1573 1562
f 1579 1574 1573
f 1579 1562 1565
f 1580 1558 1577
f 1580 1577 1578
f 1581 1579 1565
f 1581 1574 1579
f 1581 1565 1558
f 1582 1464 1467
f 1582 1558 1580
f 1582 1581 1558
f 1582 1580 1578
f 1582 1460 1464
f 1582 1578 1460
f 1583 1461 1460
f 1583 1576 1575
f 1583 1575 1466
f 1583 1578 1576
f 1583 1460 1578
f 1583 1466 1461
f 1584 1585 1458
f 1584 1458 1463
f 1586 1582 1467
f 1586 1574 1581
f 1586 1581 1582
f 1587 1466 1465
f 1587 1461 1466
f 1587 1465 1588
f 1589 1463 1457
f 1590 1591 1592
f 1590 1592 1589
f 1590 1589 1457
f 1590 1457 1568
f 1593 1590 1568
f 1593 1591 1590
f 1594 1593 1568
f 1594 1568 1571
f 1594 1591 1593
f 1594 1595 1591
f 1596 1594 1571
f 1596 1595 1594
f 1597 1589 1592
f 1597 1584 1463
f 1597 1463 1589
f 1597 1592 1598
f 1599 1596 1571
f 1599 1595 1596
f 1599 1600 1595
f 1599 1571 1574
f 1601 1446 1602
f 1601 1465 1446
f 1601 1588 1465
f 1603 1574 1586
f 1603 1600 1599
f 1603 1599 1574
f 1604 1586 1467
f 1604 1605 1600
f 1604 1600 1603
f 1604 1603 1586
f 1606 1587 1588
f 1606 1461 1587
f 1607 1467 1462
f 1607 1604 1467
f 1607 1608 1609
f 1607 1605 1604
f 1607 1462 1608
f 1607 1609 1605
f 1610 1462 1461
f 1610 1461 1606
f 1610 1606 1588
f 1611 1470 1612
f 1611 1468 1470
f 1613 1602 1614
f 1613 1610 1588
f 1613 1601 1602
f 1613 1588 1601
f 1615 1472 1478
f 1615 1468 1611
f 1616 1473 1472
f 1616 1472 1617
f 1616 1598 1592
f 1616 1617 1598
f 1618 1478 1482
f 1618 1615 1478
f 1618 1468 1615
f 1619 1592 1591
f 1619 1473 1616
f 1619 1616 1592
f 1620 1619 1591
f 1621 1605 1609
f 1622 1591 1595
f 1622 1620 1591
f 1622 1623 1620
f 1624 1625 1469
f 1624 1626 1625
f 1624 1469 1468
f 1627 1622 1595
f 1628 1629 1627
f 1628 1627 1595
f 1628 1630 1629
f 1628 1595 1600
f 1631 1630 1628
f 1631 1628 1600
f 1632 1624 1468
f 1632 1626 1624
f 1633 1631 1600
f 1633 1600 1605
f 1633 1479 1630
f 1633 1630 1631
f 1634 1633 1605
f 1634 1474 1479
f 1634 1621 1474
f 1634 1605 1621
f 1634 1479 1633
f 1635 1626 1632
f 1635 1632 1468
f 1635 1481 1626
f 1635 1482 1481
f 1635 1618 1482
f 1635 1468 1618
f 1636 1473 1619
f 1636 1620 1623
f 1636 1619 1620
f 1637 1627 1629
f 1637 1622 1627
f 1637 1623 1622
f 1638 1482 1478
f 1638 1478 1477
f 1638 1480 1482
f 1638 1639 1480
f 1638 1477 1639
f 1640 1641 1625
f 1640 1625 1626
f 1642 1471 1473
f 1642 1477 1471
f 1642 1639 1477
f 1642 1473 1636
f 1643 1636 1623
f 1643 1644 1642
f 1643 1642 1636
f 1645 1639 1642
f 1645 1642 1644
f 1646 1640 1626
f 1646 1626 1481
f 1646 1647 1648
f 1646 1481 1649
f 1646 1648 1640
f 1646 1649 1647
f 1650 1623 1637
f 1650 1643 1623
f 1651 1645 1644
f 1651 1639 1645
f 1651 1480 1639
f 1651 1644 1480
f 1652 1653 1650
f 1652 1637 1629
f 1652 1650 1637
f 1654 1652 1629
f 1655 1656 1654
f 1655 1654 1629
f 1655 1629 1630
f 1657 1641 1640
f 1657 1658 1641
f 1657 1640 1648
f 1659 1655 1630
f 1660 1661 1488
f 1660 1488 1487
f 1660 1659 1630
f 1660 1487 1659
f 1660 1630 1479
f 1662 1476 1661
f 1662 1479 1476
f 1662 1660 1479
f 1662 1661 1660
f 1663 1481 1480
f 1663 1664 1647
f 1663 1649 1481
f 1663 1647 1649
f 1665 1644 1643
f 1665 1643 1650
f 1665 1650 1653
f 1665 1653 1483
f 1665 1483 1486
f 1665 1486 1490
f 1666 1490 1667
f 1666 1644 1665
f 1666 1665 1490
f 1668 1644 1666
f 1668 1666 1667
f 1669 1653 1652
f 1669 1652 1654
f 1669 1654 1656
f 1669 1484 1483
f 1669 1483 1653
f 1669 1656 1670
f 1669 1670 1671
f 1669 1671 1484
f 1672 1673 1664
f 1672 1664 1663
f 1672 1480 1644
f 1672 1663 1480
f 1674 1647 1497
f 1674 1648 1647
f 1675 1655 1659
f 1675 1659 1487
f 1675 1656 1655
f 1675 1487 1491
f 1676 1657 1648
f 1676 1674 1497
f 1676 1648 1674
f 1676 1497 1500
f 1677 1494 1493
f 1677 1678 1658
f 1677 1493 1678
f 1679 1675 1491
f 1679 1656 1675
f 1680 1656 1679
f 1680 1679 1491
f 1680 1670 1656
f 1681 1682 1498
f 1681 1497 1647
f 1681 1647 1664
f 1681 1498 1497
f 1683 1684 1673
f 1683 1673 1672
f 1683 1644 1668
f 1683 1668 1667
f 1683 1672 1644
f 1685 1682 1681
f 1685 1681 1664
f 1685 1664 1673
f 1686 1667 1490
f 1686 1687 1684
f 1686 1485 1687
f 1686 1684 1683
f 1686 1683 1667
f 1686 1490 1485
f 1688 1494 1677
f 1688 1689 1690
f 1691 1494 1688
f 1691 1688 1690
f 1692 1680 1491
f 1692 1693 1694
f 1692 1489 1693
f 1692 1491 1489
f 1695 1485 1484
f 1696 1492 1494
f 1696 1494 1691
f 1696 1691 1690
f 1697 1698 1687
f 1697 1695 1698
f 1697 1687 1485
f 1697 1485 1695
f 1699 1700 1685
f 1699 1685 1673
f 1699 1510 1700
f 1699 1673 1684
f 1701 1702 1500
f 1701 1690 1689
f 1701 1499 1703
f 1701 1500 1499
f 1701 1689 1702
f 1704 1685 1700
f 1704 1682 1685
f 1705 1498 1682
f 1705 1704 1700
f 1705 1682 1704
f 1706 1705 1700
f 1706 1703 1499
f 1706 1496 1498
f 1706 1499 1496
f 1706 1498 1705
f 1707 1684 1687
f 1707 1687 1708
f 1707 1708 1511
f 1707 1511 1510
f 1707 1510 1699
f 1707 1699 1684
f 1709 1506 1505
f 1709 1505 1710
f 1711 1506 1709
f 1711 1712 1506
f 1711 1495 1492
f 1711 1710 1495
f 1711 1709 1710
f 1713 1712 1711
f 1713 1492 1696
f 1713 1711 1492
f 1714 1694 1715
f 1714 1698 1695
f 1716 1712 1713
f 1716 1696 1690
f 1716 1717 1712
f 1716 1713 1696
f 1718 1690 1701
f 1718 1716 1690
f 1718 1717 1716
f 1719 1718 1701
f 1719 1701 1703
f 1719 1717 1718
f 1720 1700 1510
f 1720 1510 1721
f 1722 1703 1706
f 1722 1719 1703
f 1723 1708 1687
f 1723 1511 1708
f 1723 1687 1698
f 1723 1724 1511
f 1725 1720 1721
f 1725 1700 1720
f 1726 1706 1700
f 1726 1722 1706
f 1726 1727 1722
f 1728 1501 1508
f 1728 1721 1501
f 1728 1508 1512
f 1728 1725 1721
f 1728 1700 1725
f 1728 1726 1700
f 1729 1715 1730
f 1729 1714 1715
f 1729 1698 1714
f 1729 1723 1698
f 1729 1724 1723
f 1729 1730 1724
f 1731 1721 1510
f 1731 1510 1509
f 1731 1501 1721
f 1731 1502 1501
f 1731 1509 1502
f 1732 1717 1719
f 1732 1722 1727
f 1732 1719 1722
f 1733 1728 1512
f 1733 1727 1726
f 1733 1726 1728
f 1734 1511 1724
f 1734 1509 1511
f 1735 1504 1506
f 1736 1737 1735
f 1736 1506 1712
f 1736 1735 1506
f 1736 1738 1737
f 1739 1513 1734
f 1739 1734 1724
f 1740 1736 1712
f 1740 1738 1736
f 1741 1738 1740
f 1741 1712 1717
f 1741 1740 1712
f 1741 1742 1738
f 1743 1741 1717
f 1743 1742 1741
f 1743 1717 1732
f 1744 1730 1514
f 1744 1513 1739
f 1744 1514 1513
f 1744 1739 1724
f 1744 1724 1730
f 1745 1732 1727
f 1745 1742 1743
f 1745 1743 1732
f 1745 1746 1742
f 1747 1504 1735
f 1747 1735 1737
f 1747 1737 1748
f 1749 1727 1733
f 1749 1746 1745
f 1749 1745 1727
f 1750 1751 1746
f 1750 1746 1749
f 1750 1733 1512
f 1750 1749 1733
f 1752 1509 1734
f 1752 1502 1509
f 1752 1734 1513
f 1753 1503 1754
f 1753 1751 1750
f 1753 1754 1755
f 1753 1750 1512
f 1753 1755 1751
f 1753 1512 1503
f 1756 1503 1502
f 1756 1502 1752
f 1756 1752 1513
f 1757 1758 1759
f 1760 1515 1761
f 1760 1756 1513
f 1760 1513 1515
f 1762 1517 1520
f 1762 1763 1757
f 1764 1748 1737
f 1764 1765 1748
f 1764 1517 1765
f 1764 1518 1517
f 1766 1762 1520
f 1766 1763 1762
f 1767 1737 1738
f 1767 1764 1737
f 1767 1518 1764
f 1768 1767 1738
f 1769 1528 1445
f 1769 1445 1758
f 1769 1758 1757
f 1769 1757 1763
f 1769 1763 1528
f 1770 1768 1738
f 1770 1771 1768
f 1770 1738 1742
f 1770 1772 1771
f 1773 1751 1755
f 1774 1770 1742
f 1774 1772 1770
f 1775 1776 1772
f 1775 1772 1774
f 1775 1742 1746
f 1775 1774 1742
f 1777 1776 1775
f 1777 1775 1746
f 1778 1521 1776
f 1778 1777 1746
f 1778 1746 1751
f 1778 1776 1777
f 1779 1524 1521
f 1779 1751 1773
f 1779 1521 1778
f 1779 1778 1751
f 1779 1773 1524
f 1780 1520 1526
f 1780 1763 1766
f 1780 1766 1520
f 1780 1528 1763
f 1780 1526 1528
f 1781 1767 1768
f 1781 1518 1767
f 1781 1768 1771
f 1782 1783 1522
f 1782 1522 1524
f 1782 1524 1773
f 1784 1785 1527
f 1784 1519 1785
f 1784 1527 1526
f 1784 1526 1520
f 1784 1520 1519
f 1786 1518 1781
f 1786 1785 1519
f 1786 1516 1518
f 1786 1519 1516
f 1787 1788 1786
f 1787 1786 1781
f 1787 1781 1771
f 1789 1786 1788
f 1789 1785 1786
f 1790 1787 1771
f 1791 1527 1785
f 1791 1785 1789
f 1791 1789 1788
f 1792 1793 1790
f 1792 1790 1771
f 1792 1771 1772
f 1794 1792 1772
f 1795 1772 1776
f 1795 1794 1772
f 1796 1795 1776
f 1797 1776 1521
f 1797 1530 1529
f 1797 1529 1796
f 1797 1796 1776
f 1798 1521 1523
f 1798 1523 1530
f 1798 1797 1521
f 1798 1530 1797
f 1799 1791 1788
f 1799 1527 1791
f 1799 1525 1527
f 1800 1788 1787
f 1800 1787 1790
f 1800 1790 1793
f 1800 1533 1532
f 1800 1793 1533
f 1801 1788 1800
f 1801 1532 1539
f 1801 1800 1532
f 1801 1539 1788
f 1802 1534 1533
f 1802 1793 1792
f 1802 1794 1803
f 1802 1792 1794
f 1802 1803 1804
f 1802 1804 1805
f 1802 1533 1793
f 1802 1805 1534
f 1806 1799 1788
f 1806 1539 1538
f 1806 1540 1525
f 1806 1538 1540
f 1806 1525 1799
f 1806 1788 1539
f 1807 1804 1803
f 1808 1804 1807
f 1808 1805 1804
f 1808 1534 1805
f 1809 1807 1535
f 1809 1808 1807
f 1809 1810 1808
f 1811 1536 1812
f 1811 1535 1536
f 1811 1809 1535
f 1813 1537 1534
f 1813 1534 1808
f 1813 1808 1810
f 1814 1538 1537
f 1814 1540 1538
f 1814 1813 1810
f 1814 1537 1813
f 1815 1816 1817
f 1815 1812 1816
f 1815 1810 1809
f 1815 1811 1812
f 1815 1809 1811
f 1815 1817 1810
f 1818 1817 1446
f 1818 1446 1540
f 1818 1540 1814
f 1818 1814 1810
f 1818 1810 1817
f 1819 1572 1570
f 1819 1559 1560
f 1819 1449 1559
f 1819 1452 1449
f 1819 1569 1452
f 1819 1570 1569
f 1819 1560 1572
f 1820 1612 1585
f 1820 1611 1612
f 1821 1585 1584
f 1821 1820 1585
f 1821 1611 1820
f 1822 1584 1597
f 1822 1615 1611
f 1822 1821 1584
f 1822 1611 1821
f 1823 1617 1472
f 1823 1615 1822
f 1823 1597 1598
f 1823 1598 1617
f 1823 1472 1615
f 1823 1822 1597
f 1824 1621 1609
f 1824 1462 1610
f 1824 1609 1608
f 1824 1608 1462
f 1825 1824 1610
f 1825 1610 1613
f 1826 1614 1827
f 1826 1613 1614
f 1826 1827 1825
f 1826 1825 1613
f 1828 1658 1657
f 1828 1677 1658
f 1829 1828 1657
f 1829 1677 1828
f 1829 1657 1676
f 1829 1688 1677
f 1830 1676 1500
f 1830 1500 1702
f 1830 1688 1829
f 1830 1829 1676
f 1830 1689 1688
f 1830 1702 1689
f 1831 1670 1680
f 1831 1695 1484
f 1831 1671 1670
f 1831 1484 1671
f 1832 1680 1692
f 1832 1695 1831
f 1832 1831 1680
f 1832 1714 1695
f 1833 1714 1832
f 1833 1692 1694
f 1833 1694 1714
f 1833 1832 1692
f 1834 1759 1835
f 1834 1757 1759
f 1836 1757 1834
f 1836 1762 1757
f 1836 1834 1835
f 1837 1762 1836
f 1837 1748 1765
f 1837 1765 1517
f 1837 1517 1762
f 1837 1747 1748
f 1838 1754 1503
f 1838 1755 1754
f 1838 1773 1755
f 1838 1503 1756
f 1839 1782 1773
f 1839 1773 1838
f 1839 1838 1756
f 1839 1756 1760
f 1840 1782 1839
f 1840 1839 1760
f 1840 1783 1782
f 1841 1761 1783
f 1841 1783 1840
f 1841 1840 1760
f 1841 1760 1761
f 1842 1529 1535
f 1842 1803 1794
f 1842 1807 1803
f 1842 1535 1807
f 1842 1794 1795
f 1842 1796 1529
f 1842 1795 1796
f 1843 1621 1824
f 1843 1824 1825
f 1844 1475 1474
f 1844 1827 1475
f 1844 1621 1843
f 1844 1843 1825
f 1844 1825 1827
f 1844 1474 1621
f 1845 1836 1835
f 1845 1504 1747
f 1845 1835 1507
f 1845 1507 1504
f 1846 1837 1836
f 1846 1836 1845
f 1846 1747 1837
f 1846 1845 1747
f 1847 1848 1849
f 1849 1848 1850
f 1851 1852 1853
f 1853 1852 1854
f 1854 1855 1856
f 1852 1855 1854
f 1856 1857 1858
f 1855 1857 1856
f 1858 1847 1849
f 1857 1847 1858
f 1859 1851 1860
f 1860 1851 1853
f 1861 1859 1862
f 1862 1859 1860
f 1863 1864 1865
f 1865 1864 1866
f 1866 1867 1868
f 1864 1867 1866
f 1868 1869 1870
f 1867 1869 1868
f 1870 1861 1862
f 1869 1861 1870
f 1871 1872 1865
f 1872 1863 1865
f 1873 1872 1874
f 1874 1872 1871
f 1875 1876 1877
f 1877 1878 1879
f 1876 1878 1877
f 1879 1880 1881
f 1878 1880 1879
f 1880 1882 1881
f 1881 1873 1874
f 1882 1873 1881
f 1883 1876 1884
f 1884 1876 1875
f 1885 1883 1886
f 1886 1883 1884
f 1887 1888 1889
f 1889 1890 1891
f 1888 1890 1889
f 1891 1892 1893
f 1890 1892 1891
f 1893 1894 1886
f 1892 1894 1893
f 1894 1885 1886
f 1895 1888 1896
f 1896 1888 1887
f 1897 1895 1898
f 1898 1895 1896
f 1899 1900 1901
f 1901 1900 1902
f 1902 1903 1904
f 1900 1903 1902
f 1904 1905 1906
f 1906 1905 1898
f 1903 1905 1904
f 1905 1897 1898
f 1848 1899 1850
f 1850 1899 1901
f 1907 1908 1909
f 1908 1910 1909
f 1911 1912 1913
f 1913 1912 1914
f 1914 1915 1916
f 1912 1915 1914
f 1916 1908 1907
f 1915 1908 1916
f 1917 1911 1918
f 1918 1911 1913
f 1919 1920 1921
f 1921 1920 1922
f 1922 1923 1924
f 1920 1923 1922
f 1924 1917 1918
f 1923 1917 1924
f 1925 1926 1921
f 1926 1919 1921
f 1927 1928 1929
f 1929 1930 1931
f 1928 1930 1929
f 1931 1932 1925
f 1930 1932 1931
f 1932 1926 1925
f 1933 1928 1934
f 1934 1928 1927
f 1910 1935 1909
f 1909 1935 1936
f 1936 1937 1938
f 1935 1937 1936
f 1938 1933 1934
f 1937 1933 1938
f 1939 1940 1941
f 1941 1940 1942
f 1942 1940 1943
f 1943 1944 1945
f 1940 1944 1943
f 1944 1946 1945
f 1947 1948 1949
f 1949 1948 1950
f 1950 1951 1952
f 1948 1951 1950
f 1952 1953 1954
f 1951 1953 1952
f 1953 1955 1954
f 1954 1955 1956
f 1957 1958 1959
f 1959 1960 1961
f 1958 1960 1959
f 1961 1962 1963
f 1960 1962 1961
f 1962 1964 1963
f 1965 1958 1966
f 1966 1958 1957
f 1964 1967 1963
f 1963 1967 1968
f 1967 1969 1968
f 1968 1969 1970
f 1970 1969 1971
f 1969 1972 1971
f 1971 1973 1974
f 1972 1973 1971
f 1973 1975 1974
f 1974 1975 1976
f 1946 1947 1945
f 1945 1947 1949
f 1977 1978 1979
f 1979 1980 1981
f 1978 1980 1979
f 1981 1982 1983
f 1980 1982 1981
f 1982 1984 1983
f 1984 1939 1983
f 1983 1939 1941
f 1955 1985 1956
f 1956 1985 1986
f 1986 1985 1987
f 1987 1988 1989
f 1985 1988 1987
f 1988 1990 1989
f 1975 1991 1976
f 1976 1991 1992
f 1992 1993 1994
f 1991 1993 1992
f 1994 1995 1996
f 1993 1995 1994
f 1995 1997 1996
f 1996 1997 1998
f 1990 1978 1989
f 1989 1978 1977
f 1997 1999 1998
f 1998 1999 2000
f 2000 1999 2001
f 1999 2002 2001
f 2001 1965 1966
f 2002 1965 2001
f 2003 2004 2005
f 2005 2004 2006
f 2007 2008 2009
f 2009 2010 2011
f 2008 2010 2009
f 2011 2012 2005
f 2010 2012 2011
f 2012 2003 2005
f 2008 2007 2013
f 2014 2013 2015
f 2014 2008 2013
f 2016 2015 2017
f 2016 2014 2015
f 2018 2017 2019
f 2018 2016 2017
f 2020 2019 2021
f 2020 2018 2019
f 2022 2021 2023
f 2022 2020 2021
f 2024 2023 2025
f 2024 2022 2023
f 2026 2024 2025
f 2027 2025 2028
f 2027 2026 2025
f 2029 2030 2031
f 2029 2028 2030
f 2029 2027 2028
f 2032 2029 2031
f 2033 2034 2035
f 2033 2031 2034
f 2033 2032 2031
f 2036 2033 2035
f 2037 2038 2039
f 2039 2038 2040
f 2040 2041 2042
f 2038 2041 2040
f 2042 2036 2035
f 2041 2036 2042
f 2043 2037 2044
f 2044 2037 2039
f 2045 2046 2047
f 2047 2046 2048
f 2048 2049 2050
f 2046 2049 2048
f 2050 2043 2044
f 2049 2043 2050
f 2051 2045 2052
f 2052 2045 2047
f 2053 2054 2055
f 2055 2054 2056
f 2056 2057 2058
f 2054 2057 2056
f 2058 2051 2052
f 2057 2051 2058
f 2059 2053 2060
f 2060 2053 2055
f 2061 2062 2063
f 2063 2062 2064
f 2064 2065 2066
f 2062 2065 2064
f 2066 2059 2060
f 2065 2059 2066
f 2067 2061 2068
f 2068 2061 2063
f 2006 2004 2069
f 2069 2070 2071
f 2004 2070 2069
f 2070 2072 2071
f 2071 2067 2068
f 2072 2067 2071
f 2073 2074 2075
f 2076 2077 2078
f 2079 2080 2081
f 2082 2078 2074
f 2082 2076 2078
f 2083 2073 2081
f 2083 2080 2076
f 2083 2074 2073
f 2083 2082 2074
f 2083 2076 2082
f 2083 2081 2080
f 2080 2084 2085
f 2080 2079 2084
f 2076 2085 2086
f 2076 2080 2085
f 2077 2086 2087
f 2077 2076 2086
f 2088 2089 2090
f 2091 2092 2093
f 2094 2095 2096
f 2097 2093 2089
f 2097 2091 2093
f 2098 2095 2091
f 2098 2088 2096
f 2098 2089 2088
f 2098 2097 2089
f 2098 2091 2097
f 2098 2096 2095
f 2093 2099 2100
f 2093 2092 2099
f 2089 2100 2101
f 2089 2093 2100
f 2090 2101 2102
f 2090 2089 2101
f 2075 2094 2096
f 2073 2096 2088
f 2073 2075 2096
f 2081 2088 2090
f 2081 2073 2088
f 2079 2081 2090
f 2103 2104 2105
f 2106 2107 2108
f 2109 2110 2111
f 2112 2110 2103
f 2112 2103 2105
f 2112 2111 2110
f 2113 2105 2107
f 2113 2106 2111
f 2113 2112 2105
f 2113 2107 2106
f 2113 2111 2112
f 2106 2114 2115
f 2106 2108 2114
f 2111 2115 2116
f 2111 2116 2117
f 2111 2106 2115
f 2109 2111 2117
f 2118 2119 2120
f 2121 2122 2123
f 2124 2125 2126
f 2127 2123 2119
f 2127 2121 2123
f 2128 2118 2126
f 2128 2125 2121
f 2128 2119 2118
f 2128 2127 2119
f 2128 2121 2127
f 2128 2126 2125
f 2125 2129 2130
f 2125 2124 2129
f 2121 2130 2131
f 2121 2125 2130
f 2122 2131 2132
f 2122 2121 2131
f 2095 2094 2120
f 2095 2120 2119
f 2091 2119 2123
f 2091 2095 2119
f 2092 2123 2122
f 2092 2091 2123
f 2120 2104 2103
f 2118 2103 2110
f 2118 2120 2103
f 2126 2110 2109
f 2126 2118 2110
f 2124 2126 2109
f 2104 2075 2074
f 2105 2074 2078
f 2105 2104 2074
f 2107 2078 2077
f 2107 2105 2078
f 2108 2107 2077
f 2079 2090 2102
f 2079 2102 2084
f 2092 2122 2132
f 2092 2132 2099
f 1335 1340 2120
f 1337 2120 1340
f 1336 2120 1337
f 1328 1335 2120
f 1329 1328 2120
f 1332 1329 2120
f 1343 2120 1336
f 1234 1321 1320
f 1233 1320 1327
f 1233 1234 1320
f 1236 1324 1321
f 1236 1321 1234
f 1230 1332 2120
f 1230 1327 1332
f 1230 1233 1327
f 1202 1319 1324
f 1202 1324 1236
f 1903 1345 1344
f 1900 1348 1345
f 1900 1345 1903
f 1905 1344 1351
f 1905 1351 1357
f 1905 1903 1344
f 1228 1230 2120
f 1204 1310 1319
f 1204 1319 1202
f 1897 1905 1357
f 1206 1310 1204
f 1208 1311 1310
f 1208 1310 1206
f 1857 1343 1348
f 1857 1900 1899
f 1857 2120 1343
f 1857 1899 1847
f 1857 1348 1900
f 1848 1847 1899
f 1306 1224 1226
f 1305 1306 1226
f 1305 1226 1228
f 1888 1357 1355
f 1888 1897 1357
f 1888 1895 1897
f 1308 1224 1306
f 1308 1222 1224
f 1302 1305 1228
f 1302 1228 2120
f 1890 1355 1353
f 1890 1353 1317
f 1890 1888 1355
f 1274 1222 1308
f 1274 1220 1222
f 1892 1317 1314
f 1892 1890 1317
f 1276 1220 1274
f 1276 1218 1220
f 1270 1212 1214
f 1268 1270 1214
f 1268 1214 1216
f 1273 1212 1270
f 1273 1210 1212
f 1266 1268 1216
f 1266 1216 1218
f 1240 1210 1273
f 1240 1208 1210
f 1240 1311 1208
f 1264 1218 1276
f 1264 1276 1278
f 1264 1266 1218
f 1241 1314 1311
f 1241 1311 1240
f 1262 1264 1278
f 1262 1278 1280
f 1242 1314 1241
f 1260 1262 1280
f 1260 1280 1282
f 1258 1260 1282
f 1258 1282 1284
f 1861 1851 1859
f 1256 1284 1286
f 1256 1258 1284
f 1876 1883 1885
f 2046 1296 1298
f 2049 2046 1298
f 2049 1298 1300
f 2045 1296 2046
f 2045 1290 1292
f 2045 1292 1294
f 2045 1294 1296
f 2043 2049 1300
f 1873 1863 1872
f 1130 1855 1852
f 1128 1130 1852
f 1132 1855 1130
f 1126 1852 1851
f 1126 1861 1869
f 1126 1128 1852
f 1126 1851 1861
f 1371 1369 1894
f 1371 1892 1314
f 1371 1314 1242
f 1371 1894 1892
f 1367 1894 1369
f 1373 1371 1242
f 1365 1894 1367
f 1365 1885 1894
f 1375 1373 1242
f 1375 1242 1244
f 1363 1876 1885
f 1363 1885 1365
f 1377 1244 1246
f 1377 1375 1244
f 1361 1876 1363
f 1361 1878 1876
f 1379 1377 1246
f 1359 1878 1361
f 1381 1379 1246
f 1381 1246 1248
f 1200 1869 1867
f 1200 1126 1869
f 1441 1878 1359
f 1441 1880 1878
f 2051 1290 2045
f 2051 1286 1288
f 2051 1288 1290
f 1383 1381 1248
f 1383 1248 1250
f 1198 1200 1867
f 2029 2032 2033
f 1438 1880 1441
f 2057 1254 1256
f 2057 1286 2051
f 2057 1256 1286
f 1385 1383 1250
f 2027 2029 2033
f 2027 2033 2036
f 2054 1252 1254
f 2054 1254 2057
f 1436 1882 1880
f 1436 1880 1438
f 1387 1250 1252
f 1387 1385 1250
f 2026 2027 2036
f 1435 1882 1436
f 1389 1387 1252
f 2012 2010 2041
f 2012 2041 2038
f 1432 1882 1435
f 2008 2041 2010
f 2008 2036 2041
f 2014 2026 2036
f 2014 2036 2008
f 2020 2022 2024
f 2018 2026 2014
f 2018 2020 2024
f 2018 2014 2016
f 2018 2024 2026
f 1183 1196 1198
f 1185 1195 1196
f 1185 1196 1183
f 2094 2043 1300
f 2094 2012 2038
f 2094 1302 2120
f 2094 2004 2003
f 2094 2003 2012
f 2094 1300 1302
f 2094 2038 2037
f 2094 2037 2043
f 2104 1857 1855
f 2104 1855 1132
f 2104 1132 1135
f 2104 1135 1136
f 2104 1136 1138
f 2104 1138 1140
f 2104 1140 1143
f 1181 1867 1864
f 1181 1183 1198
f 1181 1198 1867
f 1187 1195 1185
f 1189 2104 1143
f 2070 2004 2094
f 1179 1181 1864
f 1146 1193 1195
f 1146 1195 1187
f 2072 2070 2094
f 1177 1864 1863
f 1177 1179 1864
f 1177 1863 1873
f 1147 1193 1146
f 2067 2072 2094
f 1175 1432 1430
f 1175 1177 1873
f 1175 1882 1432
f 1175 1873 1882
f 1149 1191 1193
f 1149 1193 1147
f 1151 1189 1191
f 1151 1191 1149
f 1153 1189 1151
f 1155 1189 1153
f 1155 2104 1189
f 1157 2104 1155
f 1961 1395 1393
f 1959 1961 1393
f 1959 1252 2054
f 1959 1393 1391
f 1959 1391 1389
f 1959 1389 1252
f 2061 2067 2094
f 1963 1395 1961
f 1963 1400 1399
f 1963 1399 1397
f 1963 1397 1395
f 1957 1959 2054
f 1957 2054 2053
f 1614 1173 1175
f 1614 1430 1429
f 1614 1175 1430
f 1602 1173 1614
f 1602 1169 1171
f 1602 1171 1173
f 1827 1429 1426
f 1827 1614 1429
f 1475 1426 1424
f 1475 1827 1426
f 1446 1165 1167
f 1446 1167 1169
f 1446 1169 1602
f 1476 1475 1424
f 1476 1424 1422
f 1476 1422 1421
f 1968 1405 1403
f 1968 1403 1400
f 1968 1400 1963
f 1966 1957 2053
f 1817 1163 1165
f 1817 1165 1446
f 1970 1408 1406
f 1970 1406 1405
f 1970 1405 1968
f 2001 1966 2053
f 1661 1421 1419
f 1661 1476 1421
f 1971 1411 1408
f 1971 1408 1970
f 1816 1161 1163
f 1816 1163 1817
f 1488 1419 1417
f 1488 1661 1419
f 1489 1417 1414
f 1489 1488 1417
f 1812 1159 1161
f 1812 1161 1816
f 1981 1998 2000
f 1979 2000 2001
f 1979 2001 2053
f 1979 1981 2000
f 1983 1998 1981
f 1977 2053 2059
f 1977 1979 2053
f 1693 1414 1413
f 1693 1489 1414
f 1536 1157 1159
f 1536 1159 1812
f 1996 1998 1983
f 1694 1411 1971
f 1694 1413 1411
f 1694 1693 1413
f 1531 2104 1157
f 1531 1157 1536
f 1941 1996 1983
f 1989 1977 2059
f 1989 2059 2065
f 1942 1994 1996
f 1942 1996 1941
f 1987 1989 2065
f 1987 2065 2062
f 1943 1994 1942
f 1943 1992 1994
f 1986 1987 2062
f 1986 2062 2061
f 1956 1986 2061
f 1956 2061 2094
f 1932 1694 1971
f 1932 1971 1974
f 1930 1694 1932
f 1930 1715 1694
f 1926 1932 1974
f 1926 1992 1943
f 1926 1943 1945
f 1926 1976 1992
f 1926 1974 1976
f 1928 1715 1930
f 1928 1730 1715
f 1933 1730 1928
f 1933 1515 1514
f 1933 1514 1730
f 1937 1761 1515
f 1937 1515 1933
f 1935 1522 1783
f 1935 1783 1761
f 1935 1761 1937
f 1910 1522 1935
f 1910 1523 1522
f 1919 1945 1949
f 1919 1926 1945
f 1920 1949 1950
f 1920 1919 1949
f 1923 1950 1952
f 1923 1920 1950
f 1917 1923 1952
f 2075 1956 2094
f 2075 1910 1908
f 2075 1908 1915
f 2075 1915 1912
f 2075 1912 1911
f 2075 1911 1917
f 2075 1952 1954
f 2075 1954 1956
f 2075 1917 1952
f 2075 2104 1530
f 1530 2104 1531
f 2075 1530 1523
f 2075 1523 1910
f 2104 2120 1857
f 2124 2109 2117
f 2124 2117 2129
f 2108 2077 2087
f 2108 2087 2114
f 2130 2132 2131
f 2130 2129 2132
f 2129 1334 2132
f 1341 1334 2129
f 2129 1339 1341
f 2129 1338 1339
f 1334 1330 2132
f 1330 1331 2132
f 1331 1333 2132
f 2129 1342 1338
f 1323 1235 1322
f 1235 1232 1322
f 1322 1232 1326
f 1325 1237 1323
f 1323 1237 1235
f 1333 1231 2132
f 1326 1231 1333
f 1232 1231 1326
f 1318 1203 1325
f 1325 1203 1237
f 1347 1904 1346
f 1349 1902 1347
f 1347 1902 1904
f 1346 1906 1350
f 1350 1906 1356
f 1904 1906 1346
f 1231 1229 2132
f 1312 1205 1318
f 1318 1205 1203
f 1906 1898 1356
f 1312 1207 1205
f 1313 1209 1312
f 1312 1209 1207
f 1902 1858 1901
f 1342 1858 1349
f 2129 1858 1342
f 1349 1858 1902
f 1901 1858 1849
f 1849 1850 1901
f 1225 1307 1227
f 1227 1304 1229
f 1307 1304 1227
f 1896 1887 1898
f 1356 1887 1354
f 1898 1887 1356
f 1225 1309 1307
f 1223 1309 1225
f 1304 1303 1229
f 1229 1303 2132
f 1887 1889 1354
f 1354 1889 1352
f 1352 1889 1316
f 1223 1275 1309
f 1221 1275 1223
f 1316 1891 1315
f 1889 1891 1316
f 1221 1277 1275
f 1219 1277 1221
f 1213 1271 1215
f 1271 1269 1215
f 1215 1269 1217
f 1213 1272 1271
f 1211 1272 1213
f 1269 1267 1217
f 1217 1267 1219
f 1313 1238 1209
f 1211 1238 1272
f 1209 1238 1211
f 1219 1265 1277
f 1267 1265 1219
f 1277 1265 1279
f 1315 1239 1313
f 1313 1239 1238
f 1279 1263 1281
f 1265 1263 1279
f 1315 1243 1239
f 1263 1261 1281
f 1281 1261 1283
f 1283 1259 1285
f 1261 1259 1283
f 1853 1862 1860
f 1259 1257 1285
f 1285 1257 1287
f 1884 1875 1886
f 1299 2050 1301
f 1299 2048 2050
f 1297 2048 1299
f 1297 2047 2048
f 1295 2047 1297
f 1293 2047 1295
f 1291 2047 1293
f 2050 2044 1301
f 1865 1874 1871
f 1856 1131 1854
f 1131 1129 1854
f 1856 1133 1131
f 1854 1127 1853
f 1862 1127 1870
f 1129 1127 1854
f 1853 1127 1862
f 1893 1370 1891
f 1368 1370 1893
f 1891 1370 1315
f 1315 1370 1243
f 1893 1366 1368
f 1370 1372 1243
f 1886 1364 1893
f 1893 1364 1366
f 1243 1374 1245
f 1372 1374 1243
f 1886 1362 1364
f 1875 1362 1886
f 1245 1376 1247
f 1374 1376 1245
f 1877 1360 1875
f 1875 1360 1362
f 1376 1378 1247
f 1877 1358 1360
f 1247 1380 1249
f 1378 1380 1247
f 2034 2031 2035
f 1870 1201 1868
f 1127 1201 1870
f 1879 1440 1877
f 1877 1440 1358
f 1291 2052 2047
f 1289 2052 1291
f 1287 2052 1289
f 1249 1382 1251
f 1380 1382 1249
f 1201 1199 1868
f 2031 2030 2035
f 1879 1439 1440
f 1257 2058 1287
f 1287 2058 2052
f 1255 2058 1257
f 1382 1384 1251
f 2030 2028 2035
f 1253 2056 1255
f 1255 2056 2058
f 1879 1437 1439
f 1881 1437 1879
f 1251 1386 1253
f 1384 1386 1251
f 1881 1434 1437
f 1386 1388 1253
f 2035 2009 2042
f 2042 2011 2040
f 2009 2011 2042
f 1881 1433 1434
f 2028 2007 2035
f 2035 2007 2009
f 2025 2007 2028
f 2023 2007 2025
f 2023 2021 2007
f 2040 2099 2039
f 2039 2099 2044
f 2044 2099 1301
f 1301 2099 1303
f 2011 2099 2040
f 2005 2099 2011
f 1303 2099 2132
f 2129 2117 1858
f 1858 2117 1856
f 1856 2117 1133
f 1133 2117 1134
f 1139 2117 1141
f 1137 2117 1139
f 1134 2117 1137
f 2007 2015 2013
f 2021 2017 2007
f 2007 2017 2015
f 2019 2017 2021
f 1197 1182 1199
f 2005 2006 2099
f 1194 1184 1197
f 1197 1184 1182
f 1868 1180 1866
f 1199 1180 1868
f 1182 1180 1199
f 2099 2101 2100
f 2116 2115 2117
f 1194 1186 1184
f 2006 2069 2099
f 2099 2102 2101
f 2069 2102 2099
f 1141 2114 1142
f 2117 2114 1141
f 1142 2114 1188
f 2115 2114 2117
f 1180 1178 1866
f 1192 1144 1194
f 1194 1144 1186
f 2069 2071 2102
f 1866 1176 1865
f 1865 1176 1874
f 1178 1176 1866
f 1192 1145 1144
f 2071 2068 2102
f 1881 1174 1433
f 1176 1174 1874
f 1874 1174 1881
f 1433 1174 1431
f 1190 1148 1192
f 1192 1148 1145
f 1188 1150 1190
f 1190 1150 1148
f 1188 1152 1150
f 1188 1154 1152
f 2114 1154 1188
f 2114 1156 1154
f 1394 1962 1392
f 1253 1960 2056
f 1388 1960 1253
f 1962 1960 1392
f 1390 1960 1388
f 1392 1960 1390
f 2068 2063 2102
f 1394 1964 1962
f 1396 1964 1394
f 1398 1964 1396
f 1401 1964 1398
f 1960 1958 2056
f 2056 1958 2055
f 1172 1545 1174
f 1174 1546 1431
f 1545 1546 1174
f 1431 1546 1428
f 1170 1542 1172
f 1168 1542 1170
f 1172 1542 1545
f 1428 1451 1427
f 1546 1451 1428
f 1166 1445 1168
f 1164 1445 1166
f 1168 1445 1542
f 1425 1450 1423
f 1427 1450 1425
f 1451 1450 1427
f 1402 1967 1401
f 1404 1967 1402
f 1401 1967 1964
f 1958 1965 2055
f 1450 1453 1423
f 1423 1453 1420
f 1162 1758 1164
f 1164 1758 1445
f 1407 1969 1404
f 1409 1969 1407
f 1404 1969 1967
f 1965 2002 2055
f 1409 1972 1969
f 1410 1972 1409
f 1453 1459 1420
f 1418 1459 1416
f 1420 1459 1418
f 1160 1759 1162
f 1158 1759 1160
f 1162 1759 1758
f 1459 1458 1416
f 1416 1458 1415
f 1997 1982 1999
f 2002 1980 2055
f 1982 1980 1999
f 1999 1980 2002
f 1997 1984 1982
f 1980 1978 2055
f 2055 1978 2060
f 1156 1835 1158
f 1158 1835 1759
f 1458 1585 1415
f 1412 1585 1410
f 1415 1585 1412
f 2114 1507 1156
f 1156 1507 1835
f 1410 1612 1972
f 1585 1612 1410
f 2114 1505 1507
f 1997 1939 1984
f 1995 1939 1997
f 1978 1990 2060
f 2060 1990 2066
f 1995 1940 1939
f 1993 1940 1995
f 1991 1940 1993
f 1990 1988 2066
f 2066 1988 2064
f 1991 1944 1940
f 1988 1985 2064
f 2064 1985 2063
f 2063 1955 2102
f 1985 1955 2063
f 1470 1929 1612
f 1612 1931 1972
f 1972 1931 1973
f 1929 1931 1612
f 1470 1927 1929
f 1469 1927 1470
f 1625 1927 1469
f 1944 1925 1946
f 1991 1925 1944
f 1973 1925 1975
f 1975 1925 1991
f 1931 1925 1973
f 1641 1934 1625
f 1625 1934 1927
f 1658 1938 1641
f 1641 1938 1934
f 1658 1936 1938
f 1678 1936 1658
f 1493 1936 1678
f 1493 1909 1936
f 1495 1909 1493
f 1946 1921 1947
f 1925 1921 1946
f 1947 1922 1948
f 1921 1922 1947
f 1922 1924 1948
f 1948 1924 1951
f 1924 1918 1951
f 1909 2087 1907
f 1907 2087 1916
f 1495 2087 1909
f 1918 2084 1951
f 1914 2084 1913
f 1916 2084 1914
f 1913 2084 1918
f 1955 2084 2102
f 1951 2084 1953
f 1953 2084 1955
f 2087 2084 1916
f 2087 2086 2084
f 2086 2085 2084
f 2114 2087 1710
f 2114 1710 1505
f 1710 2087 1495
f 2133 2134 2135
f 2135 2134 2136
f 2136 2134 2137
f 2137 2138 2139
f 2134 2138 2137
f 2139 2140 2141
f 2138 2140 2139
f 2141 2142 2143
f 2140 2142 2141
f 2143 2144 2145
f 2142 2144 2143
f 2145 2146 2147
f 2144 2146 2145
f 2147 2148 2149
f 2146 2148 2147
f 2148 2150 2149
f 2149 2151 2152
f 2152 2151 2153
f 2150 2151 2149
f 2151 2154 2153
f 2153 2155 2156
f 2156 2155 2157
f 2154 2155 2153
f 2157 2158 2159
f 2155 2158 2157
f 2158 2160 2159
f 2159 2161 2162
f 2160 2161 2159
f 2162 2133 2135
f 2161 2133 2162
f 2163 2164 2165
f 2165 2164 2166
f 2166 2164 2167
f 2167 2168 2169
f 2164 2168 2167
f 2169 2170 2171
f 2168 2170 2169
f 2171 2172 2173
f 2170 2172 2171
f 2173 2174 2175
f 2172 2174 2173
f 2175 2176 2177
f 2174 2176 2175
f 2177 2178 2179
f 2176 2178 2177
f 2178 2180 2179
f 2179 2181 2182
f 2182 2181 2183
f 2180 2181 2179
f 2181 2184 2183
f 2183 2185 2186
f 2186 2185 2187
f 2184 2185 2183
f 2187 2188 2189
f 2185 2188 2187
f 2188 2190 2189
f 2189 2191 2192
f 2190 2191 2189
f 2192 2163 2165
f 2191 2163 2192
f 2193 2194 2195
f 2195 2194 2196
f 2196 2194 2197
f 2197 2198 2199
f 2194 2198 2197
f 2199 2200 2201
f 2198 2200 2199
f 2201 2202 2203
f 2200 2202 2201
f 2203 2204 2205
f 2202 2204 2203
f 2205 2206 2207
f 2204 2206 2205
f 2207 2208 2209
f 2206 2208 2207
f 2209 2210 2211
f 2208 2210 2209
f 2210 2212 2211
f 2211 2213 2214
f 2214 2213 2215
f 2212 2213 2211
f 2215 2216 2217
f 2213 2216 2215
f 2216 2218 2217
f 2217 2219 2220
f 2218 2219 2217
f 2220 2221 2222
f 2219 2221 2220
f 2222 2193 2195
f 2221 2193 2222
f 2223 2224 2225
f 2225 2224 2226
f 2227 2228 2229
f 2229 2230 2231
f 2228 2230 2229
f 2231 2232 2225
f 2230 2232 2231
f 2232 2223 2225
f 2233 2228 2227
f 2233 2227 2234
f 2235 2234 2236
f 2235 2233 2234
f 2237 2236 2238
f 2237 2235 2236
f 2239 2238 2240
f 2239 2237 2238
f 2241 2240 2242
f 2241 2239 2240
f 2243 2242 2244
f 2243 2241 2242
f 2245 2244 2246
f 2245 2243 2244
f 2247 2246 2248
f 2247 2245 2246
f 2249 2248 2250
f 2249 2247 2248
f 2251 2250 2252
f 2251 2249 2250
f 2253 2254 2255
f 2255 2254 2256
f 2256 2257 2258
f 2254 2257 2256
f 2258 2251 2252
f 2257 2251 2258
f 2259 2253 2260
f 2260 2253 2255
f 2261 2262 2263
f 2263 2262 2264
f 2264 2265 2266
f 2262 2265 2264
f 2266 2259 2260
f 2265 2259 2266
f 2267 2261 2268
f 2268 2261 2263
f 2269 2270 2271
f 2271 2270 2272
f 2272 2273 2274
f 2270 2273 2272
f 2274 2267 2268
f 2273 2267 2274
f 2275 2269 2276
f 2276 2269 2271
f 2277 2278 2279
f 2279 2278 2280
f 2280 2281 2282
f 2278 2281 2280
f 2282 2275 2276
f 2281 2275 2282
f 2283 2284 2279
f 2284 2277 2279
f 2226 2224 2285
f 2285 2286 2287
f 2224 2286 2285
f 2287 2288 2283
f 2286 2288 2287
f 2288 2284 2283
f 2289 2290 2291
f 2291 2290 2292
f 2292 2293 2294
f 2290 2293 2292
f 2294 2295 2296
f 2293 2295 2294
f 2297 2298 2299
f 2299 2298 2300
f 2300 2301 2302
f 2298 2301 2300
f 2302 2303 2304
f 2301 2303 2302
f 2303 2305 2304
f 2304 2305 2306
f 2307 2308 2309
f 2309 2310 2311
f 2308 2310 2309
f 2311 2312 2313
f 2310 2312 2311
f 2312 2314 2313
f 2315 2308 2316
f 2316 2308 2307
f 2314 2317 2313
f 2313 2317 2318
f 2317 2319 2318
f 2318 2319 2320
f 2320 2321 2322
f 2319 2321 2320
f 2322 2323 2324
f 2321 2323 2322
f 2323 2325 2324
f 2324 2325 2326
f 2295 2297 2296
f 2296 2297 2299
f 2327 2328 2329
f 2329 2330 2331
f 2328 2330 2329
f 2331 2332 2333
f 2330 2332 2331
f 2332 2334 2333
f 2334 2289 2333
f 2333 2289 2291
f 2306 2305 2335
f 2335 2336 2337
f 2305 2336 2335
f 2337 2338 2339
f 2336 2338 2337
f 2338 2340 2339
f 2325 2341 2326
f 2326 2341 2342
f 2342 2343 2344
f 2341 2343 2342
f 2344 2345 2346
f 2343 2345 2344
f 2345 2347 2346
f 2346 2347 2348
f 2348 2347 2349
f 2349 2350 2351
f 2347 2350 2349
f 2351 2352 2316
f 2350 2352 2351
f 2352 2315 2316
f 2340 2328 2339
f 2339 2328 2327
f 2353 2354 2355
f 2355 2354 2356
f 2356 2357 2358
f 2354 2357 2356
f 2358 2359 2360
f 2357 2359 2358
f 2360 2361 2362
f 2359 2361 2360
f 2362 2363 2364
f 2361 2363 2362
f 2364 2365 2366
f 2363 2365 2364
f 2365 2367 2366
f 2366 2367 2368
f 2367 2369 2368
f 2368 2369 2370
f 2369 2371 2370
f 2370 2371 2372
f 2371 2373 2372
f 2372 2373 2374
f 2373 2375 2374
f 2374 2375 2376
f 2375 2377 2376
f 2376 2377 2378
f 2377 2379 2378
f 2378 2379 2380
f 2379 2381 2380
f 2380 2381 2382
f 2381 2383 2382
f 2382 2383 2384
f 2383 2385 2384
f 2384 2385 2386
f 2385 2387 2386
f 2386 2387 2388
f 2387 2389 2388
f 2388 2389 2390
f 2389 2391 2390
f 2390 2391 2392
f 2391 2393 2392
f 2392 2393 2394
f 2394 2395 2396
f 2393 2395 2394
f 2396 2397 2398
f 2395 2397 2396
f 2398 2399 2400
f 2397 2399 2398
f 2400 2401 2402
f 2399 2401 2400
f 2402 2403 2404
f 2401 2403 2402
f 2404 2405 2406
f 2403 2405 2404
f 2406 2407 2408
f 2405 2407 2406
f 2408 2409 2410
f 2407 2409 2408
f 2410 2411 2412
f 2409 2411 2410
f 2412 2413 2414
f 2411 2413 2412
f 2414 2415 2416
f 2413 2415 2414
f 2416 2417 2418
f 2415 2417 2416
f 2417 2419 2418
f 2418 2419 2420
f 2419 2353 2420
f 2420 2353 2355
f 2421 2422 2423
f 2423 2422 2424
f 2424 2425 2426
f 2422 2425 2424
f 2426 2427 2428
f 2425 2427 2426
f 2429 2421 2430
f 2430 2421 2423
f 2431 2432 2433
f 2433 2434 2435
f 2432 2434 2433
f 2435 2436 2430
f 2434 2436 2435
f 2436 2429 2430
f 2437 2438 2431
f 2438 2432 2431
f 2439 2440 2441
f 2441 2442 2443
f 2440 2442 2441
f 2443 2444 2437
f 2442 2444 2443
f 2444 2438 2437
f 2445 2440 2446
f 2446 2440 2439
f 2447 2448 2449
f 2449 2448 2450
f 2450 2451 2452
f 2448 2451 2450
f 2452 2445 2446
f 2451 2445 2452
f 2453 2447 2454
f 2454 2447 2449
f 2455 2456 2457
f 2457 2458 2459
f 2456 2458 2457
f 2459 2460 2454
f 2458 2460 2459
f 2460 2453 2454
f 2461 2462 2455
f 2462 2456 2455
f 2463 2464 2465
f 2465 2466 2467
f 2464 2466 2465
f 2467 2468 2461
f 2466 2468 2467
f 2468 2462 2461
f 2428 2427 2463
f 2427 2464 2463
f 2469 2470 2471
f 2469 2472 2473
f 2469 2471 2472
f 2474 2472 2471
f 2475 2476 2477
f 2478 2479 2480
f 2481 2482 2476
f 2481 2476 2475
f 2481 2475 2483
f 2484 2485 2482
f 2484 2482 2481
f 2486 2487 2488
f 2489 2469 2473
f 2490 2483 2491
f 2492 2493 2494
f 2492 2490 2493
f 2495 2491 2496
f 2495 2493 2490
f 2495 2490 2491
f 2497 2498 2499
f 2500 2501 2502
f 2503 2504 2505
f 2506 2507 2508
f 2509 2510 2511
f 2512 2510 2509
f 2512 2513 2510
f 2514 2515 2513
f 2514 2512 2516
f 2514 2513 2512
f 2517 2518 2519
f 2520 2521 2522
f 2523 2520 2522
f 2524 2473 2472
f 2524 2472 2525
f 2524 2525 2526
f 2524 2526 2527
f 2528 2529 2530
f 2531 2516 2523
f 2532 2531 2523
f 2532 2523 2522
f 2532 2533 2531
f 2534 2473 2524
f 2535 2536 2472
f 2535 2472 2474
f 2535 2474 2537
f 2538 2539 2540
f 2538 2541 2536
f 2538 2540 2541
f 2538 2536 2535
f 2538 2535 2537
f 2542 2471 2543
f 2542 2543 2477
f 2542 2474 2471
f 2542 2537 2474
f 2542 2477 2537
f 2544 2539 2538
f 2544 2538 2537
f 2545 2543 2471
f 2545 2471 2470
f 2546 2540 2539
f 2546 2547 2540
f 2546 2548 2547
f 2549 2537 2477
f 2549 2539 2544
f 2549 2544 2537
f 2549 2477 2476
f 2550 2475 2477
f 2550 2543 2545
f 2550 2477 2543
f 2550 2545 2551
f 2552 2470 2553
f 2552 2551 2545
f 2552 2545 2470
f 2554 2480 2548
f 2554 2478 2480
f 2554 2548 2546
f 2555 2546 2539
f 2555 2478 2554
f 2555 2554 2546
f 2556 2555 2539
f 2556 2539 2549
f 2556 2476 2482
f 2556 2482 2485
f 2556 2549 2476
f 2557 2553 2558
f 2557 2558 2483
f 2557 2475 2550
f 2557 2483 2475
f 2557 2550 2551
f 2557 2552 2553
f 2557 2551 2552
f 2559 2553 2470
f 2560 2555 2556
f 2560 2556 2485
f 2560 2485 2561
f 2560 2478 2555
f 2562 2487 2479
f 2562 2479 2478
f 2562 2563 2488
f 2562 2488 2487
f 2564 2559 2470
f 2564 2470 2469
f 2564 2565 2559
f 2564 2469 2566
f 2567 2553 2559
f 2567 2558 2553
f 2567 2483 2558
f 2567 2559 2565
f 2567 2491 2483
f 2567 2565 2491
f 2568 2478 2560
f 2568 2562 2478
f 2568 2563 2562
f 2568 2560 2561
f 2568 2569 2563
f 2570 2568 2561
f 2570 2485 2484
f 2570 2569 2568
f 2570 2561 2485
f 2570 2571 2569
f 2572 2565 2564
f 2572 2566 2496
f 2572 2564 2566
f 2572 2491 2565
f 2572 2496 2491
f 2573 2574 2487
f 2573 2575 2574
f 2573 2487 2486
f 2576 2570 2484
f 2576 2571 2570
f 2576 2481 2483
f 2576 2484 2481
f 2576 2483 2490
f 2576 2490 2492
f 2577 2486 2488
f 2578 2489 2579
f 2578 2496 2566
f 2578 2566 2469
f 2578 2469 2489
f 2580 2577 2488
f 2580 2581 2577
f 2580 2488 2563
f 2582 2486 2577
f 2582 2577 2581
f 2583 2584 2575
f 2583 2585 2584
f 2583 2575 2573
f 2586 2573 2486
f 2586 2583 2573
f 2586 2585 2583
f 2587 2582 2581
f 2587 2581 2588
f 2587 2588 2589
f 2587 2586 2486
f 2587 2486 2582
f 2590 2591 2592
f 2590 2580 2563
f 2590 2563 2569
f 2590 2592 2580
f 2593 2579 2489
f 2593 2473 2594
f 2593 2489 2473
f 2595 2591 2590
f 2595 2571 2596
f 2595 2590 2569
f 2595 2569 2571
f 2597 2581 2580
f 2597 2580 2592
f 2598 2496 2578
f 2598 2495 2496
f 2598 2578 2579
f 2599 2589 2600
f 2599 2585 2586
f 2599 2587 2589
f 2599 2586 2587
f 2601 2576 2492
f 2601 2571 2576
f 2601 2492 2494
f 2601 2596 2571
f 2601 2494 2602
f 2603 2604 2584
f 2603 2584 2585
f 2605 2598 2579
f 2605 2606 2598
f 2607 2600 2499
f 2607 2585 2599
f 2607 2599 2600
f 2608 2609 2610
f 2608 2588 2581
f 2608 2589 2588
f 2608 2581 2597
f 2611 2594 2612
f 2611 2579 2593
f 2611 2593 2594
f 2611 2605 2579
f 2613 2597 2592
f 2613 2609 2608
f 2613 2608 2597
f 2614 2493 2495
f 2614 2598 2606
f 2614 2494 2493
f 2614 2495 2598
f 2615 2613 2592
f 2616 2607 2499
f 2616 2499 2498
f 2616 2603 2585
f 2616 2617 2603
f 2616 2585 2607
f 2618 2619 2615
f 2618 2592 2591
f 2618 2591 2620
f 2618 2615 2592
f 2621 2622 2604
f 2621 2604 2603
f 2621 2603 2617
f 2623 2610 2624
f 2623 2624 2497
f 2623 2600 2589
f 2623 2499 2600
f 2623 2497 2499
f 2623 2608 2610
f 2623 2589 2608
f 2625 2596 2626
f 2625 2620 2591
f 2625 2591 2595
f 2625 2595 2596
f 2627 2615 2619
f 2627 2613 2615
f 2627 2609 2613
f 2628 2494 2614
f 2628 2602 2494
f 2629 2626 2596
f 2629 2596 2601
f 2629 2628 2500
f 2629 2602 2628
f 2629 2601 2602
f 2630 2614 2606
f 2630 2628 2614
f 2631 2617 2616
f 2631 2616 2498
f 2631 2498 2632
f 2633 2634 2635
f 2633 2630 2606
f 2636 2619 2618
f 2636 2618 2620
f 2637 2617 2631
f 2637 2631 2632
f 2637 2632 2638
f 2637 2638 2639
f 2640 2641 2622
f 2640 2622 2621
f 2642 2617 2637
f 2642 2640 2621
f 2642 2621 2617
f 2642 2643 2640
f 2644 2609 2627
f 2644 2610 2609
f 2644 2624 2610
f 2645 2644 2646
f 2645 2497 2624
f 2645 2624 2644
f 2647 2644 2627
f 2647 2646 2644
f 2647 2627 2619
f 2648 2619 2636
f 2648 2647 2619
f 2649 2498 2497
f 2649 2650 2651
f 2649 2632 2498
f 2649 2497 2650
f 2649 2638 2632
f 2652 2653 2648
f 2652 2636 2620
f 2652 2648 2636
f 2654 2635 2501
f 2654 2630 2633
f 2654 2501 2500
f 2654 2633 2635
f 2655 2652 2620
f 2656 2637 2639
f 2656 2642 2637
f 2656 2643 2642
f 2656 2639 2657
f 2658 2620 2625
f 2658 2625 2626
f 2658 2626 2659
f 2658 2660 2655
f 2658 2655 2620
f 2661 2653 2662
f 2661 2648 2653
f 2661 2646 2647
f 2661 2647 2648
f 2661 2662 2663
f 2664 2656 2657
f 2664 2643 2656
f 2665 2645 2646
f 2665 2497 2645
f 2665 2650 2497
f 2666 2626 2629
f 2666 2629 2500
f 2666 2659 2626
f 2666 2500 2502
f 2667 2662 2653
f 2667 2653 2652
f 2667 2655 2660
f 2667 2652 2655
f 2667 2660 2668
f 2667 2668 2669
f 2670 2651 2671
f 2670 2649 2651
f 2670 2638 2649
f 2670 2639 2638
f 2670 2657 2639
f 2672 2503 2505
f 2672 2643 2673
f 2674 2663 2506
f 2674 2665 2646
f 2674 2661 2663
f 2674 2646 2661
f 2674 2675 2665
f 2676 2658 2659
f 2676 2660 2658
f 2677 2651 2650
f 2677 2671 2651
f 2677 2665 2675
f 2677 2650 2665
f 2678 2673 2643
f 2678 2664 2657
f 2678 2643 2664
f 2679 2660 2676
f 2679 2676 2659
f 2679 2668 2660
f 2680 2678 2657
f 2680 2681 2678
f 2680 2657 2670
f 2682 2683 2504
f 2682 2504 2503
f 2684 2681 2680
f 2684 2680 2670
f 2684 2670 2671
f 2685 2506 2663
f 2685 2667 2669
f 2685 2663 2662
f 2685 2662 2667
f 2685 2507 2506
f 2685 2669 2686
f 2685 2686 2507
f 2687 2684 2671
f 2687 2671 2677
f 2688 2677 2675
f 2688 2689 2687
f 2688 2687 2677
f 2690 2675 2674
f 2690 2674 2506
f 2690 2506 2691
f 2692 2675 2690
f 2692 2690 2691
f 2692 2688 2675
f 2692 2691 2693
f 2692 2693 2694
f 2695 2679 2659
f 2696 2697 2698
f 2696 2695 2659
f 2699 2668 2679
f 2699 2695 2700
f 2699 2679 2695
f 2699 2669 2668
f 2699 2686 2669
f 2701 2687 2689
f 2701 2684 2687
f 2701 2681 2684
f 2702 2683 2682
f 2702 2703 2683
f 2704 2686 2699
f 2704 2507 2686
f 2704 2699 2700
f 2705 2706 2702
f 2705 2702 2682
f 2707 2673 2708
f 2707 2503 2672
f 2707 2672 2673
f 2709 2710 2511
f 2709 2707 2710
f 2709 2503 2707
f 2711 2692 2694
f 2711 2688 2692
f 2711 2689 2688
f 2712 2708 2673
f 2712 2673 2678
f 2712 2681 2713
f 2712 2678 2681
f 2714 2508 2715
f 2714 2506 2508
f 2714 2691 2506
f 2714 2693 2691
f 2714 2715 2716
f 2717 2698 2718
f 2717 2700 2695
f 2717 2695 2696
f 2717 2696 2698
f 2719 2720 2713
f 2719 2701 2689
f 2719 2681 2701
f 2719 2713 2681
f 2721 2507 2704
f 2721 2704 2700
f 2721 2508 2507
f 2722 2689 2711
f 2722 2719 2689
f 2722 2720 2719
f 2723 2510 2513
f 2723 2709 2511
f 2723 2705 2709
f 2723 2706 2705
f 2723 2511 2510
f 2724 2725 2720
f 2724 2720 2722
f 2724 2722 2711
f 2724 2711 2694
f 2726 2727 2728
f 2729 2716 2730
f 2729 2730 2725
f 2729 2725 2724
f 2729 2714 2716
f 2729 2693 2714
f 2729 2694 2693
f 2729 2724 2694
f 2731 2715 2508
f 2731 2508 2721
f 2731 2721 2732
f 2733 2734 2726
f 2735 2721 2700
f 2735 2718 2736
f 2735 2700 2717
f 2735 2736 2732
f 2735 2717 2718
f 2735 2732 2721
f 2737 2509 2511
f 2737 2511 2710
f 2737 2710 2707
f 2737 2707 2708
f 2737 2708 2738
f 2739 2715 2731
f 2739 2716 2715
f 2739 2731 2732
f 2740 2734 2733
f 2740 2513 2515
f 2740 2733 2706
f 2740 2515 2734
f 2740 2723 2513
f 2740 2706 2723
f 2741 2742 2738
f 2741 2712 2713
f 2741 2738 2708
f 2741 2708 2712
f 2743 2525 2472
f 2743 2734 2525
f 2743 2472 2727
f 2743 2726 2734
f 2743 2727 2726
f 2744 2713 2720
f 2744 2741 2713
f 2744 2745 2742
f 2744 2742 2741
f 2746 2716 2739
f 2746 2730 2716
f 2746 2725 2730
f 2747 2518 2746
f 2747 2739 2732
f 2747 2746 2739
f 2748 2736 2749
f 2748 2732 2736
f 2748 2747 2732
f 2750 2746 2518
f 2750 2725 2746
f 2751 2720 2725
f 2751 2744 2720
f 2751 2745 2744
f 2751 2517 2745
f 2752 2734 2515
f 2752 2525 2734
f 2752 2526 2525
f 2752 2515 2526
f 2753 2751 2725
f 2753 2725 2750
f 2753 2750 2518
f 2753 2518 2517
f 2753 2517 2751
f 2754 2737 2738
f 2754 2512 2509
f 2754 2516 2512
f 2754 2523 2516
f 2754 2520 2523
f 2754 2509 2737
f 2755 2756 2519
f 2755 2749 2756
f 2755 2748 2749
f 2755 2518 2747
f 2755 2747 2748
f 2755 2519 2518
f 2757 2515 2514
f 2757 2527 2526
f 2757 2526 2515
f 2758 2738 2742
f 2758 2759 2521
f 2758 2521 2520
f 2758 2520 2754
f 2758 2754 2738
f 2760 2758 2742
f 2760 2759 2758
f 2760 2742 2745
f 2761 2514 2516
f 2761 2516 2762
f 2761 2762 2763
f 2761 2757 2514
f 2761 2527 2757
f 2764 2519 2529
f 2764 2517 2519
f 2764 2745 2517
f 2764 2760 2745
f 2764 2528 2760
f 2764 2529 2528
f 2765 2521 2759
f 2765 2759 2760
f 2765 2760 2528
f 2766 2524 2527
f 2766 2761 2763
f 2766 2527 2761
f 2767 2762 2516
f 2767 2763 2762
f 2767 2516 2531
f 2767 2768 2763
f 2769 2768 2770
f 2769 2524 2766
f 2769 2763 2768
f 2769 2534 2524
f 2769 2770 2534
f 2769 2766 2763
f 2771 2522 2521
f 2771 2532 2522
f 2771 2521 2765
f 2772 2773 2771
f 2772 2771 2765
f 2772 2765 2528
f 2774 2530 2775
f 2774 2772 2528
f 2774 2528 2530
f 2776 2770 2768
f 2776 2533 2770
f 2776 2531 2533
f 2776 2767 2531
f 2776 2768 2767
f 2777 2533 2532
f 2777 2771 2773
f 2777 2778 2533
f 2777 2532 2771
f 2779 2780 2781
f 2779 2775 2780
f 2779 2781 2773
f 2779 2773 2772
f 2779 2774 2775
f 2779 2772 2774
f 2782 2777 2773
f 2782 2778 2777
f 2783 2770 2533
f 2783 2533 2778
f 2783 2778 2534
f 2783 2534 2770
f 2784 2785 2786
f 2784 2781 2785
f 2784 2786 2778
f 2784 2773 2781
f 2784 2778 2782
f 2784 2782 2773
f 2787 2786 2473
f 2787 2778 2786
f 2787 2473 2534
f 2787 2534 2778
f 2788 2612 2634
f 2788 2634 2633
f 2788 2633 2606
f 2788 2606 2605
f 2788 2611 2612
f 2788 2605 2611
f 2789 2500 2628
f 2789 2628 2630
f 2789 2654 2500
f 2789 2630 2654
f 2790 2505 2641
f 2790 2641 2640
f 2790 2640 2643
f 2790 2672 2505
f 2790 2643 2672
f 2791 2502 2697
f 2791 2697 2696
f 2791 2696 2659
f 2791 2659 2666
f 2791 2666 2502
f 2792 2682 2503
f 2792 2705 2682
f 2792 2709 2705
f 2792 2503 2709
f 2793 2703 2702
f 2793 2733 2726
f 2793 2706 2733
f 2793 2728 2703
f 2793 2702 2706
f 2793 2726 2728
f 2794 2795 2796
f 2796 2795 2797
f 2798 2799 2800
f 2800 2801 2802
f 2799 2801 2800
f 2802 2803 2796
f 2801 2803 2802
f 2803 2794 2796
f 2804 2799 2805
f 2805 2799 2798
f 2806 2807 2805
f 2807 2804 2805
f 2808 2809 2810
f 2810 2809 2811
f 2811 2812 2813
f 2809 2812 2811
f 2813 2807 2806
f 2812 2807 2813
f 2814 2808 2815
f 2815 2808 2810
f 2816 2814 2817
f 2817 2814 2815
f 2818 2819 2820
f 2820 2819 2821
f 2821 2822 2823
f 2819 2822 2821
f 2823 2816 2817
f 2822 2816 2823
f 2824 2818 2825
f 2825 2818 2820
f 2826 2827 2825
f 2827 2824 2825
f 2828 2829 2830
f 2830 2829 2831
f 2831 2832 2833
f 2829 2832 2831
f 2833 2827 2826
f 2832 2827 2833
f 2834 2828 2835
f 2835 2828 2830
f 2836 2834 2837
f 2837 2834 2835
f 2838 2839 2840
f 2840 2841 2842
f 2839 2841 2840
f 2841 2843 2842
f 2842 2836 2837
f 2843 2836 2842
f 2797 2795 2838
f 2795 2839 2838
f 2844 2845 2846
f 2846 2845 2847
f 2847 2845 2848
f 2848 2849 2850
f 2845 2849 2848
f 2850 2851 2852
f 2849 2851 2850
f 2851 2853 2852
f 2853 2854 2852
f 2852 2854 2855
f 2855 2854 2856
f 2856 2857 2858
f 2854 2857 2856
f 2858 2859 2860
f 2857 2859 2858
f 2859 2861 2860
f 2862 2863 2864
f 2864 2863 2865
f 2865 2863 2866
f 2866 2867 2868
f 2863 2867 2866
f 2868 2869 2870
f 2867 2869 2868
f 2870 2871 2872
f 2869 2871 2870
f 2872 2873 2874
f 2871 2873 2872
f 2874 2875 2876
f 2873 2875 2874
f 2876 2877 2878
f 2875 2877 2876
f 2878 2879 2880
f 2877 2879 2878
f 2880 2881 2882
f 2879 2881 2880
f 2882 2883 2884
f 2881 2883 2882
f 2884 2885 2886
f 2883 2885 2884
f 2886 2887 2888
f 2885 2887 2886
f 2888 2889 2890
f 2887 2889 2888
f 2890 2891 2892
f 2889 2891 2890
f 2891 2893 2892
f 2892 2893 2894
f 2893 2895 2894
f 2895 2896 2894
f 2894 2896 2897
f 2896 2862 2897
f 2897 2862 2864
f 2898 2899 2900
f 2900 2899 2901
f 2901 2902 2903
f 2899 2902 2901
f 2903 2844 2846
f 2902 2844 2903
f 2861 2904 2860
f 2860 2904 2905
f 2906 2898 2907
f 2907 2898 2900
f 2905 2904 2908
f 2908 2909 2910
f 2904 2909 2908
f 2910 2911 2907
f 2909 2911 2910
f 2911 2906 2907
f 2912 2913 2914
f 2914 2913 2915
f 2916 2917 2918
f 2918 2919 2920
f 2917 2919 2918
f 2920 2921 2914
f 2919 2921 2920
f 2921 2912 2914
f 2922 2917 2923
f 2923 2917 2916
f 2924 2925 2926
f 2926 2925 2927
f 2927 2928 2929
f 2929 2928 2923
f 2925 2928 2927
f 2928 2922 2923
f 2930 2924 2931
f 2931 2924 2926
f 2932 2933 2934
f 2934 2933 2935
f 2935 2936 2937
f 2933 2936 2935
f 2937 2930 2931
f 2936 2930 2937
f 2938 2932 2939
f 2939 2932 2934
f 2913 2940 2915
f 2915 2940 2941
f 2941 2942 2943
f 2943 2942 2939
f 2940 2942 2941
f 2942 2938 2939
f 2944 2945 2946
f 2947 2948 2949
f 2950 2951 2952
f 2953 2949 2945
f 2953 2947 2949
f 2953 2945 2944
f 2954 2951 2947
f 2954 2944 2952
f 2954 2953 2944
f 2954 2947 2953
f 2954 2952 2951
f 2949 2955 2956
f 2949 2948 2955
f 2945 2956 2957
f 2945 2949 2956
f 2946 2957 2958
f 2946 2945 2957
f 2959 2960 2961
f 2962 2963 2964
f 2965 2966 2967
f 2968 2964 2960
f 2968 2962 2964
f 2969 2966 2962
f 2969 2959 2967
f 2969 2960 2959
f 2969 2968 2960
f 2969 2962 2968
f 2969 2967 2966
f 2964 2970 2971
f 2964 2963 2970
f 2960 2971 2972
f 2960 2972 2973
f 2960 2964 2971
f 2961 2960 2973
f 2950 2965 2967
f 2951 2967 2959
f 2951 2950 2967
f 2947 2959 2961
f 2947 2951 2959
f 2948 2947 2961
f 2974 2975 2976
f 2977 2978 2979
f 2980 2981 2982
f 2983 2981 2974
f 2983 2974 2976
f 2983 2982 2981
f 2984 2976 2978
f 2984 2977 2982
f 2984 2983 2976
f 2984 2978 2977
f 2984 2982 2983
f 2979 2985 2986
f 2977 2986 2987
f 2977 2979 2986
f 2982 2987 2988
f 2982 2977 2987
f 2980 2982 2988
f 2989 2990 2991
f 2992 2993 2994
f 2995 2996 2997
f 2998 2996 2989
f 2998 2991 2993
f 2998 2989 2991
f 2998 2997 2996
f 2999 2992 2997
f 2999 2998 2993
f 2999 2993 2992
f 2999 2997 2998
f 2996 3000 3001
f 2996 2995 3000
f 2989 3001 3002
f 2989 2996 3001
f 2990 3002 3003
f 2990 2989 3002
f 2966 2965 2994
f 2966 2994 2993
f 2962 2993 2991
f 2962 2966 2993
f 2963 2991 2990
f 2963 2962 2991
f 2994 2975 2974
f 2992 2974 2981
f 2992 2994 2974
f 2997 2981 2980
f 2997 2992 2981
f 2995 2997 2980
f 2975 2950 2952
f 2976 2952 2944
f 2976 2975 2952
f 2978 2944 2946
f 2978 2976 2944
f 2979 2978 2946
f 2948 2961 2973
f 2948 2973 2955
f 2963 2990 3003
f 2963 3003 2970
f 2445 2451 2994
f 2448 2994 2451
f 2447 2994 2448
f 2440 2445 2994
f 2442 2440 2994
f 2444 2442 2994
f 2453 2994 2447
f 2460 2994 2453
f 2189 2434 2432
f 2192 2429 2436
f 2192 2436 2434
f 2192 2434 2189
f 2187 2432 2438
f 2187 2438 2444
f 2187 2189 2432
f 2187 2444 2994
f 2165 2429 2192
f 2841 2460 2458
f 2841 2458 2456
f 2843 2841 2456
f 2843 2456 2462
f 2843 2462 2468
f 2186 2187 2994
f 2166 2429 2165
f 2166 2421 2429
f 2836 2843 2468
f 2836 2468 2466
f 2167 2421 2166
f 2167 2422 2421
f 2803 2841 2839
f 2803 2460 2841
f 2803 2839 2794
f 2803 2994 2460
f 2795 2794 2839
f 2159 2182 2183
f 2162 2179 2182
f 2162 2182 2159
f 2157 2183 2186
f 2157 2159 2183
f 2828 2834 2836
f 2828 2836 2466
f 2135 2177 2179
f 2135 2179 2162
f 2156 2186 2994
f 2156 2157 2186
f 2829 2466 2464
f 2829 2464 2427
f 2829 2828 2466
f 2136 2175 2177
f 2136 2177 2135
f 2220 2171 2173
f 2222 2169 2171
f 2222 2171 2220
f 2217 2173 2175
f 2217 2220 2173
f 2832 2829 2427
f 2832 2427 2425
f 2195 2167 2169
f 2195 2422 2167
f 2195 2169 2222
f 2215 2136 2137
f 2215 2175 2136
f 2215 2217 2175
f 2196 2425 2422
f 2196 2422 2195
f 2214 2215 2137
f 2139 2214 2137
f 2211 2139 2141
f 2211 2214 2139
f 2209 2141 2143
f 2209 2211 2141
f 2807 2799 2804
f 2207 2143 2145
f 2207 2209 2143
f 2818 2824 2827
f 2816 2808 2814
f 2265 2153 2156
f 2262 2149 2152
f 2262 2152 2153
f 2262 2153 2265
f 2361 2832 2425
f 2363 2196 2197
f 2363 2425 2196
f 2363 2361 2425
f 2359 2832 2361
f 2259 2265 2156
f 2261 2147 2149
f 2261 2149 2262
f 2365 2363 2197
f 2365 2197 2199
f 2357 2832 2359
f 2357 2827 2832
f 2858 2803 2801
f 2856 2801 2799
f 2856 2858 2801
f 2856 2799 2807
f 2367 2365 2199
f 2860 2803 2858
f 2855 2856 2807
f 2855 2807 2812
f 2354 2818 2827
f 2354 2827 2357
f 2369 2199 2201
f 2369 2367 2199
f 2353 2818 2354
f 2353 2819 2818
f 2371 2369 2201
f 2419 2819 2353
f 2373 2371 2201
f 2373 2201 2203
f 2852 2855 2812
f 2417 2819 2419
f 2417 2822 2819
f 2850 2812 2809
f 2850 2852 2812
f 2375 2203 2205
f 2375 2373 2203
f 2415 2822 2417
f 2267 2145 2147
f 2267 2147 2261
f 2377 2375 2205
f 2273 2207 2145
f 2273 2377 2205
f 2273 2205 2207
f 2273 2145 2267
f 2413 2822 2415
f 2379 2273 2270
f 2379 2377 2273
f 2243 2245 2247
f 2243 2247 2249
f 2411 2822 2413
f 2894 2847 2848
f 2892 2850 2809
f 2892 2848 2850
f 2892 2894 2848
f 2232 2230 2257
f 2232 2257 2254
f 2897 2847 2894
f 2228 2257 2230
f 2228 2249 2251
f 2228 2251 2257
f 2890 2892 2809
f 2864 2846 2847
f 2864 2847 2897
f 2233 2249 2228
f 2237 2239 2241
f 2237 2241 2243
f 2965 2223 2232
f 2965 2232 2254
f 2965 2156 2994
f 2965 2254 2253
f 2965 2253 2259
f 2965 2259 2156
f 2975 2860 2905
f 2975 2905 2908
f 2975 2908 2910
f 2975 2910 2907
f 2975 2907 2900
f 2975 2994 2803
f 2975 2803 2860
f 2235 2243 2249
f 2235 2237 2243
f 2235 2249 2233
f 2224 2223 2965
f 2888 2809 2808
f 2888 2890 2809
f 2888 2808 2816
f 2286 2224 2965
f 2865 2846 2864
f 2886 2888 2816
f 2886 2816 2822
f 2288 2286 2965
f 2866 2903 2846
f 2866 2846 2865
f 2284 2288 2965
f 2868 2901 2903
f 2868 2903 2866
f 2870 2975 2900
f 2870 2900 2901
f 2870 2901 2868
f 2872 2975 2870
f 2277 2284 2965
f 2311 2383 2381
f 2311 2381 2379
f 2309 2379 2270
f 2309 2311 2379
f 2313 2387 2385
f 2313 2385 2383
f 2313 2383 2311
f 2307 2270 2269
f 2307 2309 2270
f 2612 2886 2822
f 2612 2411 2409
f 2612 2884 2886
f 2612 2822 2411
f 2594 2882 2884
f 2594 2884 2612
f 2634 2409 2407
f 2634 2612 2409
f 2473 2878 2880
f 2473 2880 2882
f 2473 2882 2594
f 2635 2407 2405
f 2635 2634 2407
f 2786 2876 2878
f 2786 2878 2473
f 2501 2405 2403
f 2501 2635 2405
f 2318 2387 2313
f 2318 2391 2389
f 2318 2389 2387
f 2316 2307 2269
f 2320 2393 2391
f 2320 2391 2318
f 2785 2874 2876
f 2785 2876 2786
f 2322 2395 2393
f 2322 2393 2320
f 2502 2403 2401
f 2502 2401 2399
f 2502 2501 2403
f 2781 2874 2785
f 2329 2349 2351
f 2329 2331 2349
f 2333 2348 2349
f 2333 2349 2331
f 2327 2351 2316
f 2327 2269 2275
f 2327 2316 2269
f 2327 2329 2351
f 2780 2872 2874
f 2780 2975 2872
f 2780 2874 2781
f 2697 2399 2397
f 2697 2397 2395
f 2697 2502 2399
f 2698 2697 2395
f 2775 2975 2780
f 2291 2346 2348
f 2291 2348 2333
f 2339 2275 2281
f 2339 2327 2275
f 2292 2344 2346
f 2292 2346 2291
f 2337 2281 2278
f 2337 2339 2281
f 2294 2344 2292
f 2294 2342 2344
f 2335 2278 2277
f 2335 2337 2278
f 2296 2342 2294
f 2296 2326 2342
f 2306 2335 2277
f 2306 2277 2965
f 2304 2306 2965
f 2933 2698 2395
f 2933 2718 2698
f 2936 2322 2324
f 2936 2933 2395
f 2936 2395 2322
f 2932 2718 2933
f 2932 2736 2718
f 2930 2324 2326
f 2930 2326 2296
f 2930 2936 2324
f 2938 2736 2932
f 2938 2749 2736
f 2942 2749 2938
f 2942 2756 2749
f 2940 2529 2519
f 2940 2756 2942
f 2940 2519 2756
f 2913 2529 2940
f 2924 2930 2296
f 2924 2296 2299
f 2925 2924 2299
f 2925 2299 2300
f 2928 2925 2300
f 2928 2300 2302
f 2922 2928 2302
f 2950 2913 2912
f 2950 2912 2921
f 2950 2921 2919
f 2950 2919 2917
f 2950 2304 2965
f 2950 2917 2922
f 2950 2529 2913
f 2950 2922 2302
f 2950 2302 2304
f 2950 2975 2530
f 2530 2975 2775
f 2950 2530 2529
f 2995 2980 2988
f 2995 2988 3000
f 2979 2946 2958
f 2979 2958 2985
f 3001 3000 3002
f 3002 3000 3003
f 3000 2446 3003
f 2452 2446 3000
f 3000 2450 2452
f 3000 2449 2450
f 2446 2439 3003
f 2439 2441 3003
f 2441 2443 3003
f 3000 2454 2449
f 3000 2459 2454
f 2433 2190 2431
f 2433 2191 2190
f 2435 2191 2433
f 2430 2191 2435
f 2190 2188 2431
f 2431 2188 2437
f 2437 2188 2443
f 2443 2188 3003
f 2430 2163 2191
f 2457 2840 2455
f 2459 2840 2457
f 2840 2842 2455
f 2455 2842 2461
f 2461 2842 2467
f 2188 2185 3003
f 2430 2164 2163
f 2423 2164 2430
f 2842 2837 2467
f 2467 2837 2465
f 2423 2168 2164
f 2424 2168 2423
f 3000 2802 2459
f 2840 2802 2838
f 2459 2802 2840
f 2838 2802 2796
f 2796 2797 2838
f 2181 2160 2184
f 2180 2161 2181
f 2181 2161 2160
f 2184 2158 2185
f 2160 2158 2184
f 2835 2830 2837
f 2837 2830 2465
f 2178 2133 2180
f 2180 2133 2161
f 2185 2155 3003
f 2158 2155 2185
f 2465 2831 2463
f 2463 2831 2428
f 2830 2831 2465
f 2176 2134 2178
f 2178 2134 2133
f 2172 2219 2174
f 2170 2221 2172
f 2172 2221 2219
f 2174 2218 2176
f 2219 2218 2174
f 2831 2833 2428
f 2428 2833 2426
f 2170 2193 2221
f 2168 2193 2170
f 2424 2193 2168
f 2218 2216 2176
f 2134 2216 2138
f 2176 2216 2134
f 2424 2194 2193
f 2426 2194 2424
f 2216 2213 2138
f 2213 2140 2138
f 2213 2212 2140
f 2140 2212 2142
f 2212 2210 2142
f 2142 2210 2144
f 2798 2806 2805
f 2210 2208 2144
f 2144 2208 2146
f 2825 2820 2826
f 2810 2817 2815
f 2151 2264 2154
f 2150 2264 2151
f 2264 2266 2154
f 2154 2266 2155
f 2833 2362 2426
f 2194 2364 2198
f 2426 2364 2194
f 2362 2364 2426
f 2833 2360 2362
f 2150 2263 2264
f 2148 2263 2150
f 2266 2260 2155
f 2198 2366 2200
f 2364 2366 2198
f 2826 2358 2833
f 2833 2358 2360
f 2802 2859 2800
f 2800 2857 2798
f 2859 2857 2800
f 2798 2857 2806
f 2366 2368 2200
f 2802 2861 2859
f 2806 2854 2813
f 2857 2854 2806
f 2820 2356 2826
f 2826 2356 2358
f 2200 2370 2202
f 2368 2370 2200
f 2820 2355 2356
f 2821 2355 2820
f 2370 2372 2202
f 2821 2420 2355
f 2372 2374 2202
f 2202 2374 2204
f 2854 2853 2813
f 2821 2418 2420
f 2823 2418 2821
f 2813 2851 2811
f 2853 2851 2813
f 2204 2376 2206
f 2374 2376 2204
f 2823 2416 2418
f 2148 2268 2263
f 2146 2268 2148
f 2376 2378 2206
f 2146 2274 2268
f 2206 2274 2208
f 2208 2274 2146
f 2378 2274 2206
f 2823 2414 2416
f 2274 2380 2272
f 2378 2380 2274
f 2823 2412 2414
f 2845 2895 2849
f 2851 2893 2811
f 2849 2893 2851
f 2895 2893 2849
f 2229 2231 2258
f 2258 2231 2256
f 2845 2896 2895
f 2250 2227 2252
f 2248 2227 2250
f 2246 2227 2248
f 2258 2227 2229
f 2252 2227 2258
f 2893 2891 2811
f 2802 2988 2861
f 2909 2988 2911
f 2904 2988 2909
f 2861 2988 2904
f 3000 2988 2802
f 2225 2970 2231
f 2155 2970 3003
f 2231 2970 2256
f 2256 2970 2255
f 2260 2970 2155
f 2255 2970 2260
f 2244 2240 2246
f 2242 2240 2244
f 2844 2862 2845
f 2845 2862 2896
f 2240 2238 2246
f 2238 2236 2246
f 2246 2236 2227
f 2227 2236 2234
f 2225 2226 2970
f 2970 2972 2971
f 2811 2889 2810
f 2810 2889 2817
f 2891 2889 2811
f 2970 2973 2972
f 2986 2985 2987
f 2987 2985 2988
f 2988 2985 2911
f 2911 2985 2906
f 2906 2985 2898
f 2226 2285 2970
f 2970 2285 2973
f 2844 2863 2862
f 2817 2887 2823
f 2889 2887 2817
f 2285 2287 2973
f 2844 2867 2863
f 2902 2867 2844
f 2287 2283 2973
f 2902 2869 2867
f 2899 2869 2902
f 2985 2871 2898
f 2898 2871 2899
f 2899 2871 2869
f 2985 2873 2871
f 2283 2279 2973
f 2382 2312 2380
f 2384 2312 2382
f 2312 2310 2380
f 2380 2310 2272
f 2386 2314 2384
f 2388 2314 2386
f 2384 2314 2312
f 2272 2308 2271
f 2310 2308 2272
f 2885 2541 2887
f 2887 2540 2823
f 2412 2540 2410
f 2823 2540 2412
f 2541 2540 2887
f 2883 2536 2885
f 2885 2536 2541
f 2410 2547 2408
f 2540 2547 2410
f 2881 2472 2883
f 2879 2472 2881
f 2883 2472 2536
f 2547 2548 2408
f 2408 2548 2406
f 2879 2727 2472
f 2877 2727 2879
f 2548 2480 2406
f 2406 2480 2404
f 2390 2317 2388
f 2392 2317 2390
f 2388 2317 2314
f 2308 2315 2271
f 2392 2319 2317
f 2394 2319 2392
f 2394 2321 2319
f 2396 2321 2394
f 2480 2479 2404
f 2402 2479 2400
f 2404 2479 2402
f 2877 2728 2727
f 2875 2728 2877
f 2479 2487 2400
f 2400 2487 2398
f 2350 2330 2352
f 2332 2330 2350
f 2347 2334 2350
f 2350 2334 2332
f 2352 2328 2315
f 2330 2328 2352
f 2271 2328 2276
f 2315 2328 2271
f 2875 2703 2728
f 2873 2703 2875
f 2985 2703 2873
f 2487 2574 2398
f 2398 2574 2396
f 2985 2683 2703
f 2345 2289 2347
f 2347 2289 2334
f 2328 2340 2276
f 2276 2340 2282
f 2343 2290 2345
f 2345 2290 2289
f 2282 2338 2280
f 2340 2338 2282
f 2341 2293 2343
f 2343 2293 2290
f 2280 2336 2279
f 2338 2336 2280
f 2325 2295 2341
f 2341 2295 2293
f 2279 2305 2973
f 2336 2305 2279
f 2305 2303 2973
f 2574 2935 2396
f 2575 2935 2574
f 2321 2937 2323
f 2396 2937 2321
f 2935 2937 2396
f 2575 2934 2935
f 2584 2934 2575
f 2323 2931 2325
f 2325 2931 2295
f 2937 2931 2323
f 2604 2939 2584
f 2584 2939 2934
f 2604 2943 2939
f 2622 2943 2604
f 2622 2941 2943
f 2641 2941 2622
f 2505 2941 2641
f 2505 2915 2941
f 2295 2926 2297
f 2931 2926 2295
f 2926 2927 2297
f 2297 2927 2298
f 2298 2929 2301
f 2927 2929 2298
f 2929 2923 2301
f 2915 2958 2914
f 2914 2958 2920
f 2505 2958 2915
f 2301 2955 2303
f 2923 2955 2301
f 2958 2955 2920
f 2918 2955 2916
f 2920 2955 2918
f 2916 2955 2923
f 2303 2955 2973
f 2958 2957 2955
f 2957 2956 2955
f 2985 2958 2504
f 2985 2504 2683
f 2504 2958 2505
# Vertices: 3003, normals: 0, texture coordinates: 0, faces: 6150

