# Blender v3.0.1 OBJ File: ''
# www.blender.org
mtllib Large_Long_Oval_JeansRed.mtl
o obj1.036_obj1.005
v -27.318398 -2.289474 -0.223991
v -25.963402 -5.600479 -4.911492
v -24.876640 -7.250900 -0.223992
v -26.779118 -3.922225 -9.598991
v -25.963402 -5.600479 4.463508
v -26.779118 -3.922226 9.151009
v -27.063969 -3.150969 -28.348995
v -27.608709 -0.769316 -37.723995
v -27.063969 -3.150972 27.901009
v -27.608709 -0.769319 37.276009
v -25.989609 -5.554292 18.526009
v -23.552677 -8.811371 9.151009
v -24.906628 -7.210862 13.838509
v -21.981087 -10.290956 18.526009
v -23.589058 -8.773026 23.213509
v -24.936453 -7.170778 27.901009
v -22.220346 -10.085359 23.213509
v -21.634399 -10.578218 23.213509
v -19.578442 -12.065095 26.729134
v -18.665226 -12.627580 18.526009
v -17.564144 -13.240479 20.869759
v -12.801363 -15.244721 18.526009
v -12.845026 -15.230378 24.385384
v -17.205772 -13.426011 18.526009
v -8.130987 -16.429291 21.455696
v -17.284836 -13.385636 30.244759
v -12.700657 -15.277589 30.537727
v -8.057890 -16.442690 26.143196
v -8.108452 -16.433441 18.526009
v -3.401503 -17.001617 18.526009
v -3.330135 -17.005800 23.213509
v 1.170588 -17.012512 20.283821
v 1.326857 -17.003633 24.971321
v -3.258823 -17.009890 27.901009
v 1.398252 -16.999361 29.658821
v -7.810602 -16.486910 30.830696
v -3.017982 -17.022676 32.588509
v -7.650415 -16.514681 35.518196
v -12.534096 -15.331179 33.760384
v -18.971790 -12.444582 34.932259
v -15.428198 -14.256227 37.276009
v -12.177916 -15.442629 37.276009
v -11.210066 -15.724337 46.651009
v -18.348560 -12.810778 46.651009
v -18.176289 -12.908037 37.276009
v -21.227018 -10.900850 41.963509
v -23.081400 -9.289614 46.651009
v -20.734425 -11.271151 49.873665
v -14.620426 -14.588381 50.166634
v -17.980686 -13.016451 53.096313
v -24.046883 -8.270830 51.338509
v -20.959923 -11.104205 56.026001
v -25.408642 -6.499453 56.026001
v -22.244728 -10.064059 60.713501
v -18.653238 -12.634631 58.369751
v -24.624413 -7.578128 65.401001
v -26.819061 -3.822467 60.713501
v -17.853397 -13.085895 65.401001
v -20.819941 -11.208331 70.088501
v -14.277359 -14.721591 61.885376
v -10.634575 -15.877688 65.401001
v -14.326712 -14.702701 68.916626
v -26.202192 -5.164248 70.088501
v -23.312355 -9.059436 74.776001
v -19.426098 -12.162631 74.776001
v -17.772064 -13.129809 72.432251
v -21.088726 12.436948 74.776001
v -13.614380 16.396389 74.776001
v -14.342539 -14.696628 74.776001
v -8.258696 -16.405521 74.776001
v -10.245689 -15.975497 72.432251
v -8.284372 17.830715 74.776001
v -1.551737 -17.069065 74.776001
v -6.045534 -16.754246 70.088501
v -1.053644 -17.072575 70.088501
v -1.466383 18.500134 74.776001
v 5.258512 -16.573032 74.776001
v 3.934855 -16.763126 70.088501
v -5.532448 -16.816408 65.401001
v -0.563469 -17.069979 65.401001
v -1.357946 -17.071169 60.713501
v -6.364798 -16.712099 60.713501
v -10.437313 -15.927890 58.369751
v -6.827425 -16.646181 56.026001
v -2.158564 -17.056398 56.026001
v -14.722933 -14.547671 58.369751
v -14.402399 -14.673556 56.026001
v -10.581623 -15.891268 53.682251
v -6.655165 -16.671389 51.338509
v -1.349205 -17.071230 51.338509
v -6.313391 -16.719057 46.651009
v -1.501856 -17.069704 46.651009
v -1.654844 -17.067568 41.963509
v -6.975080 -16.623934 41.963509
v -7.467714 -16.545473 37.276009
v -2.777784 -17.033968 37.276009
v 1.640150 -16.983950 34.346321
v 1.788778 -16.973726 37.276009
v 6.504938 -16.350435 37.276009
v 6.201719 -16.408571 31.416634
v 10.760088 -15.244905 32.002571
v 10.906897 -15.196383 34.932259
v 10.596395 -15.298158 25.557259
v 5.965708 -16.452028 25.264290
v 15.046137 -13.486146 32.588509
v 15.317720 -13.347764 23.213509
v 5.881342 -16.467196 22.041634
v 10.746496 -15.249360 20.869759
v 5.864256 -16.470245 18.526009
v 10.674959 -15.272706 15.010383
v 10.563204 -15.308839 18.526009
v 6.931650 -16.264221 12.080695
v 1.162264 -17.012970 18.526009
v 0.920542 -17.025452 15.596320
v 3.308622 -16.836914 13.838508
v 11.191095 -15.100282 11.787726
v 10.363504 -15.372314 5.635383
v 3.149748 -16.853973 9.151008
v 15.188524 -13.414048 11.494758
v 14.906088 -13.556091 2.119758
v 9.938238 -15.503021 -0.223992
v 5.441263 -16.543091 2.705695
v 2.991034 -16.870392 4.463508
v 5.223593 -16.578644 -0.223992
v 0.539923 -17.042145 -0.223992
v -4.202600 -16.945618 3.291633
v -4.029243 -16.959106 -0.223992
v -4.202600 -16.945618 -3.739617
v 2.991034 -16.870392 -4.911492
v 5.441263 -16.543091 -3.153680
v 10.363504 -15.372314 -6.083367
v 6.931650 -16.264221 -12.528684
v 11.191095 -15.100280 -12.235715
v 3.149748 -16.853973 -9.598992
v 15.188524 -13.414046 -11.942746
v 14.906088 -13.556091 -2.567742
v 14.414854 -13.794006 -0.223992
v 19.236216 -10.862122 -0.223992
v 19.191389 -10.896896 -4.911492
v 19.404135 -10.730254 -14.286495
v 22.758001 -7.353744 -9.598991
v 21.164103 -9.167542 -4.911492
v 24.000154 -5.462738 -0.223992
v 21.164103 -9.167542 4.463508
v 22.758001 -7.353745 9.151009
v 25.600676 -0.480728 -4.911491
v 25.600676 -0.480728 4.463509
v 25.049086 -3.072708 -9.598991
v 25.049086 -3.072709 9.151009
v 25.575701 -0.706420 -18.973995
v 24.246786 -4.999221 -18.973995
v 25.613966 1.771042 -14.286495
v 25.660936 0.668122 -9.598991
v 25.181147 4.073442 -23.661495
v 25.629988 1.572816 -28.348995
v 24.881243 -3.553924 -23.661495
v 25.321833 -2.112273 -28.348995
v 24.775469 5.259706 -28.348995
v 25.650934 0.225740 -37.723995
v 25.228422 3.905153 -37.723995
v 24.255583 -4.981902 -33.036495
v 24.887671 -3.536558 -37.723995
v 25.510916 -1.169187 -47.098995
v 25.526018 2.502199 -47.098991
v 24.685610 5.480623 -42.411495
v 25.184362 4.062258 -51.786491
v 23.909414 7.053713 -47.098991
v 22.894827 8.602007 -51.786491
v 22.568041 9.027895 -42.411495
v 20.673727 11.070116 -47.098991
v 23.610781 7.552934 -37.723995
v 20.841688 10.911913 -37.723995
v 18.556425 12.800753 -42.411495
v 15.899408 14.468691 -47.098991
v 12.572870 16.021090 -42.411495
v 19.193357 12.325396 -37.723995
v 14.483263 15.191576 -37.723995
v 11.502573 16.421679 -42.411495
v 11.517290 16.416460 -47.098991
v 9.002394 17.199907 -37.723995
v 6.790869 17.723269 -47.098991
v 6.775522 17.726397 -42.411495
v 6.760180 17.729525 -37.723995
v 7.164183 17.645067 -28.348995
v 12.790030 15.934450 -35.380245
v 16.292830 14.249346 -33.036495
v 13.006193 15.846330 -28.348995
v 9.582979 17.037676 -28.348995
v 11.944792 16.261385 -28.348995
v 7.106840 17.657351 -23.661495
v 12.136877 16.189501 -23.661495
v 7.049490 17.669525 -18.973995
v 1.992178 18.388872 -23.661495
v 2.048643 18.384554 -28.348995
v 12.082392 16.210022 -18.973995
v 1.935740 18.393112 -18.973995
v 7.191198 17.639252 -14.286494
v 2.075258 18.382492 -14.286494
v 2.214949 18.371368 -9.598990
v 7.332846 17.608414 -9.598990
v 12.216932 16.159119 -14.286494
v 9.913496 16.940475 -9.598990
v 12.223009 16.156799 -2.567741
v 12.684435 15.976807 -9.598990
v 15.853739 14.493607 -4.911491
v 13.860247 15.479309 -0.223991
v 8.320513 17.376953 -0.223991
v 12.223009 16.156799 2.119759
v 7.332846 17.608414 9.151010
v 2.354799 18.359726 4.463510
v 2.569906 18.340836 -0.223991
v 2.354799 18.359726 -4.911490
v -2.465738 18.476501 -0.223991
v -2.603054 18.471298 -4.911490
v -7.616829 17.950424 -0.223991
v -2.603054 18.471298 4.463510
v 2.214949 18.371368 9.151010
v -2.740599 18.465607 9.151010
v -7.682714 17.939163 4.463510
v -7.824686 17.914474 9.151010
v -2.878366 18.459442 13.838510
v 2.075258 18.382492 13.838510
v -7.966663 17.889236 13.838510
v -12.909412 16.639114 9.151010
v -15.379671 15.706970 9.151010
v -13.046654 16.593246 13.838510
v -12.781788 16.681183 -0.223991
v -7.682714 17.939163 -4.911490
v -12.909412 16.639114 -9.598990
v -15.379671 15.706970 -9.598990
v -17.599438 14.651886 -0.223991
v -13.046654 16.593246 -14.286494
v -7.824686 17.914474 -9.598990
v -7.966663 17.889236 -14.286494
v -2.878366 18.459442 -14.286494
v -2.740599 18.465607 -9.598990
v -3.016350 18.452774 -18.973995
v -8.051188 17.873949 -23.661495
v -8.108639 17.863434 -18.973995
v -2.960487 18.455538 -23.661495
v -13.128231 16.565660 -23.661495
v -13.183624 16.546799 -18.973995
v -17.842911 14.521607 -23.661495
v -17.770210 14.560838 -14.286494
v -17.892218 14.494843 -18.973995
v -17.858913 14.512925 -28.348995
v -18.938826 13.894563 -23.661495
v -15.535624 15.640077 -28.348995
v -13.072794 16.584429 -28.348995
v -13.108759 16.572268 -37.723995
v -7.936283 17.894686 -33.036495
v -7.954916 17.891344 -37.723995
v -12.818638 16.669085 -47.098991
v -16.659119 15.126848 -42.411495
v -20.100632 13.148684 -37.723995
v -23.119940 10.681765 -42.411495
v -20.267025 13.034166 -47.098991
v -25.068485 8.420290 -37.723995
v -25.398636 7.944506 -47.098991
v -26.191042 6.615465 -42.411495
v -26.810883 5.273118 -37.723995
v -26.736359 5.456561 -51.786491
v -25.632107 7.583940 -18.973995
v -25.519648 7.760347 -33.036495
v -26.810883 5.273117 -0.223991
v -27.487875 2.962817 -56.473991
v -26.285734 6.432769 9.151009
v -25.256773 8.153473 4.463509
v -23.938011 9.823715 -0.223991
v -24.199009 9.525314 -4.911491
v -27.026035 4.692871 13.838509
v -27.487875 2.962814 18.526009
v -27.701769 0.715015 -75.223991
v -27.701769 0.715008 74.776001
v -27.487875 2.962812 56.026001
v -25.632107 7.583938 18.526009
v -26.193237 6.611297 23.213509
v -26.810883 5.273116 37.276009
v -26.736359 5.456556 51.338509
v -25.519648 7.760344 32.588509
v -26.191042 6.615461 41.963509
v -25.068485 8.420286 37.276009
v -25.398636 7.944502 46.651009
v -22.049200 11.663084 51.338509
v -23.297337 10.504666 56.026001
v -25.497765 7.794065 60.713501
v -21.605549 12.031613 60.713501
v -24.804993 8.775586 65.401001
v -26.928425 4.966535 65.401001
v -25.993845 6.976803 74.776001
v -27.515736 2.811856 70.088501
v -26.092686 -5.368701 74.776001
v -23.129496 10.672330 70.088501
v -19.834492 13.327634 65.401001
v -17.314198 14.800595 70.088501
v -12.982227 16.614851 65.401001
v -7.884659 17.903883 65.401001
v -17.371468 14.771070 56.026001
v -12.586432 16.744474 56.026001
v -7.476336 17.974058 56.026001
v -2.783901 18.463713 65.401001
v -7.715612 17.933485 46.651009
v -2.620071 18.470610 46.651009
v -2.388704 18.479200 56.026001
v 2.313456 18.363218 51.338509
v 2.009119 18.387587 46.651009
v 1.994028 18.388731 41.963509
v -2.793112 18.463316 37.276009
v 6.775522 17.726393 41.963509
v 6.790869 17.723265 46.651009
v 11.502573 16.421675 41.963509
v 7.099718 17.658857 51.338509
v 11.517290 16.416456 46.651009
v 9.002394 17.199903 37.276009
v 14.483263 15.191572 37.276009
v 12.572870 16.021086 41.963509
v 15.899408 14.468687 46.651009
v 18.930464 12.525770 43.135384
v 16.096865 14.359663 39.619759
v 19.193357 12.325392 37.276009
v 20.928034 10.829131 32.588509
v 16.292830 14.249343 32.588509
v 20.841688 10.911909 37.276009
v 18.357889 12.942122 27.901009
v 13.006193 15.846328 27.901009
v 12.790030 15.934446 34.932259
v 13.279760 15.732085 23.213509
v 12.136877 16.189497 23.213509
v 11.944792 16.261381 27.901009
v 9.582979 17.037672 27.901009
v 12.082392 16.210022 18.526009
v 7.106840 17.657347 23.213509
v 7.164183 17.645063 27.901009
v 6.760180 17.729521 37.276009
v 2.048643 18.384550 27.901009
v 2.105135 18.380156 32.588509
v -2.848867 18.460798 32.588509
v -2.904659 18.458204 27.901009
v 1.992178 18.388868 23.213509
v -7.936283 17.894682 32.588509
v -7.954916 17.891340 37.276009
v 1.906343 18.395277 37.276009
v -12.818638 16.669081 46.651009
v -13.108759 16.572264 37.276009
v -13.072794 16.584425 27.901009
v -15.535624 15.640075 27.901009
v -17.858913 14.512923 27.901009
v -20.100632 13.148680 37.276009
v -16.659119 15.126844 41.963509
v -23.119940 10.681761 41.963509
v -20.267025 13.034163 46.651009
v -21.991825 11.711883 32.588509
v -23.631157 10.158401 27.901009
v -18.938826 13.894561 23.213509
v -21.888577 11.798842 18.526009
v -17.842911 14.521605 23.213509
v -17.892218 14.494842 18.526009
v -13.128231 16.565657 23.213509
v -13.183624 16.546799 18.526009
v -8.108639 17.863434 18.526009
v -17.770210 14.560836 13.838510
v -3.016350 18.452774 18.526009
v -8.051188 17.873945 23.213509
v -2.960487 18.455534 23.213509
v -7.993736 17.884352 27.901009
v 1.935740 18.393112 18.526009
v 7.049490 17.669525 18.526009
v 7.191198 17.639252 13.838510
v 12.216932 16.159119 13.838510
v 9.913496 16.940475 9.151010
v 13.435408 15.665709 13.838510
v 12.684435 15.976807 9.151010
v 15.853739 14.493607 4.463509
v 18.970293 12.495804 9.151010
v 17.201086 13.708617 13.838510
v 22.239481 9.429656 13.838509
v 20.910826 10.845717 18.526009
v 16.680147 14.024810 18.526009
v 19.866579 11.783141 23.213509
v 23.362043 7.938277 23.213509
v 22.401690 9.234389 27.901009
v 24.775469 5.259703 27.901009
v 23.610781 7.552931 37.276009
v 25.181147 4.073440 23.213509
v 25.629988 1.572814 27.901009
v 25.228422 3.905150 37.276009
v 25.629347 1.581587 46.651009
v 25.650934 0.225737 37.276009
v 22.571920 9.023008 41.963509
v 24.373281 6.174345 46.651009
v 21.317541 10.442747 46.651009
v 23.029203 8.418271 56.026001
v 25.028299 4.565778 51.338509
v 18.604147 12.766294 50.166634
v 15.341043 14.765730 53.682251
v 18.488665 12.849347 56.026001
v 15.317045 14.778134 58.369751
v 18.552450 12.803617 61.885376
v 15.805178 14.519971 65.401001
v 21.251318 10.510007 65.401001
v 24.256353 6.410398 60.713501
v 25.446264 2.967359 56.026001
v 25.089560 4.376752 65.401001
v 23.873453 7.116223 65.401001
v 25.660967 0.676740 65.401001
v 25.399172 3.200970 70.088501
v 23.181616 8.203107 70.088501
v 24.549623 5.795376 74.776001
v 19.030912 12.449918 74.776001
v 15.096739 14.890668 74.776001
v 17.012136 -12.395221 74.776001
v 21.159681 -9.171954 74.776001
v 11.431669 16.446697 70.088501
v 11.608084 -14.954043 74.776001
v 10.911608 16.624828 74.776001
v 6.713968 17.738873 74.776001
v 7.807280 -16.070835 72.432251
v 8.779520 -15.829318 70.088501
v 13.447496 -14.230502 70.088501
v 9.542868 -15.619205 65.401001
v 4.448957 -16.694857 65.401001
v 3.616144 -16.801973 60.713501
v 8.126600 -15.994662 56.026001
v 2.418982 -16.924196 56.026001
v 6.292521 -16.391420 51.338509
v 3.923941 -16.764498 51.338509
v 3.605249 -16.803255 41.963509
v 10.149233 -15.438936 46.651009
v 5.972158 -16.450869 41.963509
v 13.942270 -14.012377 41.963509
v 14.799711 -13.608583 46.651009
v 11.144213 -15.116335 51.338509
v 17.386564 -12.161867 37.276009
v 18.137472 -11.665514 41.963509
v 9.959696 -15.496584 37.276009
v 21.520884 -8.801958 41.963509
v 18.858072 -11.149874 46.651009
v 24.255175 -4.982714 46.651009
v 22.578798 -7.584292 51.338509
v 19.567499 -10.599413 51.338509
v 15.660563 -13.167727 51.338509
v 20.241369 -10.031268 56.026001
v 24.966112 -3.318178 51.338509
v 23.423143 -6.415881 56.026001
v 13.642912 -14.145602 56.026001
v 18.610319 -11.331805 60.713501
v 16.920164 -12.451175 65.401001
v 10.045420 -15.470644 53.682251
v 22.390364 -7.818179 65.401001
v 19.997435 -10.242465 70.088501
v 23.264921 -6.652240 70.088501
v 25.424952 -1.645969 74.776001
v 24.698748 -4.018985 65.401001
v 25.421747 -1.661868 56.026001
v 25.644289 1.345045 51.338509
v 25.621969 -0.247118 46.651009
v 25.376051 -1.877809 41.963509
v 24.887671 -3.536562 37.276009
v 24.255583 -4.981905 32.588509
v 22.756811 -7.355302 37.276009
v 25.321833 -2.112275 27.901009
v 23.424185 -6.414293 27.901009
v 21.234232 -9.097215 32.588509
v 24.881243 -3.553926 23.213509
v 19.403273 -10.730927 27.901009
v 22.392260 -7.815873 23.213509
v 25.575701 -0.706422 18.526009
v 24.246786 -4.999223 18.526009
v 25.613966 1.771041 13.838509
v 25.660936 0.668121 9.151009
v 25.109228 4.313858 9.151009
v 24.150682 6.614745 18.526009
v 24.040983 6.818771 4.463509
v 23.350061 7.956237 9.151009
v 21.323980 10.436172 4.463509
v 18.686876 12.706146 -0.223991
v 22.373014 9.269333 -0.223991
v 25.586893 2.040115 -0.223991
v 24.040983 6.818771 -4.911491
v 21.323980 10.436172 -4.911491
v 18.970293 12.495804 -9.598990
v 23.350061 7.956238 -9.598991
v 22.239481 9.429658 -14.286495
v 25.109228 4.313859 -9.598991
v 24.150682 6.614747 -18.973995
v 23.362043 7.938279 -23.661495
v 20.910826 10.845719 -18.973995
v 17.201086 13.708619 -14.286494
v 16.680147 14.024812 -18.973995
v 19.866579 11.783143 -23.661495
v 13.279760 15.732087 -23.661495
v 13.435408 15.665711 -14.286494
v 18.357889 12.942124 -28.348995
v 22.401690 9.234391 -28.348995
v 20.928034 10.829134 -33.036495
v 21.163363 -9.168290 18.526009
v 19.404135 -10.730256 13.838509
v 15.318251 -13.347489 16.182259
v 14.943254 -13.537629 18.526009
v 17.292776 -12.221162 23.213509
v 19.191389 -10.896896 4.463508
v 1.892363 18.396297 70.088501
v 6.686872 17.744335 70.088501
v 1.857626 18.398832 65.401001
v 6.651510 17.751432 65.401001
v 2.230204 18.370115 60.713501
v 7.030100 17.673613 60.713501
v 2.588655 18.339140 56.026001
v 7.408281 17.591749 56.026001
v 11.760485 16.329069 60.713501
v 12.135702 16.189939 56.026001
v 11.812899 16.309950 51.338509
v 11.397707 16.458632 65.401001
v -17.713402 14.591293 9.151010
v -18.869267 13.936446 13.838510
v -22.072544 11.643127 4.463509
v -19.865812 13.306839 9.151010
v -23.713264 10.070450 9.151009
v -24.463116 9.209060 13.838509
v -19.917500 13.272353 13.838510
v -27.030239 -3.250613 70.088501
v -27.555244 -1.146594 65.401001
v -27.094633 -3.057986 56.026001
v -27.126600 -2.958422 41.963509
v -26.198727 -5.170839 46.651009
v -25.073267 -6.983629 41.963509
v -26.816439 -3.829088 37.276009
v -23.625278 -8.734621 37.276009
v -26.012730 -5.513200 32.588509
v -22.023500 -10.254960 32.588509
v -18.740065 -12.583436 30.244759
v -27.515736 2.811862 -70.536491
v -25.993845 6.976810 -75.223991
v -27.523806 -1.335995 -70.536491
v -27.489189 -1.525876 -56.473995
v -26.092686 -5.368695 -75.223991
v -25.532726 -6.310071 -70.536491
v -26.962421 -3.443357 -65.848991
v -23.312355 -9.059430 -75.223991
v -23.683388 -8.672559 -65.848991
v -20.819941 -11.208325 -70.536491
v -17.853397 -13.085889 -65.848999
v -22.244728 -10.064054 -61.161495
v -26.297943 -4.978696 -61.161491
v -25.408642 -6.499448 -56.473995
v -20.959923 -11.104199 -56.473995
v -24.046883 -8.270826 -51.786495
v -26.997923 -3.343656 -51.786495
v -20.734425 -11.271147 -50.321651
v -23.081400 -9.289610 -47.098995
v -26.198727 -5.170835 -47.098995
v -25.073267 -6.983625 -42.411495
v -18.348560 -12.810774 -47.098995
v -21.227018 -10.900846 -42.411495
v -18.176289 -12.908033 -37.723995
v -15.428198 -14.256224 -37.723995
v -23.625278 -8.734617 -37.723995
v -26.012730 -5.513197 -33.036495
v -26.816439 -3.829085 -37.723995
v -18.971790 -12.444578 -35.380245
v -22.023500 -10.254957 -33.036495
v -19.578442 -12.065093 -27.177120
v -24.936453 -7.170775 -28.348995
v -18.740065 -12.583434 -30.692745
v -17.284836 -13.385634 -30.692745
v -12.534096 -15.331175 -34.208370
v -12.700657 -15.277587 -30.985714
v -12.845026 -15.230376 -24.833370
v -7.810602 -16.486906 -31.278683
v -8.057890 -16.442686 -26.591183
v -7.650415 -16.514677 -35.966183
v -3.017982 -17.022673 -33.036495
v -3.258823 -17.009886 -28.348995
v 1.398252 -16.999357 -30.106808
v -3.330135 -17.005796 -23.661495
v 1.326857 -17.003630 -25.419308
v 1.170588 -17.012512 -20.731808
v 5.881342 -16.467192 -22.489620
v 5.965708 -16.452024 -25.712276
v 10.746496 -15.249358 -21.317745
v 10.596395 -15.298156 -26.005245
v 5.864256 -16.470245 -18.973995
v 15.317720 -13.347762 -23.661495
v 15.046137 -13.486143 -33.036495
v 6.201719 -16.408567 -31.864620
v 10.760088 -15.244903 -32.450558
v 19.403273 -10.730926 -28.348995
v 21.234232 -9.097212 -33.036495
v 17.386564 -12.161863 -37.723995
v 10.906897 -15.196379 -35.380245
v 9.959696 -15.496580 -37.723995
v 6.504938 -16.350431 -37.723995
v 3.605249 -16.803251 -42.411495
v 5.972158 -16.450865 -42.411495
v 1.788778 -16.973722 -37.723995
v 1.640150 -16.983946 -34.794308
v 10.149233 -15.438932 -47.098995
v 13.942270 -14.012373 -42.411495
v 14.799711 -13.608580 -47.098995
v 18.137472 -11.665510 -42.411495
v 21.520884 -8.801954 -42.411495
v 18.858072 -11.149870 -47.098995
v 24.255175 -4.982710 -47.098995
v 22.578798 -7.584287 -51.786495
v 19.567499 -10.599409 -51.786495
v 15.660563 -13.167723 -51.786495
v 20.241369 -10.031262 -56.473995
v 13.642912 -14.145597 -56.473995
v 11.144213 -15.116331 -51.786495
v 6.292521 -16.391417 -51.786495
v 10.045420 -15.470640 -54.130245
v 8.126600 -15.994657 -56.473995
v 9.542868 -15.619199 -65.848999
v 3.616144 -16.801970 -61.161495
v 2.418982 -16.924192 -56.473995
v -1.357946 -17.071165 -61.161495
v -1.349205 -17.071226 -51.786495
v -2.158564 -17.056395 -56.473995
v 3.923941 -16.764494 -51.786495
v -1.501856 -17.069700 -47.098995
v -6.655165 -16.671385 -51.786495
v -6.313391 -16.719053 -47.098995
v -1.654844 -17.067564 -42.411495
v -11.210066 -15.724333 -47.098995
v -6.975080 -16.623930 -42.411495
v -2.777784 -17.033964 -37.723995
v -7.467714 -16.545469 -37.723995
v -12.177916 -15.442625 -37.723995
v -14.620426 -14.588377 -50.614620
v -10.581623 -15.891264 -54.130245
v -14.402399 -14.673551 -56.473995
v -17.980686 -13.016447 -53.544308
v -18.653238 -12.634625 -58.817745
v -14.277359 -14.721585 -62.333370
v -14.722933 -14.547666 -58.817745
v -10.437313 -15.927884 -58.817745
v -6.827425 -16.646177 -56.473995
v -6.364798 -16.712095 -61.161495
v -10.634575 -15.877683 -65.848999
v -5.532448 -16.816402 -65.848999
v -6.045534 -16.754238 -70.536491
v -0.563469 -17.069973 -65.848999
v -1.053644 -17.072567 -70.536491
v -1.551737 -17.069057 -75.223991
v -8.258696 -16.405514 -75.223991
v -10.245689 -15.975492 -72.880241
v -14.342539 -14.696622 -75.223991
v -14.326712 -14.702695 -69.364616
v -13.614380 16.396397 -75.223991
v -19.426098 -12.162625 -75.223991
v -17.772064 -13.129804 -72.880241
v -8.284372 17.830723 -75.223991
v -12.982227 16.614857 -65.848991
v -21.088726 12.436954 -75.223991
v -17.314198 14.800601 -70.536491
v -7.884659 17.903889 -65.848991
v -12.586432 16.744478 -56.473991
v -19.834492 13.327640 -65.848991
v -17.371468 14.771075 -56.473991
v -7.476336 17.974062 -56.473991
v -7.715612 17.933489 -47.098991
v -2.793112 18.463320 -37.723995
v -2.620071 18.470613 -47.098991
v 2.313456 18.363222 -51.786491
v -2.388704 18.479204 -56.473991
v 2.009119 18.387590 -47.098991
v 1.994028 18.388735 -42.411495
v 1.906343 18.395281 -37.723995
v 2.105135 18.380159 -33.036495
v -2.848867 18.460802 -33.036495
v -2.904659 18.458208 -28.348995
v -7.993736 17.884356 -28.348995
v 2.588655 18.339144 -56.473991
v 7.099718 17.658861 -51.786491
v 7.408281 17.591753 -56.473991
v 11.812899 16.309954 -51.786491
v 11.760485 16.329073 -61.161491
v 7.030100 17.673616 -61.161491
v 12.135702 16.189943 -56.473991
v 11.397707 16.458637 -65.848991
v 6.651510 17.751438 -65.848991
v 2.230204 18.370119 -61.161491
v 1.857626 18.398838 -65.848991
v 1.892363 18.396305 -70.536491
v 6.686872 17.744343 -70.536491
v -2.783901 18.463718 -65.848991
v -1.466383 18.500141 -75.223991
v 5.258512 -16.573025 -75.223991
v 6.713968 17.738880 -75.223991
v 11.608084 -14.954038 -75.223991
v 10.911608 16.624836 -75.223991
v 7.807280 -16.070827 -72.880241
v 15.096739 14.890674 -75.223991
v 17.012136 -12.395215 -75.223991
v 13.447496 -14.230496 -70.536491
v 8.779520 -15.829312 -70.536491
v 3.934855 -16.763119 -70.536491
v 4.448957 -16.694851 -65.848999
v 19.997435 -10.242459 -70.536491
v 16.920164 -12.451169 -65.848999
v 22.390364 -7.818173 -65.848991
v 18.610319 -11.331800 -61.161495
v 23.423143 -6.415876 -56.473995
v 24.698748 -4.018979 -65.848991
v 25.470633 -1.406186 -61.161491
v 24.790575 -3.791380 -51.786495
v 25.653872 1.127001 -56.473995
v 25.347200 3.435184 -65.848991
v 24.618597 5.638445 -56.473991
v 21.643263 10.101932 -56.473991
v 23.329355 7.987124 -65.848991
v 19.008070 12.467257 -61.161491
v 17.456255 13.547473 -56.473991
v 19.048262 12.436739 -51.786491
v 20.171499 11.522464 -65.848991
v 15.805178 14.519977 -65.848991
v 21.449518 10.306705 -70.536491
v 24.549623 5.795383 -75.223991
v 19.030912 12.449924 -75.223991
v 25.659567 0.901325 -70.536491
v 25.424952 -1.645962 -75.223991
v 21.159681 -9.171948 -75.223991
v 23.264921 -6.652234 -70.536491
v 25.623384 -0.229550 -65.848991
v 11.431669 16.446705 -70.536491
v -21.605549 12.031619 -61.161491
v -23.297337 10.504672 -56.473991
v -22.049200 11.663088 -51.786491
v -25.497765 7.794070 -61.161491
v -26.928425 4.966540 -65.848991
v -24.804993 8.775592 -65.848991
v -23.129496 10.672336 -70.536491
v 22.756811 -7.355299 -37.723995
v 23.424185 -6.414290 -28.348995
v 22.392260 -7.815871 -23.661495
v 17.292776 -12.221160 -23.661495
v 21.163363 -9.168288 -18.973995
v 15.318251 -13.347487 -16.630245
v 14.943254 -13.537627 -18.973995
v 10.674959 -15.272704 -15.458371
v 10.563204 -15.308837 -18.973995
v 1.162264 -17.012970 -18.973995
v 0.920542 -17.025452 -16.044308
v 3.308622 -16.836914 -14.286496
v -3.887764 -16.969574 -13.114621
v -3.401503 -17.001617 -18.973995
v -8.781199 -16.303497 -16.630245
v -9.101179 -16.237183 -7.255242
v -14.092972 -14.791320 -14.286496
v -14.396271 -14.675934 -4.911492
v -9.261063 -16.202942 -2.567742
v -13.419550 -15.035217 -0.223992
v -8.749006 -16.309998 -0.223992
v -16.580305 -13.734680 -4.911492
v -17.763199 -13.134567 -0.223992
v -16.580305 -13.734680 4.463508
v -9.261063 -16.202942 2.119758
v -14.396271 -14.675934 4.463508
v -19.470356 -12.134460 9.151008
v -14.092972 -14.791322 13.838508
v -9.101179 -16.237183 6.807258
v -8.781199 -16.303497 16.182259
v -3.887764 -16.969574 12.666633
v -16.292225 -13.870637 13.838508
v -21.507092 -10.680725 -0.223992
v -23.552677 -8.811371 -9.598991
v -19.470356 -12.134460 -9.598992
v -24.906628 -7.210861 -14.286495
v -16.292225 -13.870635 -14.286496
v -21.981087 -10.290954 -18.973995
v -25.989609 -5.554290 -18.973995
v -23.589058 -8.773025 -23.661495
v -22.220346 -10.085357 -23.661495
v -21.634399 -10.578216 -23.661495
v -17.564144 -13.240478 -21.317745
v -18.665226 -12.627578 -18.973995
v -17.205772 -13.426009 -18.973995
v -12.801363 -15.244720 -18.973995
v -8.130987 -16.429289 -21.903683
v -8.108452 -16.433441 -18.973995
v -27.126600 -2.958418 -42.411495
v -22.072544 11.643127 -4.911491
v -19.865812 13.306839 -9.598990
v -17.713402 14.591293 -9.598990
v -18.869267 13.936448 -14.286494
v -19.917500 13.272355 -14.286494
v -23.196487 10.605912 -14.286495
v -21.888577 11.798844 -18.973995
v -23.631157 10.158402 -28.348995
v -21.991825 11.711885 -33.036495
vn -0.8960 -0.4410 0.0525
vn -0.9168 -0.3989 0.0167
vn -0.8960 -0.4410 -0.0525
vn -0.9168 -0.3989 -0.0167
vn -0.9474 -0.3200 0.0012
vn -0.9733 -0.2296 -0.0018
vn -0.9733 -0.2296 0.0018
vn -0.9822 -0.1876 -0.0000
vn -0.9474 -0.3200 -0.0012
vn -0.9078 -0.4193 0.0035
vn -0.8335 -0.5501 0.0519
vn -0.8335 -0.5500 -0.0529
vn -0.8583 -0.5129 -0.0170
vn -0.7623 -0.6451 0.0519
vn -0.7623 -0.6451 -0.0526
vn -0.8320 -0.5529 0.0464
vn -0.8800 -0.4657 -0.0937
vn -0.6921 -0.7218 -0.0037
vn -0.6913 -0.7210 0.0477
vn -0.6437 -0.7653 0.0007
vn -0.6428 -0.7642 0.0527
vn -0.6629 -0.7446 0.0789
vn -0.5760 -0.8174 -0.0075
vn -0.5348 -0.8444 0.0304
vn -0.5573 -0.8299 -0.0251
vn -0.3881 -0.9216 -0.0006
vn -0.3816 -0.9242 0.0150
vn -0.3816 -0.9242 0.0148
vn -0.3846 -0.9230 0.0134
vn -0.4796 -0.8775 -0.0043
vn -0.4799 -0.8773 -0.0039
vn -0.4799 -0.8773 -0.0071
vn -0.4136 -0.9096 0.0403
vn -0.2457 -0.9693 -0.0002
vn -0.2459 -0.9693 0.0004
vn -0.2462 -0.9692 0.0009
vn -0.4392 -0.8970 -0.0504
vn -0.3816 -0.9243 0.0019
vn -0.3817 -0.9243 0.0032
vn -0.3817 -0.9243 0.0040
vn -0.2412 -0.9705 0.0024
vn -0.2432 -0.9700 0.0021
vn -0.2455 -0.9694 -0.0005
vn -0.1197 -0.9928 0.0008
vn -0.1194 -0.9928 0.0000
vn -0.1198 -0.9928 0.0005
vn -0.1186 -0.9929 -0.0008
vn -0.1184 -0.9930 0.0006
vn -0.0016 -1.0000 0.0005
vn -0.0019 -1.0000 0.0010
vn -0.0023 -1.0000 0.0029
vn 0.0012 -1.0000 -0.0007
vn 0.0014 -1.0000 0.0006
vn -0.1141 -0.9935 -0.0028
vn 0.0061 -1.0000 -0.0022
vn -0.1138 -0.9935 0.0026
vn 0.0052 -1.0000 0.0022
vn -0.1090 -0.9940 -0.0016
vn -0.1082 -0.9941 0.0024
vn -0.2388 -0.9711 -0.0022
vn -0.2335 -0.9723 -0.0061
vn -0.2372 -0.9715 0.0015
vn -0.4030 -0.9144 0.0385
vn -0.4184 -0.9057 -0.0675
vn -0.3817 -0.9243 0.0044
vn -0.2331 -0.9724 -0.0072
vn -0.3429 -0.9393 0.0051
vn -0.3429 -0.9394 0.0050
vn -0.3429 -0.9394 0.0061
vn -0.3429 -0.9394 0.0072
vn -0.3778 -0.9256 0.0250
vn -0.4403 -0.8974 -0.0280
vn -0.5185 -0.8545 -0.0298
vn -0.4384 -0.8935 0.0973
vn -0.5964 -0.8017 0.0396
vn -0.5959 -0.8009 -0.0585
vn -0.4783 -0.8758 0.0643
vn -0.3770 -0.9238 -0.0673
vn -0.4730 -0.8781 -0.0714
vn -0.6649 -0.7465 0.0253
vn -0.6724 -0.7402 -0.0046
vn -0.5380 -0.8430 0.0032
vn -0.7182 -0.6938 0.0536
vn -0.7185 -0.6942 -0.0429
vn -0.5464 -0.8375 -0.0091
vn -0.5707 -0.8208 0.0257
vn -0.8029 -0.5884 -0.0955
vn -0.8030 -0.5885 0.0945
vn -0.5763 -0.8171 0.0131
vn -0.6284 -0.7726 0.0907
vn -0.6286 -0.7727 -0.0883
vn -0.4240 -0.9056 -0.0099
vn -0.3599 -0.9306 -0.0669
vn -0.3599 -0.9306 0.0669
vn -0.4647 -0.8835 0.0598
vn -0.7437 -0.6623 0.0907
vn -0.7437 -0.6622 -0.0918
vn -0.6238 -0.7812 0.0264
vn -0.4840 -0.8710 -0.0846
vn -0.5234 -0.8519 -0.0178
vn 0.0000 0.0000 1.0000
vn -0.4455 -0.8936 0.0544
vn -0.4154 -0.9096 -0.0002
vn -0.2979 -0.9546 0.0002
vn -0.2982 -0.9545 0.0004
vn -0.3003 -0.9539 0.0030
vn -0.2701 -0.9614 0.0525
vn -0.1917 -0.9813 -0.0175
vn -0.0984 -0.9948 0.0275
vn -0.0635 -0.9980 -0.0045
vn -0.0635 -0.9980 0.0048
vn -0.0636 -0.9980 -0.0060
vn 0.0619 -0.9981 0.0073
vn 0.0619 -0.9981 0.0067
vn 0.0619 -0.9981 0.0066
vn 0.0726 -0.9972 0.0199
vn -0.0636 -0.9980 0.0063
vn 0.0619 -0.9981 0.0059
vn -0.0510 -0.9987 -0.0059
vn -0.0510 -0.9987 0.0089
vn -0.0715 -0.9974 -0.0095
vn -0.1825 -0.9832 -0.0052
vn -0.1809 -0.9835 -0.0068
vn -0.1812 -0.9834 -0.0065
vn -0.1843 -0.9828 0.0099
vn -0.1809 -0.9834 0.0102
vn -0.1894 -0.9819 0.0016
vn -0.1927 -0.9813 0.0018
vn -0.1947 -0.9809 0.0006
vn -0.0875 -0.9962 -0.0017
vn -0.0875 -0.9961 -0.0054
vn -0.0868 -0.9962 -0.0052
vn -0.0715 -0.9974 0.0091
vn -0.3066 -0.9518 -0.0077
vn -0.3061 -0.9520 -0.0075
vn -0.3065 -0.9518 -0.0082
vn -0.3059 -0.9520 0.0082
vn -0.3065 -0.9518 0.0092
vn -0.3025 -0.9531 -0.0014
vn -0.3011 -0.9536 -0.0016
vn -0.3090 -0.9511 0.0047
vn -0.1968 -0.9804 -0.0031
vn -0.1985 -0.9801 -0.0023
vn -0.1986 -0.9801 -0.0066
vn -0.3056 -0.9521 -0.0015
vn -0.3111 -0.9503 0.0052
vn -0.0875 -0.9962 0.0021
vn -0.0751 -0.9971 -0.0098
vn -0.0751 -0.9972 0.0047
vn -0.0736 -0.9973 0.0030
vn -0.0739 -0.9973 0.0033
vn -0.2001 -0.9797 0.0080
vn -0.0727 -0.9974 0.0020
vn -0.0727 -0.9974 0.0019
vn -0.0831 -0.9965 -0.0085
vn -0.1991 -0.9800 0.0082
vn -0.2280 -0.9736 0.0072
vn -0.2280 -0.9736 0.0077
vn -0.2281 -0.9736 0.0068
vn -0.2153 -0.9765 -0.0071
vn -0.0831 -0.9965 0.0128
vn -0.1037 -0.9946 -0.0062
vn -0.1036 -0.9946 -0.0058
vn -0.1036 -0.9946 -0.0062
vn -0.2280 -0.9736 0.0066
vn 0.0121 -0.9999 0.0008
vn 0.0113 -0.9999 -0.0022
vn 0.0132 -0.9999 -0.0089
vn 0.0132 -0.9999 -0.0103
vn 0.1326 -0.9912 0.0017
vn 0.1297 -0.9915 -0.0044
vn 0.1250 -0.9922 -0.0025
vn 0.1309 -0.9913 -0.0139
vn 0.1181 -0.9930 -0.0003
vn 0.2436 -0.9699 0.0024
vn 0.2470 -0.9690 0.0028
vn 0.2473 -0.9689 0.0034
vn 0.2519 -0.9678 -0.0034
vn 0.2448 -0.9696 0.0008
vn 0.1208 -0.9927 0.0003
vn 0.2419 -0.9703 -0.0021
vn 0.3802 -0.9249 -0.0027
vn 0.3799 -0.9250 -0.0028
vn 0.3789 -0.9254 -0.0013
vn 0.3838 -0.9234 0.0053
vn 0.2420 -0.9703 -0.0021
vn 0.2429 -0.9700 0.0044
vn 0.3809 -0.9246 0.0066
vn 0.1161 -0.9932 0.0001
vn 0.1170 -0.9931 0.0011
vn 0.1150 -0.9934 0.0003
vn 0.1147 -0.9934 -0.0037
vn 0.2391 -0.9710 0.0034
vn 0.2399 -0.9708 -0.0024
vn 0.2399 -0.9708 0.0018
vn 0.2486 -0.9686 0.0102
vn 0.1147 -0.9934 -0.0028
vn 0.1147 -0.9934 -0.0052
vn 0.0969 -0.9950 0.0250
vn 0.1551 -0.9879 -0.0020
vn 0.1531 -0.9882 -0.0059
vn 0.1532 -0.9882 -0.0062
vn 0.2630 -0.9648 -0.0095
vn 0.2640 -0.9645 0.0071
vn 0.1830 -0.9824 -0.0385
vn 0.1553 -0.9879 -0.0017
vn 0.3879 -0.9216 -0.0114
vn 0.3731 -0.9278 0.0028
vn 0.3677 -0.9299 -0.0051
vn 0.3726 -0.9280 0.0029
vn 0.3673 -0.9301 -0.0059
vn 0.2285 -0.9735 0.0051
vn 0.2255 -0.9742 0.0002
vn 0.2207 -0.9754 -0.0000
vn 0.1996 -0.9799 -0.0033
vn 0.1866 -0.9793 0.0778
vn 0.0985 -0.9951 0.0000
vn 0.0985 -0.9951 0.0048
vn 0.2224 -0.9749 0.0000
vn 0.1154 -0.9930 -0.0240
vn -0.0182 -0.9998 -0.0000
vn -0.0182 -0.9998 0.0029
vn -0.0182 -0.9998 -0.0029
vn 0.0049 -0.9994 -0.0341
vn 0.0049 -0.9994 0.0341
vn 0.1154 -0.9930 0.0240
vn 0.0985 -0.9951 -0.0048
vn 0.2255 -0.9742 -0.0002
vn 0.2285 -0.9735 -0.0051
vn 0.1866 -0.9793 -0.0778
vn 0.2640 -0.9645 -0.0071
vn 0.1830 -0.9824 0.0385
vn 0.3879 -0.9216 0.0114
vn 0.1996 -0.9799 0.0033
vn 0.3673 -0.9301 0.0059
vn 0.3677 -0.9299 0.0051
vn 0.3726 -0.9280 -0.0030
vn 0.3731 -0.9278 -0.0028
vn 0.5194 -0.8542 0.0222
vn 0.5278 -0.8494 0.0013
vn 0.5282 -0.8491 0.0023
vn 0.5335 -0.8458 -0.0013
vn 0.3566 -0.9340 -0.0201
vn 0.5310 -0.8474 0.0033
vn 0.5194 -0.8542 -0.0222
vn 0.3566 -0.9340 0.0201
vn 0.5380 -0.8429 0.0027
vn 0.7071 -0.7071 0.0035
vn 0.6577 -0.7503 -0.0667
vn 0.6592 -0.7520 -0.0007
vn 0.7796 -0.6258 0.0229
vn 0.7481 -0.6600 0.0691
vn 0.7481 -0.6600 -0.0691
vn 0.7796 -0.6258 -0.0229
vn 0.9521 -0.3059 0.0000
vn 0.9612 -0.2731 0.0379
vn 0.9612 -0.2731 -0.0379
vn 0.8815 -0.4717 0.0216
vn 0.8815 -0.4717 -0.0216
vn 0.9551 -0.2957 -0.0210
vn 0.8815 -0.4717 0.0215
vn 0.9858 -0.1612 -0.0478
vn 0.9960 -0.0821 0.0352
vn 0.9865 -0.1614 -0.0269
vn 0.9982 0.0490 -0.0340
vn 0.9928 0.1150 0.0337
vn 0.9833 -0.1780 -0.0376
vn 0.9546 -0.2955 0.0381
vn 0.9942 -0.0831 0.0679
vn 0.9738 0.2257 -0.0272
vn 0.9964 -0.0833 0.0142
vn 0.9741 0.2258 0.0144
vn 0.9934 0.1141 -0.0142
vn 0.9776 -0.1983 0.0707
vn 0.9799 -0.1988 0.0149
vn 0.9999 -0.0041 -0.0143
vn 0.9558 -0.2913 -0.0391
vn 0.9760 0.2141 0.0390
vn 0.9906 0.1137 -0.0765
vn 0.9972 -0.0041 -0.0741
vn 0.9415 0.3344 0.0427
vn 0.9414 0.3344 -0.0437
vn 0.8920 0.4499 -0.0445
vn 0.8583 0.5123 0.0298
vn 0.7781 0.6269 0.0386
vn 0.7781 0.6268 -0.0413
vn 0.8583 0.5123 -0.0297
vn 0.7713 0.6358 0.0285
vn 0.6845 0.7279 0.0405
vn 0.6845 0.7279 -0.0404
vn 0.4734 0.8797 0.0447
vn 0.5795 0.8141 -0.0388
vn 0.5198 0.8542 0.0160
vn 0.6509 0.7591 -0.0102
vn 0.6509 0.7591 -0.0115
vn 0.6510 0.7591 0.0002
vn 0.4736 0.8800 -0.0373
vn 0.3504 0.9363 0.0229
vn 0.3499 0.9365 0.0225
vn 0.3489 0.9369 0.0239
vn 0.4061 0.9137 -0.0144
vn 0.3505 0.9366 0.0001
vn 0.3439 0.9386 0.0276
vn 0.2663 0.9639 0.0000
vn 0.2661 0.9640 0.0002
vn 0.2660 0.9638 -0.0181
vn 0.2741 0.9617 0.0006
vn 0.2299 0.9732 -0.0006
vn 0.2299 0.9732 0.0001
vn 0.2299 0.9732 -0.0005
vn 0.2299 0.9732 -0.0011
vn 0.3083 0.9512 0.0153
vn 0.3436 0.9378 -0.0490
vn 0.4233 0.9058 0.0187
vn 0.4346 0.9006 -0.0021
vn 0.2433 0.9691 -0.0411
vn 0.3687 0.9295 0.0005
vn 0.3642 0.9313 0.0005
vn 0.3642 0.9313 -0.0001
vn 0.3110 0.9504 0.0014
vn 0.3122 0.9500 -0.0066
vn 0.3112 0.9503 0.0015
vn 0.2436 0.9699 0.0004
vn 0.3122 0.9500 0.0018
vn 0.2801 0.9597 0.0211
vn 0.1415 0.9899 0.0001
vn 0.1425 0.9898 0.0004
vn 0.1407 0.9900 -0.0004
vn 0.1423 0.9898 -0.0004
vn 0.1421 0.9899 0.0022
vn 0.2793 0.9602 0.0000
vn 0.2778 0.9606 -0.0006
vn 0.2801 0.9600 -0.0009
vn 0.2785 0.9604 -0.0006
vn 0.1401 0.9901 -0.0006
vn 0.2822 0.9593 0.0023
vn 0.1416 0.9899 0.0012
vn 0.1461 0.9893 -0.0010
vn 0.1451 0.9894 0.0012
vn 0.1557 0.9878 0.0012
vn 0.2825 0.9593 0.0023
vn 0.2825 0.9591 -0.0211
vn 0.2506 0.9681 -0.0012
vn 0.3288 0.9444 0.0037
vn 0.3285 0.9445 -0.0026
vn 0.3285 0.9445 0.0006
vn 0.3285 0.9445 0.0040
vn 0.2505 0.9678 0.0256
vn 0.4060 0.9137 -0.0195
vn 0.4187 0.9081 0.0042
vn 0.3237 0.9450 0.0470
vn 0.2943 0.9557 -0.0074
vn 0.3237 0.9450 -0.0470
vn 0.2943 0.9557 0.0074
vn 0.1565 0.9876 -0.0079
vn 0.1483 0.9889 0.0008
vn 0.1557 0.9878 -0.0012
vn 0.1653 0.9862 0.0000
vn 0.1653 0.9862 0.0036
vn 0.1483 0.9889 -0.0008
vn 0.1565 0.9876 0.0079
vn 0.1653 0.9862 -0.0036
vn 0.0269 0.9996 0.0000
vn 0.0258 0.9997 -0.0008
vn 0.0246 0.9997 0.0000
vn 0.0258 0.9997 0.0008
vn 0.0201 0.9998 0.0009
vn -0.1030 0.9947 0.0000
vn -0.1026 0.9947 0.0003
vn -0.1016 0.9948 0.0000
vn -0.1026 0.9947 -0.0003
vn 0.0201 0.9998 -0.0009
vn 0.0213 0.9998 0.0010
vn 0.0165 0.9999 -0.0009
vn -0.1070 0.9943 -0.0008
vn -0.1056 0.9944 0.0012
vn -0.1102 0.9939 -0.0010
vn 0.0130 0.9999 -0.0008
vn 0.0178 0.9998 0.0011
vn -0.1091 0.9940 0.0012
vn -0.1138 0.9935 -0.0009
vn -0.2448 0.9696 0.0014
vn -0.2433 0.9700 -0.0022
vn -0.2429 0.9700 -0.0032
vn -0.2413 0.9705 -0.0027
vn -0.3530 0.9356 -0.0009
vn -0.3530 0.9356 -0.0012
vn -0.3530 0.9356 -0.0006
vn -0.2396 0.9709 0.0000
vn -0.2496 0.9683 -0.0013
vn -0.2386 0.9711 0.0000
vn -0.2413 0.9705 0.0027
vn -0.2429 0.9700 0.0032
vn -0.3530 0.9356 0.0009
vn -0.3530 0.9356 0.0006
vn -0.3882 0.9215 0.0118
vn -0.3882 0.9215 -0.0118
vn -0.3530 0.9356 0.0012
vn -0.2433 0.9700 0.0022
vn -0.2448 0.9696 -0.0013
vn -0.2496 0.9683 0.0013
vn -0.1138 0.9935 0.0009
vn -0.1102 0.9939 0.0010
vn -0.1091 0.9940 -0.0012
vn -0.1056 0.9944 -0.0012
vn -0.1071 0.9943 0.0008
vn 0.0178 0.9998 -0.0011
vn 0.0130 0.9999 0.0008
vn 0.0165 0.9999 0.0009
vn 0.0213 0.9998 -0.0010
vn -0.1136 0.9935 0.0000
vn 0.0120 0.9999 -0.0005
vn 0.0133 0.9999 0.0000
vn -0.1144 0.9934 -0.0004
vn -0.1150 0.9934 -0.0006
vn -0.1125 0.9936 0.0005
vn 0.0126 0.9999 -0.0004
vn -0.2503 0.9682 -0.0006
vn -0.2496 0.9683 0.0000
vn -0.2483 0.9687 0.0004
vn -0.2511 0.9680 -0.0007
vn -0.3979 0.9174 0.0000
vn -0.3978 0.9175 -0.0010
vn -0.3987 0.9171 0.0001
vn -0.3951 0.9186 0.0020
vn -0.3952 0.9186 0.0024
vn -0.3995 0.9167 -0.0007
vn -0.4966 0.8680 0.0001
vn -0.4966 0.8680 -0.0001
vn -0.4365 0.8997 -0.0002
vn -0.3977 0.9172 0.0231
vn -0.4966 0.8680 -0.0003
vn -0.3580 0.9337 -0.0001
vn -0.3580 0.9337 -0.0005
vn -0.3580 0.9337 -0.0002
vn -0.3580 0.9337 0.0002
vn -0.4371 0.8991 -0.0239
vn -0.4395 0.8979 -0.0253
vn -0.4364 0.8995 -0.0235
vn -0.2476 0.9689 -0.0000
vn -0.2477 0.9688 -0.0003
vn -0.2428 0.9701 -0.0005
vn -0.2458 0.9693 0.0011
vn -0.3748 0.9271 -0.0020
vn -0.2482 0.9687 -0.0002
vn -0.4391 0.8967 0.0561
vn -0.4396 0.8978 -0.0255
vn -0.5655 0.8219 -0.0683
vn -0.5655 0.8219 0.0683
vn -0.4377 0.8969 -0.0635
vn -0.6881 0.7229 0.0627
vn -0.7024 0.7082 -0.0721
vn -0.7975 0.6023 0.0360
vn -0.7973 0.6022 -0.0409
vn -0.8746 0.4842 0.0230
vn -0.8732 0.4873 -0.0094
vn -0.9070 0.4212 0.0007
vn -0.8877 0.4604 -0.0009
vn -0.8865 0.4627 -0.0013
vn -0.8900 0.4560 -0.0002
vn -0.8908 0.4544 0.0000
vn -0.9576 0.2881 -0.0009
vn -0.9568 0.2907 -0.0013
vn -0.9593 0.2824 -0.0002
vn -0.9596 0.2812 0.0000
vn -0.8748 0.4843 -0.0160
vn -0.8719 0.4895 -0.0117
vn -0.8446 0.5332 -0.0476
vn -0.8456 0.5336 0.0128
vn -0.8455 0.5339 0.0132
vn -0.8458 0.5334 0.0126
vn -0.8455 0.5338 0.0131
vn -0.9179 0.3968 0.0023
vn -0.9692 0.2461 -0.0047
vn -0.9956 0.0938 0.0001
vn -0.9955 0.0947 0.0000
vn -0.9961 0.0885 0.0008
vn -0.9956 0.0938 -0.0001
vn -0.9961 0.0885 -0.0008
vn -0.9270 0.3723 0.0461
vn -0.9274 0.3724 -0.0337
vn -0.9389 0.3441 -0.0085
vn -0.9591 0.2830 0.0003
vn -0.9576 0.2881 0.0009
vn -0.9568 0.2907 0.0013
vn -0.8829 0.4695 0.0059
vn -0.8746 0.4842 -0.0230
vn -0.8748 0.4843 0.0160
vn -0.9070 0.4212 -0.0007
vn -0.8732 0.4873 0.0094
vn -0.7946 0.6001 0.0917
vn -0.7964 0.6014 -0.0634
vn -0.9359 0.3503 0.0363
vn -0.8083 0.5875 -0.0397
vn -0.7357 0.6758 0.0454
vn -0.7361 0.6761 -0.0328
vn -0.9126 0.4076 -0.0327
vn -0.8731 0.4867 0.0271
vn -0.8733 0.4868 -0.0173
vn -0.9643 0.2649 0.0009
vn -0.9482 0.3165 0.0267
vn -0.9617 0.2623 0.0792
vn -0.7762 0.6301 0.0225
vn -0.7420 0.6665 0.0721
vn -0.5780 0.8142 0.0549
vn -0.6743 0.7363 -0.0569
vn -0.5780 0.8142 -0.0549
vn -0.4320 0.9005 -0.0507
vn -0.4670 0.8816 0.0685
vn -0.3908 0.9205 -0.0049
vn -0.2452 0.9695 -0.0029
vn -0.2370 0.9715 -0.0011
vn -0.2454 0.9694 -0.0024
vn -0.2599 0.9656 0.0050
vn -0.4324 0.9013 0.0252
vn -0.3813 0.9245 -0.0033
vn -0.3813 0.9245 -0.0006
vn -0.3813 0.9245 -0.0007
vn -0.2423 0.9702 0.0006
vn -0.2339 0.9723 -0.0006
vn -0.1064 0.9943 0.0005
vn -0.1091 0.9940 0.0029
vn -0.0981 0.9952 0.0027
vn -0.1074 0.9942 0.0041
vn -0.2357 0.9718 0.0007
vn -0.1006 0.9949 0.0006
vn -0.1086 0.9941 -0.0008
vn -0.0988 0.9951 -0.0005
vn 0.0189 0.9998 0.0004
vn 0.0251 0.9997 0.0000
vn 0.0221 0.9997 0.0060
vn 0.0179 0.9998 0.0022
vn 0.0159 0.9999 0.0014
vn 0.0162 0.9999 0.0004
vn -0.1063 0.9943 0.0003
vn 0.1369 0.9906 -0.0003
vn 0.1374 0.9905 -0.0000
vn 0.1373 0.9905 0.0001
vn 0.1446 0.9895 -0.0003
vn 0.1397 0.9902 0.0021
vn 0.2661 0.9640 -0.0002
vn 0.2663 0.9639 -0.0001
vn 0.2691 0.9631 0.0025
vn 0.2741 0.9617 -0.0006
vn 0.1510 0.9885 -0.0018
vn 0.2660 0.9638 0.0181
vn 0.3439 0.9386 -0.0276
vn 0.3502 0.9364 -0.0230
vn 0.3489 0.9369 -0.0240
vn 0.3504 0.9363 -0.0229
vn 0.3505 0.9366 -0.0001
vn 0.4061 0.9137 0.0144
vn 0.4893 0.8701 -0.0590
vn 0.4687 0.8796 0.0811
vn 0.4365 0.8995 0.0187
vn 0.5469 0.8372 -0.0041
vn 0.5191 0.8530 -0.0546
vn 0.5933 0.8041 -0.0371
vn 0.6512 0.7589 0.0029
vn 0.6510 0.7591 -0.0014
vn 0.6511 0.7590 -0.0010
vn 0.6510 0.7591 0.0032
vn 0.5196 0.8539 0.0290
vn 0.5933 0.8041 0.0371
vn 0.4767 0.8784 -0.0350
vn 0.4233 0.9058 -0.0187
vn 0.4346 0.9006 0.0021
vn 0.4770 0.8789 0.0064
vn 0.3716 0.9284 -0.0006
vn 0.3671 0.9302 0.0001
vn 0.3688 0.9295 -0.0005
vn 0.3642 0.9313 0.0001
vn 0.3642 0.9313 -0.0005
vn 0.3109 0.9504 -0.0014
vn 0.3122 0.9500 -0.0018
vn 0.3112 0.9504 -0.0014
vn 0.2778 0.9606 0.0006
vn 0.2801 0.9600 0.0009
vn 0.3716 0.9284 -0.0003
vn 0.2801 0.9597 -0.0211
vn 0.3122 0.9500 0.0066
vn 0.2436 0.9699 -0.0004
vn 0.2433 0.9691 0.0411
vn 0.3083 0.9512 -0.0153
vn 0.2299 0.9732 0.0006
vn 0.2299 0.9732 0.0011
vn 0.2299 0.9732 0.0005
vn 0.1425 0.9898 -0.0003
vn 0.1423 0.9898 0.0004
vn 0.1421 0.9899 -0.0022
vn 0.1388 0.9903 0.0025
vn 0.1376 0.9905 -0.0003
vn 0.0158 0.9999 -0.0003
vn 0.0155 0.9999 -0.0008
vn 0.0163 0.9999 -0.0009
vn 0.0141 0.9999 0.0004
vn 0.0144 0.9999 -0.0002
vn 0.1407 0.9900 0.0004
vn -0.1116 0.9937 0.0001
vn -0.1105 0.9939 0.0007
vn -0.1112 0.9938 -0.0005
vn -0.1103 0.9939 0.0005
vn 0.0156 0.9999 -0.0019
vn -0.2458 0.9693 -0.0011
vn -0.2428 0.9701 0.0005
vn -0.2477 0.9688 0.0003
vn -0.2482 0.9687 0.0002
vn -0.3580 0.9337 0.0001
vn -0.4364 0.8995 0.0235
vn -0.4395 0.8979 0.0253
vn -0.4371 0.8991 0.0239
vn -0.4396 0.8978 0.0255
vn -0.4391 0.8967 -0.0561
vn -0.3748 0.9271 0.0020
vn -0.4377 0.8969 0.0635
vn -0.7024 0.7082 0.0721
vn -0.5696 0.8216 0.0237
vn -0.4384 0.8983 -0.0310
vn -0.7029 0.7087 -0.0600
vn -0.6881 0.7229 -0.0627
vn -0.7973 0.6022 0.0409
vn -0.7975 0.6023 -0.0360
vn -0.5753 0.8178 -0.0186
vn -0.6884 0.7232 0.0560
vn -0.6014 0.7972 -0.0539
vn -0.7458 0.6658 -0.0220
vn -0.7454 0.6654 0.0401
vn -0.6019 0.7979 0.0334
vn -0.6021 0.7978 0.0327
vn -0.6042 0.7963 0.0299
vn -0.7856 0.6176 -0.0380
vn -0.6064 0.7947 0.0263
vn -0.8004 0.5992 -0.0159
vn -0.4966 0.8680 0.0003
vn -0.5592 0.8289 -0.0187
vn -0.4365 0.8997 0.0002
vn -0.3977 0.9172 -0.0231
vn -0.3987 0.9171 -0.0001
vn -0.3978 0.9175 0.0010
vn -0.3995 0.9167 0.0007
vn -0.2511 0.9680 0.0007
vn -0.3952 0.9186 -0.0024
vn -0.3954 0.9185 -0.0024
vn -0.2503 0.9682 0.0007
vn -0.1150 0.9934 0.0006
vn -0.1144 0.9934 0.0004
vn -0.2483 0.9687 -0.0004
vn -0.1125 0.9936 -0.0005
vn -0.1131 0.9936 0.0004
vn -0.2479 0.9688 0.0009
vn 0.0120 0.9999 0.0005
vn 0.0126 0.9999 0.0004
vn 0.1416 0.9899 -0.0012
vn 0.1401 0.9901 0.0006
vn 0.1415 0.9899 -0.0001
vn 0.1461 0.9893 0.0010
vn 0.2785 0.9604 0.0006
vn 0.2822 0.9593 -0.0023
vn 0.1451 0.9894 -0.0012
vn 0.2825 0.9593 -0.0023
vn 0.2506 0.9681 0.0012
vn 0.2825 0.9591 0.0211
vn 0.3753 0.9269 0.0010
vn 0.3753 0.9269 0.0007
vn 0.3753 0.9269 0.0011
vn 0.3753 0.9269 0.0014
vn 0.3288 0.9444 -0.0038
vn 0.3285 0.9445 -0.0040
vn 0.3285 0.9445 -0.0006
vn 0.4187 0.9081 -0.0042
vn 0.4838 0.8737 0.0507
vn 0.4840 0.8740 -0.0435
vn 0.4611 0.8872 -0.0150
vn 0.4611 0.8873 -0.0095
vn 0.4611 0.8873 -0.0141
vn 0.3285 0.9445 0.0026
vn 0.6466 0.7614 0.0471
vn 0.6466 0.7614 -0.0467
vn 0.6007 0.7994 0.0128
vn 0.4611 0.8873 -0.0086
vn 0.6005 0.7992 -0.0260
vn 0.4292 0.9030 0.0190
vn 0.5133 0.8561 0.0605
vn 0.4292 0.9030 -0.0176
vn 0.7396 0.6724 0.0303
vn 0.5136 0.8567 -0.0465
vn 0.6754 0.7366 0.0353
vn 0.7395 0.6723 -0.0344
vn 0.8547 0.5104 0.0950
vn 0.8580 0.5124 0.0341
vn 0.6753 0.7365 -0.0383
vn 0.8037 0.5933 -0.0453
vn 0.9044 0.4257 -0.0295
vn 0.9738 0.2257 0.0272
vn 0.9141 0.4053 0.0144
vn 0.9741 0.2258 -0.0144
vn 0.9934 0.1141 0.0142
vn 0.9116 0.4042 0.0752
vn 0.9643 0.2637 0.0241
vn 0.8720 0.4880 -0.0386
vn 0.6980 0.7154 0.0306
vn 0.7713 0.6358 -0.0285
vn 0.8124 0.5816 0.0412
vn 0.6867 0.7260 -0.0361
vn 0.8615 0.5056 -0.0481
vn 0.8101 0.5800 0.0858
vn 0.6761 0.7359 0.0355
vn 0.5950 0.8007 -0.0700
vn 0.5949 0.8007 0.0704
vn 0.5249 0.8512 0.0046
vn 0.5218 0.8531 -0.0007
vn 0.5271 0.8498 0.0060
vn 0.5203 0.8540 -0.0001
vn 0.6984 0.7157 0.0008
vn 0.6984 0.7157 0.0036
vn 0.5234 0.8521 -0.0038
vn 0.5207 0.8537 0.0001
vn 0.6984 0.7157 -0.0020
vn 0.5250 0.8511 -0.0052
vn 0.5915 0.8033 0.0700
vn 0.7296 0.6731 -0.1210
vn 0.7511 0.6548 0.0838
vn 0.9379 0.3465 -0.0164
vn 0.9122 0.4045 -0.0655
vn 0.7910 0.6113 -0.0252
vn 0.7910 0.6112 -0.0274
vn 0.7910 0.6112 -0.0273
vn 0.9139 0.4057 0.0136
vn 0.9882 0.1526 0.0147
vn 0.9879 0.1526 -0.0270
vn 0.9133 0.4051 0.0410
vn 0.9133 0.4051 0.0411
vn 0.9134 0.4049 0.0412
vn 0.9132 0.4054 0.0408
vn 0.9126 0.4046 -0.0585
vn 0.7657 0.6350 0.1027
vn 0.7327 0.6798 0.0329
vn 0.7911 0.6112 -0.0250
vn 0.5927 0.8050 -0.0262
vn 0.5272 0.8497 0.0062
vn 0.4015 0.9159 0.0012
vn 0.4018 0.9157 -0.0013
vn 0.3975 0.9176 -0.0062
vn 0.3828 0.9238 0.0074
vn 0.2466 -0.9672 0.0609
vn 0.3240 -0.9459 -0.0189
vn 0.4278 -0.9034 0.0284
vn 0.2737 -0.9617 0.0144
vn 0.1892 -0.9817 -0.0227
vn 0.1828 -0.9831 -0.0122
vn 0.1886 -0.9818 -0.0219
vn 0.1829 -0.9831 -0.0118
vn 0.3240 -0.9460 0.0104
vn 0.2066 -0.9783 -0.0138
vn 0.2066 -0.9784 -0.0102
vn 0.2066 -0.9784 -0.0109
vn 0.1893 -0.9819 0.0065
vn 0.2066 -0.9783 -0.0143
vn 0.0746 -0.9972 -0.0063
vn 0.0746 -0.9972 0.0095
vn 0.1873 -0.9822 0.0110
vn 0.1607 -0.9869 -0.0153
vn 0.0540 -0.9985 0.0122
vn 0.0540 -0.9985 -0.0089
vn 0.1564 -0.9875 0.0169
vn 0.1560 -0.9876 0.0164
vn 0.1607 -0.9868 0.0206
vn 0.1556 -0.9877 0.0163
vn 0.0289 -0.9996 0.0081
vn 0.0581 -0.9982 -0.0154
vn 0.0289 -0.9996 -0.0081
vn 0.0582 -0.9983 -0.0018
vn 0.0545 -0.9985 -0.0040
vn 0.0504 -0.9987 -0.0020
vn 0.2061 -0.9785 -0.0030
vn 0.1552 -0.9852 -0.0725
vn 0.0581 -0.9983 -0.0022
vn 0.1468 -0.9858 0.0820
vn 0.2921 -0.9548 -0.0542
vn 0.3662 -0.9304 -0.0137
vn 0.3662 -0.9304 0.0132
vn 0.2542 -0.9671 0.0126
vn 0.4882 -0.8726 0.0142
vn 0.4089 -0.9107 -0.0591
vn 0.2921 -0.9548 0.0541
vn 0.4882 -0.8726 -0.0141
vn 0.2398 -0.9704 -0.0274
vn 0.2399 -0.9708 0.0065
vn 0.4091 -0.9112 0.0486
vn 0.4076 -0.9116 0.0533
vn 0.4088 -0.9113 0.0495
vn 0.6461 -0.7629 -0.0223
vn 0.6462 -0.7630 -0.0157
vn 0.6459 -0.7631 -0.0227
vn 0.6460 -0.7632 -0.0153
vn 0.5181 -0.8552 0.0144
vn 0.7490 -0.6554 0.0972
vn 0.7491 -0.6555 -0.0959
vn 0.5493 -0.8355 0.0150
vn 0.5495 -0.8353 0.0155
vn 0.5495 -0.8352 0.0218
vn 0.7074 -0.7065 -0.0236
vn 0.7075 -0.7066 -0.0165
vn 0.7073 -0.7065 -0.0241
vn 0.5181 -0.8552 -0.0147
vn 0.7075 -0.7066 -0.0161
vn 0.8721 -0.4880 -0.0354
vn 0.8719 -0.4879 0.0410
vn 0.7504 -0.6604 0.0294
vn 0.5492 -0.8354 0.0223
vn 0.5284 -0.8475 0.0507
vn 0.7484 -0.6587 0.0777
vn 0.5284 -0.8474 -0.0513
vn 0.3944 -0.9185 0.0281
vn 0.5085 -0.8608 -0.0222
vn 0.3367 -0.9415 0.0155
vn 0.3961 -0.9180 -0.0210
vn 0.3178 -0.9481 -0.0100
vn 0.3175 -0.9471 0.0482
vn 0.2468 -0.9689 -0.0146
vn 0.2541 -0.9668 -0.0270
vn 0.3940 -0.9174 -0.0564
vn 0.6455 -0.7621 0.0507
vn 0.6449 -0.7615 -0.0646
vn 0.5191 -0.8525 0.0609
vn 0.5191 -0.8525 -0.0609
vn 0.6134 -0.7893 0.0282
vn 0.7392 -0.6728 -0.0296
vn 0.7392 -0.6728 0.0294
vn 0.8632 -0.4892 0.1247
vn 0.9042 -0.4254 0.0376
vn 0.8542 -0.5190 -0.0303
vn 0.9986 0.0390 0.0348
vn 0.9793 -0.2007 -0.0251
vn 0.9866 0.1161 0.1146
vn 0.9215 -0.3874 -0.0263
vn 0.8545 -0.5192 0.0165
vn 0.9793 -0.2007 0.0251
vn 0.9208 -0.3871 0.0473
vn 0.9886 -0.1438 -0.0453
vn 0.9990 -0.0053 0.0440
vn 0.9997 -0.0053 -0.0242
vn 0.9819 0.1878 -0.0235
vn 0.9822 0.1878 0.0063
vn 1.0000 -0.0040 -0.0034
vn 0.9886 -0.1438 0.0441
vn 0.9987 -0.0040 -0.0510
vn 0.9598 -0.2770 0.0460
vn 0.9597 -0.2770 -0.0472
vn 0.9954 -0.0945 0.0160
vn 0.9795 -0.1987 -0.0317
vn 0.8682 -0.4834 -0.1126
vn 0.8705 -0.4856 0.0798
vn 0.8708 -0.4849 0.0808
vn 0.8707 -0.4853 0.0803
vn 0.9776 -0.1983 -0.0707
vn 0.8705 -0.4857 0.0796
vn 0.8728 -0.4870 0.0325
vn 0.9558 -0.2913 0.0391
vn 0.8055 -0.5914 0.0378
vn 0.8054 -0.5913 -0.0419
vn 0.9142 -0.4033 -0.0389
vn 0.9143 -0.4033 0.0381
vn 0.7309 -0.6808 -0.0482
vn 0.7311 -0.6810 0.0427
vn 0.8629 -0.5039 -0.0393
vn 0.9942 -0.0831 -0.0679
vn 0.9833 -0.1780 0.0376
vn 0.9546 -0.2955 -0.0381
vn 0.8629 -0.5039 0.0386
vn 0.9960 -0.0821 -0.0352
vn 0.9551 -0.2957 0.0210
vn 0.9982 0.0490 0.0340
vn 0.9928 0.1150 -0.0337
vn 0.9858 -0.1612 0.0478
vn 0.9884 0.1496 -0.0253
vn 0.9469 0.3197 -0.0348
vn 0.9657 0.2573 0.0356
vn 0.9875 0.1494 -0.0493
vn 0.9719 0.2077 -0.1105
vn 0.9001 0.4347 0.0272
vn 0.8558 0.5159 -0.0391
vn 0.8978 0.4336 0.0764
vn 0.7993 0.6003 -0.0279
vn 0.7185 0.6932 0.0562
vn 0.7188 0.6935 -0.0477
vn 0.5949 0.8020 -0.0537
vn 0.5949 0.8020 0.0537
vn 0.7992 0.6003 0.0294
vn 0.6816 0.7311 -0.0294
vn 0.9080 0.4037 -0.1121
vn 0.9080 0.4037 0.1121
vn 0.7992 0.6003 -0.0294
vn 0.6816 0.7311 0.0294
vn 0.7993 0.6003 0.0279
vn 0.7185 0.6932 -0.0562
vn 0.7188 0.6935 0.0477
vn 0.8978 0.4336 -0.0764
vn 0.9001 0.4347 -0.0272
vn 0.9884 0.1496 0.0253
vn 0.9657 0.2573 -0.0356
vn 0.9875 0.1494 0.0493
vn 0.8558 0.5159 0.0391
vn 0.9719 0.2077 0.1105
vn 0.9469 0.3197 0.0348
vn 0.9043 0.4256 -0.0320
vn 0.7934 0.6075 0.0381
vn 0.7933 0.6075 -0.0413
vn 0.6466 0.7614 0.0467
vn 0.6007 0.7994 -0.0128
vn 0.7396 0.6724 -0.0303
vn 0.6005 0.7992 0.0260
vn 0.5133 0.8561 -0.0605
vn 0.4292 0.9030 -0.0190
vn 0.4292 0.9030 0.0176
vn 0.4611 0.8873 0.0086
vn 0.4611 0.8873 0.0094
vn 0.4611 0.8873 0.0141
vn 0.4611 0.8872 0.0150
vn 0.3753 0.9269 -0.0011
vn 0.3753 0.9269 -0.0007
vn 0.3753 0.9269 -0.0010
vn 0.3753 0.9269 -0.0014
vn 0.3671 0.9302 -0.0001
vn 0.3716 0.9284 0.0003
vn 0.3716 0.9284 0.0006
vn 0.5136 0.8567 0.0465
vn 0.4770 0.8789 -0.0064
vn 0.6754 0.7366 -0.0353
vn 0.6753 0.7365 0.0383
vn 0.4767 0.8784 0.0350
vn 0.8547 0.5104 -0.0950
vn 0.8037 0.5933 0.0453
vn 0.7716 0.6361 -0.0030
vn 0.6510 0.7591 0.0014
vn 0.8580 0.5124 -0.0341
vn 0.7395 0.6723 0.0344
vn 0.4840 0.8740 0.0435
vn 0.6466 0.7614 -0.0471
vn 0.9044 0.4257 0.0295
vn 0.4838 0.8737 -0.0507
vn 0.9721 0.2077 -0.1088
vn 1.0000 0.0055 0.0000
vn 0.9721 0.2077 0.1088
vn 0.4980 0.8667 0.0295
vn 0.4980 0.8667 -0.0295
vn 0.7933 0.6075 0.0413
vn 0.7934 0.6075 -0.0381
vn 0.9043 0.4256 0.0320
vn 0.9865 -0.1614 0.0269
vn 0.8815 -0.4717 -0.0215
vn 0.8038 -0.5945 0.0217
vn 0.8034 -0.5942 -0.0392
vn 0.6946 -0.7191 -0.0210
vn 0.5637 -0.8236 0.0629
vn 0.5746 -0.8180 0.0256
vn 0.5738 -0.8169 -0.0582
vn 0.6530 -0.7559 0.0469
vn 0.3825 -0.9240 0.0026
vn 0.3875 -0.9218 0.0104
vn 0.3886 -0.9213 0.0119
vn 0.5380 -0.8429 -0.0027
vn 0.5382 -0.8428 -0.0029
vn 0.5310 -0.8474 -0.0033
vn 0.3824 -0.9240 0.0027
vn 0.3748 -0.9270 -0.0133
vn 0.3748 -0.9270 -0.0152
vn 0.3748 -0.9271 -0.0078
vn 0.4955 -0.8686 -0.0044
vn 0.4948 -0.8674 0.0530
vn 0.6528 -0.7556 -0.0537
vn 0.3749 -0.9271 -0.0058
vn 0.3810 -0.9245 0.0070
vn 0.5335 -0.8458 0.0013
vn 0.7071 -0.7071 -0.0035
vn 0.6577 -0.7503 0.0667
vn 0.6592 -0.7520 0.0007
vn 0.5282 -0.8491 -0.0023
vn 0.5278 -0.8494 -0.0013
vn 0.5368 -0.8437 0.0031
vn 0.5775 -0.8143 0.0582
vn 0.9964 -0.0833 -0.0142
vn 0.5775 -0.8143 -0.0583
vn 0.6657 -0.7438 0.0602
vn 0.6659 -0.7440 -0.0540
vn 0.7000 -0.7135 -0.0296
vn 0.3961 -0.9181 0.0136
vn 0.4074 -0.9117 0.0542
vn 0.1473 -0.9891 -0.0045
vn 0.1310 -0.9913 -0.0147
vn 0.0502 -0.9986 0.0169
vn 0.0502 -0.9987 -0.0021
vn 0.0926 0.9947 0.0443
vn 0.1347 0.9909 0.0004
vn 0.1344 0.9909 0.0001
vn 0.2561 0.9667 -0.0012
vn 0.2618 0.9651 -0.0020
vn 0.2565 0.9665 -0.0004
vn 0.0213 0.9997 -0.0069
vn 0.0151 0.9999 -0.0008
vn 0.0200 0.9998 -0.0066
vn 0.0140 0.9999 -0.0023
vn 0.1317 0.9913 0.0018
vn 0.1338 0.9910 0.0020
vn 0.1366 0.9906 -0.0026
vn 0.0198 0.9998 -0.0078
vn 0.1503 0.9886 0.0023
vn 0.1488 0.9889 0.0000
vn 0.0281 0.9996 -0.0005
vn 0.1532 0.9882 -0.0004
vn 0.2862 0.9582 0.0008
vn 0.2810 0.9597 0.0030
vn 0.2843 0.9587 -0.0003
vn 0.2816 0.9595 -0.0023
vn 0.2660 0.9640 -0.0030
vn 0.4027 0.9153 0.0055
vn 0.4049 0.9143 0.0008
vn 0.4040 0.9148 0.0001
vn 0.4026 0.9154 0.0026
vn 0.2607 0.9654 0.0025
vn 0.2637 0.9646 -0.0072
vn 0.2628 0.9648 0.0023
vn 0.4057 0.9140 -0.0014
vn 0.4053 0.9142 -0.0041
vn 0.4054 0.9141 -0.0056
vn 0.4062 0.9138 -0.0049
vn 0.9127 0.4047 0.0566
vn 0.9636 0.2635 -0.0442
vn 0.7716 0.6361 0.0030
vn 0.4060 0.9137 0.0195
vn 0.2505 0.9678 -0.0256
vn -0.3951 0.9183 0.0230
vn -0.4313 0.9022 0.0006
vn -0.4940 0.8695 -0.0005
vn -0.4940 0.8695 -0.0006
vn -0.4940 0.8695 -0.0003
vn -0.5592 0.8291 -0.0014
vn -0.5124 0.8587 -0.0064
vn -0.5114 0.8570 -0.0634
vn -0.7383 0.6737 0.0323
vn -0.6046 0.7937 -0.0675
vn -0.6434 0.7649 0.0314
vn -0.7383 0.6737 -0.0324
vn -0.6661 0.7452 0.0304
vn -0.6437 0.7653 -0.0015
vn -0.8160 0.5771 0.0327
vn -0.8162 0.5772 -0.0245
vn -0.6657 0.7448 -0.0458
vn -0.8688 0.4930 0.0458
vn -0.8688 0.4930 -0.0457
vn -0.7469 0.6632 0.0478
vn -0.7470 0.6634 0.0437
vn -0.7470 0.6634 0.0441
vn -0.5591 0.8287 0.0254
vn -0.5352 0.8447 0.0101
vn -0.5351 0.8447 0.0109
vn -0.5352 0.8447 0.0011
vn -0.5352 0.8447 0.0003
vn -0.3580 0.9337 0.0005
vn -0.7468 0.6633 0.0482
vn -0.3813 0.9245 0.0020
vn 0.1359 0.9907 0.0007
vn 0.2299 0.9732 -0.0001
vn 0.3436 0.9378 0.0490
vn -0.0977 0.9952 0.0099
vn -0.5837 0.8107 0.0449
vn -0.5835 0.8104 -0.0534
vn -0.5577 0.8299 -0.0187
vn -0.6745 0.7365 0.0512
vn -0.7987 -0.6017 -0.0076
vn -0.9178 -0.3971 0.0041
vn -0.9638 -0.2549 0.0776
vn -0.9809 -0.1934 0.0231
vn -0.9152 -0.3960 -0.0752
vn -0.9966 -0.0824 0.0008
vn -0.9593 -0.2821 0.0104
vn -0.9735 -0.2286 -0.0012
vn -0.9060 -0.4129 0.0934
vn -0.9061 -0.4129 -0.0924
vn -0.9217 -0.3879 -0.0007
vn -0.9769 -0.2136 0.0007
vn -0.8472 -0.5299 0.0385
vn -0.8940 -0.4380 -0.0942
vn -0.8979 -0.4399 -0.0190
vn -0.8901 -0.4541 -0.0381
vn -0.7967 -0.6030 0.0419
vn -0.7969 -0.6032 -0.0331
vn -0.8905 -0.4543 0.0255
vn -0.8370 -0.5445 -0.0552
vn -0.7129 -0.7000 0.0413
vn -0.7129 -0.7000 -0.0414
vn -0.7642 -0.6429 -0.0526
vn -0.8371 -0.5446 0.0521
vn -0.6071 -0.7927 -0.0557
vn -0.6072 -0.7930 0.0496
vn -0.6073 -0.7930 0.0495
vn -0.6073 -0.7929 0.0493
vn -0.6072 -0.7930 0.0497
vn -0.7642 -0.6429 0.0519
vn -0.5712 -0.8207 0.0152
vn -0.6802 -0.7307 -0.0581
vn -0.5806 -0.8142 -0.0046
vn -0.4828 -0.8757 0.0021
vn -0.4827 -0.8757 -0.0140
vn -0.9365 -0.3489 0.0342
vn -0.8832 -0.4675 -0.0375
vn -0.9653 -0.2499 -0.0757
vn -0.9679 -0.2506 -0.0175
vn -0.9963 0.0860 -0.0011
vn -0.9980 -0.0626 -0.0000
vn -0.9963 0.0860 0.0011
vn -0.9617 0.2623 -0.0792
vn -0.9965 -0.0834 0.0013
vn -0.9939 -0.1101 -0.0019
vn 0.0000 0.0000 -1.0000
vn -0.9640 -0.2550 -0.0750
vn -0.9278 -0.3714 0.0362
vn -0.9269 -0.3710 -0.0558
vn -0.9657 -0.2598 -0.0011
vn -0.7985 -0.6015 -0.0254
vn -0.8453 -0.5301 0.0663
vn -0.7191 -0.6919 0.0652
vn -0.7191 -0.6919 -0.0650
vn -0.6028 -0.7963 -0.0514
vn -0.6024 -0.7958 0.0625
vn -0.7808 -0.6223 0.0549
vn -0.8460 -0.5305 -0.0538
vn -0.9371 -0.3486 0.0187
vn -0.9214 -0.3854 0.0498
vn -0.7809 -0.6224 -0.0538
vn -0.7185 -0.6942 0.0429
vn -0.7182 -0.6938 -0.0536
vn -0.8566 -0.5130 0.0550
vn -0.9212 -0.3854 -0.0529
vn -0.6649 -0.7465 -0.0253
vn -0.6724 -0.7402 0.0046
vn -0.7969 -0.6032 0.0331
vn -0.8566 -0.5131 -0.0539
vn -0.7967 -0.6030 -0.0419
vn -0.5959 -0.8009 0.0585
vn -0.5964 -0.8017 -0.0396
vn -0.7129 -0.7000 0.0414
vn -0.4384 -0.8935 -0.0973
vn -0.5185 -0.8545 0.0298
vn -0.6071 -0.7927 0.0557
vn -0.7129 -0.7000 -0.0413
vn -0.8371 -0.5446 -0.0521
vn -0.8370 -0.5445 0.0552
vn -0.6072 -0.7930 -0.0496
vn -0.6073 -0.7930 -0.0495
vn -0.6072 -0.7930 -0.0497
vn -0.6073 -0.7929 -0.0493
vn -0.7642 -0.6429 0.0526
vn -0.6802 -0.7307 0.0581
vn -0.7642 -0.6429 -0.0519
vn -0.5712 -0.8207 -0.0152
vn -0.5806 -0.8142 0.0046
vn -0.4827 -0.8757 0.0140
vn -0.4828 -0.8757 -0.0021
vn -0.3817 -0.9243 -0.0044
vn -0.3817 -0.9243 -0.0032
vn -0.3817 -0.9243 -0.0040
vn -0.4030 -0.9144 -0.0385
vn -0.4392 -0.8970 0.0504
vn -0.3816 -0.9243 -0.0019
vn -0.2388 -0.9711 0.0021
vn -0.2412 -0.9705 -0.0024
vn -0.2432 -0.9700 -0.0021
vn -0.2462 -0.9692 -0.0010
vn -0.2372 -0.9715 -0.0015
vn -0.1082 -0.9941 -0.0024
vn -0.1090 -0.9940 0.0016
vn -0.1137 -0.9935 -0.0026
vn -0.2335 -0.9723 0.0061
vn -0.1139 -0.9935 0.0027
vn -0.1183 -0.9930 -0.0005
vn 0.0052 -1.0000 -0.0022
vn 0.0060 -1.0000 0.0022
vn 0.0014 -1.0000 -0.0006
vn -0.1186 -0.9929 0.0008
vn 0.0012 -1.0000 0.0007
vn -0.0019 -1.0000 -0.0010
vn -0.0016 -1.0000 -0.0005
vn 0.1161 -0.9932 -0.0001
vn 0.1150 -0.9934 -0.0003
vn 0.1170 -0.9931 -0.0011
vn 0.1181 -0.9930 0.0004
vn 0.1207 -0.9927 -0.0002
vn 0.2429 -0.9700 -0.0044
vn 0.2419 -0.9703 0.0021
vn 0.2447 -0.9696 -0.0009
vn 0.2391 -0.9710 -0.0034
vn 0.1147 -0.9934 0.0037
vn 0.3838 -0.9234 -0.0053
vn 0.3809 -0.9246 -0.0066
vn 0.3789 -0.9254 0.0013
vn 0.3802 -0.9249 0.0027
vn 0.2436 -0.9699 -0.0024
vn 0.2469 -0.9690 -0.0018
vn 0.3799 -0.9250 0.0028
vn 0.5368 -0.8437 -0.0031
vn 0.5775 -0.8143 -0.0582
vn 0.5775 -0.8143 0.0583
vn 0.4074 -0.9117 -0.0542
vn 0.4076 -0.9116 -0.0533
vn 0.4088 -0.9113 -0.0495
vn 0.3801 -0.9250 0.0037
vn 0.4091 -0.9112 -0.0486
vn 0.2398 -0.9704 0.0274
vn 0.2473 -0.9689 -0.0034
vn 0.2519 -0.9678 0.0034
vn 0.1473 -0.9891 0.0045
vn 0.1309 -0.9913 0.0139
vn 0.1310 -0.9913 0.0147
vn 0.1310 -0.9914 0.0047
vn 0.1310 -0.9914 0.0032
vn 0.1250 -0.9922 0.0025
vn 0.1252 -0.9921 -0.0002
vn 0.1272 -0.9919 -0.0033
vn 0.2399 -0.9708 -0.0065
vn 0.1468 -0.9858 -0.0820
vn 0.2921 -0.9548 0.0542
vn 0.2921 -0.9548 -0.0541
vn 0.4089 -0.9107 0.0591
vn 0.3662 -0.9304 -0.0132
vn 0.4882 -0.8726 -0.0142
vn 0.4882 -0.8726 0.0141
vn 0.6459 -0.7631 0.0227
vn 0.6462 -0.7630 0.0158
vn 0.6461 -0.7629 0.0223
vn 0.6460 -0.7632 0.0153
vn 0.5181 -0.8552 -0.0144
vn 0.7490 -0.6554 -0.0972
vn 0.7491 -0.6555 0.0959
vn 0.7073 -0.7065 0.0241
vn 0.7072 -0.7068 0.0165
vn 0.7072 -0.7067 0.0236
vn 0.5181 -0.8552 0.0147
vn 0.5492 -0.8354 -0.0219
vn 0.5492 -0.8355 -0.0154
vn 0.5493 -0.8355 -0.0150
vn 0.5492 -0.8354 -0.0223
vn 0.5284 -0.8475 -0.0507
vn 0.3961 -0.9180 0.0210
vn 0.3961 -0.9181 -0.0136
vn 0.2542 -0.9671 -0.0126
vn 0.2541 -0.9668 0.0270
vn 0.3367 -0.9415 -0.0155
vn 0.3662 -0.9304 0.0137
vn 0.2468 -0.9690 0.0146
vn 0.3174 -0.9471 -0.0482
vn 0.3178 -0.9481 0.0100
vn 0.1873 -0.9822 -0.0110
vn 0.1607 -0.9869 0.0153
vn 0.1607 -0.9868 -0.0206
vn 0.1560 -0.9876 -0.0164
vn 0.1565 -0.9875 -0.0170
vn 0.0540 -0.9985 -0.0122
vn 0.0564 -0.9984 -0.0011
vn 0.0582 -0.9982 0.0138
vn 0.0581 -0.9982 0.0154
vn 0.1556 -0.9877 -0.0163
vn 0.0545 -0.9985 0.0040
vn -0.0751 -0.9971 0.0098
vn -0.0739 -0.9973 -0.0033
vn -0.0736 -0.9973 -0.0030
vn -0.0751 -0.9972 -0.0047
vn -0.0727 -0.9974 -0.0020
vn -0.0727 -0.9974 -0.0019
vn -0.1986 -0.9801 0.0066
vn -0.2001 -0.9797 -0.0080
vn -0.1991 -0.9800 -0.0082
vn -0.1985 -0.9801 0.0023
vn -0.0831 -0.9965 0.0085
vn 0.0504 -0.9987 0.0020
vn 0.0502 -0.9987 0.0021
vn 0.0502 -0.9986 -0.0169
vn -0.0831 -0.9965 -0.0128
vn 0.0121 -0.9999 -0.0008
vn 0.0132 -0.9999 0.0103
vn 0.0132 -0.9999 0.0089
vn -0.1036 -0.9946 0.0062
vn -0.1036 -0.9946 0.0058
vn -0.1037 -0.9946 0.0062
vn 0.0113 -0.9999 0.0022
vn -0.2280 -0.9736 -0.0072
vn -0.2280 -0.9736 -0.0066
vn -0.2281 -0.9736 -0.0069
vn -0.2280 -0.9736 -0.0077
vn -0.3429 -0.9394 -0.0061
vn -0.3429 -0.9394 -0.0050
vn -0.3429 -0.9393 -0.0051
vn -0.3429 -0.9394 -0.0072
vn -0.2153 -0.9765 0.0071
vn -0.2331 -0.9724 0.0072
vn -0.3778 -0.9256 -0.0250
vn -0.3770 -0.9238 0.0673
vn -0.1968 -0.9804 0.0031
vn -0.3111 -0.9503 -0.0052
vn -0.3057 -0.9521 0.0015
vn -0.3090 -0.9511 -0.0047
vn -0.3025 -0.9531 0.0014
vn -0.4219 -0.9066 -0.0025
vn -0.4272 -0.9041 -0.0106
vn -0.4222 -0.9065 -0.0030
vn -0.4783 -0.8758 -0.0643
vn -0.4730 -0.8781 0.0714
vn -0.5380 -0.8430 -0.0032
vn -0.4275 -0.9039 -0.0109
vn -0.5464 -0.8375 0.0091
vn -0.4240 -0.9056 0.0099
vn -0.5763 -0.8171 -0.0131
vn -0.4376 -0.8991 0.0116
vn -0.4376 -0.8991 -0.0110
vn -0.5707 -0.8208 -0.0257
vn -0.3065 -0.9518 -0.0092
vn -0.3059 -0.9520 -0.0082
vn -0.3066 -0.9518 0.0077
vn -0.3065 -0.9518 0.0082
vn -0.3061 -0.9520 0.0075
vn -0.1947 -0.9809 -0.0006
vn -0.1927 -0.9813 -0.0018
vn -0.1844 -0.9828 -0.0099
vn -0.3011 -0.9536 0.0016
vn -0.1894 -0.9819 -0.0016
vn -0.0868 -0.9962 0.0052
vn -0.0875 -0.9961 0.0054
vn -0.0875 -0.9962 0.0017
vn -0.1809 -0.9834 -0.0102
vn -0.0715 -0.9974 -0.0091
vn -0.0715 -0.9974 0.0095
vn -0.1812 -0.9834 0.0065
vn -0.1809 -0.9835 0.0068
vn -0.1825 -0.9832 0.0052
vn -0.0510 -0.9987 0.0059
vn -0.0635 -0.9980 -0.0048
vn -0.0636 -0.9980 -0.0063
vn -0.0635 -0.9980 0.0045
vn -0.0510 -0.9987 -0.0089
vn -0.0636 -0.9980 0.0060
vn -0.0984 -0.9948 -0.0275
vn -0.1917 -0.9813 0.0175
vn -0.1842 -0.9829 0.0035
vn -0.2701 -0.9614 -0.0525
vn -0.3004 -0.9538 -0.0033
vn -0.2983 -0.9545 -0.0005
vn -0.3002 -0.9539 -0.0029
vn -0.2979 -0.9546 -0.0002
vn -0.4455 -0.8936 -0.0544
vn -0.4154 -0.9096 0.0002
vn -0.4840 -0.8710 0.0846
vn -0.5234 -0.8519 0.0178
vn -0.2599 0.9656 -0.0050
vn -0.4670 0.8816 -0.0685
vn -0.3908 0.9205 0.0049
vn -0.2454 0.9694 0.0024
vn -0.2370 0.9715 0.0011
vn -0.2452 0.9695 0.0029
vn -0.2424 0.9702 -0.0006
vn -0.4320 0.9005 0.0507
vn -0.4324 0.9013 -0.0252
vn -0.3813 0.9245 0.0007
vn -0.3813 0.9245 0.0006
vn -0.3813 0.9245 0.0033
vn -0.2339 0.9723 0.0006
vn -0.2357 0.9718 -0.0007
vn -0.3813 0.9245 -0.0020
vn -0.1063 0.9943 -0.0003
vn -0.1086 0.9941 0.0008
vn -0.1103 0.9939 -0.0005
vn -0.1006 0.9949 -0.0006
vn -0.1064 0.9943 -0.0005
vn 0.0189 0.9998 -0.0004
vn 0.0221 0.9997 -0.0060
vn -0.0988 0.9951 0.0005
vn 0.0179 0.9998 -0.0022
vn 0.0159 0.9999 -0.0014
vn 0.0162 0.9999 -0.0004
vn 0.1376 0.9905 0.0003
vn 0.1373 0.9905 -0.0001
vn 0.1369 0.9906 0.0003
vn 0.1359 0.9907 -0.0007
vn 0.0155 0.9999 0.0019
vn 0.1387 0.9903 -0.0026
vn 0.0155 0.9999 0.0008
vn 0.0163 0.9999 0.0009
vn -0.1105 0.9939 -0.0007
vn 0.0158 0.9999 0.0003
vn -0.1117 0.9937 -0.0001
vn -0.1112 0.9938 0.0005
vn 0.0141 0.9999 -0.0004
vn -0.1131 0.9936 -0.0004
vn 0.0144 0.9999 0.0002
vn -0.2479 0.9688 -0.0009
vn 0.0281 0.9996 0.0005
vn 0.1397 0.9902 -0.0021
vn 0.1510 0.9885 0.0018
vn 0.1446 0.9895 0.0003
vn 0.2691 0.9631 -0.0025
vn 0.1532 0.9882 0.0004
vn 0.2816 0.9595 0.0023
vn 0.2811 0.9597 0.0018
vn 0.2734 0.9619 -0.0039
vn 0.2734 0.9619 0.0040
vn 0.2734 0.9619 -0.0053
vn 0.2843 0.9587 0.0003
vn 0.2843 0.9587 0.0057
vn 0.1503 0.9886 -0.0023
vn 0.2734 0.9619 0.0054
vn 0.2628 0.9648 -0.0023
vn 0.2628 0.9648 -0.0052
vn 0.2631 0.9648 -0.0018
vn 0.1365 0.9906 0.0026
vn 0.1317 0.9913 -0.0018
vn 0.1338 0.9910 -0.0020
vn 0.1344 0.9909 -0.0001
vn 0.1347 0.9909 -0.0004
vn 0.2618 0.9651 0.0020
vn 0.0198 0.9998 0.0077
vn 0.0140 0.9999 0.0023
vn 0.0200 0.9998 0.0066
vn 0.0151 0.9999 0.0008
vn -0.1074 0.9942 -0.0041
vn -0.1091 0.9940 -0.0029
vn -0.0981 0.9952 -0.0027
vn -0.0977 0.9952 -0.0099
vn 0.0213 0.9997 0.0069
vn 0.0926 0.9947 -0.0443
vn 0.2565 0.9665 0.0004
vn 0.2561 0.9667 0.0012
vn 0.2466 -0.9672 -0.0609
vn 0.4278 -0.9034 -0.0284
vn 0.3240 -0.9459 0.0189
vn 0.2737 -0.9617 -0.0144
vn 0.1828 -0.9831 0.0123
vn 0.1892 -0.9817 0.0227
vn 0.1886 -0.9818 0.0219
vn 0.1893 -0.9819 -0.0065
vn 0.3240 -0.9460 -0.0104
vn 0.2066 -0.9783 0.0138
vn 0.2066 -0.9784 0.0108
vn 0.2066 -0.9784 0.0102
vn 0.0746 -0.9972 0.0063
vn 0.0746 -0.9972 -0.0095
vn 0.2066 -0.9783 0.0143
vn 0.1829 -0.9831 0.0118
vn 0.0726 -0.9972 -0.0199
vn 0.0619 -0.9981 -0.0059
vn 0.0619 -0.9981 -0.0067
vn 0.0619 -0.9981 -0.0066
vn 0.0619 -0.9981 -0.0073
vn 0.3940 -0.9174 0.0564
vn 0.6455 -0.7621 -0.0507
vn 0.6449 -0.7615 0.0646
vn 0.5085 -0.8608 0.0222
vn 0.3944 -0.9185 -0.0281
vn 0.7484 -0.6587 -0.0777
vn 0.5284 -0.8474 0.0513
vn 0.7000 -0.7135 0.0296
vn 0.8545 -0.5192 -0.0165
vn 0.9372 -0.3466 0.0389
vn 0.9122 -0.4080 -0.0376
vn 0.8635 -0.5035 0.0300
vn 0.7504 -0.6604 -0.0294
vn 0.9494 -0.3126 0.0290
vn 0.8635 -0.5035 -0.0293
vn 0.9896 -0.1390 0.0364
vn 0.9780 -0.2054 -0.0354
vn 0.9994 -0.0081 -0.0347
vn 0.9744 0.2236 0.0232
vn 0.9738 0.2235 -0.0424
vn 0.9945 0.0969 0.0389
vn 0.8318 0.5545 0.0245
vn 0.9139 0.4051 -0.0242
vn 0.8312 0.5541 -0.0446
vn 0.8920 0.4499 0.0436
vn 0.7010 0.7123 -0.0346
vn 0.6351 0.7718 0.0324
vn 0.6351 0.7717 -0.0328
vn 0.7055 0.7077 0.0381
vn 0.7055 0.7077 -0.0383
vn 0.4710 0.8798 -0.0650
vn 0.5795 0.8141 0.0364
vn 0.4714 0.8806 0.0486
vn 0.4697 0.8815 -0.0476
vn 0.4448 0.8956 0.0077
vn 0.4448 0.8956 -0.0090
vn 0.7448 0.6653 0.0508
vn 0.4693 0.8807 0.0650
vn 0.5658 0.8242 -0.0257
vn 0.7455 0.6659 0.0305
vn 0.5650 0.8230 -0.0594
vn 0.8076 0.5888 -0.0325
vn 0.6186 0.7847 0.0396
vn 0.7655 0.6348 -0.1047
vn 0.9815 0.1879 -0.0362
vn 0.9869 0.1161 -0.1125
vn 0.9139 0.4051 0.0242
vn 0.7392 -0.6728 0.0296
vn 0.6134 -0.7893 -0.0282
vn 0.8632 -0.4892 -0.1247
vn 0.9042 -0.4254 -0.0376
vn 0.8542 -0.5190 0.0303
vn 0.7392 -0.6728 -0.0294
vn 0.9868 -0.1580 0.0365
vn 0.9968 0.0751 0.0258
vn 0.9703 -0.2368 -0.0496
vn 0.9959 0.0751 0.0513
vn 0.9711 -0.2370 -0.0278
vn 0.5272 0.8497 -0.0062
vn 0.3975 0.9176 0.0062
vn 0.4018 0.9157 0.0013
vn 0.3982 0.9173 0.0047
vn 0.4026 0.9154 -0.0026
vn 0.4026 0.9153 -0.0059
vn 0.3828 0.9238 -0.0074
vn 0.2637 0.9646 0.0072
vn 0.4062 0.9138 0.0049
vn -0.5577 0.8299 0.0187
vn -0.5835 0.8104 0.0534
vn -0.5696 0.8216 -0.0237
vn -0.5837 0.8107 -0.0449
vn -0.4384 0.8983 0.0310
vn -0.7357 0.6758 -0.0454
vn -0.8083 0.5875 0.0397
vn -0.7964 0.6014 0.0634
vn -0.8731 0.4867 -0.0271
vn -0.9126 0.4076 0.0327
vn -0.7361 0.6761 0.0328
vn -0.9359 0.3503 -0.0363
vn -0.8733 0.4868 0.0173
vn -0.6743 0.7363 0.0569
vn -0.7762 0.6301 -0.0225
vn -0.6745 0.7365 -0.0512
vn -0.7420 0.6665 -0.0721
vn -0.9482 0.3165 -0.0267
vn -0.9643 0.2649 -0.0009
vn -0.7029 0.7087 0.0600
vn -0.7946 0.6001 -0.0917
vn -0.6238 -0.7812 -0.0264
vn -0.4646 -0.8835 -0.0598
vn 0.0540 -0.9985 0.0089
vn -0.0875 -0.9962 -0.0021
vn 0.1552 -0.9852 0.0725
vn 0.2061 -0.9785 0.0030
vn 0.7075 -0.7066 0.0161
vn 0.8298 -0.5573 0.0300
vn 0.9497 -0.3127 -0.0158
vn 0.6659 -0.7440 0.0540
vn 0.8705 -0.4857 -0.0796
vn 0.8054 -0.5913 0.0419
vn 0.6657 -0.7438 -0.0602
vn 0.8728 -0.4870 -0.0325
vn 0.7309 -0.6808 0.0482
vn 0.8055 -0.5914 -0.0378
vn 0.7311 -0.6810 -0.0427
vn 0.9143 -0.4033 -0.0381
vn 0.9142 -0.4033 0.0389
vn 0.8629 -0.5039 0.0393
vn 0.6528 -0.7556 0.0537
vn 0.6530 -0.7559 -0.0469
vn 0.8629 -0.5039 -0.0386
vn 0.8034 -0.5942 0.0392
vn 0.8038 -0.5945 -0.0217
vn 0.6946 -0.7191 0.0210
vn 0.5746 -0.8180 -0.0256
vn 0.5738 -0.8169 0.0582
vn 0.5637 -0.8236 -0.0629
vn 0.5382 -0.8428 0.0029
vn 0.3825 -0.9240 -0.0026
vn 0.3875 -0.9218 -0.0104
vn 0.3824 -0.9240 -0.0027
vn 0.3748 -0.9271 0.0078
vn 0.3748 -0.9270 0.0152
vn 0.3748 -0.9270 0.0133
vn 0.3886 -0.9213 -0.0118
vn 0.2399 -0.9708 -0.0018
vn 0.2399 -0.9708 0.0024
vn 0.2486 -0.9686 -0.0102
vn 0.3894 -0.9210 -0.0131
vn 0.2630 -0.9648 0.0095
vn 0.3749 -0.9271 0.0058
vn 0.3810 -0.9245 -0.0070
vn 0.4955 -0.8686 0.0044
vn 0.4948 -0.8674 -0.0530
vn 0.1147 -0.9934 0.0028
vn 0.1147 -0.9934 0.0052
vn 0.1532 -0.9882 0.0062
vn 0.1531 -0.9882 0.0059
vn 0.1551 -0.9879 0.0020
vn 0.0969 -0.9950 -0.0250
vn 0.0293 -0.9973 0.0671
vn 0.1553 -0.9879 0.0017
vn 0.0179 -0.9998 -0.0030
vn 0.0106 -0.9999 -0.0025
vn 0.0175 -0.9998 -0.0022
vn -0.1310 -0.9914 -0.0055
vn -0.1395 -0.9902 -0.0052
vn -0.1337 -0.9910 -0.0016
vn -0.1388 -0.9903 0.0033
vn 0.0104 -0.9999 -0.0025
vn -0.1429 -0.9897 -0.0013
vn -0.0023 -1.0000 -0.0029
vn -0.0023 -1.0000 -0.0041
vn -0.0087 -1.0000 0.0047
vn -0.2749 -0.9615 -0.0026
vn -0.2759 -0.9612 -0.0019
vn -0.2808 -0.9598 0.0019
vn -0.2817 -0.9595 0.0027
vn -0.2839 -0.9588 -0.0027
vn -0.2787 -0.9603 -0.0148
vn -0.2836 -0.9589 -0.0031
vn -0.1445 -0.9895 0.0031
vn -0.2633 -0.9646 0.0135
vn -0.1362 -0.9906 -0.0155
vn -0.1445 -0.9895 0.0033
vn -0.2784 -0.9603 -0.0156
vn -0.3982 -0.9172 0.0141
vn -0.3958 -0.9183 0.0121
vn -0.3966 -0.9179 0.0127
vn -0.4008 -0.9160 0.0161
vn -0.3966 -0.9179 -0.0127
vn -0.3982 -0.9172 -0.0141
vn -0.4008 -0.9160 -0.0161
vn -0.2633 -0.9646 -0.0135
vn -0.2784 -0.9603 0.0156
vn -0.3958 -0.9183 -0.0121
vn -0.3948 -0.9161 0.0693
vn -0.4453 -0.8954 0.0034
vn -0.2837 -0.9589 0.0023
vn -0.2769 -0.9609 0.0027
vn -0.2808 -0.9598 -0.0019
vn -0.2839 -0.9588 0.0027
vn -0.2749 -0.9615 0.0026
vn -0.1447 -0.9895 -0.0026
vn -0.1429 -0.9897 0.0013
vn -0.1388 -0.9903 -0.0033
vn -0.1395 -0.9902 0.0052
vn -0.1337 -0.9910 0.0016
vn -0.2656 -0.9639 -0.0201
vn -0.1198 -0.9926 -0.0206
vn -0.2455 -0.9692 0.0167
vn -0.1310 -0.9914 0.0055
vn 0.0104 -0.9999 0.0025
vn 0.0106 -0.9999 0.0025
vn 0.0175 -0.9998 0.0022
vn -0.0087 -1.0000 -0.0047
vn -0.0024 -1.0000 0.0041
vn 0.0293 -0.9973 -0.0671
vn 0.0179 -0.9998 0.0030
vn -0.3839 -0.9233 0.0140
vn -0.3861 -0.9224 0.0122
vn -0.3849 -0.9195 -0.0796
vn -0.5139 -0.8573 0.0309
vn -0.5744 -0.8152 -0.0746
vn -0.4799 -0.8773 -0.0103
vn -0.6908 -0.7217 -0.0431
vn -0.6292 -0.7729 0.0822
vn -0.5115 -0.8590 -0.0221
vn -0.6312 -0.7754 0.0169
vn -0.7695 -0.6373 0.0408
vn -0.6312 -0.7754 -0.0169
vn -0.5115 -0.8590 0.0221
vn -0.7695 -0.6373 -0.0408
vn -0.7110 -0.6985 -0.0811
vn -0.7110 -0.6985 0.0811
vn -0.5479 -0.8360 -0.0312
vn -0.5479 -0.8360 0.0312
vn -0.6292 -0.7729 -0.0822
vn -0.3849 -0.9195 0.0796
vn -0.5139 -0.8573 -0.0309
vn -0.4453 -0.8954 -0.0034
vn -0.3948 -0.9161 -0.0693
vn -0.6908 -0.7217 0.0431
vn -0.8335 -0.5500 0.0529
vn -0.8583 -0.5129 0.0170
vn -0.7623 -0.6451 -0.0519
vn -0.9078 -0.4193 -0.0035
vn -0.7623 -0.6451 0.0526
vn -0.8320 -0.5529 -0.0464
vn -0.6913 -0.7210 -0.0477
vn -0.8800 -0.4657 0.0937
vn -0.6921 -0.7218 0.0037
vn -0.6629 -0.7446 -0.0789
vn -0.6428 -0.7642 -0.0527
vn -0.6437 -0.7653 -0.0007
vn -0.5573 -0.8299 0.0251
vn -0.5348 -0.8444 -0.0304
vn -0.5760 -0.8174 0.0075
vn -0.5744 -0.8152 0.0746
vn -0.4799 -0.8773 0.0071
vn -0.4799 -0.8773 0.0039
vn -0.4796 -0.8775 0.0044
vn -0.4799 -0.8773 0.0103
vn -0.3846 -0.9230 -0.0134
vn -0.3839 -0.9233 -0.0140
vn -0.3861 -0.9224 -0.0122
vn -0.3816 -0.9242 -0.0148
vn -0.3816 -0.9242 -0.0150
vn -0.2656 -0.9639 0.0201
vn -0.2457 -0.9693 0.0002
vn -0.2459 -0.9693 -0.0004
vn -0.2455 -0.9694 0.0005
vn -0.2455 -0.9692 -0.0167
vn -0.3881 -0.9216 0.0006
vn -0.1198 -0.9928 -0.0005
vn -0.1197 -0.9928 -0.0008
vn -0.1198 -0.9926 0.0206
vn -0.4136 -0.9096 -0.0403
vn -0.8335 -0.5501 -0.0519
vn -0.1445 -0.9895 -0.0033
vn -0.1362 -0.9906 0.0155
vn -0.0025 -1.0000 -0.0023
vn -0.4184 -0.9057 0.0675
vn -0.8832 -0.4675 0.0375
vn -0.9653 -0.2499 0.0757
vn -0.9365 -0.3489 -0.0342
vn -0.4403 -0.8974 0.0280
vn -0.8905 -0.4543 -0.0255
vn -0.9679 -0.2506 0.0175
vn -0.9754 -0.2206 0.0027
vn -0.9639 -0.2664 -0.0023
vn -0.8901 -0.4541 0.0381
vn -0.9195 -0.3931 0.0035
vn -0.7057 0.7085 -0.0058
vn -0.6046 0.7937 0.0675
vn -0.7034 0.7062 -0.0805
vn -0.5114 0.8570 0.0634
vn -0.5592 0.8291 0.0014
vn -0.4940 0.8695 0.0005
vn -0.4940 0.8695 0.0003
vn -0.4313 0.9022 -0.0006
vn -0.5124 0.8587 0.0064
vn -0.4940 0.8695 0.0006
vn -0.5352 0.8447 -0.0011
vn -0.5351 0.8447 -0.0109
vn -0.5352 0.8447 -0.0101
vn -0.5352 0.8447 -0.0003
vn -0.6309 0.7759 0.0012
vn -0.5591 0.8287 -0.0254
vn -0.6308 0.7757 0.0214
vn -0.6064 0.7947 -0.0263
vn -0.6021 0.7978 -0.0327
vn -0.6042 0.7963 -0.0299
vn -0.7475 0.6639 0.0228
vn -0.5592 0.8289 0.0187
vn -0.7471 0.6635 -0.0396
vn -0.6019 0.7979 -0.0334
vn -0.6014 0.7972 0.0539
vn -0.7454 0.6654 -0.0401
vn -0.7870 0.6169 0.0014
vn -0.5753 0.8178 0.0186
vn -0.6884 0.7232 -0.0560
vn -0.7458 0.6658 0.0220
vn -0.7716 0.6361 -0.0092
vn -0.6457 0.7634 0.0189
vn -0.3951 0.9183 -0.0230
vn 0.5196 0.8539 -0.0290
vn 0.9141 0.4053 -0.0144
vn 0.9137 0.4052 0.0304
vn 0.0099 -0.9999 -0.0032
vn 0.0099 -0.9999 0.0032
vn 0.3894 -0.9210 0.0131
vn -0.0025 -1.0000 0.0023
vn 0.3801 -0.9250 -0.0037
vn -0.4222 -0.9065 0.0030
vn -0.4272 -0.9041 0.0106
vn -0.4219 -0.9066 0.0025
vn -0.4376 -0.8991 -0.0116
vn -0.4275 -0.9039 0.0109
vn -0.4376 -0.8991 0.0110
vn -0.1842 -0.9829 -0.0035
vn -0.3004 -0.9538 0.0033
usemtl Default_OBJ.300
s 1
f 1//1 2//1 3//1
f 4//2 2//2 1//2
f 3//3 5//3 1//3
f 1//4 5//4 6//4
f 7//5 4//5 1//5
f 8//6 7//6 1//6
f 1//7 9//7 10//7
f 1//8 10//8 8//8
f 6//9 9//9 1//9
f 11//10 9//10 6//10
f 6//11 5//11 12//11
f 12//12 13//12 6//12
f 6//13 13//13 11//13
f 11//14 13//14 14//14
f 14//15 15//15 11//15
f 11//16 15//16 9//16
f 9//17 15//17 16//17
f 14//18 17//18 15//18
f 15//19 17//19 16//19
f 14//20 18//20 17//20
f 18//21 19//21 17//21
f 17//22 19//22 16//22
f 20//23 18//23 14//23
f 20//24 21//24 18//24
f 21//25 19//25 18//25
f 22//26 23//26 21//26
f 22//27 21//28 24//29
f 24//30 21//31 20//32
f 21//33 23//33 19//33
f 22//34 25//35 23//36
f 19//37 23//37 26//37
f 23//38 27//39 26//40
f 28//41 27//42 23//36
f 25//35 28//41 23//36
f 29//43 25//35 22//34
f 30//44 25//45 29//46
f 30//44 31//47 25//45
f 25//45 31//47 28//48
f 32//49 31//50 30//51
f 33//52 31//50 32//49
f 34//53 31//50 33//52
f 28//48 31//47 34//54
f 33//52 35//55 34//53
f 36//56 28//48 34//54
f 34//53 35//55 37//57
f 34//54 37//58 36//56
f 36//56 37//58 38//59
f 36//60 38//61 39//62
f 36//60 27//42 28//41
f 39//62 27//42 36//60
f 26//63 39//63 40//63
f 40//64 39//64 41//64
f 26//40 27//39 39//65
f 39//62 38//61 42//66
f 41//67 39//68 42//69
f 42//69 43//70 41//67
f 41//71 43//71 44//71
f 45//72 40//72 41//72
f 44//73 46//73 41//73
f 41//74 46//74 45//74
f 44//75 47//75 46//75
f 44//76 48//76 47//76
f 49//77 48//77 44//77
f 43//78 49//78 44//78
f 50//79 48//79 49//79
f 47//80 48//80 51//80
f 51//81 48//81 52//81
f 52//82 48//82 50//82
f 53//83 51//83 52//83
f 52//84 54//84 53//84
f 52//85 50//85 55//85
f 52//86 55//86 54//86
f 54//87 56//87 57//87
f 53//88 54//88 57//88
f 54//89 55//89 58//89
f 58//90 56//90 54//90
f 58//91 59//91 56//91
f 55//92 60//92 58//92
f 61//93 62//93 58//93
f 58//94 60//94 61//94
f 58//95 62//95 59//95
f 56//96 59//96 63//96
f 63//97 59//97 64//97
f 64//98 59//98 65//98
f 59//99 62//99 66//99
f 59//100 66//100 65//100
f 67//101 64//101 65//101
f 68//101 67//101 65//101
f 68//101 65//101 69//101
f 65//102 66//102 69//102
f 68//101 69//101 70//101
f 66//103 62//103 69//103
f 69//104 62//105 71//106
f 69//107 71//107 70//107
f 72//101 68//101 70//101
f 72//101 70//101 73//101
f 70//108 71//108 74//108
f 70//109 74//109 73//109
f 74//110 75//111 73//112
f 76//101 72//101 73//101
f 76//101 73//101 77//101
f 73//113 75//114 78//115
f 73//116 78//116 77//116
f 79//117 75//111 74//110
f 78//115 75//114 80//118
f 80//119 75//119 79//119
f 80//120 79//120 81//120
f 81//121 79//121 82//121
f 61//122 79//123 74//124
f 82//125 79//126 61//127
f 82//125 83//128 84//129
f 85//130 82//131 84//132
f 85//133 81//133 82//133
f 61//127 83//128 82//125
f 83//134 60//135 86//136
f 83//137 86//138 87//139
f 61//140 60//135 83//134
f 88//141 83//137 87//139
f 84//129 83//128 88//142
f 84//129 88//142 89//143
f 89//143 88//142 43//144
f 88//141 49//145 43//146
f 87//139 49//145 88//141
f 84//132 89//147 85//130
f 89//148 90//148 85//148
f 89//149 91//150 90//151
f 43//144 91//152 89//143
f 90//151 91//150 92//153
f 92//153 91//150 93//154
f 93//155 91//155 94//155
f 94//156 91//152 43//144
f 95//157 94//158 42//159
f 42//160 94//160 43//160
f 96//161 93//161 94//161
f 96//162 94//163 95//164
f 95//164 38//59 96//162
f 42//159 38//165 95//157
f 96//166 97//167 98//168
f 98//168 93//169 96//166
f 38//59 37//58 96//162
f 96//166 37//57 97//167
f 99//170 97//171 100//172
f 98//173 97//171 99//170
f 97//171 35//174 100//172
f 37//57 35//55 97//167
f 100//175 101//176 102//177
f 99//178 100//175 102//177
f 103//179 101//176 100//175
f 100//172 35//174 104//180
f 100//175 104//181 103//179
f 105//182 101//183 103//184
f 105//182 103//184 106//185
f 103//179 107//186 108//187
f 106//185 103//184 108//188
f 103//179 104//181 107//186
f 107//189 33//190 32//191
f 107//189 32//191 109//192
f 107//189 104//180 33//190
f 108//187 107//186 109//193
f 109//193 110//194 111//195
f 111//195 108//187 109//193
f 109//196 112//196 110//196
f 109//192 32//191 113//197
f 113//197 114//198 109//192
f 114//199 115//199 109//199
f 115//200 112//201 109//202
f 112//203 116//203 110//203
f 117//204 116//204 112//204
f 117//205 112//205 118//205
f 118//206 112//201 115//200
f 119//207 116//207 117//207
f 119//208 117//209 120//210
f 120//210 117//209 121//211
f 117//212 122//213 121//214
f 117//215 118//215 123//215
f 123//216 122//216 117//216
f 124//217 122//218 125//217
f 121//214 122//213 124//219
f 125//220 122//220 123//220
f 125//221 126//222 127//221
f 127//221 128//223 125//221
f 128//224 129//224 125//224
f 125//225 123//225 126//225
f 129//226 130//226 125//226
f 125//217 130//227 124//217
f 121//214 130//228 131//229
f 131//230 130//230 129//230
f 124//219 130//228 121//214
f 132//231 133//231 131//231
f 134//232 132//232 131//232
f 131//233 133//233 135//233
f 131//234 129//234 134//234
f 121//235 131//236 136//237
f 136//237 131//236 135//238
f 137//239 136//239 138//239
f 138//240 136//241 139//242
f 121//243 136//243 137//243
f 139//242 136//241 135//244
f 138//245 120//245 137//245
f 137//246 120//246 121//246
f 139//242 135//244 140//247
f 141//248 139//248 140//248
f 141//249 142//249 139//249
f 139//250 142//250 138//250
f 143//251 142//251 141//251
f 138//252 142//252 143//252
f 143//253 144//253 138//253
f 145//254 144//254 143//254
f 146//255 147//255 143//255
f 148//256 146//256 143//256
f 143//257 147//257 149//257
f 143//258 149//258 145//258
f 141//259 148//259 143//259
f 150//260 148//260 151//260
f 151//261 148//261 141//261
f 148//262 152//262 153//262
f 150//263 152//263 148//263
f 153//264 146//264 148//264
f 154//265 152//265 150//265
f 155//266 154//266 150//266
f 150//267 156//267 155//267
f 151//268 156//268 150//268
f 155//269 156//269 157//269
f 158//270 154//270 155//270
f 159//271 155//271 157//271
f 160//272 158//272 155//272
f 160//273 155//273 159//273
f 159//274 161//274 162//274
f 162//275 163//275 159//275
f 163//276 164//276 159//276
f 157//277 161//277 159//277
f 164//278 165//278 159//278
f 159//279 165//279 160//279
f 163//280 166//280 164//280
f 164//281 166//281 167//281
f 167//282 165//282 164//282
f 166//283 168//283 167//283
f 167//284 169//284 165//284
f 168//285 170//285 167//285
f 170//286 169//286 167//286
f 165//287 169//287 171//287
f 171//288 169//288 172//288
f 170//289 173//289 169//289
f 169//290 173//290 172//290
f 174//291 175//291 173//291
f 174//292 173//292 170//292
f 176//293 173//293 177//293
f 172//294 173//295 176//296
f 173//297 175//297 177//297
f 175//298 178//299 177//300
f 174//301 179//301 175//301
f 175//302 179//302 178//302
f 177//300 178//299 180//303
f 181//304 182//305 178//304
f 178//306 182//306 180//306
f 178//304 179//307 181//304
f 180//308 182//309 183//310
f 183//310 184//311 180//308
f 184//312 185//312 180//312
f 180//313 185//313 177//313
f 177//314 185//314 186//314
f 186//315 185//315 187//315
f 188//316 185//316 184//316
f 187//317 185//318 189//319
f 189//320 185//321 188//322
f 184//323 190//323 188//323
f 188//322 191//324 189//320
f 188//325 190//325 191//325
f 192//326 190//327 193//328
f 193//328 190//327 194//329
f 194//329 190//327 184//330
f 190//331 195//332 191//333
f 192//334 195//332 190//331
f 193//328 196//335 192//326
f 192//334 197//336 195//332
f 192//326 196//335 198//337
f 198//337 197//338 192//326
f 197//338 199//339 200//340
f 198//337 199//339 197//338
f 195//332 197//336 201//341
f 201//342 197//342 202//342
f 202//343 197//343 200//343
f 202//344 203//345 204//346
f 204//346 201//347 202//344
f 200//348 203//348 202//348
f 205//349 203//349 206//349
f 204//350 203//350 205//350
f 206//351 203//351 207//351
f 207//352 203//352 200//352
f 207//353 208//353 206//353
f 209//354 208//354 207//354
f 207//355 210//356 209//357
f 211//358 210//359 207//358
f 200//340 212//360 207//361
f 207//358 212//362 211//358
f 211//363 212//364 213//365
f 213//365 210//366 211//363
f 212//364 214//367 213//365
f 215//368 216//369 213//370
f 213//370 214//371 215//368
f 213//365 216//372 210//366
f 216//372 217//373 210//366
f 218//374 217//373 216//372
f 219//375 216//369 215//368
f 218//376 216//369 219//375
f 219//375 220//377 218//376
f 218//374 221//378 222//379
f 220//377 221//380 218//376
f 222//379 217//373 218//374
f 223//381 221//380 220//377
f 223//382 220//383 224//384
f 224//384 220//383 219//385
f 225//386 226//387 224//386
f 227//388 225//386 224//386
f 224//384 219//385 227//389
f 224//384 226//390 223//382
f 227//389 219//385 215//391
f 215//391 228//392 227//389
f 227//389 228//392 229//393
f 229//394 230//394 227//395
f 227//396 230//396 231//396
f 231//397 225//397 227//397
f 229//394 232//398 230//394
f 229//393 233//399 234//400
f 234//400 232//401 229//393
f 228//392 233//399 229//393
f 234//402 233//403 235//404
f 236//405 233//403 228//406
f 235//404 233//403 236//405
f 228//406 214//371 236//405
f 198//407 235//408 236//409
f 236//409 214//367 199//410
f 236//409 199//410 198//407
f 234//402 235//404 237//411
f 237//412 235//408 196//413
f 196//413 235//408 198//407
f 238//414 239//415 237//411
f 237//411 240//416 238//414
f 237//412 196//413 240//417
f 237//411 239//415 234//402
f 241//418 239//419 238//420
f 242//421 239//419 241//418
f 242//421 232//401 239//419
f 239//419 232//401 234//400
f 242//422 241//423 243//424
f 244//425 232//426 242//422
f 242//422 245//427 244//425
f 243//424 245//427 242//422
f 246//428 247//429 243//429
f 246//430 243//430 248//430
f 243//431 241//431 248//431
f 247//429 245//432 243//429
f 248//433 241//434 249//435
f 250//436 248//433 249//435
f 250//437 246//438 248//439
f 250//440 251//441 252//442
f 252//442 253//443 250//440
f 253//444 254//444 250//444
f 249//445 251//441 250//440
f 250//446 254//446 255//446
f 255//447 246//438 250//437
f 254//448 256//448 255//448
f 257//449 256//449 254//449
f 257//450 254//450 253//450
f 255//451 256//451 258//451
f 259//452 256//452 257//452
f 259//453 260//453 256//453
f 256//454 260//454 258//454
f 258//455 260//455 261//455
f 262//456 260//456 259//456
f 261//457 260//457 262//457
f 263//458 264//459 261//460
f 261//460 265//461 263//458
f 261//462 262//463 266//464
f 266//464 265//465 261//462
f 261//466 264//466 258//466
f 267//467 268//467 265//467
f 265//468 268//468 269//468
f 265//469 270//470 263//471
f 269//472 270//470 265//469
f 265//473 271//473 267//473
f 272//474 271//474 265//474
f 272//465 265//465 266//464
f 273//475 272//476 266//477
f 274//478 272//476 273//475
f 274//478 275//479 272//476
f 276//480 271//480 272//480
f 272//481 277//481 276//481
f 278//482 277//482 272//482
f 272//465 275//483 278//484
f 275//483 279//485 278//484
f 278//486 280//486 277//486
f 278//487 281//487 282//487
f 282//488 280//488 278//488
f 278//489 279//489 281//489
f 281//490 279//490 283//490
f 283//491 279//491 284//491
f 284//492 279//492 285//492
f 275//493 286//493 279//493
f 279//494 286//494 285//494
f 285//495 286//495 287//495
f 287//496 286//496 288//496
f 289//497 286//497 275//497
f 288//498 286//498 289//498
f 288//499 289//499 290//499
f 275//500 291//500 289//500
f 289//501 291//501 290//501
f 290//101 274//101 292//101
f 290//502 291//502 274//502
f 290//503 293//503 288//503
f 67//101 290//101 64//101
f 67//504 293//504 290//504
f 290//101 292//101 64//101
f 294//505 293//505 295//505
f 288//506 293//506 294//506
f 295//507 293//507 67//507
f 294//508 295//508 296//508
f 68//509 295//509 67//509
f 296//510 295//510 68//510
f 72//511 297//512 296//513
f 72//514 296//514 68//514
f 298//515 294//515 296//515
f 296//516 299//517 298//518
f 296//513 297//512 299//519
f 299//519 297//512 300//520
f 300//521 297//522 301//523
f 301//523 297//522 72//524
f 302//525 299//519 300//520
f 303//526 302//527 300//521
f 301//523 304//528 300//521
f 300//521 304//528 303//526
f 303//529 304//530 305//531
f 305//531 306//532 303//529
f 303//529 306//532 307//533
f 303//529 307//533 308//534
f 308//535 302//527 303//526
f 307//536 306//537 309//538
f 309//538 306//537 310//539
f 310//539 306//537 305//540
f 311//304 309//541 310//542
f 310//542 312//543 313//544
f 310//542 313//544 311//304
f 305//540 312//545 310//539
f 314//546 309//546 311//546
f 314//547 311//548 315//549
f 315//549 311//548 316//550
f 311//551 313//551 316//551
f 316//552 313//552 317//552
f 317//553 318//553 316//553
f 316//554 318//554 319//554
f 316//555 319//555 315//555
f 319//556 318//556 320//556
f 315//557 319//557 320//557
f 321//558 322//558 320//558
f 323//559 321//560 320//561
f 320//561 318//562 323//559
f 320//563 322//563 315//563
f 324//564 322//564 321//564
f 325//565 322//565 324//565
f 322//566 326//566 315//566
f 325//567 326//567 322//567
f 324//568 327//568 325//568
f 327//569 328//570 325//571
f 329//572 326//573 325//571
f 325//571 328//570 329//572
f 329//574 328//575 330//576
f 331//577 332//331 328//578
f 327//569 331//579 328//570
f 328//580 332//580 330//580
f 330//576 326//581 329//574
f 330//582 332//582 333//582
f 333//583 326//583 330//583
f 314//584 326//584 333//584
f 314//585 333//586 334//587
f 332//588 335//589 333//590
f 333//590 336//591 334//592
f 333//590 335//589 336//591
f 335//593 337//594 336//595
f 338//596 335//593 339//597
f 339//598 335//589 332//588
f 338//596 337//594 335//593
f 340//599 337//600 338//601
f 341//602 337//600 340//599
f 336//595 337//594 342//603
f 342//603 337//594 308//534
f 308//535 337//600 341//602
f 343//604 302//525 341//605
f 344//440 343//604 341//605
f 341//605 340//606 344//440
f 341//602 302//527 308//535
f 344//440 340//606 345//607
f 345//436 346//608 344//435
f 346//609 347//610 344//611
f 344//611 347//610 348//612
f 348//613 349//613 344//613
f 344//614 349//614 343//614
f 348//449 350//449 349//449
f 350//448 351//448 349//448
f 349//615 351//615 343//615
f 283//616 351//616 350//616
f 351//617 284//617 298//617
f 343//618 351//618 298//618
f 283//619 284//619 351//619
f 282//620 350//620 348//620
f 282//621 281//621 350//621
f 350//622 281//622 283//622
f 347//623 352//623 348//623
f 348//624 352//624 282//624
f 353//625 352//625 347//625
f 352//626 280//626 282//626
f 353//627 280//627 352//627
f 347//628 354//629 353//630
f 355//631 277//631 353//631
f 353//630 354//629 355//632
f 277//633 280//633 353//633
f 356//428 354//428 347//429
f 356//428 357//634 354//428
f 354//635 357//635 355//635
f 346//636 356//636 347//636
f 346//637 358//637 356//637
f 356//638 358//639 359//422
f 359//422 357//640 356//638
f 359//641 360//419 226//390
f 359//422 226//642 361//643
f 361//643 357//640 359//422
f 359//641 358//644 360//419
f 226//390 360//419 223//382
f 223//381 360//645 362//411
f 362//411 360//645 363//646
f 360//419 358//644 363//647
f 363//646 364//648 362//411
f 363//646 365//649 364//648
f 363//647 358//644 345//607
f 345//607 365//650 363//647
f 338//601 365//649 340//599
f 340//606 365//650 345//607
f 364//648 365//649 338//601
f 362//651 364//652 366//413
f 366//413 364//652 339//597
f 339//597 364//652 338//596
f 222//653 366//654 367//655
f 221//378 366//413 222//379
f 362//651 366//413 221//378
f 367//655 366//654 339//598
f 367//655 368//656 222//653
f 367//657 331//577 368//658
f 367//657 332//331 331//577
f 339//598 332//588 367//655
f 217//659 368//656 209//357
f 222//653 368//656 217//659
f 368//658 331//577 369//660
f 209//661 368//661 370//661
f 370//662 368//662 369//662
f 369//663 331//664 371//665
f 372//666 369//663 371//665
f 370//667 369//668 372//669
f 373//670 208//670 372//670
f 372//671 374//671 373//671
f 372//672 375//672 374//672
f 372//673 371//674 375//675
f 372//669 208//676 370//667
f 374//677 375//677 376//677
f 376//678 375//678 377//678
f 377//679 375//679 378//679
f 375//675 371//674 378//680
f 378//681 379//681 377//681
f 371//682 331//682 378//682
f 378//683 327//683 379//683
f 378//684 331//684 327//684
f 377//685 379//685 380//685
f 379//686 327//686 324//686
f 379//687 324//687 381//687
f 380//688 379//688 381//688
f 381//689 321//689 382//689
f 382//690 380//690 381//690
f 324//691 321//691 381//691
f 382//692 321//692 383//692
f 384//693 380//693 382//693
f 385//694 384//694 382//694
f 386//695 382//695 383//695
f 385//696 382//696 386//696
f 386//273 387//273 388//273
f 388//697 385//697 386//697
f 383//698 389//698 386//698
f 386//699 390//699 387//699
f 386//700 389//700 390//700
f 323//701 318//701 389//701
f 323//702 389//702 383//702
f 390//703 389//703 391//703
f 389//704 318//704 391//704
f 392//705 393//705 391//705
f 391//706 393//706 390//706
f 391//707 394//707 392//707
f 317//708 394//708 391//708
f 391//709 318//709 317//709
f 395//710 394//711 317//712
f 396//713 394//711 395//710
f 392//714 394//715 396//714
f 395//710 397//716 396//713
f 397//716 398//717 396//713
f 396//714 398//718 392//714
f 399//719 398//717 397//716
f 400//720 398//720 399//720
f 401//721 398//721 400//721
f 392//722 398//722 401//722
f 402//723 401//723 403//723
f 392//724 401//724 402//724
f 404//725 401//726 400//727
f 403//728 401//728 404//728
f 402//729 403//729 405//729
f 403//730 406//730 405//730
f 403//731 407//732 406//733
f 404//734 407//732 403//731
f 406//735 407//735 408//735
f 408//736 407//736 409//736
f 409//737 407//737 400//737
f 400//727 407//738 404//725
f 400//739 399//739 409//739
f 409//740 399//740 410//740
f 409//101 410//101 411//101
f 409//101 411//101 412//101
f 409//101 412//101 408//101
f 399//741 413//742 410//743
f 410//101 414//101 411//101
f 410//744 413//744 415//744
f 410//101 415//101 414//101
f 416//101 77//101 414//101
f 77//745 417//745 414//745
f 415//101 416//101 414//101
f 414//746 418//746 419//746
f 414//747 419//747 411//747
f 414//748 417//748 418//748
f 418//749 417//750 78//751
f 78//751 417//750 77//752
f 419//753 418//753 420//753
f 420//754 418//755 421//756
f 421//757 418//757 78//757
f 420//754 421//756 422//758
f 80//759 421//759 78//759
f 422//760 421//760 80//760
f 420//761 422//761 423//761
f 423//762 422//762 424//762
f 422//763 81//763 424//763
f 80//764 81//764 422//764
f 424//765 425//766 423//767
f 426//768 425//766 424//765
f 85//769 90//769 424//769
f 424//770 90//770 426//770
f 424//771 81//771 85//771
f 426//772 92//773 427//774
f 428//775 426//775 427//775
f 428//776 425//776 426//776
f 426//772 90//777 92//773
f 427//778 429//778 428//778
f 429//779 430//779 428//779
f 431//780 432//780 428//780
f 430//781 431//781 428//781
f 428//782 432//782 425//782
f 433//783 434//783 430//783
f 433//784 430//784 435//784
f 435//785 430//785 429//785
f 434//786 431//786 430//786
f 99//787 102//787 435//787
f 435//788 429//788 99//788
f 435//789 102//790 433//791
f 436//792 434//793 433//794
f 437//795 434//793 436//792
f 437//796 431//796 434//796
f 438//797 437//797 436//797
f 438//798 439//798 437//798
f 437//799 440//800 441//801
f 439//802 440//803 437//804
f 441//805 431//805 437//805
f 442//806 440//803 439//802
f 439//807 443//807 444//807
f 438//808 443//808 439//808
f 442//809 439//809 444//809
f 441//801 440//800 442//810
f 445//811 441//811 442//811
f 444//812 446//812 442//812
f 442//813 446//813 445//813
f 445//814 447//814 420//814
f 446//815 447//815 445//815
f 445//816 448//816 432//816
f 445//817 432//817 441//817
f 445//818 420//818 423//818
f 423//819 448//819 445//819
f 425//820 448//820 423//820
f 432//821 448//821 425//821
f 447//822 419//822 420//822
f 449//823 447//823 446//823
f 449//824 450//824 447//824
f 447//825 450//825 419//825
f 419//826 450//826 411//826
f 411//827 450//827 412//827
f 450//828 451//828 412//828
f 449//829 451//829 450//829
f 412//830 451//830 452//830
f 452//831 451//831 453//831
f 453//832 451//832 449//832
f 405//833 406//833 452//833
f 453//834 405//834 452//834
f 408//101 412//101 452//101
f 452//835 406//835 408//835
f 454//836 453//836 444//836
f 444//837 453//837 449//837
f 454//838 405//838 453//838
f 444//839 443//839 454//839
f 443//840 455//840 454//840
f 454//841 455//841 402//841
f 402//842 405//842 454//842
f 455//843 393//843 402//843
f 387//844 393//844 455//844
f 387//845 455//845 456//845
f 456//846 455//846 443//846
f 456//847 457//847 387//847
f 438//848 457//848 456//848
f 456//849 443//849 438//849
f 387//850 457//850 388//850
f 388//851 457//851 458//851
f 436//852 457//852 438//852
f 458//853 457//854 436//855
f 458//856 459//856 388//856
f 458//853 436//855 460//857
f 460//858 459//858 458//858
f 388//859 459//859 461//859
f 462//860 459//860 463//860
f 463//861 459//861 460//861
f 461//862 459//862 462//862
f 462//863 464//863 461//863
f 462//864 463//864 465//864
f 465//865 466//865 462//865
f 466//866 464//866 462//866
f 461//867 464//867 385//867
f 385//868 464//868 467//868
f 467//869 464//869 468//869
f 468//870 464//870 466//870
f 149//871 469//871 467//871
f 467//872 468//872 149//872
f 469//873 384//873 467//873
f 467//874 384//874 385//874
f 470//875 469//875 149//875
f 471//876 469//876 470//876
f 472//877 384//877 469//877
f 472//878 469//878 471//878
f 470//879 147//879 471//879
f 147//880 473//880 471//880
f 471//881 473//881 474//881
f 471//882 376//882 472//882
f 474//883 376//883 471//883
f 473//884 475//884 474//884
f 475//885 374//885 474//885
f 374//886 376//886 474//886
f 373//887 374//887 475//887
f 476//888 373//888 475//888
f 477//889 475//889 473//889
f 476//890 475//890 477//890
f 477//891 473//891 478//891
f 478//892 479//892 477//892
f 479//893 480//893 477//893
f 477//894 480//894 476//894
f 480//887 205//887 476//887
f 481//888 205//888 480//888
f 482//895 480//895 479//895
f 481//896 480//896 482//896
f 483//897 481//897 482//897
f 484//898 483//898 482//898
f 482//899 479//899 484//899
f 153//900 152//900 484//900
f 484//901 152//901 485//901
f 484//902 146//902 153//902
f 485//903 483//903 484//903
f 484//904 479//904 146//904
f 485//905 152//905 154//905
f 154//906 486//906 485//906
f 485//907 486//907 487//907
f 487//908 483//908 485//908
f 487//909 488//909 483//909
f 489//910 488//910 487//910
f 486//911 490//911 487//911
f 487//912 490//912 489//912
f 490//913 491//913 489//913
f 489//914 195//914 492//914
f 491//915 195//915 489//915
f 489//916 492//917 488//918
f 488//918 492//917 204//919
f 492//920 195//921 201//922
f 492//920 201//922 204//923
f 191//924 195//925 491//926
f 187//317 191//924 491//926
f 493//927 491//927 490//927
f 187//928 491//928 493//928
f 493//929 490//929 494//929
f 495//930 493//930 494//930
f 186//558 493//558 495//558
f 187//931 493//931 186//931
f 158//932 495//932 494//932
f 171//933 495//933 158//933
f 172//934 495//934 171//934
f 176//564 186//564 495//564
f 176//296 495//935 172//294
f 494//936 486//936 158//936
f 494//937 490//937 486//937
f 204//938 481//938 488//938
f 488//939 481//939 483//939
f 158//940 486//940 154//940
f 204//941 205//941 481//941
f 146//942 479//942 478//942
f 478//943 147//943 146//943
f 478//944 473//944 147//944
f 476//945 205//945 206//945
f 206//946 373//946 476//946
f 472//947 376//947 377//947
f 377//948 380//948 472//948
f 472//949 380//949 384//949
f 149//950 147//950 470//950
f 149//951 468//951 145//951
f 145//952 468//952 496//952
f 468//953 466//953 496//953
f 496//954 497//954 145//954
f 496//955 498//955 497//955
f 499//956 498//956 496//956
f 496//957 500//957 499//957
f 496//958 466//958 500//958
f 498//959 110//960 119//961
f 497//962 498//963 119//964
f 111//965 110//960 498//959
f 111//966 498//967 499//968
f 499//969 500//969 106//969
f 106//970 500//970 465//970
f 500//971 466//971 465//971
f 499//968 108//972 111//966
f 106//185 108//188 499//973
f 497//962 119//964 501//974
f 145//975 497//975 501//975
f 501//976 144//976 145//976
f 138//977 144//977 501//977
f 501//974 119//964 120//978
f 501//974 120//978 138//979
f 465//980 105//980 106//980
f 465//981 463//981 105//981
f 461//982 385//982 388//982
f 105//983 463//983 433//983
f 433//984 463//984 460//984
f 460//985 436//985 433//985
f 449//986 446//986 444//986
f 441//987 432//987 431//987
f 433//791 102//790 105//988
f 99//989 429//989 427//989
f 99//170 427//990 98//173
f 427//991 93//991 98//991
f 427//774 92//773 93//992
f 416//101 76//101 77//101
f 416//993 502//993 76//993
f 416//994 503//994 502//995
f 415//996 503//997 416//998
f 76//999 502//1000 301//1001
f 502//1000 504//1002 301//1001
f 502//995 503//994 505//1003
f 505//1003 504//1004 502//995
f 506//1005 504//1004 505//1003
f 301//1001 504//1002 506//1006
f 505//1003 507//1007 506//1005
f 506//1005 507//1007 508//1008
f 301//1001 506//1006 304//530
f 304//530 506//1006 508//1009
f 508//1008 507//1007 509//1010
f 509//1010 312//545 508//1008
f 305//531 304//530 508//1009
f 508//1008 312//545 305//540
f 509//1011 510//1012 511//1013
f 511//1013 512//1014 509//1011
f 512//1014 312//543 509//1011
f 509//1011 507//1015 510//1012
f 510//1016 397//1017 511//1018
f 510//1016 513//1019 399//741
f 399//741 397//1017 510//1016
f 507//1015 513//1020 510//1012
f 513//1020 503//997 413//1021
f 399//741 513//1019 413//742
f 505//1022 513//1020 507//1015
f 505//1022 503//997 513//1020
f 511//1018 395//1023 512//1024
f 313//544 312//543 512//1014
f 317//1025 313//1026 512//1024
f 512//1024 395//1023 317//1025
f 511//1018 397//1017 395//1023
f 413//1021 503//997 415//996
f 402//1027 393//1027 392//1027
f 390//1028 393//1028 387//1028
f 383//1029 321//1029 323//1029
f 206//1030 208//1030 373//1030
f 370//1031 208//1031 209//1031
f 362//411 221//380 223//381
f 361//1032 226//1032 225//1032
f 514//1033 361//1033 225//1033
f 515//1034 357//1035 361//1034
f 514//1036 515//1034 361//1034
f 231//1033 514//1033 225//1033
f 231//1037 516//1037 514//1037
f 517//1038 515//1038 514//1038
f 514//1039 516//1039 517//1039
f 269//1040 268//1040 516//1040
f 269//1041 516//1041 231//1041
f 516//1042 518//1042 517//1042
f 268//1043 518//1043 516//1043
f 518//1044 519//1044 520//1044
f 517//1045 518//1045 520//1045
f 267//1046 518//1046 268//1046
f 267//1047 519//1047 518//1047
f 520//1048 519//1048 355//1048
f 267//1049 271//1049 519//1049
f 519//1050 271//1050 276//1050
f 355//1051 519//1052 276//1053
f 355//1054 357//1054 520//1054
f 520//1055 357//1056 515//1057
f 517//1058 520//1055 515//1057
f 345//436 358//1059 346//608
f 276//1053 277//1060 355//1051
f 343//604 299//519 302//525
f 298//518 299//517 343//1061
f 334//592 336//591 342//1062
f 308//534 307//533 342//603
f 342//1062 307//536 334//592
f 334//587 309//1063 314//585
f 307//536 309//538 334//592
f 315//1064 326//1064 314//1064
f 76//1065 301//523 72//524
f 298//1066 284//1066 285//1066
f 285//1067 287//1067 298//1067
f 287//1068 294//1068 298//1068
f 288//1069 294//1069 287//1069
f 292//1070 63//1070 64//1070
f 521//1071 63//1071 292//1071
f 274//1072 521//1072 292//1072
f 522//1073 521//1073 274//1073
f 522//1074 63//1074 521//1074
f 10//1075 522//1075 274//1075
f 523//1076 57//1076 522//1076
f 523//1077 522//1077 10//1077
f 57//1078 56//1078 522//1078
f 56//1079 63//1079 522//1079
f 523//1080 524//1080 525//1080
f 10//1081 524//1081 523//1081
f 525//1082 51//1082 523//1082
f 523//1083 51//1083 53//1083
f 53//1084 57//1084 523//1084
f 524//1085 526//1085 525//1085
f 526//1086 47//1086 525//1086
f 47//1087 51//1087 525//1087
f 527//1088 526//1088 524//1088
f 528//1089 526//1089 527//1089
f 528//1090 46//1090 526//1090
f 46//1091 47//1091 526//1091
f 529//1092 530//1092 528//1092
f 527//1093 529//1093 528//1093
f 45//1094 46//1094 528//1094
f 528//1095 40//1096 45//1097
f 530//1098 40//1096 528//1095
f 16//1099 530//1099 529//1099
f 530//1100 19//1100 531//1100
f 16//1101 19//1101 530//1101
f 531//1102 40//1102 530//1102
f 26//1103 40//1103 531//1103
f 531//1104 19//1104 26//1104
f 9//1105 529//1105 10//1105
f 16//1106 529//1106 9//1106
f 10//1107 529//1107 527//1107
f 527//1108 524//1108 10//1108
f 274//478 291//1109 275//479
f 273//1110 10//1110 274//1110
f 266//477 532//1111 273//475
f 273//1112 532//1112 533//1112
f 273//1113 534//1113 535//1113
f 273//1114 535//1114 8//1114
f 273//1115 533//1115 536//1115
f 536//1116 534//1116 273//1116
f 8//1110 10//1110 273//1110
f 536//1117 537//1117 534//1117
f 534//1118 537//1118 538//1118
f 535//1119 534//1119 538//1119
f 539//1120 537//1120 536//1120
f 537//1121 540//1121 538//1121
f 539//1122 541//1122 537//1122
f 541//1123 540//1123 537//1123
f 542//1124 543//1124 540//1124
f 542//1125 540//1125 541//1125
f 540//1126 543//1126 544//1126
f 538//1127 540//1127 544//1127
f 538//1128 544//1128 535//1128
f 535//1129 544//1129 545//1129
f 544//1130 543//1130 545//1130
f 545//1131 543//1131 546//1131
f 546//1132 547//1132 545//1132
f 545//1133 547//1133 548//1133
f 545//1134 548//1134 535//1134
f 547//1135 549//1135 550//1135
f 546//1136 549//1136 547//1136
f 547//1137 550//1137 551//1137
f 548//1138 547//1138 551//1138
f 550//1139 552//1139 551//1139
f 550//1140 549//1140 553//1140
f 553//1141 554//1141 550//1141
f 550//1142 554//1142 552//1142
f 555//1143 554//1143 556//1143
f 556//1144 554//1144 553//1144
f 557//1145 554//1145 555//1145
f 552//1146 554//1146 557//1146
f 557//1147 558//1147 559//1147
f 559//1148 552//1148 557//1148
f 557//1149 560//1150 561//1151
f 555//1152 560//1150 557//1149
f 557//1153 561//1153 558//1153
f 561//1154 562//1154 563//1154
f 558//1155 561//1155 563//1155
f 564//1156 562//1156 561//1156
f 560//1157 564//1157 561//1157
f 565//1158 562//1158 564//1158
f 560//1159 565//1159 564//1159
f 566//1160 567//1161 565//1162
f 560//1163 566//1163 565//1163
f 565//1164 568//1164 562//1164
f 565//1162 567//1161 568//1165
f 569//1166 570//1167 567//1168
f 567//1168 570//1167 568//1169
f 569//1166 567//1168 566//1170
f 571//1171 572//1172 569//1173
f 571//1174 569//1166 566//1170
f 569//1173 572//1172 573//1175
f 573//1175 570//1176 569//1173
f 572//1177 574//1178 573//1179
f 573//1175 575//1180 570//1176
f 573//1179 574//1178 576//1181
f 576//1181 575//1182 573//1179
f 577//1183 575//1182 576//1181
f 578//1184 577//1185 576//1186
f 574//1187 579//1188 576//1186
f 576//1186 579//1188 578//1184
f 580//1189 578//1190 581//1191
f 582//1192 578//1190 580//1189
f 582//1193 577//1185 578//1184
f 578//1190 579//1190 581//1191
f 583//1194 580//1195 581//1196
f 583//1194 581//1196 584//1197
f 581//1191 579//1190 585//1198
f 585//1198 586//1199 581//1191
f 581//1196 586//1200 584//1197
f 587//1201 583//1201 584//1201
f 584//1202 588//1202 587//1202
f 589//1203 588//1203 584//1203
f 584//1204 590//1205 589//1206
f 584//1197 586//1200 590//1207
f 589//1206 590//1205 591//1208
f 591//1209 590//1209 592//1209
f 590//1210 586//1199 585//1198
f 590//1210 585//1198 592//1211
f 593//1212 594//1212 592//1212
f 595//1213 593//1214 592//1215
f 592//1215 596//1216 595//1213
f 585//1217 596//1218 592//1219
f 592//1220 594//1220 591//1220
f 597//1221 594//1221 593//1221
f 597//1222 598//1222 594//1222
f 594//1223 598//1223 591//1223
f 591//1224 598//1224 589//1224
f 597//1225 599//1225 598//1225
f 598//1226 600//1226 589//1226
f 599//1227 600//1227 598//1227
f 589//1228 600//1229 601//1230
f 601//1230 600//1229 602//1231
f 602//1232 600//1232 599//1232
f 603//1233 601//1233 602//1233
f 602//1234 604//1234 603//1234
f 602//1235 605//1236 604//1237
f 602//1238 599//1238 606//1238
f 606//1239 605//1240 602//1241
f 607//1242 605//1240 606//1239
f 607//1243 606//1243 608//1243
f 606//1244 609//1244 608//1244
f 606//1245 599//1245 609//1245
f 610//1246 609//1246 597//1246
f 611//1247 609//1247 610//1247
f 608//1248 609//1248 611//1248
f 609//1249 599//1249 597//1249
f 612//1250 611//1250 610//1250
f 608//1251 611//1251 612//1251
f 608//1252 612//1252 613//1252
f 612//1253 614//1253 613//1253
f 615//1254 614//1254 612//1254
f 612//1255 610//1256 615//1257
f 615//1258 616//1258 614//1258
f 615//771 617//771 618//771
f 618//769 616//769 615//769
f 619//1259 617//1260 615//1261
f 615//1257 610//1256 619//1262
f 619//1259 620//1263 617//1260
f 618//1264 617//1264 621//1264
f 617//1265 622//1266 621//1267
f 620//1268 622//1266 617//1265
f 623//1269 622//1266 620//1268
f 624//1270 622//1271 625//1272
f 621//1273 622//1271 624//1270
f 625//1274 622//1274 623//1274
f 593//1275 623//1276 620//1263
f 595//1277 623//1277 593//1277
f 625//1278 623//1278 626//1278
f 626//1279 623//1280 595//1281
f 627//1282 625//1283 626//1284
f 626//1284 571//1171 627//1282
f 595//1281 596//1285 626//1279
f 626//1284 572//1172 571//1171
f 596//1285 572//1177 626//1279
f 627//1286 571//1287 628//1288
f 628//1288 625//1289 627//1286
f 628//1290 566//1291 556//1292
f 556//1292 624//1293 628//1290
f 624//1294 625//1294 628//1294
f 628//1295 571//1174 566//1170
f 553//1296 624//1296 556//1296
f 553//1297 629//1297 624//1297
f 624//1270 630//1298 621//1273
f 624//1299 629//1300 630//1301
f 630//1301 629//1300 631//1302
f 629//1303 632//1304 631//1305
f 553//1306 549//1306 629//1306
f 629//1307 549//1307 632//1307
f 632//1308 549//1308 546//1308
f 631//1305 632//1304 633//1309
f 633//1310 632//1310 546//1310
f 542//1311 634//1311 633//1311
f 542//1312 633//1312 543//1312
f 633//1313 635//1313 631//1313
f 634//1314 635//1314 633//1314
f 543//1315 633//1315 546//1315
f 631//1302 635//1316 636//1317
f 636//1318 635//1319 634//1320
f 637//1321 630//1298 636//1322
f 637//1321 636//1322 638//1323
f 636//1318 634//1320 639//1324
f 638//1323 636//1322 639//1325
f 636//1317 630//1301 631//1302
f 637//1326 638//1327 618//1328
f 639//1325 640//1329 638//1323
f 638//1330 616//1330 618//1330
f 640//1331 616//1331 638//1331
f 641//1332 640//1333 639//1334
f 642//1335 640//1335 643//1335
f 643//1336 640//1337 641//1338
f 642//1339 616//1339 640//1339
f 644//1340 643//1336 641//1338
f 644//1341 641//1341 645//1341
f 641//1342 646//1342 645//1342
f 639//1334 646//1343 641//1332
f 645//1344 646//1344 647//1344
f 639//1345 648//1346 646//1347
f 646//1347 648//1346 647//1348
f 647//1115 649//1115 645//1115
f 650//1115 649//1115 647//1115
f 647//1349 651//1349 650//1349
f 647//1350 648//1350 651//1350
f 651//1351 648//1351 541//1351
f 650//1352 651//1352 541//1352
f 649//1115 652//1115 645//1115
f 649//1353 653//1353 652//1353
f 654//1354 655//1354 649//1354
f 649//1355 655//1355 653//1355
f 654//1115 649//1115 650//1115
f 653//1356 656//1357 652//1358
f 653//1356 657//1359 656//1357
f 655//1360 658//1360 653//1360
f 653//1361 658//1361 659//1361
f 659//1362 657//1363 653//1364
f 656//1357 657//1359 660//1365
f 657//1359 661//1366 660//1365
f 253//443 661//1366 657//1359
f 253//1367 657//1363 659//1362
f 662//1368 661//1369 252//1370
f 663//1371 661//1369 662//1368
f 660//1372 661//1369 663//1371
f 252//442 661//1366 253//443
f 663//1373 664//1374 665//530
f 663//1371 665//1375 660//1372
f 663//1373 666//1376 664//1374
f 667//1377 666//1376 663//1373
f 662//1378 667//1377 663//1373
f 183//1379 182//1380 667//1381
f 183//1379 667//1381 668//1382
f 668//1383 667//1377 662//1378
f 667//1381 182//1380 666//537
f 668//1382 669//1384 183//1379
f 662//1378 670//1385 668//1383
f 668//1383 670//1385 669//1386
f 252//1370 670//1387 662//1368
f 670//1385 194//1388 669//1386
f 251//1389 670//1387 252//1370
f 671//1390 670//1387 251//1389
f 671//1391 194//1388 670//1385
f 251//1389 672//1392 671//1390
f 671//1391 240//417 193//1393
f 193//1393 194//1388 671//1391
f 672//1392 240//416 671//1390
f 238//414 240//416 672//1392
f 238//420 672//1394 249//445
f 249//445 672//1394 251//441
f 669//1384 194//329 184//330
f 183//1379 669//1384 184//330
f 665//530 664//1374 673//1395
f 664//1396 674//1397 673//1008
f 664//1396 666//537 181//1398
f 181//1398 674//1397 664//1396
f 181//304 179//307 674//1399
f 673//1008 674//1397 675//1400
f 674//1399 179//307 676//1401
f 675//1402 674//1399 676//1401
f 677//1403 678//1404 675//1405
f 679//1406 677//1407 675//1402
f 675//1402 676//1401 679//1406
f 675//1400 678//1408 673//1008
f 680//1409 678//1404 677//1403
f 681//1410 678//1411 680//1412
f 673//1008 678//1408 682//1413
f 682//1413 678//1408 681//1414
f 681//1414 683//1415 682//1413
f 684//1416 683//1415 681//1414
f 681//1414 685//1417 684//1416
f 681//1410 680//1412 685//1418
f 682//1419 683//1420 686//1421
f 686//1421 683//1420 684//1422
f 652//1423 656//1424 686//1425
f 652//1423 686//1425 687//1426
f 686//1425 656//1424 660//1372
f 660//1372 665//1375 686//1425
f 686//1421 665//530 682//1419
f 686//1421 684//1422 687//1427
f 652//1115 687//1115 644//1115
f 644//1115 687//1115 688//1115
f 687//1115 689//1115 688//1115
f 687//1428 684//1428 689//1428
f 688//1115 689//1115 690//1115
f 689//1115 691//1115 690//1115
f 689//1429 685//1418 691//1430
f 684//1416 685//1417 689//1417
f 690//1431 692//1431 688//1431
f 690//1115 693//1115 694//1115
f 694//1432 695//1432 690//1432
f 691//1115 693//1115 690//1115
f 695//1433 696//1433 690//1433
f 690//1434 696//1434 692//1434
f 692//1435 696//1436 697//1437
f 696//1438 698//1438 697//1438
f 613//1439 696//1439 695//1439
f 613//1440 698//1441 696//1442
f 697//1443 698//1443 642//1443
f 642//1444 698//1444 614//1444
f 614//1445 698//1441 613//1440
f 688//1446 692//1435 697//1437
f 688//1447 697//1447 644//1447
f 642//1448 643//1449 697//1450
f 697//1450 643//1449 644//1451
f 694//825 699//825 695//825
f 699//826 700//826 695//826
f 695//1452 700//1452 613//1452
f 701//1453 702//1453 700//1453
f 701//1454 700//1454 699//1454
f 700//1455 702//1455 608//1455
f 613//1456 700//1456 608//1456
f 607//1457 702//1457 703//1457
f 608//1458 702//1458 607//1458
f 703//1459 702//1459 701//1459
f 701//1460 704//1460 703//1460
f 704//1461 705//1461 703//1461
f 705//1462 706//1462 703//1462
f 703//1463 706//1463 604//1463
f 703//1464 604//1464 607//1464
f 603//1465 706//1465 163//1465
f 604//1466 706//1466 603//1466
f 707//1467 706//1467 705//1467
f 163//1468 706//1468 707//1468
f 707//1469 705//1469 708//1469
f 708//1470 709//1470 707//1470
f 709//1471 166//1471 707//1471
f 707//1472 166//1472 163//1472
f 710//1473 709//1473 711//1473
f 711//1474 709//1474 708//1474
f 710//1475 168//1475 709//1475
f 709//1476 168//1476 166//1476
f 711//1477 712//1477 710//1477
f 710//1478 712//1478 713//1478
f 713//1479 714//1479 710//1479
f 710//1480 714//1480 168//1480
f 714//1481 170//1481 168//1481
f 714//1482 676//1482 174//1482
f 174//1483 170//1483 714//1483
f 713//1484 676//1484 714//1484
f 712//1485 677//1485 713//1485
f 679//1486 676//1486 713//1486
f 713//1487 677//1487 679//1487
f 715//1488 712//1488 711//1488
f 716//1489 677//1489 712//1489
f 716//1490 712//1490 715//1490
f 717//1491 715//1491 711//1491
f 716//1492 715//1492 717//1492
f 718//1493 717//1493 711//1493
f 716//1494 717//1494 719//1494
f 719//1495 717//1495 718//1495
f 708//1496 720//1496 718//1496
f 718//1497 720//1497 721//1497
f 718//1498 711//1498 708//1498
f 722//1115 719//1115 718//1115
f 722//1115 718//1115 721//1115
f 722//1499 723//1499 699//1499
f 722//1500 699//1500 694//1500
f 721//1501 723//1501 722//1501
f 694//1115 719//1115 722//1115
f 704//1502 723//1502 721//1502
f 701//1503 723//1503 704//1503
f 699//1504 723//1504 701//1504
f 721//1505 720//1505 704//1505
f 724//1506 720//1506 708//1506
f 704//1507 720//1507 724//1507
f 708//1508 705//1508 724//1508
f 724//1509 705//1509 704//1509
f 693//1115 719//1115 694//1115
f 693//1510 716//1510 719//1510
f 693//1511 725//1512 716//1513
f 725//1512 680//1514 716//1513
f 716//1513 680//1514 677//1515
f 691//1516 725//1516 693//1516
f 691//1430 685//1418 725//1517
f 685//1418 680//1412 725//1517
f 682//1419 665//530 673//1395
f 676//1518 179//1518 174//1518
f 666//537 182//1380 181//1398
f 658//1519 726//1519 659//1519
f 659//1520 726//1520 727//1520
f 728//1521 257//1521 659//1521
f 727//1522 728//1522 659//1522
f 659//1523 257//1523 253//1523
f 726//1524 729//1524 727//1524
f 729//1525 262//1525 727//1525
f 727//1526 262//1526 728//1526
f 730//1527 729//1527 731//1527
f 266//1528 729//1528 730//1528
f 731//1529 729//1529 726//1529
f 266//1530 262//1530 729//1530
f 533//1531 730//1531 731//1531
f 731//1532 658//1532 732//1532
f 731//1533 732//1533 533//1533
f 731//1534 726//1534 658//1534
f 654//505 732//505 655//505
f 533//1535 732//1535 654//1535
f 732//507 658//507 655//507
f 533//1536 532//1536 730//1536
f 730//1537 532//1537 266//1537
f 259//1538 257//1538 728//1538
f 728//1539 262//1539 259//1539
f 533//1115 654//1115 539//1115
f 539//1115 654//1115 650//1115
f 645//1115 652//1115 644//1115
f 650//1540 541//1540 539//1540
f 542//94 648//94 639//94
f 541//1541 648//1541 542//1541
f 614//1542 616//1542 642//1542
f 639//93 634//93 542//93
f 621//1273 630//1298 637//1321
f 618//1328 621//1543 637//1326
f 593//1275 620//1263 619//1259
f 619//1544 610//1544 597//1544
f 597//1545 593//1545 619//1545
f 604//1237 605//1236 607//1546
f 162//1547 601//1547 603//1547
f 603//1548 163//1548 162//1548
f 589//1549 601//1549 733//1549
f 733//1550 601//1550 162//1550
f 733//1551 161//1551 588//1551
f 733//1552 588//1552 589//1552
f 162//1553 161//1553 733//1553
f 585//1217 574//1187 596//1218
f 596//1285 574//1178 572//1177
f 587//1554 588//1554 734//1554
f 588//1555 161//1555 734//1555
f 734//1556 735//1556 587//1556
f 157//1557 156//1557 734//1557
f 734//1558 161//1558 157//1558
f 734//1559 156//1559 735//1559
f 587//1560 735//1560 736//1560
f 736//1561 735//1561 737//1561
f 735//1562 156//1562 151//1562
f 737//1563 735//1563 151//1563
f 151//1564 141//1564 737//1564
f 141//1565 140//1565 737//1565
f 737//1566 738//1566 739//1566
f 739//1567 736//1567 737//1567
f 140//1568 738//1568 737//1568
f 140//247 135//244 738//1569
f 738//1570 740//1571 741//1572
f 739//1573 738//1574 741//1575
f 135//1576 740//1571 738//1570
f 741//1577 740//1578 582//1192
f 740//1579 132//1579 582//1579
f 135//1576 133//1580 740//1571
f 740//1581 133//1581 132//1581
f 582//1192 580//1189 741//1577
f 741//1575 580//1582 739//1573
f 739//1583 580//1195 583//1194
f 583//1584 736//1584 739//1584
f 587//1585 736//1585 583//1585
f 585//1217 579//1188 574//1187
f 742//1586 577//1185 582//1193
f 582//1193 743//1587 742//1586
f 582//1588 132//1589 744//1590
f 582//1591 744//1591 743//1591
f 743//1592 744//1592 745//1592
f 744//1590 132//1589 134//1593
f 744//1594 134//1595 745//1596
f 746//1597 745//1598 747//1599
f 747//1599 745//1598 748//1600
f 745//1596 134//1595 128//1601
f 745//1598 128//1602 748//1600
f 746//1603 743//1604 745//1605
f 747//1606 748//1607 749//1608
f 749//1608 748//1607 750//1609
f 748//1610 751//1611 750//1612
f 748//1600 128//1602 751//1613
f 752//1614 751//1614 753//1614
f 753//1615 751//1615 127//1615
f 751//1613 128//1602 127//1616
f 750//1612 751//1611 752//1617
f 754//1618 750//1619 752//1620
f 755//1621 754//1618 752//1620
f 752//1622 756//1623 755//1624
f 753//1625 757//1625 752//1625
f 752//1626 757//1626 758//1626
f 752//1622 758//1627 756//1623
f 756//1628 758//1628 759//1628
f 758//1629 760//1629 759//1629
f 758//1630 761//1631 760//1632
f 757//1633 761//1631 758//1630
f 761//1631 762//1634 760//1632
f 757//1635 126//1636 761//1637
f 126//1636 763//1638 761//1637
f 761//1637 763//1638 762//1639
f 760//1640 762//1640 22//1640
f 29//1641 762//1641 30//1641
f 22//1642 762//1642 29//1642
f 762//1639 763//1638 30//1643
f 126//1644 118//1645 763//1646
f 763//1647 114//1648 30//51
f 763//1649 115//1649 114//1649
f 118//1645 115//1650 763//1646
f 24//29 760//1651 22//27
f 764//1652 760//1651 24//29
f 759//1653 760//1653 764//1653
f 759//1654 764//1654 14//1654
f 14//1655 764//1655 20//1655
f 20//32 764//1656 24//30
f 14//1657 13//1657 759//1657
f 759//1658 13//1658 12//1658
f 765//1659 756//1659 759//1659
f 765//1660 759//1660 12//1660
f 765//1661 2//1661 766//1661
f 766//1662 767//1662 765//1662
f 767//1663 754//1663 765//1663
f 12//1664 5//1664 765//1664
f 3//1665 2//1665 765//1665
f 765//1666 5//1666 3//1666
f 765//1667 754//1667 755//1667
f 755//1668 756//1668 765//1668
f 766//1669 768//1669 767//1669
f 769//1670 749//1670 767//1670
f 770//1671 769//1671 767//1671
f 749//1672 750//1672 767//1672
f 767//1673 750//1673 754//1673
f 767//1674 768//1674 770//1674
f 4//1675 768//1675 766//1675
f 771//1676 768//1676 4//1676
f 770//1677 768//1677 771//1677
f 771//1678 4//1678 7//1678
f 771//1679 772//1679 770//1679
f 7//1680 772//1680 771//1680
f 563//1681 773//1681 772//1681
f 563//1682 772//1682 7//1682
f 772//1683 773//1683 770//1683
f 563//1684 562//1684 773//1684
f 773//1685 562//1685 774//1685
f 773//1686 774//1686 770//1686
f 774//1687 562//1687 775//1687
f 774//1688 775//1688 776//1688
f 770//1689 774//1689 776//1689
f 776//1690 769//1690 770//1690
f 776//1691 775//1692 777//1693
f 777//1693 769//1694 776//1691
f 777//1695 749//1696 769//1697
f 777//1695 775//1698 778//1699
f 778//1699 749//1696 777//1695
f 778//1700 747//1700 749//1700
f 778//1701 779//1702 780//1703
f 780//1704 747//1704 778//1704
f 775//1705 568//1705 778//1705
f 568//1169 779//1702 778//1701
f 568//1169 570//1167 779//1702
f 780//1706 779//45 746//1707
f 779//45 575//1180 746//1707
f 570//1176 575//1180 779//45
f 746//1708 747//1708 780//1708
f 562//1709 568//1709 775//1709
f 766//1710 2//1710 4//1710
f 127//1711 126//1636 757//1635
f 127//1712 757//1712 753//1712
f 746//1603 575//1182 577//1183
f 746//1603 577//1183 742//1713
f 742//1713 743//1604 746//1603
f 556//1714 566//1714 560//1714
f 7//1715 558//1715 563//1715
f 559//1716 558//1716 8//1716
f 8//1717 558//1717 7//1717
f 556//1718 560//1718 555//1718
f 781//1719 552//1719 559//1719
f 8//1720 781//1720 559//1720
f 535//1721 781//1721 8//1721
f 548//1722 781//1722 535//1722
f 551//1723 552//1723 781//1723
f 551//1724 781//1724 548//1724
f 536//1115 533//1115 539//1115
f 782//1725 270//1725 269//1725
f 231//1726 782//1726 269//1726
f 783//1727 270//1727 782//1727
f 783//1728 782//1728 784//1728
f 784//1729 782//1729 231//1729
f 244//1730 785//1730 784//1731
f 230//1732 244//1732 784//1732
f 784//1733 785//1733 783//1733
f 230//1732 784//1732 231//1732
f 244//1730 245//1734 785//1730
f 785//1735 245//1736 786//1737
f 785//1735 786//1737 783//1738
f 786//1739 787//1739 783//1739
f 786//1740 245//1740 788//1740
f 788//1741 787//1741 786//1741
f 788//1742 247//1743 789//1744
f 788//1745 789//1745 263//1745
f 788//1746 245//1746 247//1746
f 263//1747 787//1747 788//1747
f 789//1744 247//1743 246//1748
f 246//1749 790//1749 789//1749
f 790//1750 264//1750 789//1750
f 789//1751 264//1751 263//1751
f 255//1752 790//1752 246//1752
f 258//1753 790//1753 255//1753
f 258//1754 264//1754 790//1754
f 263//1755 270//1755 787//1755
f 787//1756 270//1756 783//1756
f 249//445 241//418 238//420
f 230//1757 232//1757 244//1757
f 240//417 196//413 193//1393
f 215//368 214//371 228//406
f 210//356 217//659 209//357
f 199//410 214//367 212//364
f 200//340 199//339 212//360
f 189//319 191//924 187//317
f 177//1758 186//1758 176//1758
f 171//1759 158//1759 160//1759
f 160//1760 165//1760 171//1760
f 134//1595 129//1761 128//1601
f 123//1762 118//1645 126//1644
f 110//960 116//1763 119//961
f 30//51 114//1648 113//1764
f 113//1764 32//49 30//51
f 102//1765 101//183 105//182
f 104//180 35//174 33//190
f 87//1766 50//1767 49//1768
f 87//1769 86//1769 55//1769
f 55//1770 50//1767 87//1766
f 86//1771 60//1771 55//1771
f 74//124 71//1772 61//122
f 71//106 62//105 61//1773
