# Blender v3.0.1 OBJ File: ''
# www.blender.org
mtllib Large_Board_Green.mtl
o obj1.028
v -29.228077 -20.267662 -25.608131
v -29.228077 -20.267672 24.391869
v -29.027958 -23.512245 -25.608135
v -29.027958 -23.512257 24.391865
v -28.430637 -26.707634 -25.608137
v -28.430637 -26.707644 24.391865
v -27.445164 -29.805397 -25.608137
v -27.445164 -29.805407 24.391865
v -26.086483 -32.758587 -25.608137
v -26.086483 -32.758587 24.391865
v -24.375195 -35.522427 -25.608137
v -24.375195 -35.522427 24.391865
v -22.337223 -38.055019 -25.608137
v -22.337223 -38.055019 24.391865
v -20.003475 -40.317959 -25.608137
v -20.003475 -40.317959 24.391865
v -17.409328 -42.276974 -25.608137
v -17.409328 -42.276974 24.391865
v -14.594106 -43.902340 -25.608137
v -14.594106 -43.902340 24.391865
v -11.600484 -45.169445 -25.608137
v -11.600484 -45.169445 24.391861
v -8.473836 -46.059048 -25.608137
v -8.473836 -46.059048 24.391861
v -5.261562 -46.557674 -25.608137
v -5.261562 -46.557674 24.391861
v -2.012363 -46.657787 -25.608137
v -2.012363 -46.657787 24.391861
v 1.224506 -46.357845 -25.608137
v 1.224506 -46.357845 24.391861
v 4.399990 -45.662411 -25.608137
v 4.399990 -45.662411 24.391861
v 7.465939 -44.582012 -25.608137
v 7.465939 -44.582012 24.391861
v 10.375880 -43.133022 -25.608137
v 10.375880 -43.133022 24.391865
v 13.085704 -41.337429 -25.608137
v 13.085704 -41.337429 24.391865
v 15.554332 -39.222439 -25.608137
v 15.554332 -39.222439 24.391865
v 17.744350 -36.820110 -25.608137
v 17.744350 -36.820110 24.391865
v 19.622540 -34.166866 -25.608137
v 19.622540 -34.166866 24.391865
v 21.160442 -31.302925 -25.608137
v 21.160442 -31.302935 24.391865
v 22.334743 -28.271690 -25.608137
v 22.334743 -28.271702 24.391865
v 23.127651 -25.119133 -25.608135
v 23.127651 -25.119143 24.391865
v 23.527126 -21.893045 -25.608135
v 23.527126 -21.893055 24.391865
v 23.527126 -18.642298 -25.608131
v 23.527126 -18.642305 24.391869
v 23.127651 -15.416193 -25.608131
v 23.127651 -15.416199 24.391869
v 22.334743 -12.263636 -25.608131
v 22.334743 -12.263641 24.391869
v 21.160442 -9.232415 -25.608131
v 21.160442 -9.232422 24.391869
v 19.622540 -6.368463 -25.608131
v 19.622540 -6.368471 24.391869
v 17.744350 -3.715219 -25.608130
v 17.744350 -3.715227 24.391870
v 15.554332 -1.312906 -25.608130
v 15.554332 -1.312914 24.391870
v 13.085704 0.802100 -25.608130
v 13.085704 0.802092 24.391870
v 10.375880 2.597693 -25.608130
v 10.375880 2.597685 24.391870
v 7.465939 4.046667 -25.608130
v 7.465939 4.046660 24.391870
v 4.399990 5.127066 -25.608130
v 4.399990 5.127058 24.391870
v 1.224506 5.822508 24.391870
v 1.224506 5.822516 -25.608130
v -2.012363 6.122441 -25.608130
v -2.012363 6.122437 24.391870
v -5.261562 6.022343 -25.608130
v -5.261562 6.022339 24.391870
v -8.473836 5.523703 -25.608130
v -8.473836 5.523695 24.391870
v -11.600484 4.634100 -25.608130
v -11.600484 4.634093 24.391870
v -14.594106 3.367011 -25.608130
v -14.594106 3.367003 24.391870
v -17.409328 1.741621 24.391870
v -17.409328 1.741629 -25.608130
v -20.003475 -0.217378 24.391870
v -20.003475 -0.217370 -25.608130
v -22.337223 -2.480325 -25.608130
v -22.337223 -2.480333 24.391870
v -24.375195 -5.012918 -25.608131
v -24.375195 -5.012926 24.391869
v -26.086483 -7.776743 -25.608131
v -26.086483 -7.776750 24.391869
v -27.445164 -10.729935 24.391869
v -27.445164 -10.729929 -25.608131
v -28.430637 -13.827713 24.391869
v -28.430637 -13.827707 -25.608131
v -29.027958 -17.023104 24.391869
v -29.027958 -17.023096 -25.608131
v -15.312879 37.267796 18.141874
v -12.370862 35.955921 21.266874
v -11.328298 35.571445 11.891874
v -12.833005 36.138935 11.891874
v -15.453275 37.339817 11.891874
v -17.999546 38.827000 15.016874
v -20.277721 40.519917 18.141876
v -17.649944 38.600590 21.266874
v 18.707073 68.071930 -9.983121
v 14.704051 69.816208 -9.983121
v 14.899806 69.745544 -13.108121
v 19.672283 67.544205 -13.108121
v 21.338177 66.511734 -13.108121
v 22.238064 65.879425 -9.983121
v 19.313122 67.746155 -7.639369
v 16.045301 69.303848 -5.295619
v 21.931286 66.101532 -3.733119
v 19.139736 67.841232 -4.514369
v 17.344128 68.740891 -0.608117
v 21.052868 66.700592 -0.608117
v 24.225674 64.245438 -0.608121
v 21.605267 66.330048 1.735633
v 23.955013 64.490631 5.641881
v 18.597149 68.129074 4.079381
v 15.452800 69.538452 3.298133
v 16.974331 68.908234 5.641881
v 12.066577 70.643173 2.516883
v 13.513217 70.217560 8.766881
v -1.999523 71.863907 -9.983121
v -7.372761 71.022644 -13.108121
v -1.780453 71.882538 -13.108121
v 3.730449 71.962570 -9.983121
v -7.582104 70.974289 -9.983121
v -2.218380 71.844101 -6.858117
v -7.999157 70.874252 -3.733117
v 3.289669 71.983353 -3.733117
v -2.436994 71.823120 -3.733117
v -2.655370 71.800980 -0.608117
v -2.544515 71.812378 2.516883
v -7.787655 70.925613 2.516883
v 2.848484 71.999435 2.516883
v -2.433591 71.823471 5.641883
v 3.072558 71.991852 8.766881
v -7.575581 70.975815 8.766881
v -12.928075 69.284180 -2.951867
v -15.950849 67.861099 -3.733119
v -12.990056 69.258865 -6.858119
v -9.667386 70.423309 -2.170617
v -2.322598 71.834259 8.766881
v -2.211553 71.844742 11.891881
v -7.469334 71.000488 11.891881
v -12.831326 69.323395 0.173133
v -9.564229 70.453613 0.954383
v -15.773335 67.956329 2.516881
v -12.782872 69.342911 1.735633
v -12.602315 69.414810 5.641881
v -18.603497 66.224930 -1.389367
v -21.078175 64.234024 -5.295619
v -19.948605 65.211319 -6.858119
v -20.941708 64.359222 0.954379
v -23.038990 62.151569 -2.951871
v -24.689472 59.743244 -6.858121
v -23.882427 61.029148 -1.389371
v -25.748989 57.459248 2.516879
v -25.805119 57.303074 -3.733121
v -22.926228 62.288883 3.298129
v -22.791248 62.449848 8.766881
v -24.517933 60.039204 5.641881
v -20.872944 64.421524 4.079381
v -23.832722 61.100651 1.735629
v -25.052944 59.063221 5.641879
v -14.980115 37.100803 -18.186249
v -11.930707 35.788898 -20.139374
v -17.331005 38.400684 -22.483124
v -17.766277 38.675068 -16.233124
v -15.095777 37.158268 -14.670624
v -12.180631 35.882877 -13.108124
v -7.641682 34.496662 -19.748749
v -3.106236 33.708378 -19.358124
v -2.682996 33.662342 -25.608124
v -9.411908 34.960224 -13.108124
v -2.450696 33.638996 -13.108124
v -8.536298 34.719318 -25.608124
v -26.447186 50.730656 -0.608122
v -26.600178 52.729267 -25.608122
v -26.600178 52.729267 24.391880
v -26.444744 54.760761 -0.608121
v -26.359966 50.224186 -19.358122
v -25.996700 48.760487 -25.608122
v -26.133762 49.238865 -6.858122
v -25.656155 47.772923 -13.108124
v -16.361614 37.829456 -6.858124
v -14.755719 36.991077 -13.108124
v -17.074657 38.244434 -13.108124
v -17.514629 38.515018 -6.858122
v 3.449589 33.485722 -25.608124
v -15.140172 37.180485 -6.858124
v -26.474346 50.917042 18.141880
v -26.103176 49.126484 11.891878
v -16.651638 37.994846 5.641876
v -17.831707 38.717335 5.641878
v -17.479481 38.492970 11.891874
v 11.168391 34.581867 -19.358124
v 15.177516 35.816380 -25.608124
v 9.549632 34.221577 -25.608124
v -15.984242 37.620945 5.641876
v -24.598095 45.563709 18.141880
v -25.569569 47.553074 24.391880
v -22.631985 42.822208 24.391876
v -20.716991 40.898136 11.891874
v -21.782894 41.906223 5.641878
v -23.329922 43.673985 11.891878
v -15.237950 37.229740 5.641876
v -14.403104 36.823200 5.641876
v 14.028697 35.408863 -19.358124
v 27.678249 45.406116 -19.358122
v 28.798611 47.691288 -25.608122
v 26.939327 44.269733 -25.608122
v 28.541637 47.075062 -19.358122
v -2.456716 33.639591 18.141874
v -4.158970 33.842625 24.391874
v -0.768848 33.509708 24.391874
v -0.429356 33.491978 18.141874
v 2.967166 33.466908 24.391874
v 24.803432 41.763294 -6.858122
v 24.596722 41.561161 -13.108124
v 23.870663 40.892109 -6.858122
v 25.651226 42.655979 -6.858122
v 28.830578 47.773777 -6.858122
v 28.065533 46.095646 -6.858122
v 27.853115 45.707737 -0.608122
v 28.431591 58.618290 -19.358122
v 28.631832 58.167713 -25.608122
v 29.092754 56.934116 -19.358122
v 27.558346 60.244831 -19.358122
v 26.734417 61.467136 -25.608122
v 13.662639 35.288532 18.141874
v 11.300296 34.614521 24.391874
v 15.702647 36.018467 24.391874
v 25.066845 42.029194 5.641878
v 24.419613 41.392277 5.641878
v 24.593761 41.558308 11.891874
v 15.639476 35.993610 18.141874
v 20.032696 38.125568 24.391874
v 28.812267 47.726353 5.641878
v 28.041180 46.049854 5.641878
v 28.084118 59.320621 -6.858121
v 28.843761 57.641773 -6.858121
v 27.897518 59.665012 -0.608121
v 15.740199 69.426331 -19.358118
v 15.811824 69.397888 -25.608116
v 20.137463 67.272278 -25.608116
v 13.762263 70.137573 -19.358118
v 11.407245 70.815979 -25.608116
v 24.490810 63.997105 -6.858119
v 24.669903 63.824497 -13.108121
v 25.135067 63.356342 -6.858119
v 27.509624 45.128544 18.141880
v 26.677502 43.909901 24.391880
v 28.597103 47.201756 24.391880
v 11.883304 70.692490 -19.358116
v 10.115069 71.118240 -19.358116
v 7.118130 71.644058 -25.608116
v 3.063457 71.992188 -25.608116
v 28.393154 46.750340 18.141880
v 29.065914 48.433094 18.141880
v 28.108547 59.274021 5.641879
v 28.862041 57.593555 5.641879
v 24.877926 63.618809 5.641881
v 25.722561 62.718830 5.641881
v 24.676037 63.818501 11.891881
v 27.725704 59.965534 18.141880
v 28.830410 57.676670 24.391880
v 26.993176 61.107059 24.391880
v 28.577755 58.293324 18.141880
v -12.125943 69.598724 -19.358118
v -14.634000 68.530884 -25.608116
v -10.063085 70.303940 -25.608116
v -13.607823 68.998352 -19.358118
v -16.177128 67.737350 -19.358118
v -18.028240 66.616898 -25.608116
v -18.152195 66.534348 -19.358118
v 11.316020 70.838882 18.141884
v 15.327998 69.586166 24.391884
v 9.689120 71.207626 24.391884
v 14.160136 70.005493 18.141884
v 8.377666 71.451996 18.141884
v 3.617579 71.968338 24.391884
v -26.474819 54.553715 -19.358122
v -26.102558 56.357166 -13.108121
v -25.489262 58.119251 -6.858121
v -25.142765 58.882008 -13.108121
v -25.151157 58.864750 -6.858121
v -25.955692 56.852909 -6.858121
v -15.104184 68.301224 18.141884
v -13.651860 68.979202 24.391884
v -18.086544 66.578201 24.391884
v -12.538945 69.439758 18.141884
v -24.829380 59.490726 11.891881
v -25.641079 57.744862 11.891881
v -17.391201 67.025482 18.141884
v -25.495075 58.105427 5.641879
v -25.851200 57.170460 5.641879
v -26.127178 56.266926 5.641879
v -26.357822 55.265217 18.141880
v -25.983700 56.763294 24.391880
v -25.559620 47.528446 -22.483122
v -24.230297 44.957066 -25.608122
v -24.321400 45.101994 -19.358122
v -22.525333 42.700596 -22.483122
v -21.690952 41.813618 -25.608122
v -20.418980 40.639408 -19.358122
v -23.565540 43.986774 -16.233124
v -22.343021 42.497334 -13.108124
v -18.201130 38.961170 -25.608124
v -13.779378 36.539371 -25.608124
v -24.688091 45.721607 -9.983124
v -25.393070 47.133259 -3.733122
v -20.117916 40.387043 -9.983124
v -26.033535 48.883076 2.516878
v -25.369114 47.078846 5.641878
v -24.326664 45.110462 -0.608122
v -21.413387 41.540882 -3.733122
v -23.162472 43.460026 2.516878
v -19.979870 40.274204 -0.608124
v -17.689068 38.625538 -3.733124
v -24.464405 45.336384 8.766878
v 4.111187 33.520649 -19.358124
v 4.771435 33.566059 -13.108124
v -1.792942 33.580158 -6.858125
v -8.796857 34.788593 -6.858124
v -8.176259 34.626911 -0.608124
v -25.471478 47.315449 15.016878
v -17.733555 38.654026 2.516876
v -11.785329 35.735264 -3.733124
v -14.597753 36.915195 -0.608124
v -17.355251 38.415668 2.516876
v -26.128223 49.218235 21.266880
v -21.913372 42.039707 15.016874
v 17.158794 36.634708 -22.483124
v 20.040340 38.130085 -25.608124
v 14.788432 35.673161 -16.233124
v 11.790843 34.740437 -13.108124
v 5.429974 33.621983 -6.858125
v 6.086452 33.688374 -0.608124
v 12.407771 34.909031 -6.858124
v -1.133343 33.531849 -0.608124
v -0.898847 33.517231 5.641875
v -7.954716 34.571934 5.641876
v -7.732525 34.518208 11.891874
v -11.176198 35.518528 8.766874
v -9.634412 35.025166 11.891874
v 17.453838 36.770130 -16.233124
v 26.050060 43.117237 -22.483122
v 24.013287 41.018818 -25.608122
v -18.060886 38.867542 24.391874
v -14.678067 36.953648 24.391874
v 21.199734 38.855610 -9.983124
v 22.734219 39.953831 -13.108124
v 20.573895 38.453938 -13.108124
v 18.152950 37.106190 -13.108124
v 18.688122 37.378529 -6.858124
v 13.018817 35.087574 -0.608124
v 15.949718 36.117146 -3.733124
v 19.214062 37.659641 -0.608124
v 26.292889 43.413425 -16.233124
v 26.165630 43.256657 -13.108124
v 6.318897 33.714466 5.641875
v 6.551022 33.741886 11.891874
v 13.234225 35.153324 5.641876
v -0.664181 33.503941 11.891874
v 29.272915 49.117924 -22.483122
v 29.676861 51.215382 -25.608122
v 27.499874 45.112873 -16.233124
v -6.368450 34.219151 21.266874
v -10.124021 35.173527 24.391874
v 21.675869 39.178181 -3.733124
v 16.336071 36.276173 2.516876
v 29.691586 54.094624 -22.483122
v 29.611065 54.734455 -25.608122
v 29.740353 51.972919 -19.358122
v 27.197323 44.644337 -9.983124
v 26.404964 43.554462 -6.858122
v 29.455639 49.863102 -16.233124
v 28.839718 47.797611 -13.108124
v 29.761211 52.731983 -13.108123
v 27.701458 45.445301 -9.983124
v 26.107632 43.186344 -3.733122
v 24.278027 41.259983 -0.608124
v 21.992290 39.401234 2.516876
v 19.398464 37.761509 5.641876
v 16.537014 36.361210 8.766874
v 26.490627 43.664234 -3.733122
v 13.448840 35.220310 11.891874
v 19.581661 37.864445 11.891874
v 6.782803 33.770603 18.141874
v 7.014240 33.800663 24.391874
v 26.847973 44.141987 -3.733122
v 29.593258 54.849781 -16.233122
v 29.528728 50.225636 -9.983124
v 25.935024 62.473759 -22.483122
v 23.922955 64.519135 -25.608122
v 26.331936 43.462254 2.516878
v 25.731014 42.745914 5.641878
v 26.403744 43.552906 5.641878
v 22.156048 39.519550 8.766874
v 22.934521 40.110661 11.891874
v 21.250515 38.889286 11.891874
v 16.736935 36.447407 15.016874
v 26.600582 43.807697 2.516878
v 26.882183 44.189533 2.516878
v 27.900799 59.659138 -16.233122
v 28.834652 57.665623 -13.108121
v 26.159008 62.205952 -13.108121
v 29.530422 55.213520 -9.983121
v 29.761196 52.707081 -6.858122
v 18.572796 37.318699 15.016874
v 29.524090 50.201008 -3.733122
v 29.280636 49.146168 -0.608122
v 29.761150 52.682194 -0.608121
v 27.424480 60.459675 -16.233122
v 26.248745 62.095737 -16.233122
v 25.562023 62.898655 -16.233122
v 27.152950 44.578373 8.766878
v 26.096554 43.172993 11.891878
v 27.708553 59.994755 -9.983121
v 29.535000 55.188892 -3.733121
v 29.303173 56.218983 -0.608121
v 29.519421 50.176517 2.516878
v 27.661358 45.377766 8.766878
v 27.205791 60.795902 -9.983121
v 26.464123 61.823994 -6.858119
v 25.795666 62.635456 -6.858119
v 25.495251 42.483341 15.016874
v 26.186184 43.281742 15.016878
v 27.373806 44.913486 15.016878
v 29.539577 55.164005 2.516879
v 18.668377 68.092102 -16.233118
v 29.761044 52.657154 5.641878
v 29.514660 50.151768 8.766878
v 28.802944 47.702396 11.891878
v 29.760906 52.632114 11.891879
v 27.855892 45.712635 15.016878
v 26.936855 61.187092 -3.733121
v 26.657284 61.570896 -3.733121
v 16.833523 68.970444 -16.233118
v 23.017498 65.281723 -13.108121
v 26.390438 61.918156 -3.733121
v 15.960429 69.338272 -16.233118
v 25.870403 42.905781 21.266876
v 23.843349 40.868076 24.391876
v 15.143565 69.655640 -16.233118
v 29.544079 55.139225 8.766881
v 29.579815 50.515263 15.016879
v 26.905575 61.231144 2.516879
v 26.466656 61.820728 5.641881
v 26.550167 61.712391 2.516879
v 26.171993 62.190113 2.516879
v 9.586413 71.228439 -13.108121
v 27.748791 59.926014 8.766881
v 28.871059 57.569553 11.891881
v 26.228558 62.120701 11.891881
v 29.473324 55.502048 15.016881
v 27.250378 60.728748 8.766881
v 29.744717 53.391392 18.141880
v 4.225941 71.933594 -16.233116
v 29.682888 51.270161 21.266880
v 29.598019 50.628407 24.391880
v 29.685909 54.149311 24.391880
v -8.212049 70.821274 -22.483116
v -4.079273 71.627029 -25.608116
v 27.549511 60.259251 15.016881
v 29.295422 56.248051 21.266880
v 26.356258 61.961414 15.016881
v 21.303158 66.535217 8.766881
v 22.833584 65.427322 11.891881
v 20.675869 66.942154 11.891881
v 18.273632 68.293915 11.891881
v -7.110127 71.081589 -16.233116
v 26.114651 62.259800 21.266880
v 24.094402 64.365387 24.391880
v -20.558598 64.699768 -22.483122
v -22.615269 62.654469 -25.608122
v -12.608296 69.412445 -13.108121
v -17.063313 67.226028 -16.233118
v -17.704487 66.827759 -16.233118
v 14.923640 69.736862 15.016881
v 17.571941 68.634888 15.016881
v -18.833729 66.061493 -16.233118
v 13.546351 70.207047 15.016881
v -23.776546 61.180546 -22.483122
v -25.571110 57.921040 -25.608122
v -21.976131 63.352772 -19.358122
v -24.751820 59.632023 -19.358122
v -20.574627 64.685837 -16.233122
v -21.165020 64.153229 -13.108121
v -22.642010 62.623753 -13.108121
v 8.524531 71.426910 11.891881
v 17.282635 68.769119 21.266884
v 20.153378 67.262772 24.391884
v -23.787998 61.164341 -16.233122
v -23.711521 61.271854 -13.108121
v -26.130314 56.255283 -22.483122
v 3.108981 71.990509 15.016881
v -25.530567 58.020237 -16.233122
v -23.130383 62.038303 -9.983121
v -23.750286 61.217564 -9.983121
v -12.407125 69.491180 11.891881
v -7.541050 70.983871 15.016881
v -25.958523 56.843952 -3.733121
v -26.074017 56.458912 -3.733121
v -7.684292 70.950241 21.266884
v -8.403011 70.772629 24.391884
v -2.511173 71.815735 24.391884
v -16.902241 67.322235 15.016881
v -18.035709 66.611954 15.016881
v -20.614323 64.651199 11.891881
v -22.328861 62.975651 11.891881
v -23.729755 61.246372 11.891881
v -25.925541 56.947147 2.516879
v -23.512028 61.544621 8.766881
v -26.076031 56.451801 2.516879
v -20.055264 65.124420 15.016881
v -19.634907 65.460983 21.266884
v -21.613667 63.721210 24.391880
v -25.764828 57.415730 15.016881
v -25.543972 57.987659 21.266880
v -24.185116 60.576405 24.391880
v -22.707623 42.909718 -9.983124
v -23.233685 43.550220 -6.858122
v -23.724598 44.206364 -3.733122
v -12.077611 35.843861 -6.858124
v 20.843349 38.623890 -24.045624
v 22.134624 39.503956 -22.483122
v 15.081570 35.780552 -13.108124
v 22.256863 39.593388 -19.358122
v -20.351284 40.581898 22.829376
v 20.233852 38.245655 -14.670624
v 24.504681 41.472904 -17.795622
v 15.662257 36.002552 -6.858124
v -14.083295 36.675632 22.829374
v 21.460857 66.428894 -20.920618
v 22.365170 39.673588 15.016874
v 22.688137 65.540405 -19.358118
v 22.605221 39.854618 18.141876
v 22.448788 65.722717 -16.233118
v 21.371670 38.970341 19.704374
v 9.161677 71.311447 -6.858117
v 3.950656 71.950439 -13.108121
v -1.506092 71.904190 -16.233116
v -0.681309 71.957993 -25.608116
v 24.586422 63.905460 16.579380
v 20.344112 67.147583 13.454381
v 22.350552 65.796204 18.141884
v 8.306834 71.463882 5.641883
v 4.816578 71.891251 0.954383
v 13.615047 70.185104 11.891881
v 22.230953 65.884659 21.266884
v 20.947063 66.769287 22.829384
v -17.271458 67.099472 -13.108121
v -17.436550 66.997238 -9.983121
v 3.184566 71.987610 11.891881
v -18.733036 66.133453 -8.420621
v -2.286504 71.837692 15.016881
v -2.361417 71.830521 18.141884
v -16.929996 67.305771 8.766881
v -18.335911 66.410095 7.204381
v -19.652256 65.447388 5.641881
v -16.844547 67.356339 11.891881
v -23.330997 61.783146 18.141880
v -24.741398 59.650761 16.579380
v -22.168964 63.149006 22.829380
v -23.176136 61.980915 21.266880
v 46.231853 64.514313 24.391880
v 46.231853 39.611683 24.391876
v 46.231853 64.514313 -25.608122
v 46.231853 39.611683 -25.608122
v 51.289379 69.571838 -25.608116
v 51.289379 69.571838 24.391884
v 48.760616 68.894257 -25.608116
v 48.760616 68.894257 24.391884
v 46.909435 67.043076 -25.608116
v 46.909435 67.043076 24.391884
v 93.979607 69.571838 24.391884
v 93.979607 69.571838 -25.608116
v 99.037132 64.514313 24.391880
v 98.359550 67.043076 24.391884
v 99.037132 64.514313 -25.608122
v 98.359550 67.043076 -25.608116
v 96.508369 68.894257 24.391884
v 96.508369 68.894257 -25.608116
v 99.037132 39.611683 24.391876
v 99.037132 39.611683 -25.608122
v 93.979607 34.554157 -25.608124
v 93.979607 34.554157 24.391874
v 96.508369 35.231739 -25.608124
v 96.508369 35.231739 24.391874
v 98.359550 37.082920 -25.608124
v 98.359550 37.082920 24.391874
v 51.289379 34.554157 24.391874
v 51.289379 34.554157 -25.608124
v 46.909435 37.082920 24.391874
v 46.909435 37.082920 -25.608124
v 48.760616 35.231739 24.391874
v 48.760616 35.231739 -25.608124
v 67.977272 -30.174440 24.391865
v 67.977272 -30.174433 -25.608137
v 67.383034 -32.392178 24.391865
v 67.383034 -32.392178 -25.608137
v 65.759529 -34.015682 24.391865
v 65.759529 -34.015682 -25.608137
v 63.541790 -34.609921 24.391865
v 63.541790 -34.609921 -25.608137
v 44.950359 -34.609921 24.391865
v 44.950359 -34.609921 -25.608137
v 42.732616 -34.015682 24.391865
v 42.732616 -34.015682 -25.608137
v 41.109112 -32.392178 24.391865
v 41.109112 -32.392178 -25.608137
v 40.514874 -30.174440 24.391865
v 40.514874 -30.174433 -25.608137
v 40.514874 -11.583002 -25.608131
v 40.514874 -11.583008 24.391869
v 102.681633 -7.147516 -25.608131
v 104.899376 -7.741754 -25.608131
v 102.681633 -7.147524 24.391869
v 104.899376 -7.741762 24.391869
v 106.522881 -9.365258 -25.608131
v 106.522881 -9.365265 24.391869
v 107.117119 -11.583002 -25.608131
v 107.117119 -11.583008 24.391869
v 107.117119 -30.174440 24.391865
v 107.117119 -30.174433 -25.608137
v 84.090202 -7.147516 -25.608131
v 84.090202 -7.147524 24.391869
v 106.522881 -32.392178 24.391865
v 106.522881 -32.392178 -25.608137
v 104.899376 -34.015682 24.391865
v 104.899376 -34.015682 -25.608137
v 102.681633 -34.609921 24.391865
v 102.681633 -34.609921 -25.608137
v 84.090202 -34.609921 -25.608137
v 84.090202 -34.609921 24.391865
v 63.541790 -7.147516 -25.608131
v 65.759529 -7.741754 -25.608131
v 63.541790 -7.147524 24.391869
v 65.759529 -7.741762 24.391869
v 67.383034 -9.365258 -25.608131
v 67.383034 -9.365265 24.391869
v 67.977272 -11.583002 -25.608131
v 67.977272 -11.583008 24.391869
v 41.109112 -9.365258 -25.608131
v 41.109112 -9.365265 24.391869
v 42.732616 -7.741754 -25.608131
v 42.732616 -7.741762 24.391869
v 44.950359 -7.147516 -25.608131
v 44.950359 -7.147524 24.391869
v 81.872459 -34.015682 24.391865
v 81.872459 -34.015682 -25.608137
v 80.248970 -32.392178 24.391865
v 80.248970 -32.392178 -25.608137
v 79.654716 -30.174440 24.391865
v 79.654716 -30.174433 -25.608137
v 79.654716 -11.583002 -25.608131
v 79.654716 -11.583008 24.391869
v 80.248970 -9.365258 -25.608131
v 80.248970 -9.365265 24.391869
v 81.872459 -7.741754 -25.608131
v 81.872459 -7.741762 24.391869
v 98.263039 -83.988876 24.391855
v 46.086086 -83.988876 24.391855
v 98.263039 -83.988876 -25.608145
v 46.086086 -83.988876 -25.608145
v 103.320564 -89.046394 24.391855
v 102.642982 -86.517632 24.391855
v 103.320564 -89.046394 -25.608145
v 102.642982 -86.517632 -25.608145
v 100.791801 -84.666451 24.391855
v 100.791801 -84.666451 -25.608145
v 103.320564 -117.506561 24.391850
v 103.320564 -117.506554 -25.608150
v 98.263039 -122.564072 -25.608152
v 98.263039 -122.564079 24.391850
v 100.791801 -121.886490 -25.608152
v 100.791801 -121.886497 24.391850
v 102.642982 -120.035309 -25.608152
v 102.642982 -120.035316 24.391850
v 94.422890 -122.564079 24.391850
v 94.422890 -122.564072 -25.608152
v 89.428810 -118.305115 24.391850
v 90.334206 -120.483322 24.391850
v 89.428810 -118.305115 -25.608150
v 90.334206 -120.483322 -25.608152
v 92.129051 -122.013977 24.391850
v 92.129051 -122.013969 -25.608152
v 88.607384 -115.124100 24.391850
v 88.607384 -115.124100 -25.608150
v 87.205025 -112.153069 24.391850
v 87.205025 -112.153061 -25.608150
v 85.271324 -109.497055 24.391850
v 85.271324 -109.497055 -25.608150
v 82.874626 -107.249962 24.391853
v 82.874626 -107.249962 -25.608147
v 80.099663 -105.491219 24.391853
v 80.099663 -105.491219 -25.608147
v 77.044533 -104.282997 24.391853
v 77.044533 -104.282997 -25.608147
v 73.817238 -103.668022 24.391853
v 73.817238 -103.668022 -25.608147
v 70.531883 -103.668022 24.391853
v 70.531883 -103.668022 -25.608147
v 67.304588 -104.282997 24.391853
v 67.304588 -104.282997 -25.608147
v 64.249458 -105.491219 24.391853
v 64.249458 -105.491219 -25.608147
v 61.474499 -107.249962 24.391853
v 61.474499 -107.249962 -25.608147
v 59.077801 -109.497055 24.391850
v 59.077801 -109.497055 -25.608150
v 57.144085 -112.153061 -25.608150
v 57.144085 -112.153069 24.391850
v 55.741741 -115.124100 24.391850
v 55.741741 -115.124100 -25.608150
v 54.920315 -118.305115 24.391850
v 54.920315 -118.305115 -25.608150
v 49.926235 -122.564079 24.391850
v 52.220074 -122.013977 24.391850
v 49.926235 -122.564072 -25.608152
v 52.220074 -122.013969 -25.608152
v 54.014919 -120.483322 24.391850
v 54.014919 -120.483322 -25.608152
v 46.086086 -122.564079 24.391850
v 46.086086 -122.564072 -25.608152
v 41.028561 -117.506561 24.391850
v 41.706142 -120.035316 24.391850
v 41.028561 -117.506554 -25.608150
v 41.706142 -120.035309 -25.608152
v 43.557323 -121.886497 24.391850
v 43.557323 -121.886490 -25.608152
v 41.028561 -89.046394 24.391855
v 41.028561 -89.046394 -25.608145
v 43.557323 -84.666451 24.391855
v 43.557323 -84.666451 -25.608145
v 41.706142 -86.517632 24.391855
v 41.706142 -86.517632 -25.608145
v -31.810673 -111.114365 -25.608150
v -31.321796 -107.870880 -25.608147
v -31.810673 -111.114365 24.391850
v -31.321796 -107.870880 24.391853
v -29.898602 -104.915588 -25.608147
v -29.898602 -104.915588 24.391853
v -27.667553 -102.511093 -25.608147
v -27.667553 -102.511093 24.391853
v -24.826885 -100.871033 -25.608147
v -24.826885 -100.871033 24.391853
v -21.629002 -100.141136 -25.608147
v -21.629002 -100.141136 24.391853
v -18.358051 -100.386261 -25.608147
v -18.358051 -100.386261 24.391853
v -15.304669 -101.584618 -25.608147
v -15.304669 -101.584618 24.391853
v -12.740170 -103.629745 -25.608147
v -12.740170 -103.629745 24.391853
v -10.892407 -106.339905 -25.608147
v -10.892407 -106.339905 24.391853
v -9.925580 -109.474304 -25.608150
v -9.925580 -109.474304 24.391850
v -9.925580 -112.754425 -25.608150
v -9.925580 -112.754425 24.391850
v -10.892407 -115.888824 -25.608150
v -10.892407 -115.888824 24.391850
v -12.740170 -118.598984 -25.608150
v -12.740170 -118.598984 24.391850
v -15.304669 -120.644104 -25.608152
v -15.304669 -120.644112 24.391850
v -18.358051 -121.842468 -25.608152
v -18.358051 -121.842476 24.391850
v -21.629002 -122.087593 -25.608152
v -21.629002 -122.087601 24.391850
v -24.826885 -121.357697 -25.608152
v -24.826885 -121.357704 24.391850
v -27.667553 -119.717636 -25.608152
v -27.667553 -119.717636 24.391850
v -29.898602 -117.313141 -25.608150
v -29.898602 -117.313141 24.391850
v -31.321796 -114.357849 -25.608150
v -31.321796 -114.357849 24.391850
v -15.970670 -83.678680 24.391855
v -15.970670 -83.678680 -25.608145
v -15.481793 -80.435196 24.391855
v -15.481793 -80.435196 -25.608145
v -14.058606 -77.479904 -25.608145
v -14.058606 -77.479904 24.391855
v -11.827550 -75.075409 -25.608145
v -11.827550 -75.075409 24.391855
v -8.986882 -73.435349 -25.608145
v -8.986882 -73.435349 24.391855
v -5.788998 -72.705452 -25.608143
v -5.788998 -72.705452 24.391855
v -2.518048 -72.950569 -25.608145
v -2.518048 -72.950569 24.391855
v 0.535327 -74.148933 -25.608145
v 0.535327 -74.148933 24.391855
v 3.099833 -76.194061 -25.608145
v 3.099833 -76.194061 24.391855
v 4.947590 -78.904221 -25.608145
v 4.947590 -78.904221 24.391855
v 5.914425 -82.038620 -25.608145
v 5.914425 -82.038620 24.391855
v 5.914425 -85.318741 -25.608145
v 5.914425 -85.318741 24.391855
v 4.947590 -88.453133 -25.608145
v 4.947590 -88.453133 24.391855
v 3.099833 -91.163300 -25.608145
v 3.099833 -91.163300 24.391855
v 0.535327 -93.208420 -25.608147
v 0.535327 -93.208420 24.391853
v -2.518048 -94.406784 -25.608147
v -2.518048 -94.406784 24.391853
v -5.788998 -94.651909 -25.608147
v -5.788998 -94.651909 24.391853
v -8.986882 -93.922012 -25.608147
v -8.986882 -93.922012 24.391853
v -11.827550 -92.281952 -25.608147
v -11.827550 -92.281952 24.391853
v -14.058606 -89.877457 -25.608145
v -14.058606 -89.877457 24.391855
v -15.481793 -86.922165 24.391855
v -15.481793 -86.922165 -25.608145
v -0.130672 -111.114365 24.391850
v -0.130672 -111.114365 -25.608150
v 0.358204 -107.870880 24.391853
v 0.358204 -107.870880 -25.608147
v 1.781399 -104.915588 -25.608147
v 1.781399 -104.915588 24.391853
v 4.012447 -102.511093 -25.608147
v 4.012447 -102.511093 24.391853
v 6.853115 -100.871033 -25.608147
v 6.853115 -100.871033 24.391853
v 10.050999 -100.141136 -25.608147
v 10.050999 -100.141136 24.391853
v 13.321948 -100.386261 -25.608147
v 13.321948 -100.386261 24.391853
v 16.375332 -101.584618 -25.608147
v 16.375332 -101.584618 24.391853
v 18.939831 -103.629745 -25.608147
v 18.939831 -103.629745 24.391853
v 20.787594 -106.339905 -25.608147
v 20.787594 -106.339905 24.391853
v 21.754421 -109.474304 -25.608150
v 21.754421 -109.474304 24.391850
v 21.754421 -112.754425 -25.608150
v 21.754421 -112.754425 24.391850
v 20.787594 -115.888824 -25.608150
v 20.787594 -115.888824 24.391850
v 18.939831 -118.598984 -25.608150
v 18.939831 -118.598984 24.391850
v 16.375332 -120.644104 -25.608152
v 16.375332 -120.644112 24.391850
v 13.321948 -121.842468 -25.608152
v 13.321948 -121.842476 24.391850
v 10.050999 -122.087593 -25.608152
v 10.050999 -122.087601 24.391850
v 6.853115 -121.357697 -25.608152
v 6.853115 -121.357704 24.391850
v 4.012447 -119.717636 -25.608152
v 4.012447 -119.717636 24.391850
v 1.781399 -117.313141 -25.608150
v 1.781399 -117.313141 24.391850
v 0.358204 -114.357849 -25.608150
v 0.358204 -114.357849 24.391850
v -73.362999 -122.645828 -25.608152
v -73.362999 -122.645828 24.391850
v -71.712471 -123.246567 -25.608152
v -71.712471 -123.246574 24.391850
v -69.956017 -123.246567 -25.608152
v -69.956017 -123.246574 24.391850
v -68.305481 -122.645828 -25.608152
v -68.305481 -122.645828 24.391850
v -92.398766 -111.655525 24.391850
v -92.398766 -111.655518 -25.608150
v -94.927528 -107.275581 -25.608147
v -94.927528 -107.275581 24.391853
v -94.622520 -109.005356 -25.608147
v -94.622520 -109.005356 24.391853
v -93.744293 -110.526489 -25.608150
v -93.744293 -110.526489 24.391850
v -94.927528 -85.294968 24.391855
v -94.927528 -85.294968 -25.608145
v -92.398766 -80.915031 -25.608145
v -92.398766 -80.915031 24.391855
v -93.744293 -82.044060 -25.608145
v -93.744293 -82.044060 24.391855
v -94.622520 -83.565193 -25.608145
v -94.622520 -83.565193 24.391855
v -73.362999 -69.924721 24.391855
v -73.362999 -69.924721 -25.608143
v -68.305481 -69.924721 24.391855
v -69.956017 -69.323982 24.391855
v -68.305481 -69.924721 -25.608143
v -69.956017 -69.323982 -25.608143
v -71.712471 -69.323982 24.391855
v -71.712471 -69.323982 -25.608143
v -49.269711 -80.915031 24.391855
v -49.269711 -80.915031 -25.608145
v -46.740948 -85.294968 24.391855
v -47.045956 -83.565193 24.391855
v -46.740948 -85.294968 -25.608145
v -47.045956 -83.565193 -25.608145
v -47.924183 -82.044060 24.391855
v -47.924183 -82.044060 -25.608145
v -46.740948 -107.275581 24.391853
v -46.740948 -107.275581 -25.608147
v -49.269711 -111.655525 24.391850
v -47.924183 -110.526489 24.391850
v -49.269711 -111.655518 -25.608150
v -47.924183 -110.526489 -25.608150
v -47.045956 -109.005356 24.391853
v -47.045956 -109.005356 -25.608147
v -77.335823 64.545853 -25.608122
v -77.335823 50.289845 -25.608122
v -77.335823 64.545853 24.391880
v -77.335823 50.289845 24.391880
v -78.173424 47.163853 24.391880
v -78.173424 47.163853 -25.608122
v -80.461815 44.875462 24.391880
v -80.461815 44.875462 -25.608122
v -83.587822 44.037846 24.391880
v -83.587822 44.037846 -25.608122
v -97.843819 44.037846 -25.608122
v -97.843819 44.037846 24.391880
v -100.969818 44.875462 24.391880
v -100.969818 44.875462 -25.608122
v -103.258209 47.163853 24.391880
v -103.258209 47.163853 -25.608122
v -104.095818 50.289845 24.391880
v -104.095818 50.289845 -25.608122
v -64.495819 57.417850 24.391880
v -64.495819 57.417850 -25.608122
v -64.107018 60.619892 24.391880
v -64.107018 60.619892 -25.608122
v -62.963215 63.635853 24.391880
v -62.963215 63.635853 -25.608122
v -61.130890 66.290421 24.391884
v -61.130890 66.290421 -25.608116
v -58.716522 68.429367 24.391884
v -58.716522 68.429367 -25.608116
v -55.860428 69.928360 24.391884
v -55.860428 69.928360 -25.608116
v -52.728596 70.700287 24.391884
v -52.728596 70.700287 -25.608116
v -49.503033 70.700287 24.391884
v -49.503033 70.700287 -25.608116
v -46.371204 69.928360 24.391884
v -46.371204 69.928360 -25.608116
v -43.515110 68.429367 24.391884
v -43.515110 68.429367 -25.608116
v -41.100742 66.290421 24.391884
v -41.100742 66.290421 -25.608116
v -39.268414 63.635853 24.391880
v -39.268414 63.635853 -25.608122
v -38.124615 60.619892 -25.608122
v -38.124615 60.619892 24.391880
v -37.735813 57.417850 24.391880
v -37.735813 57.417850 -25.608122
v -38.124615 54.215809 -25.608122
v -38.124615 54.215809 24.391880
v -39.268414 51.199848 24.391880
v -39.268414 51.199848 -25.608122
v -41.100742 48.545261 -25.608122
v -41.100742 48.545261 24.391880
v -43.515110 46.406330 24.391880
v -43.515110 46.406330 -25.608122
v -46.371204 44.907337 24.391880
v -46.371204 44.907337 -25.608122
v -49.503033 44.135410 -25.608122
v -49.503033 44.135410 24.391880
v -52.728596 44.135410 24.391880
v -52.728596 44.135410 -25.608122
v -55.860428 44.907337 -25.608122
v -55.860428 44.907337 24.391880
v -58.716522 46.406330 24.391880
v -58.716522 46.406330 -25.608122
v -61.130890 48.545261 24.391880
v -61.130890 48.545261 -25.608122
v -62.963215 51.199848 -25.608122
v -62.963215 51.199848 24.391880
v -64.107018 54.215809 -25.608122
v -64.107018 54.215809 24.391880
v -83.587822 70.797852 -25.608116
v -80.461815 69.960236 -25.608116
v -83.587822 70.797852 24.391884
v -80.461815 69.960236 24.391884
v -78.173424 67.671844 -25.608116
v -78.173424 67.671844 24.391884
v -104.095818 64.545853 -25.608122
v -104.095818 64.545853 24.391880
v -97.843819 70.797852 -25.608116
v -97.843819 70.797852 24.391884
v -103.258209 67.671844 -25.608116
v -103.258209 67.671844 24.391884
v -100.969818 69.960236 -25.608116
v -100.969818 69.960236 24.391884
v -47.844028 -8.140870 24.391869
v -62.189312 -8.140870 24.391869
v -47.844028 -8.140862 -25.608131
v -62.189312 -8.140862 -25.608131
v -44.871288 -17.290010 24.391869
v -43.034039 -14.761261 24.391869
v -44.871288 -17.290003 -25.608131
v -43.034039 -14.761255 -25.608131
v -43.034039 -11.635529 24.391869
v -43.034039 -11.635523 -25.608131
v -44.871288 -9.106782 24.391869
v -44.871288 -9.106774 -25.608131
v -56.476871 -25.721958 24.391865
v -56.476871 -25.721949 -25.608135
v -52.043934 -39.365139 24.391865
v -52.043934 -39.365139 -25.608137
v -59.826656 -45.019619 -25.608137
v -59.826656 -45.019619 24.391861
v -56.853920 -45.985516 -25.608137
v -56.853920 -45.985516 24.391861
v -53.881184 -45.019619 -25.608137
v -53.881184 -45.019619 24.391861
v -52.043934 -42.490856 -25.608137
v -52.043934 -42.490856 24.391865
v -71.432243 -36.587673 24.391865
v -71.432243 -36.587673 -25.608137
v -83.037819 -45.019619 24.391861
v -83.037819 -45.019619 -25.608137
v -90.820541 -39.365139 24.391865
v -90.820541 -42.490856 24.391865
v -90.820541 -39.365139 -25.608137
v -90.820541 -42.490856 -25.608137
v -88.983292 -45.019619 24.391861
v -88.983292 -45.019619 -25.608137
v -86.010551 -45.985516 24.391861
v -86.010551 -45.985516 -25.608137
v -86.387604 -25.721958 24.391865
v -86.387604 -25.721949 -25.608135
v -97.993187 -17.290010 24.391869
v -97.993187 -17.290003 -25.608131
v -95.020447 -8.140862 -25.608131
v -95.020447 -8.140870 24.391869
v -97.993187 -9.106774 -25.608131
v -97.993187 -9.106782 24.391869
v -99.830437 -11.635523 -25.608131
v -99.830437 -11.635529 24.391869
v -99.830437 -14.761255 -25.608131
v -99.830437 -14.761261 24.391869
v -80.675163 -8.140870 24.391869
v -80.675163 -8.140862 -25.608131
v -76.242226 5.502302 24.391870
v -76.242226 5.502310 -25.608130
v -66.622253 5.502302 24.391870
v -68.459503 8.031068 24.391870
v -66.622253 5.502310 -25.608130
v -68.459503 8.031072 -25.608130
v -71.432243 8.996964 24.391870
v -71.432243 8.996968 -25.608130
v -74.404976 8.031068 24.391870
v -74.404976 8.031072 -25.608130
v -113.477242 87.835526 24.123938
v -112.477242 87.835526 24.391886
v -112.477242 88.835526 24.123938
v -113.477242 89.567581 22.391886
v -112.477242 89.567581 23.391886
v -112.477242 89.835526 22.391886
v -114.477242 87.835526 22.391886
v -114.209290 87.835526 23.391886
v -114.209290 88.835526 22.391886
v -113.798607 88.117599 23.866480
v -113.798607 89.310104 22.673967
v -112.477242 89.835526 -25.608114
v -113.477242 89.567581 -25.608114
v -114.209290 88.835526 -25.608114
v -114.477242 87.835526 -25.608114
v 114.522758 87.835526 24.123938
v 113.522758 88.835526 24.123938
v 113.522758 87.835526 24.391886
v 114.522758 89.567581 22.391886
v 113.522758 89.835526 22.391886
v 113.522758 89.567581 23.391886
v 115.522758 87.835526 22.391886
v 115.254814 88.835526 22.391886
v 115.254814 87.835526 23.391886
v 113.804832 89.310104 23.713251
v 114.997353 88.117599 23.713251
v 115.522758 87.835526 -25.608114
v 115.254814 88.835526 -25.608114
v 114.522758 89.567581 -25.608114
v 113.522758 89.835526 -25.608114
v -113.477242 -139.896530 22.391844
v -112.477242 -140.164474 22.391844
v -112.477242 -139.896530 23.391844
v -113.477242 -138.164474 24.123896
v -112.477242 -139.164474 24.123896
v -112.477242 -138.164474 24.391844
v -114.477242 -138.164474 22.391844
v -114.209290 -139.164474 22.391844
v -114.209290 -138.164474 23.391844
v -113.798607 -139.639069 22.673925
v -113.798607 -138.446564 23.866438
v -114.477242 -138.164474 -25.608154
v -114.209290 -139.164474 -25.608154
v -113.477242 -139.896530 -25.608154
v -112.477242 -140.164474 -25.608154
v 115.254814 -138.164474 23.391844
v 115.254814 -139.164474 22.391844
v 115.522758 -138.164474 22.391844
v 113.522758 -139.896530 23.391844
v 113.522758 -140.164474 22.391844
v 114.522758 -139.896530 22.391844
v 113.522758 -138.164474 24.391844
v 113.522758 -139.164474 24.123896
v 114.522758 -138.164474 24.123896
v 114.844124 -139.639069 22.673925
v 114.844124 -138.446564 23.866438
v 113.522758 -140.164474 -25.608154
v 114.522758 -139.896530 -25.608154
v 115.254814 -139.164474 -25.608154
v 115.522758 -138.164474 -25.608154
vn 0.9981 0.0616 0.0000
vn 0.9830 0.1838 0.0000
vn 0.9830 0.1837 0.0000
vn 0.9529 0.3032 0.0000
vn 0.9085 0.4180 0.0000
vn 0.8502 0.5264 0.0000
vn 0.7791 0.6269 0.0000
vn 0.6961 0.7179 0.0000
vn 0.6026 0.7980 0.0000
vn 0.5000 0.8660 0.0000
vn 0.3898 0.9209 0.0000
vn 0.2737 0.9618 0.0000
vn 0.1534 0.9882 0.0000
vn 0.0308 0.9995 0.0000
vn -0.0923 0.9957 0.0000
vn -0.2139 0.9768 0.0000
vn -0.3324 0.9432 0.0000
vn -0.4457 0.8952 0.0000
vn -0.5524 0.8336 0.0000
vn -0.6506 0.7594 0.0000
vn -0.7390 0.6737 0.0000
vn -0.8162 0.5778 0.0000
vn -0.8810 0.4731 0.0000
vn -0.9325 0.3612 0.0000
vn -0.9698 0.2439 0.0000
vn -0.9924 0.1229 0.0000
vn -1.0000 0.0000 0.0000
vn -0.9924 -0.1229 -0.0000
vn -0.9698 -0.2439 -0.0000
vn -0.9325 -0.3612 -0.0000
vn -0.8810 -0.4731 -0.0000
vn -0.8162 -0.5778 -0.0000
vn -0.7390 -0.6737 -0.0000
vn -0.6506 -0.7594 -0.0000
vn -0.5524 -0.8336 -0.0000
vn -0.4457 -0.8952 -0.0000
vn -0.3324 -0.9432 -0.0000
vn -0.2139 -0.9768 -0.0000
vn -0.0923 -0.9957 -0.0000
vn 0.0308 -0.9995 -0.0000
vn 0.1534 -0.9882 -0.0000
vn 0.2737 -0.9618 -0.0000
vn 0.3898 -0.9209 -0.0000
vn 0.5000 -0.8660 -0.0000
vn 0.6026 -0.7980 -0.0000
vn 0.6961 -0.7179 -0.0000
vn 0.7791 -0.6269 -0.0000
vn 0.8502 -0.5264 -0.0000
vn 0.9085 -0.4180 -0.0000
vn 0.9529 -0.3032 -0.0000
vn 0.9830 -0.1838 -0.0000
vn 0.9830 -0.1837 -0.0000
vn 0.9981 -0.0616 -0.0000
vn 0.3975 0.9175 0.0109
vn 0.4005 0.9163 0.0074
vn 0.4010 0.9160 0.0070
vn 0.4166 0.9091 0.0011
vn 0.5031 0.8642 -0.0013
vn 0.5018 0.8650 -0.0070
vn 0.4962 0.8682 -0.0089
vn 0.5472 0.8353 -0.0536
vn 0.5472 0.8353 0.0529
vn 0.3527 0.9353 -0.0290
vn -0.3995 -0.9167 -0.0043
vn -0.4187 -0.9078 0.0240
vn -0.5267 -0.8498 -0.0192
vn -0.5271 -0.8496 -0.0196
vn -0.5274 -0.8494 -0.0200
vn -0.3993 -0.9165 -0.0241
vn -0.4182 -0.9081 0.0204
vn -0.5293 -0.8484 -0.0025
vn -0.5359 -0.8443 0.0037
vn -0.5287 -0.8488 -0.0037
vn -0.5274 -0.8494 0.0183
vn -0.4298 -0.9029 0.0103
vn -0.4295 -0.9030 0.0106
vn -0.4283 -0.9036 0.0042
vn -0.4281 -0.9037 0.0037
vn -0.5282 -0.8491 -0.0035
vn -0.4819 -0.8760 -0.0204
vn -0.4819 -0.8759 -0.0240
vn -0.4819 -0.8760 -0.0198
vn -0.6119 -0.7907 -0.0204
vn -0.5315 -0.8470 0.0130
vn -0.6204 -0.7843 0.0039
vn -0.4819 -0.8759 -0.0249
vn -0.5480 -0.8341 -0.0631
vn -0.5010 -0.8652 0.0210
vn -0.6119 -0.7907 0.0192
vn -0.4139 -0.9100 0.0240
vn -0.3181 -0.9472 0.0394
vn -0.3646 -0.9311 -0.0137
vn -0.3655 -0.9307 -0.0150
vn -0.3648 -0.9310 -0.0140
vn -0.4068 -0.9134 -0.0105
vn -0.3117 -0.9502 0.0074
vn 0.1560 -0.9878 -0.0022
vn 0.1536 -0.9881 0.0020
vn 0.1502 -0.9887 -0.0031
vn 0.0172 -0.9998 -0.0050
vn 0.0132 -0.9999 0.0019
vn 0.0176 -0.9998 -0.0047
vn 0.1590 -0.9873 0.0022
vn 0.1684 -0.9857 -0.0008
vn 0.1683 -0.9857 0.0049
vn 0.0180 -0.9998 0.0026
vn 0.0279 -0.9996 -0.0047
vn 0.1682 -0.9857 0.0050
vn 0.1682 -0.9857 0.0048
vn 0.0280 -0.9996 -0.0050
vn 0.0280 -0.9996 -0.0051
vn 0.1668 -0.9860 -0.0024
vn 0.1668 -0.9860 -0.0023
vn 0.0347 -0.9994 0.0024
vn 0.0348 -0.9994 0.0023
vn 0.0320 -0.9995 0.0008
vn 0.0294 -0.9996 0.0022
vn 0.1640 -0.9865 -0.0008
vn 0.1621 -0.9868 -0.0012
vn 0.4263 -0.9046 -0.0014
vn 0.4230 -0.9061 -0.0002
vn 0.4261 -0.9047 -0.0009
vn 0.3155 -0.9468 0.0636
vn 0.3072 -0.9516 0.0013
vn 0.3040 -0.9527 0.0005
vn 0.3070 -0.9517 0.0018
vn 0.0292 -0.9996 0.0024
vn 0.0258 -0.9997 -0.0006
vn 0.1604 -0.9870 0.0010
vn 0.1585 -0.9874 -0.0004
vn 0.1579 -0.9875 -0.0006
vn 0.4246 -0.9054 -0.0026
vn 0.3287 -0.9444 -0.0009
vn 0.3293 -0.9442 0.0015
vn 0.3267 -0.9451 0.0019
vn 0.3295 -0.9442 0.0016
vn 0.4199 -0.9076 -0.0024
vn 0.4202 -0.9074 -0.0021
vn 0.4201 -0.9075 -0.0027
vn 0.3266 -0.9451 0.0020
vn 0.3267 -0.9451 0.0023
vn 0.6417 -0.7668 -0.0157
vn 0.5238 -0.8519 -0.0019
vn 0.5829 -0.8101 -0.0633
vn 0.6249 -0.7807 0.0020
vn 0.5396 -0.8416 0.0233
vn 0.7650 -0.6400 0.0714
vn 0.7269 -0.6868 -0.0021
vn 0.8111 -0.5847 0.0178
vn 0.8849 -0.4657 -0.0028
vn 0.8849 -0.4658 -0.0029
vn 0.8878 -0.4603 0.0035
vn 0.7652 -0.6419 -0.0481
vn 0.8953 -0.4446 -0.0276
vn 0.8148 -0.5797 -0.0030
vn 0.7208 -0.6932 -0.0016
vn 0.7208 -0.6932 -0.0020
vn 0.7203 -0.6936 0.0003
vn 0.7199 -0.6941 0.0027
vn 0.8068 -0.5906 -0.0190
vn 0.8846 -0.4663 -0.0034
vn 0.7484 -0.6632 0.0033
vn 0.7538 -0.6543 0.0603
vn 0.8767 -0.4806 0.0232
vn 0.8876 -0.4590 0.0379
vn 0.4190 0.9069 0.0451
vn 0.4927 0.8702 0.0014
vn 0.4899 0.8718 -0.0041
vn 0.4930 0.8700 0.0020
vn 0.4006 0.9162 -0.0012
vn 0.3989 0.9170 0.0000
vn 0.3962 0.9182 0.0018
vn 0.4016 0.9158 -0.0018
vn 0.4897 0.8719 -0.0042
vn 0.1776 0.9841 0.0101
vn 0.1709 0.9853 0.0043
vn 0.1714 0.9852 0.0047
vn 0.1864 0.9823 -0.0189
vn 0.1718 0.9851 -0.0071
vn 0.1777 0.9840 0.0103
vn 0.2876 0.9577 0.0098
vn 0.2891 0.9573 -0.0078
vn 0.9976 0.0694 0.0006
vn 0.9971 0.0763 0.0000
vn 0.9972 0.0746 0.0002
vn 0.9976 -0.0687 -0.0006
vn 0.9971 -0.0763 0.0000
vn 0.9972 -0.0744 -0.0002
vn 0.9884 0.1503 0.0223
vn 0.9950 0.1002 0.0019
vn 0.9777 0.2101 -0.0011
vn 0.9574 0.2887 0.0054
vn 0.4743 0.8804 0.0038
vn 0.4699 0.8827 0.0019
vn 0.4755 0.8797 -0.0072
vn 0.5111 0.8595 -0.0015
vn 0.5111 0.8595 -0.0012
vn 0.5111 0.8595 -0.0016
vn 0.0274 0.9996 -0.0069
vn 0.0285 0.9996 -0.0055
vn 0.0288 0.9996 -0.0054
vn 0.4692 0.8831 0.0021
vn 0.9978 0.0666 0.0008
vn 0.9788 0.2051 -0.0006
vn 0.5222 0.8529 -0.0007
vn 0.5287 0.8488 -0.0006
vn 0.5222 0.8529 0.0012
vn 0.4946 0.8691 -0.0038
vn 0.4944 0.8692 -0.0042
vn -0.2729 0.9619 0.0152
vn -0.2769 0.9608 0.0122
vn -0.2726 0.9620 0.0151
vn 0.4888 0.8724 0.0066
vn 0.4888 0.8724 -0.0016
vn 0.4888 0.8724 -0.0023
vn 0.8490 0.5272 -0.0358
vn 0.5963 0.8027 -0.0048
vn 0.7281 0.6854 -0.0136
vn 0.6279 0.7780 0.0184
vn 0.4643 0.8857 0.0004
vn 0.4378 0.8991 -0.0008
vn -0.2777 0.9606 0.0116
vn 0.7587 0.6498 0.0464
vn -0.8785 0.4774 0.0171
vn -0.8882 0.4595 0.0088
vn 0.0977 0.9952 -0.0057
vn 0.0726 0.9974 0.0001
vn 0.0726 0.9974 0.0002
vn 0.0726 0.9974 0.0011
vn 0.0115 0.9999 -0.0022
vn -0.6826 0.7308 -0.0011
vn -0.7252 0.6885 0.0008
vn -0.7251 0.6886 0.0017
vn -0.7252 0.6885 -0.0097
vn -0.9099 0.4148 -0.0052
vn -0.9308 -0.3654 -0.0035
vn -0.8668 -0.4984 0.0168
vn -0.8810 -0.4730 0.0069
vn -0.8810 -0.4730 0.0059
vn -0.8810 -0.4731 0.0076
vn -0.3038 0.9527 -0.0121
vn -0.7014 0.7128 0.0006
vn -0.3359 0.9419 -0.0004
vn -0.4376 0.8992 0.0008
vn -0.9085 0.4179 0.0045
vn -0.9111 -0.4122 -0.0045
vn -0.4410 -0.8975 -0.0010
vn -0.3384 -0.9410 0.0023
vn -0.3384 -0.9410 0.0004
vn -0.3388 -0.9409 0.0040
vn -0.3064 -0.9518 0.0122
vn -0.7052 -0.7090 -0.0006
vn -0.8637 0.5037 -0.0168
vn -0.2832 -0.9590 0.0026
vn -0.1896 -0.9818 0.0083
vn -0.0855 -0.9954 -0.0428
vn -0.2341 -0.9722 -0.0021
vn -0.2341 -0.9722 -0.0014
vn -0.2341 -0.9722 -0.0020
vn -0.8780 0.4785 -0.0076
vn -0.8781 0.4784 -0.0069
vn -0.8781 0.4784 -0.0059
vn -0.9285 0.3712 0.0035
vn -0.9125 -0.4091 0.0052
vn -0.7292 -0.6843 0.0096
vn -0.7292 -0.6843 -0.0008
vn -0.7292 -0.6843 -0.0017
vn -0.6867 -0.7269 0.0010
vn -0.8814 -0.4721 -0.0171
vn -0.8910 -0.4540 -0.0088
vn 0.3616 -0.9322 0.0142
vn 0.3757 -0.9267 0.0018
vn 0.3755 -0.9268 0.0077
vn 0.3756 -0.9268 0.0073
vn 0.4406 -0.8977 -0.0052
vn 0.4912 -0.8710 0.0107
vn 0.5256 -0.8507 0.0048
vn 0.5202 -0.8540 -0.0010
vn 0.5202 -0.8540 0.0034
vn -0.2765 -0.9609 -0.0138
vn -0.2803 -0.9598 -0.0124
vn -0.2763 -0.9609 -0.0152
vn -0.2813 -0.9596 -0.0070
vn -0.1243 -0.9922 -0.0127
vn -0.2049 -0.9788 0.0043
vn -0.2049 -0.9788 -0.0007
vn -0.2043 -0.9789 0.0046
vn 0.9978 -0.0656 -0.0009
vn 0.9789 -0.2044 0.0007
vn 0.9107 -0.4130 0.0001
vn 0.9360 -0.3519 0.0074
vn 0.9375 -0.3480 0.0062
vn 0.9347 -0.3553 0.0085
vn 0.9384 -0.3456 0.0050
vn 0.9711 -0.2386 -0.0039
vn 0.4761 -0.8793 -0.0152
vn 0.4057 -0.9140 0.0049
vn 0.9070 -0.4210 -0.0035
vn 0.9093 -0.4160 -0.0052
vn 0.9076 -0.4199 -0.0036
vn 0.4871 -0.8733 -0.0076
vn 0.4871 -0.8733 -0.0075
vn 0.4871 -0.8733 -0.0083
vn 0.9079 -0.4191 -0.0030
vn 0.9345 -0.3559 -0.0005
vn 0.9345 -0.3559 -0.0004
vn 0.9345 -0.3559 0.0013
vn 0.9571 -0.2899 -0.0032
vn 0.9564 -0.2921 -0.0037
vn 0.9565 -0.2917 -0.0053
vn 0.9883 -0.1510 -0.0230
vn 0.9568 -0.2908 -0.0056
vn 0.9775 -0.2108 0.0011
vn 0.9774 -0.2112 0.0013
vn 0.9763 -0.2164 0.0026
vn 0.9950 -0.0998 -0.0019
vn 0.9063 0.4209 0.0392
vn 0.9537 0.3005 -0.0149
vn 0.9261 0.3686 -0.0808
vn 0.9284 0.3695 0.0404
vn 0.8895 0.4570 0.0024
vn 0.7776 0.6281 0.0293
vn 0.7994 0.6008 -0.0023
vn 0.7508 0.6565 -0.0730
vn 0.7517 0.6574 0.0528
vn 0.8644 0.5020 -0.0299
vn 0.7418 0.6700 0.0292
vn 0.6366 0.7698 -0.0474
vn 0.6324 0.7737 -0.0373
vn 0.6333 0.7729 -0.0393
vn 0.4802 0.8768 0.0235
vn 0.6357 0.7680 0.0780
vn 0.6369 0.7694 -0.0483
vn 0.8854 0.4639 0.0303
vn 0.7971 0.6033 -0.0243
vn 0.9173 0.3976 -0.0232
vn 0.5907 0.8068 0.0057
vn 0.6246 0.7799 -0.0396
vn 0.6244 0.7801 -0.0397
vn 0.6276 0.7779 -0.0324
vn 0.6278 0.7777 -0.0318
vn 0.9318 0.3623 0.0233
vn 0.9536 0.3001 -0.0238
vn 0.5794 0.8150 0.0055
vn 0.6262 0.7757 0.0780
vn 0.9395 0.3426 -0.0019
vn 0.9017 0.4315 -0.0284
vn 0.9198 0.3911 0.0302
vn 0.9753 0.2209 0.0015
vn 0.9652 0.2602 0.0261
vn 0.6015 0.7985 -0.0227
vn 0.6940 0.7195 -0.0267
vn 0.7202 0.6932 0.0267
vn 0.7877 0.6153 0.0315
vn 0.8420 0.5387 -0.0292
vn 0.5111 0.8595 -0.0019
vn 0.6160 0.7869 0.0364
vn 0.6164 0.7874 0.0066
vn 0.4690 0.8828 -0.0256
vn 0.9082 0.4175 -0.0301
vn 0.7749 0.6314 -0.0281
vn 0.8645 0.5017 0.0295
vn 0.7999 0.5994 0.0285
vn 0.0260 0.9996 -0.0083
vn -0.1487 0.9888 0.0085
vn -0.1198 0.9928 0.0071
vn -0.1487 0.9887 -0.0185
vn 0.0101 0.9999 -0.0083
vn 0.0101 0.9999 0.0084
vn 0.0260 0.9996 0.0084
vn 0.1865 0.9824 0.0086
vn 0.1700 0.9854 -0.0086
vn 0.1700 0.9854 0.0086
vn 0.9408 0.3297 -0.0781
vn 0.8504 0.5253 -0.0293
vn 0.9570 0.2890 -0.0260
vn 0.8725 0.4877 0.0296
vn 0.9263 0.3755 0.0304
vn 0.6118 0.7905 -0.0299
vn 0.6280 0.7782 0.0040
vn 0.4390 0.8967 -0.0566
vn 0.3052 0.9523 0.0034
vn 0.2974 0.9547 -0.0048
vn 0.3004 0.9538 0.0028
vn 0.4390 0.8967 0.0565
vn 0.5285 0.8468 -0.0593
vn 0.3352 0.9406 -0.0535
vn 0.3357 0.9420 0.0034
vn 0.3300 0.9440 -0.0034
vn 0.3357 0.9420 0.0030
vn 0.5318 0.8450 0.0560
vn 0.5313 0.8453 0.0566
vn 0.5323 0.8448 0.0554
vn 0.5244 0.8515 -0.0022
vn 0.5331 0.8461 -0.0004
vn 0.4887 0.8724 0.0074
vn 0.4642 0.8855 0.0215
vn 0.5285 0.8468 0.0598
vn 0.4763 0.8793 -0.0019
vn 0.4374 0.8982 0.0445
vn 0.9411 0.3298 0.0751
vn 0.9876 0.1551 -0.0251
vn 0.9304 0.3653 0.0283
vn 0.9783 0.1948 -0.0711
vn 0.7824 0.6221 -0.0293
vn 0.7279 0.6851 0.0284
vn 0.7570 0.6484 -0.0809
vn -0.4294 0.9024 0.0359
vn -0.3677 0.9299 -0.0035
vn -0.3713 0.9285 -0.0077
vn -0.3706 0.9288 -0.0069
vn -0.2777 0.9606 -0.0137
vn -0.2956 0.9553 -0.0030
vn -0.3005 0.9538 -0.0034
vn -0.2925 0.9563 0.0049
vn -0.1650 0.9863 -0.0086
vn 0.5963 0.8027 0.0134
vn 0.6340 0.7723 -0.0394
vn 0.6339 0.7722 0.0438
vn -0.1814 0.9834 0.0086
vn -0.1814 0.9834 -0.0086
vn -0.1650 0.9863 0.0086
vn -0.0058 0.9999 -0.0083
vn 0.1507 0.9886 0.0013
vn 0.1536 0.9881 -0.0086
vn 0.1535 0.9881 -0.0069
vn -0.0218 0.9997 -0.0067
vn -0.0241 0.9997 -0.0020
vn -0.0244 0.9997 0.0013
vn -0.0058 0.9999 0.0083
vn -0.0217 0.9997 -0.0083
vn 0.1511 0.9885 -0.0019
vn 0.3296 0.9441 -0.0034
vn 0.1421 0.9898 -0.0028
vn 0.1442 0.9895 0.0019
vn 0.4163 0.9083 0.0404
vn 0.3069 0.9517 -0.0012
vn 0.3069 0.9517 -0.0031
vn 0.3066 0.9518 -0.0013
vn 0.3845 0.9230 -0.0117
vn 0.3291 0.9428 0.0537
vn 0.2804 0.9599 -0.0017
vn 0.2575 0.9659 0.0255
vn 0.3529 0.9357 0.0013
vn -0.3671 0.9302 -0.0028
vn -0.3804 0.9247 0.0137
vn -0.3805 0.9247 0.0143
vn -0.3804 0.9248 0.0045
vn -0.8070 0.5904 -0.0119
vn -0.7428 0.6686 0.0352
vn 0.4924 0.8703 -0.0096
vn -0.5703 0.8214 0.0086
vn -0.5703 0.8213 0.0137
vn -0.5703 0.8214 0.0091
vn -0.4864 0.8736 -0.0149
vn -0.4865 0.8736 -0.0109
vn -0.4866 0.8736 -0.0108
vn -0.6524 0.7559 -0.0547
vn -0.6157 0.7879 0.0128
vn -0.5020 0.8648 0.0053
vn -0.5602 0.8262 -0.0597
vn -0.2006 0.9797 0.0014
vn -0.1978 0.9802 -0.0087
vn -0.1977 0.9802 -0.0070
vn -0.3267 0.9451 0.0049
vn -0.3196 0.9475 -0.0040
vn -0.3256 0.9455 0.0020
vn -0.3829 0.9222 -0.0553
vn -0.7344 0.6787 0.0038
vn -0.7360 0.6770 0.0019
vn -0.7340 0.6792 0.0042
vn -0.2000 0.9798 -0.0020
vn -0.2060 0.9785 -0.0021
vn -0.2074 0.9783 0.0020
vn -0.0308 0.9995 0.0019
vn 0.1420 0.9899 -0.0032
vn 0.1420 0.9897 0.0193
vn -0.0298 0.9996 -0.0021
vn -0.0364 0.9993 0.0019
vn 0.0726 0.9974 -0.0008
vn -0.0385 0.9993 -0.0028
vn -0.9697 0.2417 0.0369
vn -0.9446 0.3282 -0.0065
vn -0.8882 0.4595 -0.0076
vn -0.8154 0.5789 -0.0027
vn -0.8154 0.5789 0.0063
vn -0.8153 0.5790 -0.0042
vn -0.8153 0.5790 0.0078
vn 0.2176 0.9754 -0.0363
vn 0.1541 0.9880 0.0096
vn 0.1543 0.9880 0.0099
vn 0.1541 0.9880 0.0097
vn 0.1537 0.9881 0.0092
vn 0.2576 0.9662 -0.0067
vn -0.5602 0.8262 0.0597
vn -0.4707 0.8805 0.0571
vn -0.4707 0.8805 -0.0571
vn -0.3388 0.9409 0.0018
vn -0.3828 0.9221 0.0557
vn -0.9721 -0.2332 0.0257
vn -0.9939 0.0836 -0.0724
vn -0.9996 -0.0187 0.0219
vn -0.9612 -0.2741 -0.0314
vn -0.9688 0.2371 -0.0717
vn -0.9939 0.0836 0.0723
vn -0.9890 -0.1291 -0.0722
vn -0.7327 0.6780 -0.0592
vn -0.7740 0.6329 0.0197
vn -0.7658 0.6424 0.0299
vn -0.8369 0.5469 -0.0215
vn -0.9225 0.3798 -0.0690
vn -0.9688 0.2371 0.0718
vn -0.9225 0.3798 0.0692
vn -0.8598 0.5063 -0.0663
vn -0.9804 0.1831 -0.0722
vn -0.8463 0.5326 -0.0123
vn -0.8597 0.5063 0.0679
vn -0.8455 0.5322 0.0428
vn -0.9097 0.4147 0.0197
vn -0.6694 0.7401 -0.0642
vn -0.6818 0.7300 -0.0479
vn -0.7251 0.6886 -0.0110
vn -0.7661 0.6427 0.0028
vn -0.7775 0.6250 -0.0700
vn -0.7782 0.6243 -0.0690
vn -0.7783 0.6241 -0.0688
vn -0.5784 0.8135 -0.0603
vn -0.6694 0.7401 0.0643
vn -0.5784 0.8135 0.0608
vn -0.4828 0.8738 -0.0578
vn -0.4828 0.8738 0.0578
vn -0.3891 0.9195 -0.0558
vn -0.5849 0.8088 -0.0610
vn -0.3891 0.9195 0.0558
vn -0.7785 0.6239 -0.0686
vn -0.7803 0.6254 -0.0006
vn -0.2133 0.9770 0.0019
vn -0.3450 0.9386 0.0018
vn -0.3953 0.9169 -0.0559
vn -0.2154 0.9762 0.0239
vn -0.1866 0.9824 0.0022
vn -0.0822 0.9966 -0.0017
vn -0.2155 0.9765 -0.0028
vn -0.2155 0.9765 -0.0033
vn -0.0386 0.9989 0.0250
vn -0.0386 0.9992 -0.0032
vn -0.8001 0.5984 -0.0425
vn -0.8008 0.5990 0.0009
vn -0.8370 0.5470 0.0158
vn -0.8455 0.5340 0.0044
vn -0.9890 -0.1291 0.0723
vn -0.9970 0.0275 -0.0723
vn -0.9970 0.0275 0.0722
vn -0.9803 0.1831 0.0739
vn -0.9317 0.3561 -0.0713
vn -0.9317 0.3561 0.0713
vn -0.8028 -0.5961 -0.0082
vn -0.8004 -0.5993 -0.0117
vn -0.8010 -0.5985 -0.0109
vn -0.7352 -0.6772 0.0301
vn -0.6818 0.7286 -0.0653
vn -0.7008 0.7121 0.0429
vn -0.7334 0.6796 0.0148
vn -0.7681 0.6403 -0.0009
vn -0.6818 0.7286 0.0654
vn -0.7775 0.6249 0.0706
vn -0.6573 0.7533 0.0212
vn -0.5849 0.8088 0.0611
vn -0.4892 0.8703 0.0580
vn -0.4892 0.8703 -0.0579
vn -0.5232 0.8520 0.0202
vn -0.6396 0.7687 -0.0026
vn -0.5871 0.8095 -0.0069
vn -0.5868 0.8097 0.0061
vn -0.5868 0.8097 -0.0067
vn -0.3511 0.9363 0.0018
vn -0.3953 0.9169 0.0559
vn -0.3359 0.9417 0.0188
vn -0.7881 0.6129 0.0568
vn -0.7894 0.6139 0.0003
vn -0.8459 0.5333 -0.0037
vn -0.8361 0.5483 -0.0163
vn -0.8042 0.5931 0.0383
vn -0.8048 0.5935 -0.0023
vn -0.8810 -0.4730 0.0079
vn -0.9302 -0.3652 -0.0364
vn -0.9410 -0.3311 -0.0702
vn -0.8596 -0.5066 -0.0663
vn -0.8581 -0.5095 -0.0632
vn -0.8580 -0.5099 -0.0627
vn -0.9803 -0.1841 -0.0721
vn -0.9410 -0.3311 0.0700
vn -0.9973 0.0003 -0.0739
vn -0.9801 -0.1841 0.0738
vn -0.9800 0.1849 -0.0739
vn -0.9973 0.0003 0.0739
vn -0.9805 -0.1823 -0.0738
vn -0.4287 0.9032 -0.0194
vn -0.5238 0.8516 -0.0206
vn -0.5236 0.8517 -0.0205
vn -0.5232 0.8520 -0.0201
vn -0.4287 0.9032 0.0193
vn -0.9455 0.3230 -0.0411
vn -0.9220 0.3828 0.0574
vn -0.9904 0.1346 -0.0317
vn -0.9800 0.1849 0.0739
vn -0.8594 -0.5113 -0.0017
vn -0.8577 -0.5103 -0.0622
vn -0.8120 -0.5836 0.0044
vn -0.8120 -0.5836 -0.0018
vn -0.8121 -0.5836 -0.0027
vn -0.8120 -0.5836 0.0053
vn -0.7600 -0.6500 0.0011
vn -0.8033 -0.5955 -0.0075
vn -0.7359 -0.6770 -0.0095
vn -0.7583 -0.6485 0.0664
vn -0.7679 0.6405 -0.0099
vn -0.7319 0.6783 -0.0647
vn -0.7679 0.6401 -0.0260
vn -0.8361 0.5483 0.0205
vn -0.7307 0.6801 0.0588
vn -0.9109 -0.4122 0.0206
vn -0.8595 -0.5065 0.0678
vn -0.9321 -0.3552 0.0712
vn -0.9321 -0.3552 -0.0712
vn -0.9973 0.0022 0.0739
vn -0.9973 0.0022 -0.0739
vn -0.9245 -0.3771 0.0557
vn -0.9471 -0.3183 -0.0403
vn -0.9912 -0.1284 -0.0312
vn -0.9805 -0.1823 0.0738
vn -0.9221 0.3828 -0.0558
vn -0.9904 0.1346 0.0313
vn -0.9451 0.3242 0.0403
vn -0.8430 0.5361 -0.0439
vn -0.9083 0.4178 -0.0206
vn -0.8437 0.5366 0.0129
vn -0.7346 -0.6759 -0.0589
vn -0.8394 -0.5432 -0.0205
vn -0.8462 -0.5310 0.0438
vn -0.7716 -0.6356 0.0260
vn -0.7716 -0.6360 0.0098
vn -0.7357 -0.6742 0.0649
vn -0.8470 -0.5315 -0.0129
vn -0.7320 0.6813 0.0095
vn -0.7562 0.6544 -0.0011
vn -0.7545 0.6529 -0.0663
vn -0.8084 0.5886 0.0018
vn -0.8085 0.5885 0.0027
vn -0.8084 0.5886 -0.0045
vn -0.8085 0.5885 -0.0054
vn -0.9973 0.0040 -0.0739
vn -0.9244 -0.3771 -0.0574
vn -0.9475 -0.3171 0.0411
vn -0.9912 -0.1284 0.0317
vn -0.5272 -0.8495 0.0208
vn -0.5271 -0.8495 0.0207
vn -0.5267 -0.8498 0.0202
vn -0.9973 0.0040 0.0739
vn -0.9793 0.1884 -0.0739
vn -0.9811 -0.1787 -0.0738
vn -0.9299 0.3610 -0.0712
vn -0.9793 0.1884 0.0739
vn -0.9299 0.3610 0.0712
vn -0.9790 0.1902 -0.0739
vn -0.8565 0.5117 -0.0678
vn -0.8548 0.5151 0.0627
vn -0.8551 0.5147 0.0631
vn -0.8546 0.5155 0.0622
vn -0.8563 0.5165 0.0017
vn -0.8565 0.5118 0.0663
vn -0.8781 0.4784 -0.0079
vn -0.9279 0.3710 0.0363
vn -0.8394 -0.5432 0.0163
vn -0.8491 -0.5282 0.0038
vn -0.8083 -0.5888 0.0023
vn -0.8077 -0.5884 -0.0383
vn -0.4317 -0.9018 -0.0194
vn -0.4317 -0.9018 0.0195
vn -0.6613 -0.7498 -0.0215
vn -0.6388 -0.7694 -0.0031
vn -0.6434 -0.7655 0.0027
vn -0.6408 -0.7677 0.0060
vn -0.5909 -0.8067 0.0069
vn -0.5917 -0.8062 -0.0060
vn -0.5917 -0.8061 0.0066
vn -0.7718 -0.6358 0.0010
vn -0.7372 -0.6755 -0.0148
vn -0.7045 -0.7084 -0.0430
vn -0.7929 -0.6093 -0.0003
vn -0.7916 -0.6083 -0.0568
vn -0.3879 -0.9217 0.0009
vn -0.3882 -0.9216 0.0014
vn -0.3879 -0.9216 -0.0110
vn -0.7313 0.6814 -0.0301
vn -0.7992 0.6010 0.0081
vn -0.7968 0.6041 0.0117
vn -0.7974 0.6034 0.0108
vn -0.7998 0.6003 0.0074
vn -0.3384 -0.9410 0.0044
vn -0.2836 -0.9587 -0.0222
vn -0.2835 -0.9587 -0.0223
vn -0.2832 -0.9588 -0.0227
vn -0.3621 -0.9321 -0.0011
vn -0.3621 -0.9321 -0.0007
vn -0.9811 -0.1787 0.0738
vn -0.9972 0.0059 -0.0739
vn -0.9972 0.0059 0.0739
vn -0.9791 0.1903 0.0721
vn -0.9389 0.3370 -0.0700
vn -0.9389 0.3370 0.0702
vn -0.8488 -0.5288 -0.0044
vn -0.8404 -0.5418 -0.0158
vn -0.8037 -0.5935 0.0423
vn -0.8044 -0.5941 -0.0009
vn -0.6372 -0.7707 -0.0027
vn -0.8283 -0.5603 -0.0046
vn -0.7700 -0.6380 -0.0028
vn -0.7822 -0.6192 0.0684
vn -0.7841 -0.6207 0.0006
vn -0.7291 -0.6843 0.0109
vn -0.6859 -0.7261 0.0479
vn -0.2341 -0.9722 -0.0027
vn -0.2837 -0.9587 -0.0221
vn -0.9123 -0.4091 -0.0197
vn -0.9339 -0.3503 -0.0713
vn -0.8628 -0.5010 -0.0679
vn -0.9339 -0.3503 0.0713
vn -0.9815 -0.1769 -0.0738
vn -0.9816 -0.1769 0.0721
vn -0.9972 -0.0213 -0.0722
vn -0.8488 -0.5270 -0.0428
vn -0.8495 -0.5274 0.0122
vn -0.7367 -0.6736 0.0592
vn -0.7778 -0.6281 -0.0197
vn -0.8403 -0.5417 0.0214
vn -0.7697 -0.6377 -0.0298
vn -0.9972 -0.0213 0.0722
vn -0.9703 -0.2310 -0.0717
vn -0.9882 0.1353 -0.0724
vn -0.1333 -0.9911 0.0076
vn -0.1318 -0.9912 0.0102
vn -0.1334 -0.9910 0.0061
vn -0.1265 -0.9920 -0.0051
vn -0.9882 0.1353 0.0723
vn -0.9994 0.0249 -0.0220
vn -0.9594 0.2802 0.0315
vn -0.9706 0.2393 -0.0257
vn 0.2895 -0.9571 -0.0117
vn 0.2887 -0.9573 -0.0126
vn 0.2889 -0.9573 -0.0127
vn 0.2158 -0.9759 0.0337
vn -0.8910 -0.4540 0.0076
vn -0.9249 -0.3740 0.0690
vn -0.8629 -0.5010 0.0663
vn -0.9248 -0.3740 -0.0692
vn -0.9944 -0.0774 0.0723
vn -0.9712 -0.2355 -0.0368
vn -0.9944 -0.0774 -0.0722
vn -0.9466 -0.3223 0.0065
vn -0.9703 -0.2310 0.0717
vn -0.8188 -0.5740 -0.0063
vn -0.8188 -0.5741 0.0027
vn -0.8188 -0.5740 -0.0078
vn -0.8188 -0.5740 0.0042
vn -0.7384 -0.6743 -0.0037
vn -0.7400 -0.6727 -0.0018
vn -0.7380 -0.6748 -0.0042
vn -0.6200 -0.7845 -0.0128
vn -0.6567 -0.7521 0.0550
vn -0.5746 -0.8184 -0.0088
vn -0.5745 -0.8184 -0.0136
vn -0.5745 -0.8184 -0.0092
vn -0.4902 -0.8715 0.0151
vn -0.4903 -0.8715 0.0109
vn -0.4904 -0.8714 0.0119
vn 0.2896 -0.9571 -0.0111
vn -0.7467 -0.6643 -0.0351
vn -0.8106 -0.5855 0.0119
vn 0.6051 -0.7962 0.0015
vn 0.6523 -0.7552 0.0649
vn 0.3755 -0.9268 0.0014
vn 0.2872 -0.9579 -0.0064
vn 0.5226 -0.8526 0.0065
vn 0.4405 -0.8975 -0.0219
vn 0.4444 -0.8958 -0.0069
vn 0.4475 -0.8942 -0.0123
vn 0.4424 -0.8968 -0.0011
vn 0.5275 -0.8496 0.0008
vn -0.3831 -0.9236 0.0157
vn -0.3836 -0.9234 0.0146
vn -0.3841 -0.9232 0.0145
vn -0.3841 -0.9232 -0.0145
vn 0.5614 -0.8275 -0.0057
vn 0.5615 -0.8275 -0.0027
vn 0.5614 -0.8275 -0.0030
vn -0.2812 -0.9596 -0.0067
vn -0.3231 -0.9464 0.0009
vn -0.3232 -0.9463 -0.0004
vn -0.3231 -0.9464 0.0024
vn 0.7373 -0.6742 -0.0440
vn 0.8464 -0.5285 0.0652
vn 0.6390 -0.7681 -0.0412
vn 0.7373 -0.6742 0.0438
vn 0.8007 -0.5973 -0.0461
vn 0.6199 -0.7845 0.0165
vn 0.6390 -0.7681 0.0410
vn 0.7192 -0.6946 0.0175
vn 0.6199 -0.7845 -0.0166
vn -0.2043 -0.9789 -0.0009
vn -0.2473 -0.9687 0.0193
vn -0.4335 -0.9004 -0.0358
vn -0.3712 -0.9286 0.0036
vn -0.3742 -0.9273 0.0070
vn -0.3706 -0.9288 0.0028
vn -0.3749 -0.9270 0.0079
vn 0.7843 -0.6204 0.0022
vn 0.7844 -0.6202 0.0024
vn 0.7844 -0.6202 0.0060
vn 0.8579 -0.5138 -0.0033
vn 0.8579 -0.5138 -0.0008
vn 0.8583 -0.5132 -0.0007
vn 0.8007 -0.5973 0.0459
vn 0.7380 -0.6734 -0.0437
vn 0.7380 -0.6734 0.0439
vn 0.9446 -0.3205 -0.0704
vn 0.9784 -0.1939 0.0717
vn 0.9878 -0.1539 0.0251
vn 0.9002 -0.4302 0.0678
vn 0.9002 -0.4302 -0.0682
vn -0.1035 -0.9946 0.0011
vn -0.1027 -0.9947 0.0019
vn -0.1036 -0.9946 0.0033
vn -0.1049 -0.9945 0.0008
vn 0.9446 -0.3205 0.0701
vn 0.9587 -0.2834 0.0247
vn 0.8744 -0.4846 0.0251
vn 0.9346 -0.3553 -0.0180
vn 0.8742 -0.4845 -0.0320
vn 0.7187 -0.6951 -0.0184
vn 0.7192 -0.6945 -0.0177
vn 0.7192 -0.6946 -0.0180
vn 0.7842 -0.6204 0.0063
vn 0.7980 -0.6027 -0.0006
vn 0.7972 -0.6021 -0.0445
vn 0.8842 -0.4647 0.0465
vn 0.8581 -0.5134 0.0013
vn 0.8591 -0.5118 -0.0003
vn 0.2916 -0.9565 -0.0007
vn 0.2942 -0.9557 0.0005
vn 0.2943 -0.9557 -0.0015
vn 0.8842 -0.4647 -0.0472
vn 0.9106 -0.4130 -0.0158
vn 0.9384 -0.3456 0.0046
vn 0.9485 -0.3169 -0.0000
vn 0.9465 -0.3163 -0.0636
vn 0.9578 -0.2873 0.0000
vn 0.9570 -0.2870 -0.0425
vn 0.9817 -0.1900 0.0132
vn 0.3233 -0.9461 0.0206
vn 0.1743 -0.9846 -0.0159
vn 0.2961 -0.9551 0.0016
vn 0.3062 -0.9518 -0.0156
vn 0.4051 -0.9127 0.0529
vn 0.4334 -0.9012 -0.0015
vn 0.4328 -0.9015 0.0007
vn 0.4356 -0.9002 0.0018
vn 0.4871 -0.8733 -0.0067
vn 0.5309 -0.8474 0.0007
vn 0.5310 -0.8474 0.0015
vn 0.5310 -0.8474 0.0026
vn 0.6990 -0.7149 0.0167
vn 0.6988 -0.7151 0.0169
vn 0.7777 -0.6286 -0.0088
vn 0.7770 -0.6295 -0.0023
vn 0.7812 -0.6242 -0.0062
vn 0.9690 -0.2469 -0.0025
vn 0.9079 -0.4191 0.0129
vn 0.9345 -0.3559 -0.0023
vn 0.9430 -0.3251 0.0708
vn 0.9454 -0.3259 0.0008
vn 0.9565 -0.2917 -0.0018
vn 0.7814 -0.6222 0.0482
vn 0.7823 -0.6229 -0.0049
vn 0.8758 -0.4801 -0.0506
vn 0.8472 -0.5313 0.0079
vn 0.8465 -0.5323 0.0077
vn 0.8460 -0.5332 0.0062
vn 0.8475 -0.5307 0.0027
vn 0.9559 -0.2904 0.0444
vn 0.9568 -0.2907 -0.0015
vn 0.9759 -0.2184 0.0031
vn 0.5930 -0.8051 -0.0158
vn 0.5930 -0.8051 0.0158
vn 0.6995 -0.7144 -0.0178
vn 0.6990 -0.7149 -0.0172
vn 0.6988 -0.7151 -0.0167
vn 0.6291 -0.7766 -0.0340
vn 0.5772 -0.8166 0.0056
vn 0.5768 -0.8169 0.0052
vn 0.5770 -0.8167 0.0054
vn 0.5774 -0.8165 0.0058
vn 0.9683 -0.2495 0.0121
vn 0.9074 -0.4203 -0.0075
vn 0.9037 -0.4263 -0.0398
vn 0.9530 -0.3027 0.0155
vn 0.8174 0.5757 0.0195
vn 0.8174 0.5757 0.0194
vn 0.6977 0.7163 -0.0131
vn 0.8466 0.5317 -0.0246
vn 0.8174 0.5757 0.0196
vn 0.6975 0.7160 -0.0293
vn 0.7233 0.6902 0.0225
vn 0.8684 0.4952 0.0248
vn 0.8683 0.4951 0.0318
vn 0.8685 0.4951 0.0241
vn 0.8683 0.4950 0.0325
vn 0.7554 0.6550 -0.0189
vn 0.7548 0.6545 -0.0439
vn 0.4885 0.8725 0.0121
vn 0.4755 0.8797 -0.0094
vn 0.3953 0.9185 0.0123
vn 0.3969 0.9179 -0.0014
vn 0.3953 0.9185 0.0096
vn 0.3135 0.9496 -0.0004
vn 0.3094 0.9509 -0.0027
vn 0.3977 0.9175 -0.0014
vn 0.4000 0.9165 -0.0053
vn 0.4000 0.9165 -0.0056
vn 0.3161 0.9487 -0.0004
vn -0.5911 0.8058 0.0360
vn -0.5878 0.8077 0.0457
vn -0.5874 0.8079 0.0466
vn -0.4840 0.8747 -0.0277
vn -0.4981 0.8639 -0.0749
vn -0.6773 0.7339 -0.0514
vn -0.5914 0.8056 0.0350
vn -0.3015 0.9535 0.0035
vn -0.3014 0.9535 0.0040
vn -0.3963 0.9181 -0.0101
vn -0.3806 0.9247 0.0039
vn -0.5019 0.8649 -0.0002
vn -0.5003 0.8659 -0.0038
vn -0.5043 0.8635 0.0051
vn -0.6782 0.7349 0.0055
vn -0.4995 0.8663 -0.0053
vn 0.6489 0.7500 -0.1282
vn 0.5948 0.8038 0.0091
vn 0.5950 0.8037 0.0096
vn 0.5909 0.8067 -0.0014
vn 0.7013 0.7129 0.0016
vn -0.5702 0.8213 0.0146
vn -0.4864 0.8737 -0.0106
vn -0.4737 0.8806 0.0113
vn -0.4863 0.8728 0.0411
vn -0.6226 0.7813 -0.0441
vn -0.7361 0.6769 0.0017
vn -0.6533 0.7571 -0.0014
vn -0.5819 0.8121 0.0434
vn -0.7857 0.6171 -0.0426
vn -0.7619 0.6436 0.0726
vn -0.6594 0.7504 0.0459
vn -0.3185 0.9479 -0.0048
vn -0.3185 0.9479 -0.0041
vn -0.4136 0.9105 -0.0037
vn -0.4138 0.9104 0.0035
vn -0.4139 0.9103 -0.0042
vn -0.4139 0.9103 0.0047
vn -0.3963 0.9181 0.0042
vn 0.3646 0.9307 -0.0289
vn 0.3639 0.9310 -0.0271
vn 0.3641 0.9310 -0.0274
vn 0.4678 0.8836 0.0208
vn 0.2779 0.9605 -0.0142
vn 0.2777 0.9598 0.0406
vn 0.3646 0.9307 -0.0291
vn 0.3069 0.9517 -0.0049
vn -0.4696 -0.8825 -0.0262
vn -0.5881 -0.8086 0.0205
vn -0.4539 -0.8899 0.0454
vn -0.6715 -0.7392 -0.0515
vn -0.6677 0.7439 -0.0276
vn -0.6574 0.7534 -0.0144
vn -0.5871 0.8095 0.0063
vn -0.5274 0.8493 -0.0250
vn -0.6456 -0.7600 0.0750
vn -0.5554 -0.8308 -0.0361
vn -0.6820 -0.7313 0.0090
vn -0.5275 0.8495 -0.0087
vn -0.6680 0.7441 0.0082
vn -0.6781 0.7349 -0.0090
vn -0.6716 -0.7404 0.0276
vn -0.5310 -0.8473 0.0088
vn -0.5309 -0.8471 0.0252
vn -0.6614 -0.7499 0.0145
vn -0.5909 -0.8067 -0.0063
vn -0.6718 -0.7406 -0.0082
vn -0.4507 0.8915 -0.0450
vn -0.5518 0.8332 0.0359
vn -0.5840 0.8115 -0.0206
vn -0.6418 0.7633 -0.0747
vn -0.4663 0.8842 0.0262
vn -0.6676 0.7428 0.0513
vn -0.4186 -0.9075 -0.0339
vn -0.3882 -0.9215 -0.0117
vn -0.3621 -0.9321 -0.0014
vn -0.2688 -0.9632 0.0059
vn -0.2687 -0.9632 0.0057
vn -0.2688 -0.9632 0.0067
vn -0.7350 -0.6780 -0.0042
vn -0.7238 -0.6900 -0.0030
vn -0.7293 -0.6841 0.0043
vn -0.7284 -0.6851 0.0030
vn -0.6322 -0.7748 0.0040
vn -0.7229 -0.6909 -0.0042
vn -0.2633 -0.9647 -0.0049
vn -0.2631 -0.9647 -0.0051
vn -0.2840 -0.9586 0.0197
vn -0.2743 -0.9613 -0.0266
vn -0.1271 -0.9919 -0.0055
vn -0.3476 -0.9375 -0.0163
vn 0.0068 -1.0000 0.0017
vn 0.0056 -1.0000 -0.0066
vn 0.0033 -1.0000 -0.0065
vn 0.1771 -0.9840 -0.0195
vn 0.1451 -0.9893 0.0143
vn 0.1426 -0.9897 0.0099
vn 0.1452 -0.9893 0.0156
vn 0.0099 -0.9999 -0.0030
vn 0.0091 -0.9999 -0.0049
vn 0.0969 -0.9953 0.0028
vn -0.1270 -0.9919 0.0014
vn -0.1167 -0.9932 -0.0048
vn -0.5712 -0.8192 0.0512
vn -0.4604 -0.8870 -0.0358
vn -0.4895 -0.8718 0.0161
vn -0.7658 -0.6389 -0.0725
vn -0.7401 -0.6725 -0.0017
vn -0.6577 -0.7532 0.0014
vn -0.7895 -0.6122 0.0425
vn 0.2940 -0.9558 0.0058
vn 0.2941 -0.9558 0.0058
vn 0.2940 -0.9558 0.0067
vn -0.1163 -0.9932 -0.0049
vn -0.4777 -0.8784 -0.0114
vn -0.5863 -0.8090 -0.0434
vn -0.5745 -0.8184 -0.0144
vn -0.4904 -0.8714 0.0105
vn 0.3058 -0.9521 0.0012
vn -0.4903 -0.8706 -0.0411
vn -0.6635 -0.7468 -0.0458
vn -0.6269 -0.7778 0.0441
vn -0.5059 -0.8626 0.0002
vn -0.5043 -0.8635 0.0037
vn -0.5083 -0.8612 -0.0050
vn -0.2246 -0.9743 -0.0144
vn -0.2356 -0.9719 0.0000
vn -0.2374 -0.9714 -0.0008
vn -0.2342 -0.9722 0.0024
vn -0.3659 -0.9305 -0.0154
vn -0.1786 -0.9830 0.0433
vn -0.1657 -0.9860 -0.0190
vn -0.1058 -0.9943 0.0149
vn 0.0174 -0.9995 -0.0253
vn -0.3760 -0.9263 0.0246
vn -0.3231 -0.9464 -0.0005
vn -0.2370 -0.9715 -0.0004
vn -0.3761 -0.9266 0.0026
vn -0.2370 -0.9715 0.0016
vn -0.5036 -0.8639 0.0052
vn -0.6814 -0.7301 0.0514
vn -0.6823 -0.7310 -0.0054
vn -0.0797 -0.9963 -0.0315
vn -0.0019 -0.9978 0.0667
vn -0.5953 -0.8027 -0.0360
vn -0.5921 -0.8046 -0.0455
vn -0.5917 -0.8048 -0.0464
vn -0.4879 -0.8724 0.0277
vn -0.5956 -0.8025 -0.0350
vn -0.5022 -0.8615 0.0751
vn 0.4443 -0.8958 -0.0062
vn 0.5276 -0.8495 0.0007
vn 0.6030 -0.7969 -0.0368
vn 0.5615 -0.8275 -0.0059
vn -0.1017 -0.9948 0.0008
vn -0.1004 -0.9950 -0.0000
vn -0.0990 -0.9951 0.0023
vn 0.2057 -0.9766 -0.0622
vn 0.4428 -0.8964 0.0186
vn 0.4438 -0.8961 -0.0050
vn 0.4502 -0.8929 0.0056
vn 0.6034 -0.7974 0.0058
vn -0.1044 -0.9945 0.0004
vn 0.0265 -0.9996 -0.0004
vn 0.0292 -0.9996 -0.0016
vn 0.1921 -0.9814 0.0032
vn 0.2046 -0.9768 0.0624
vn 0.2814 -0.9591 -0.0302
vn 0.5856 -0.8097 0.0383
vn 0.5434 -0.8394 -0.0132
vn 0.6154 -0.7881 0.0136
vn 0.5725 -0.8190 -0.0379
vn 0.7164 -0.6973 -0.0214
vn 0.2951 -0.9555 -0.0007
vn 0.2962 -0.9551 0.0027
vn 0.2980 -0.9546 -0.0024
vn 0.6853 -0.7272 0.0406
vn 0.7877 -0.6134 -0.0575
vn 0.0283 -0.9996 -0.0016
vn 0.2923 -0.9563 -0.0004
vn 0.1597 -0.9872 -0.0006
vn 0.1611 -0.9869 0.0005
vn 0.0257 -0.9997 -0.0013
vn 0.0259 -0.9997 -0.0027
vn 0.0249 -0.9997 -0.0018
vn 0.1622 -0.9868 0.0005
vn 0.1632 -0.9866 0.0000
vn 0.1641 -0.9864 0.0016
vn 0.4296 -0.9029 -0.0145
vn 0.4334 -0.9012 0.0023
vn 0.4365 -0.8997 -0.0026
vn 0.5296 -0.8482 0.0097
vn 0.5644 -0.8247 -0.0351
vn 0.5625 -0.8260 0.0350
vn 0.5980 -0.8014 -0.0100
vn 0.6991 -0.7148 0.0166
vn 0.5705 -0.8213 0.0038
vn 0.6705 -0.7410 -0.0373
vn 0.5835 -0.8086 0.0751
vn 0.4335 -0.9011 0.0005
vn 0.5310 -0.8474 0.0006
vn 0.5830 -0.8125 -0.0028
vn 0.5828 -0.8121 0.0287
vn 0.7031 -0.7107 -0.0229
vn 0.7095 -0.7047 -0.0098
vn 0.7770 -0.6295 0.0045
vn 0.8474 -0.5292 -0.0427
vn 0.8361 -0.5485 -0.0062
vn 0.9260 -0.3692 -0.0784
vn 0.9100 -0.4146 -0.0029
vn 0.9423 -0.3318 0.0436
vn 0.8475 -0.5308 0.0022
vn 0.7772 -0.6284 -0.0322
vn 0.7734 -0.6324 -0.0433
vn 0.7738 -0.6321 -0.0424
vn 0.6822 -0.7307 0.0252
vn 0.8601 -0.5100 -0.0103
vn 0.7774 -0.6283 -0.0314
vn 0.6986 -0.7109 0.0811
vn 0.7009 -0.7132 0.0104
vn 0.8591 -0.5094 0.0484
vn 0.3279 0.9445 0.0188
vn 0.4449 0.8952 -0.0275
vn 0.3161 0.9487 -0.0014
vn 0.3966 0.9179 0.0119
vn 0.4800 0.8771 -0.0151
vn 1.0000 0.0000 0.0000
vn 0.2588 -0.9659 0.0000
vn 0.7071 -0.7071 0.0000
vn 0.9659 -0.2588 0.0000
vn 0.0000 -1.0000 0.0000
vn -0.9659 -0.2588 0.0000
vn -0.7071 -0.7071 0.0000
vn -0.2588 -0.9659 0.0000
vn -0.2588 0.9659 0.0000
vn -0.7071 0.7071 0.0000
vn -0.9659 0.2588 0.0000
vn 0.0000 1.0000 0.0000
vn 0.9659 0.2588 0.0000
vn 0.7071 0.7071 0.0000
vn 0.2588 0.9659 0.0000
vn 0.9234 0.3838 0.0000
vn 0.6489 0.7609 0.0000
vn 0.2332 0.9724 0.0000
vn 0.9682 0.2500 0.0000
vn 0.9043 0.4269 0.0000
vn 0.9043 0.4268 0.0000
vn 0.8084 0.5886 0.0000
vn 0.6840 0.7295 0.0000
vn 0.5353 0.8446 0.0000
vn 0.3678 0.9299 0.0000
vn 0.1872 0.9823 0.0000
vn -0.1872 0.9823 0.0000
vn -0.3678 0.9299 0.0000
vn -0.5353 0.8446 0.0000
vn -0.8084 0.5886 0.0000
vn -0.6840 0.7295 0.0000
vn -0.9043 0.4268 0.0000
vn -0.9682 0.2500 0.0000
vn -0.2332 0.9724 0.0000
vn -0.6489 0.7609 0.0000
vn -0.9234 0.3838 0.0000
vn 0.9888 -0.1490 0.0000
vn 0.9010 -0.4339 0.0000
vn 0.7331 -0.6802 0.0000
vn 0.2225 -0.9749 0.0000
vn -0.0747 -0.9972 0.0000
vn -0.3653 -0.9309 0.0000
vn -0.6235 -0.7818 0.0000
vn -0.8262 -0.5633 0.0000
vn -0.9556 -0.2948 0.0000
vn -0.9556 0.2948 0.0000
vn -0.8262 0.5633 0.0000
vn -0.6235 0.7818 0.0000
vn -0.3653 0.9309 0.0000
vn -0.0747 0.9972 0.0000
vn 0.2225 0.9749 0.0000
vn 0.7331 0.6802 0.0000
vn 0.9010 0.4339 0.0000
vn 0.9888 0.1490 0.0000
vn 0.3420 0.9397 0.0000
vn -0.3420 0.9397 0.0000
vn 0.9848 0.1737 0.0000
vn 0.9848 0.1736 0.0000
vn 0.8660 0.5000 0.0000
vn 0.6428 0.7660 0.0000
vn 0.6428 -0.7660 0.0000
vn 0.8660 -0.5000 0.0000
vn 0.9848 -0.1736 0.0000
vn 0.9848 -0.1737 0.0000
vn -0.3420 -0.9397 0.0000
vn 0.3420 -0.9397 0.0000
vn -0.5000 -0.8660 0.0000
vn -0.9848 -0.1737 0.0000
vn -0.8660 -0.5000 0.0000
vn -0.6428 -0.7660 0.0000
vn -0.6428 0.7660 0.0000
vn -0.8660 0.5000 0.0000
vn -0.9848 0.1737 0.0000
vn -0.5000 0.8660 0.0000
vn 0.9927 -0.1205 0.0000
vn 0.9350 -0.3546 0.0000
vn 0.8230 -0.5681 0.0000
vn 0.6631 -0.7485 0.0000
vn 0.4647 -0.8855 0.0000
vn 0.2393 -0.9709 0.0000
vn -0.2393 -0.9709 0.0000
vn -0.4647 -0.8855 0.0000
vn -0.6631 -0.7485 0.0000
vn -0.8230 -0.5681 0.0000
vn -0.9350 -0.3546 0.0000
vn -0.9927 -0.1205 0.0000
vn -0.9927 0.1205 0.0000
vn -0.9350 0.3546 0.0000
vn -0.8230 0.5681 0.0000
vn -0.6631 0.7485 0.0000
vn -0.4647 0.8855 0.0000
vn -0.2393 0.9709 0.0000
vn 0.2393 0.9709 0.0000
vn 0.4647 0.8855 0.0000
vn 0.6631 0.7485 0.0000
vn 0.8230 0.5681 0.0000
vn 0.9350 0.3546 0.0000
vn 0.9927 0.1205 0.0000
vn -0.8090 0.5878 0.0000
vn -0.8090 -0.5878 -0.0000
vn -0.3090 -0.9511 -0.0000
vn -0.5878 0.8090 0.0000
vn -0.9511 -0.3090 0.0000
vn 0.3090 0.9511 0.0000
vn -0.3090 0.9511 0.0000
vn 0.5878 0.8090 0.0000
vn 0.8090 0.5878 0.0000
vn 0.9511 -0.3090 -0.0000
vn 0.3090 -0.9511 -0.0000
vn 0.8090 -0.5878 -0.0000
vn -0.2506 0.2506 0.9351
vn -0.2506 0.9351 0.2506
vn -0.9351 0.2506 0.2506
vn -0.6982 -0.1582 0.6982
vn -0.3653 0.3653 0.8562
vn -0.7933 0.4305 0.4305
vn -0.4627 0.6269 0.6269
vn -0.6982 0.6982 -0.1582
vn -0.3653 0.8562 0.3653
vn 0.2506 0.2506 0.9351
vn 0.2506 0.9351 0.2506
vn 0.9351 0.2506 0.2506
vn -0.1581 0.6982 0.6982
vn 0.3653 0.8562 0.3653
vn 0.4306 0.4305 0.7933
vn 0.4305 0.4306 0.7933
vn 0.6982 -0.1582 0.6982
vn 0.6268 0.6269 0.4627
vn 0.6269 0.6268 0.4627
vn 0.6269 0.6269 0.4627
vn 0.8562 0.3653 0.3653
vn 0.0000 0.2588 0.9659
vn 0.0000 0.7071 0.7071
vn 0.0000 0.9659 0.2588
vn -0.2506 -0.9351 0.2506
vn -0.2506 -0.2506 0.9351
vn -0.9351 -0.2506 0.2506
vn -0.6982 -0.6982 -0.1581
vn -0.4627 -0.6269 0.6269
vn -0.4627 -0.6269 0.6268
vn -0.3653 -0.8562 0.3653
vn -0.7933 -0.4305 0.4305
vn -0.6982 0.1582 0.6982
vn -0.3653 -0.3653 0.8562
vn 0.9351 -0.2506 0.2506
vn 0.2506 -0.9351 0.2506
vn 0.2506 -0.2506 0.9351
vn 0.6982 -0.6982 -0.1581
vn 0.3653 -0.8562 0.3653
vn 0.7933 -0.4305 0.4305
vn 0.7933 -0.4306 0.4305
vn 0.4627 -0.6269 0.6269
vn 0.4627 -0.6268 0.6269
vn 0.6982 0.1582 0.6982
vn 0.4627 -0.6269 0.6268
vn 0.3653 -0.3653 0.8562
vn 0.2588 -0.0000 0.9659
vn 0.7071 -0.0000 0.7071
vn 0.9659 -0.0000 0.2588
vn 0.0000 -0.2588 0.9659
vn 0.0000 -0.7071 0.7071
vn 0.0000 -0.9659 0.2588
vn -0.2588 -0.0000 0.9659
vn -0.7071 -0.0000 0.7071
vn -0.9659 -0.0000 0.2588
vn 0.0000 -0.0000 1.0000
vn 0.0000 0.0000 -1.0000
usemtl Default_OBJ.294
s 1
f 1//1 2//1 3//1
f 2//1 4//1 3//1
f 3//2 4//3 5//2
f 4//3 6//3 5//2
f 5//4 6//4 7//4
f 6//4 8//4 7//4
f 7//5 8//5 9//5
f 8//5 10//5 9//5
f 9//6 10//6 11//6
f 10//6 12//6 11//6
f 11//7 12//7 13//7
f 12//7 14//7 13//7
f 13//8 14//8 15//8
f 14//8 16//8 15//8
f 15//9 16//9 17//9
f 16//9 18//9 17//9
f 17//10 18//10 19//10
f 18//10 20//10 19//10
f 19//11 20//11 21//11
f 20//11 22//11 21//11
f 21//12 22//12 23//12
f 22//12 24//12 23//12
f 23//13 24//13 25//13
f 24//13 26//13 25//13
f 25//14 26//14 27//14
f 26//14 28//14 27//14
f 27//15 28//15 29//15
f 28//15 30//15 29//15
f 29//16 30//16 31//16
f 31//17 32//17 33//17
f 30//16 32//16 31//16
f 33//18 34//18 35//18
f 32//17 34//17 33//17
f 35//19 36//19 37//19
f 34//18 36//18 35//18
f 37//20 38//20 39//20
f 36//19 38//19 37//19
f 39//21 40//21 41//21
f 38//20 40//20 39//20
f 41//22 42//22 43//22
f 40//21 42//21 41//21
f 43//23 44//23 45//23
f 42//22 44//22 43//22
f 45//24 46//24 47//24
f 44//23 46//23 45//23
f 47//25 48//25 49//25
f 46//24 48//24 47//24
f 48//25 50//25 49//25
f 49//26 50//26 51//26
f 50//26 52//26 51//26
f 51//27 52//27 53//27
f 52//27 54//27 53//27
f 53//28 54//28 55//28
f 54//28 56//28 55//28
f 55//29 56//29 57//29
f 56//29 58//29 57//29
f 57//30 58//30 59//30
f 58//30 60//30 59//30
f 59//31 60//31 61//31
f 60//31 62//31 61//31
f 61//32 62//32 63//32
f 62//32 64//32 63//32
f 63//33 64//33 65//33
f 64//33 66//33 65//33
f 65//34 66//34 67//34
f 66//34 68//34 67//34
f 67//35 68//35 69//35
f 68//35 70//35 69//35
f 69//36 70//36 71//36
f 70//36 72//36 71//36
f 71//37 72//37 73//37
f 72//37 74//37 73//37
f 74//38 75//38 73//38
f 73//38 75//38 76//38
f 76//39 75//39 77//39
f 75//39 78//39 77//39
f 77//40 78//40 79//40
f 78//40 80//40 79//40
f 79//41 80//41 81//41
f 80//41 82//41 81//41
f 81//42 82//42 83//42
f 82//42 84//42 83//42
f 83//43 84//43 85//43
f 84//43 86//43 85//43
f 86//44 87//44 85//44
f 85//44 87//44 88//44
f 87//45 89//45 88//45
f 88//45 89//45 90//45
f 90//46 89//46 91//46
f 89//46 92//46 91//46
f 91//47 92//47 93//47
f 92//47 94//47 93//47
f 93//48 94//48 95//48
f 94//48 96//48 95//48
f 95//49 97//49 98//49
f 96//49 97//49 95//49
f 97//50 99//50 98//50
f 98//50 99//50 100//50
f 100//51 101//52 102//51
f 99//52 101//52 100//51
f 102//53 101//53 1//53
f 101//53 2//53 1//53
f 103//54 104//55 105//56
f 103//57 106//57 107//57
f 103//58 107//59 108//60
f 103//61 108//61 109//61
f 103//62 109//62 110//62
f 103//63 105//63 106//63
f 111//64 112//64 113//64
f 111//65 113//65 114//65
f 111//66 115//67 116//68
f 111//66 114//66 115//67
f 117//69 112//69 111//69
f 117//70 118//70 112//70
f 117//71 116//72 119//73
f 117//74 111//74 116//74
f 120//75 121//76 118//77
f 120//75 118//77 117//78
f 120//79 117//71 119//73
f 122//80 121//81 120//82
f 122//83 119//83 123//83
f 122//84 120//84 119//84
f 124//85 123//85 125//85
f 124//86 121//81 122//80
f 124//87 125//87 126//87
f 124//88 126//88 121//88
f 124//89 122//89 123//89
f 127//90 126//90 128//90
f 127//91 129//91 121//91
f 127//92 128//93 130//94
f 127//95 121//95 126//95
f 127//96 130//96 129//96
f 131//97 132//98 133//99
f 131//100 133//101 134//102
f 131//97 135//103 132//98
f 136//104 137//105 135//103
f 136//104 135//103 131//97
f 136//106 134//102 138//107
f 136//106 131//100 134//102
f 139//108 140//109 137//105
f 139//110 136//106 138//107
f 139//108 137//105 136//104
f 139//110 138//107 140//111
f 141//112 142//113 140//113
f 141//114 140//114 143//115
f 144//116 143//115 145//117
f 144//118 142//113 141//112
f 144//118 146//119 142//113
f 144//116 141//114 143//115
f 147//120 148//121 149//122
f 147//123 137//123 150//123
f 147//124 149//125 137//126
f 151//127 145//117 152//128
f 151//127 144//116 145//117
f 151//129 146//119 144//118
f 151//129 152//130 153//131
f 151//129 153//131 146//119
f 154//132 148//121 147//120
f 154//133 150//134 155//135
f 154//133 147//136 150//134
f 154//132 156//137 148//121
f 157//138 156//137 154//132
f 157//138 158//139 156//137
f 157//140 154//133 155//135
f 157//140 155//135 158//141
f 159//142 160//142 161//142
f 159//143 148//143 156//143
f 159//144 156//144 162//144
f 159//145 162//145 160//145
f 159//146 161//146 148//146
f 163//147 164//147 160//147
f 163//148 160//148 162//148
f 165//149 164//149 163//149
f 165//150 166//151 167//152
f 165//153 163//153 162//153
f 165//154 167//154 164//154
f 168//155 169//155 170//155
f 168//156 162//157 171//158
f 168//156 171//158 169//159
f 172//160 168//160 170//160
f 172//161 166//151 165//150
f 172//162 165//162 162//162
f 172//163 162//163 168//163
f 172//164 170//164 173//164
f 172//165 173//165 166//165
f 174//166 175//166 176//166
f 174//167 177//168 178//169
f 174//170 179//171 175//172
f 174//170 178//173 179//171
f 174//167 176//174 177//168
f 180//175 181//176 182//177
f 180//178 183//178 184//178
f 180//179 184//179 181//179
f 180//175 182//177 185//180
f 180//181 175//181 183//181
f 180//182 185//182 175//182
f 186//183 187//184 188//185
f 189//186 188//187 187//188
f 190//189 191//189 187//189
f 190//190 187//190 186//190
f 192//191 190//191 186//191
f 192//192 193//192 190//192
f 194//193 195//194 196//195
f 194//196 196//197 197//198
f 181//199 198//200 182//201
f 199//202 195//194 194//193
f 200//203 186//183 188//185
f 200//204 201//204 186//204
f 202//205 203//206 204//207
f 202//208 204//209 107//59
f 205//210 206//211 207//212
f 208//213 202//214 107//215
f 209//216 210//216 211//216
f 212//217 204//217 203//217
f 212//218 213//218 214//218
f 212//219 203//219 213//219
f 215//220 208//220 107//220
f 216//221 215//221 107//221
f 217//222 206//211 205//210
f 109//223 209//223 211//223
f 218//224 219//224 220//224
f 221//225 219//225 218//225
f 222//226 223//226 224//226
f 225//227 222//228 224//229
f 225//230 224//230 226//230
f 227//231 228//231 229//231
f 230//232 228//233 227//234
f 231//235 232//235 233//235
f 234//236 235//236 236//236
f 237//237 238//237 235//237
f 237//238 235//239 234//240
f 239//241 240//241 241//241
f 242//242 243//242 244//242
f 245//243 239//243 241//243
f 245//244 241//244 246//244
f 247//245 233//245 248//245
f 249//246 250//246 251//246
f 252//247 253//247 254//247
f 255//248 253//249 252//250
f 255//251 256//251 253//251
f 257//252 258//252 259//252
f 260//253 261//253 262//253
f 263//254 256//254 255//254
f 264//255 265//255 256//255
f 264//256 266//256 265//256
f 264//257 256//258 263//259
f 267//260 260//261 262//262
f 268//263 267//263 262//263
f 269//264 251//264 270//264
f 271//265 272//266 273//267
f 125//268 271//268 273//268
f 274//269 275//269 276//269
f 274//270 277//270 275//270
f 278//271 279//271 280//271
f 281//272 279//273 278//274
f 282//275 279//275 281//275
f 282//276 283//276 279//276
f 284//277 283//278 282//279
f 285//280 286//281 287//282
f 285//280 288//283 286//281
f 289//284 287//284 290//284
f 289//285 285//286 287//287
f 291//288 189//186 187//188
f 291//289 292//289 189//289
f 293//290 294//290 295//290
f 293//291 292//292 294//293
f 296//294 292//292 293//291
f 296//295 189//295 292//295
f 297//296 298//296 299//296
f 297//297 300//297 298//297
f 173//298 301//299 302//300
f 303//301 297//302 299//303
f 304//304 173//298 302//300
f 305//305 304//306 302//307
f 306//308 305//309 302//310
f 307//311 308//311 188//311
f 307//312 306//308 302//310
f 307//313 189//314 306//315
f 307//316 188//316 189//316
f 309//317 310//317 191//317
f 309//318 191//318 190//318
f 311//319 309//319 190//319
f 311//320 190//320 193//320
f 311//321 310//321 309//321
f 312//322 313//322 310//322
f 312//323 310//323 311//323
f 312//324 311//324 314//324
f 315//325 314//325 311//325
f 315//326 311//326 193//326
f 315//327 316//327 314//327
f 176//328 317//329 313//330
f 176//331 318//331 317//331
f 176//332 312//332 314//332
f 176//328 313//330 312//333
f 319//334 315//334 193//334
f 319//335 316//335 315//335
f 319//336 193//336 192//336
f 177//337 176//337 314//337
f 177//338 314//339 316//340
f 177//338 316//340 196//341
f 320//342 319//342 192//342
f 320//343 192//343 186//343
f 321//344 197//344 196//344
f 321//345 196//345 316//345
f 322//346 201//346 323//346
f 322//347 324//347 320//347
f 322//348 323//348 324//348
f 322//349 186//349 201//349
f 322//350 320//350 186//350
f 325//351 197//351 321//351
f 326//352 327//352 325//352
f 326//353 213//353 327//353
f 326//354 325//354 324//354
f 326//355 324//355 323//355
f 328//356 194//196 197//198
f 328//357 325//357 327//357
f 328//358 197//358 325//358
f 328//359 199//359 194//359
f 329//360 323//360 201//360
f 329//361 213//361 326//361
f 329//362 326//362 323//362
f 329//363 214//363 213//363
f 330//364 198//200 181//199
f 330//365 331//365 205//365
f 330//366 207//366 198//366
f 330//367 205//367 207//367
f 184//368 331//368 330//368
f 184//369 332//369 331//369
f 184//370 330//370 181//370
f 333//371 184//371 183//371
f 333//372 332//372 184//372
f 333//373 334//373 332//373
f 335//374 200//374 209//374
f 335//375 214//375 329//375
f 335//376 201//376 200//376
f 335//377 209//377 214//377
f 335//378 329//378 201//378
f 336//379 327//379 213//379
f 336//380 213//380 203//380
f 337//381 199//381 328//381
f 337//382 334//383 333//384
f 338//385 337//385 328//385
f 338//386 328//386 327//386
f 338//387 334//387 337//387
f 338//388 216//389 334//390
f 339//391 327//392 336//393
f 339//394 203//206 202//205
f 339//394 336//395 203//206
f 339//396 202//214 208//213
f 339//397 208//397 215//397
f 339//391 338//398 327//392
f 339//399 216//399 338//399
f 339//400 215//400 216//400
f 340//401 209//401 200//401
f 340//402 200//402 188//402
f 340//403 210//403 209//403
f 340//404 188//404 210//404
f 341//405 214//405 209//405
f 341//406 212//406 214//406
f 341//407 209//407 109//407
f 342//408 343//408 206//408
f 342//409 206//410 217//411
f 344//412 217//412 205//412
f 345//413 344//414 205//415
f 345//416 205//416 331//416
f 108//417 204//417 212//417
f 108//418 212//418 341//418
f 108//419 341//419 109//419
f 108//60 107//59 204//209
f 346//420 347//420 348//420
f 346//421 348//421 345//421
f 346//422 345//422 331//422
f 346//423 331//423 332//423
f 349//424 332//425 334//426
f 349//427 350//428 347//429
f 349//430 346//430 332//430
f 349//427 347//429 346//431
f 351//432 349//424 334//426
f 351//433 334//390 216//389
f 351//432 352//434 350//435
f 351//432 350//435 349//424
f 353//436 107//436 106//436
f 353//437 105//438 354//439
f 353//440 216//440 107//440
f 353//441 351//441 216//441
f 353//442 352//442 351//442
f 353//443 354//443 352//443
f 353//444 106//444 105//444
f 355//445 342//409 217//411
f 355//446 217//447 344//448
f 356//449 218//449 220//449
f 356//450 220//450 357//450
f 110//451 358//451 359//451
f 360//452 361//453 362//454
f 360//455 362//456 363//457
f 360//458 228//458 361//458
f 360//459 229//459 228//459
f 364//460 360//460 363//460
f 364//461 229//461 360//461
f 365//462 348//463 347//464
f 365//465 366//466 348//467
f 365//468 367//468 366//468
f 368//469 228//470 369//471
f 370//472 371//473 372//474
f 370//475 347//429 350//428
f 370//472 365//462 347//464
f 370//472 372//474 365//462
f 373//476 350//435 352//434
f 373//477 352//477 222//477
f 373//478 371//479 370//475
f 373//480 222//228 225//227
f 373//478 225//481 371//479
f 373//478 370//475 350//428
f 374//482 375//482 219//482
f 374//483 219//483 221//483
f 376//484 221//484 218//484
f 376//485 368//486 369//487
f 376//485 218//488 368//486
f 377//489 378//489 223//489
f 377//490 223//491 222//492
f 377//490 222//492 352//493
f 377//494 352//494 354//494
f 379//495 229//495 364//495
f 379//496 366//496 367//496
f 379//497 364//497 366//497
f 380//498 365//498 372//498
f 380//499 367//499 365//499
f 381//500 236//500 235//500
f 381//501 375//501 374//501
f 381//502 382//502 375//502
f 381//503 235//503 382//503
f 383//504 374//504 221//504
f 383//505 381//505 374//505
f 383//506 236//506 381//506
f 384//507 369//507 228//507
f 384//508 228//508 230//508
f 384//509 230//509 385//509
f 384//510 385//510 232//510
f 386//511 221//511 376//511
f 386//512 383//512 221//512
f 387//513 386//513 376//513
f 387//514 376//514 369//514
f 387//515 388//515 386//515
f 389//516 384//516 232//516
f 389//517 387//517 369//517
f 389//518 369//518 384//518
f 389//519 232//519 231//519
f 390//520 229//520 379//520
f 390//521 227//521 229//521
f 390//522 230//232 227//234
f 390//523 385//523 230//523
f 391//524 233//525 390//526
f 391//527 379//527 367//527
f 391//528 390//528 379//528
f 392//529 391//529 367//529
f 392//530 367//530 380//530
f 393//531 392//531 380//531
f 393//532 380//532 372//532
f 393//533 243//533 392//533
f 394//534 393//534 372//534
f 395//535 390//526 233//525
f 395//536 385//536 390//536
f 396//537 372//474 371//473
f 396//538 394//538 372//538
f 396//539 397//539 394//539
f 398//540 240//540 239//540
f 398//541 399//541 240//541
f 398//542 226//542 399//542
f 398//543 239//544 396//537
f 398//543 396//537 371//473
f 398//545 225//545 226//545
f 398//546 371//479 225//481
f 400//547 395//547 233//547
f 400//548 385//548 395//548
f 400//549 232//549 385//549
f 400//550 233//550 232//550
f 401//551 236//551 383//551
f 401//552 383//552 386//552
f 401//553 386//553 388//553
f 402//554 388//554 387//554
f 402//555 387//555 389//555
f 402//556 389//556 231//556
f 403//557 238//558 237//559
f 403//560 404//560 238//560
f 405//561 391//561 392//561
f 405//562 243//562 242//562
f 405//563 242//563 406//563
f 405//564 406//564 407//564
f 405//565 392//565 243//565
f 405//566 233//566 391//566
f 408//567 409//567 244//567
f 408//568 243//568 393//568
f 408//569 394//569 397//569
f 408//570 393//570 394//570
f 408//571 397//571 410//571
f 408//572 244//572 243//572
f 408//573 410//574 409//575
f 411//576 396//576 239//576
f 411//577 397//577 396//577
f 411//578 239//578 245//578
f 412//579 233//579 405//579
f 412//580 405//580 407//580
f 413//581 248//581 233//581
f 413//582 407//582 248//582
f 413//583 233//583 412//583
f 413//584 412//584 407//584
f 414//585 237//238 234//240
f 414//586 234//586 236//586
f 414//587 236//587 401//587
f 415//588 416//589 414//590
f 415//591 401//591 388//591
f 415//592 414//592 401//592
f 417//593 388//593 402//593
f 417//594 415//594 388//594
f 418//595 402//595 231//595
f 418//596 417//596 402//596
f 418//597 250//597 417//597
f 419//598 411//598 245//598
f 419//599 410//600 397//601
f 419//602 397//602 411//602
f 420//603 231//603 233//603
f 420//604 233//604 421//604
f 420//605 421//605 422//605
f 420//606 418//606 231//606
f 423//607 237//607 414//607
f 423//608 414//590 416//589
f 424//609 423//610 416//611
f 424//609 237//612 423//610
f 425//613 424//613 416//613
f 425//614 403//557 237//559
f 425//615 416//615 258//615
f 425//616 237//616 424//616
f 426//617 242//617 244//617
f 426//618 406//618 242//618
f 426//619 407//619 406//619
f 426//620 248//620 407//620
f 426//621 244//621 427//621
f 428//622 250//622 249//622
f 428//623 416//623 415//623
f 428//624 417//624 250//624
f 428//625 415//625 417//625
f 429//626 420//626 422//626
f 429//627 418//627 420//627
f 429//628 430//628 251//628
f 429//629 251//629 250//629
f 429//630 422//630 430//630
f 429//631 250//631 418//631
f 431//632 421//632 233//632
f 431//633 422//633 421//633
f 431//634 233//634 247//634
f 432//635 426//635 427//635
f 432//636 247//636 248//636
f 432//637 248//637 426//637
f 433//638 258//638 416//638
f 433//639 249//639 434//639
f 433//640 416//640 428//640
f 433//641 434//641 435//641
f 433//642 259//642 258//642
f 433//643 435//643 259//643
f 433//644 428//644 249//644
f 436//645 427//645 244//645
f 437//646 427//646 436//646
f 437//647 436//647 260//647
f 438//648 427//649 437//650
f 438//648 437//650 260//651
f 439//652 422//652 431//652
f 439//653 251//653 430//653
f 439//654 270//654 251//654
f 439//655 430//655 422//655
f 440//656 115//657 114//658
f 441//659 439//659 431//659
f 441//660 431//660 247//660
f 441//661 270//661 439//661
f 442//662 247//662 432//662
f 442//663 441//663 247//663
f 443//664 442//664 432//664
f 443//665 444//665 442//665
f 443//666 432//666 427//666
f 445//667 427//668 438//669
f 445//670 438//670 260//670
f 445//667 443//671 427//668
f 445//672 260//261 267//260
f 445//673 267//673 268//673
f 446//674 434//674 249//674
f 446//675 249//675 251//675
f 447//676 434//676 446//676
f 447//677 446//677 251//677
f 448//678 440//678 114//678
f 448//679 252//679 440//679
f 116//680 449//680 258//680
f 116//681 258//682 257//683
f 116//684 115//685 449//686
f 450//687 435//687 434//687
f 450//688 259//688 435//688
f 450//689 257//689 259//689
f 450//690 434//690 447//690
f 450//691 447//691 251//691
f 451//692 252//693 448//694
f 452//695 453//695 261//695
f 452//696 261//697 260//698
f 452//696 260//698 436//699
f 454//700 255//248 252//250
f 454//701 263//702 255//703
f 454//704 252//705 451//704
f 455//706 270//706 441//706
f 455//707 441//707 442//707
f 455//708 442//708 444//708
f 456//709 444//709 443//709
f 456//710 443//710 445//710
f 456//711 445//711 268//711
f 457//712 251//712 269//712
f 457//713 269//713 458//713
f 459//714 251//714 457//714
f 459//715 457//715 458//715
f 119//716 116//681 257//683
f 460//717 450//717 251//717
f 460//718 458//718 272//718
f 460//719 251//719 459//719
f 460//720 459//720 458//720
f 460//721 272//266 271//265
f 460//722 271//722 125//722
f 461//723 264//257 263//259
f 461//724 263//702 454//701
f 462//725 269//725 270//725
f 462//726 270//726 455//726
f 463//727 464//727 462//727
f 463//728 462//728 455//728
f 463//729 455//729 444//729
f 465//730 463//730 444//730
f 465//731 444//731 456//731
f 466//732 462//732 464//732
f 466//733 269//733 462//733
f 466//734 464//734 273//734
f 466//735 273//735 272//735
f 466//736 458//736 269//736
f 466//737 272//737 458//737
f 467//738 465//738 456//738
f 467//739 277//739 465//739
f 467//740 456//740 268//740
f 468//741 266//742 264//743
f 468//741 264//743 461//744
f 469//745 467//745 268//745
f 469//746 470//746 471//746
f 469//747 262//747 470//747
f 469//748 268//748 262//748
f 472//749 278//750 280//751
f 472//752 280//752 473//752
f 474//753 277//753 274//753
f 474//754 465//754 277//754
f 474//755 464//755 463//755
f 474//756 463//756 465//756
f 475//757 469//757 471//757
f 475//758 471//758 275//758
f 475//759 467//759 469//759
f 475//760 275//760 277//760
f 475//761 277//761 467//761
f 476//762 474//763 274//764
f 476//762 464//765 474//763
f 476//766 273//767 464//768
f 477//769 125//769 273//769
f 477//770 273//770 478//770
f 477//771 478//772 479//773
f 477//774 479//775 480//776
f 481//777 278//750 472//749
f 482//778 276//778 483//778
f 482//779 274//779 276//779
f 484//780 283//780 284//780
f 484//781 485//781 283//781
f 486//782 281//272 278//274
f 486//783 278//750 481//777
f 487//784 284//277 282//279
f 487//785 282//785 281//785
f 487//786 281//787 486//788
f 488//789 284//277 487//784
f 489//790 480//791 490//792
f 489//793 490//793 288//793
f 491//794 284//795 488//796
f 492//797 288//283 285//280
f 492//798 489//799 288//800
f 493//801 485//801 484//801
f 493//802 494//802 485//802
f 495//803 484//803 284//803
f 495//804 493//804 484//804
f 495//805 496//805 493//805
f 497//806 284//806 491//806
f 497//807 495//807 284//807
f 497//808 498//808 499//808
f 497//809 491//809 498//809
f 500//810 285//286 289//285
f 500//811 492//811 285//811
f 501//812 502//812 286//812
f 501//813 288//814 490//815
f 501//813 286//816 288//814
f 503//817 499//818 504//819
f 503//820 504//821 294//822
f 503//823 496//823 495//823
f 503//824 495//824 497//824
f 503//825 497//825 499//825
f 505//826 496//826 291//826
f 505//827 187//827 494//827
f 505//828 291//828 187//828
f 505//829 493//829 496//829
f 505//830 494//830 493//830
f 506//831 289//832 290//833
f 506//831 500//834 289//832
f 507//835 291//835 496//835
f 507//836 292//836 291//836
f 507//837 503//837 294//837
f 507//838 294//838 292//838
f 507//839 496//839 503//839
f 508//840 499//841 498//842
f 508//843 504//819 499//818
f 509//844 504//844 508//844
f 509//845 508//845 164//845
f 509//846 164//846 295//846
f 509//847 295//848 294//822
f 509//847 294//822 504//821
f 510//849 511//850 300//851
f 167//852 295//852 164//852
f 167//853 293//853 295//853
f 167//854 296//294 293//291
f 512//855 296//855 167//855
f 512//856 167//856 189//856
f 513//857 296//857 512//857
f 513//858 512//858 189//858
f 513//859 189//859 296//859
f 514//860 515//860 298//860
f 514//861 516//861 515//861
f 514//862 300//851 511//850
f 514//863 298//863 300//863
f 517//864 300//864 297//864
f 517//865 510//866 300//867
f 517//868 297//302 303//301
f 518//869 517//870 303//871
f 169//872 519//872 520//873
f 169//874 520//875 521//876
f 166//877 189//877 167//877
f 166//878 173//878 304//878
f 166//879 304//306 305//305
f 522//880 189//880 166//880
f 522//881 166//881 305//881
f 522//882 305//309 306//308
f 523//883 170//883 169//883
f 523//884 169//874 521//876
f 523//885 173//885 170//885
f 523//886 301//887 173//888
f 523//886 521//889 301//887
f 524//890 189//890 522//890
f 524//891 522//882 306//308
f 524//892 306//315 189//314
f 525//893 518//893 303//893
f 525//894 519//894 518//894
f 525//895 520//896 519//897
f 526//898 299//898 527//898
f 526//899 525//900 303//901
f 526//899 303//901 299//902
f 528//903 307//903 302//903
f 528//904 302//300 301//299
f 529//905 530//905 308//905
f 529//906 308//906 307//906
f 531//907 316//908 319//907
f 531//909 321//909 316//909
f 532//910 319//910 320//910
f 532//911 531//907 319//907
f 532//912 321//912 531//912
f 532//913 325//913 321//913
f 533//914 320//915 324//916
f 533//914 532//917 320//915
f 533//918 325//918 532//918
f 533//919 324//919 325//919
f 178//920 177//920 196//920
f 178//921 196//195 195//194
f 178//922 195//923 179//924
f 534//925 333//384 183//926
f 534//925 337//382 333//384
f 534//927 199//928 337//929
f 534//925 183//926 179//930
f 534//927 179//924 195//923
f 534//927 195//923 199//928
f 535//931 357//932 343//933
f 535//934 343//934 342//934
f 536//935 535//935 342//935
f 536//936 356//936 357//936
f 536//937 357//932 535//931
f 537//938 345//413 348//939
f 537//938 344//414 345//413
f 537//940 363//940 355//940
f 537//941 355//446 344//448
f 538//942 342//943 355//944
f 538//945 356//945 536//945
f 538//942 536//946 342//943
f 539//947 211//947 358//947
f 539//948 358//949 110//948
f 539//948 110//948 109//950
f 539//951 109//951 211//951
f 540//952 362//454 361//453
f 540//953 363//457 362//456
f 540//954 355//954 363//954
f 540//955 538//955 355//955
f 541//956 538//956 540//956
f 541//957 228//470 368//469
f 541//958 361//958 228//958
f 541//959 540//959 361//959
f 541//960 218//960 356//960
f 541//961 368//961 218//961
f 541//962 356//962 538//962
f 542//963 537//964 348//467
f 542//963 348//467 366//466
f 542//965 364//966 363//967
f 542//965 366//968 364//966
f 542//969 363//969 537//969
f 543//970 359//971 378//972
f 543//973 110//973 359//973
f 104//974 377//974 354//974
f 104//975 378//975 377//975
f 104//976 543//970 378//972
f 104//977 354//439 105//438
f 544//978 252//978 254//978
f 544//979 254//979 404//979
f 544//980 440//980 252//980
f 544//981 404//981 403//981
f 545//982 436//982 244//982
f 545//983 244//983 409//983
f 545//984 409//575 410//574
f 545//985 410//600 419//599
f 546//986 544//986 403//986
f 546//987 440//987 544//987
f 546//988 403//988 425//988
f 547//989 545//989 419//989
f 547//990 436//990 545//990
f 547//991 452//991 436//991
f 548//992 425//992 258//992
f 548//993 440//993 546//993
f 548//994 115//657 440//656
f 548//995 258//995 449//995
f 548//996 449//686 115//685
f 548//997 546//997 425//997
f 549//998 419//998 245//998
f 549//999 547//999 419//999
f 549//1000 246//1000 453//1000
f 549//1001 452//1001 547//1001
f 549//1002 245//1002 246//1002
f 549//1003 453//1003 452//1003
f 113//1004 448//1004 114//1004
f 113//1005 451//692 448//694
f 113//1006 454//704 451//704
f 113//1007 461//1008 454//1009
f 123//1010 257//1010 450//1010
f 123//1011 450//1012 460//1013
f 123//1014 119//716 257//683
f 123//1011 460//1013 125//1015
f 112//1016 550//1017 461//1008
f 112//1016 461//1008 113//1007
f 118//1018 129//1018 550//1018
f 118//1019 550//1019 112//1019
f 551//1020 468//741 461//744
f 121//1021 129//1021 118//1021
f 552//1022 266//1023 468//1024
f 552//1025 472//1025 473//1025
f 552//1026 481//1027 472//1028
f 552//1026 133//99 481//1027
f 552//1022 551//1029 133//101
f 552//1022 553//1030 266//1023
f 552//1031 473//1031 553//1031
f 552//1022 468//1024 551//1029
f 134//1032 461//744 550//1033
f 134//102 133//101 551//1029
f 134//1032 551//1020 461//744
f 126//1034 125//1034 477//1034
f 128//1035 126//1035 477//1035
f 128//1036 477//774 480//776
f 554//1037 476//1037 274//1037
f 554//1038 273//767 476//766
f 554//1039 478//1039 273//1039
f 554//1040 274//1040 482//1040
f 132//98 481//1027 133//99
f 132//1041 486//1042 481//1043
f 138//1044 134//1032 550//1033
f 555//1045 490//1045 480//1045
f 555//1046 478//1046 554//1046
f 555//1047 479//773 478//772
f 555//1048 480//776 479//775
f 135//1049 149//125 486//1042
f 135//1049 486//1042 132//1041
f 556//1050 490//1050 555//1050
f 556//1051 554//1051 482//1051
f 556//1052 555//1052 554//1052
f 556//1053 501//1054 490//1055
f 130//1056 557//1056 129//1056
f 130//1057 500//1058 557//1059
f 130//94 128//93 480//1060
f 558//1061 129//1061 557//1061
f 558//1062 550//1062 129//1062
f 558//1063 138//1063 550//1063
f 558//1064 140//1064 138//1064
f 559//1065 480//791 489//790
f 559//1066 489//799 492//798
f 559//1067 500//1058 130//1057
f 559//1068 130//1068 480//1068
f 559//1067 492//1069 500//1058
f 560//1070 501//1054 556//1053
f 560//1071 482//1071 483//1071
f 560//1072 556//1072 482//1072
f 143//1073 558//1073 557//1073
f 143//1074 140//1074 558//1074
f 561//1075 483//1076 502//1077
f 561//1078 502//1078 501//1078
f 561//1075 560//1079 483//1076
f 561//1080 501//1080 560//1080
f 562//1081 487//786 486//788
f 562//1082 488//789 487//784
f 562//1083 498//1083 491//1083
f 562//1084 491//794 488//796
f 137//126 149//125 135//1049
f 145//1085 557//1086 500//834
f 145//1085 143//1087 557//1086
f 150//1088 137//1088 140//1088
f 563//1089 149//1089 148//1089
f 563//1090 486//788 149//1091
f 563//1092 498//1092 562//1092
f 563//1090 562//1081 486//788
f 564//1093 500//834 506//831
f 564//1094 152//128 145//117
f 564//1094 506//1095 152//128
f 564//1093 145//1085 500//834
f 155//1096 150//1096 140//1096
f 155//1097 140//1097 142//1097
f 155//1098 142//1098 158//1098
f 565//1099 498//1099 563//1099
f 565//1100 563//1100 148//1100
f 161//1101 498//1101 565//1101
f 161//1102 565//1102 148//1102
f 161//1103 508//840 498//842
f 146//1104 158//1105 142//1106
f 146//1104 510//849 158//1105
f 160//1107 508//1107 161//1107
f 160//1108 164//1108 508//1108
f 566//1109 152//128 506//1095
f 153//1110 511//850 510//849
f 153//1110 510//849 146//1104
f 153//131 566//1111 511//1112
f 153//131 152//130 566//1111
f 567//1113 290//1114 516//1115
f 567//1113 506//1095 290//1114
f 567//1116 511//1112 566//1111
f 567//1116 514//1117 511//1112
f 567//1116 516//1118 514//1117
f 567//1113 566//1109 506//1095
f 568//1119 156//1119 158//1119
f 568//1120 158//1121 510//866
f 569//1122 156//1122 568//1122
f 569//1123 568//1123 519//1123
f 570//1124 156//1124 569//1124
f 570//1125 569//1125 519//1125
f 570//1126 519//872 169//872
f 171//1127 162//1127 156//1127
f 171//1128 570//1128 169//1128
f 171//1129 156//1129 570//1129
f 571//1130 510//866 517//865
f 571//1130 568//1120 510//866
f 571//1131 517//870 518//869
f 571//1132 519//1132 568//1132
f 571//1133 518//1133 519//1133
f 572//1134 520//896 525//895
f 572//1135 525//1135 526//1135
f 572//1136 521//876 520//875
f 573//1137 572//1137 529//1137
f 573//1138 521//1138 572//1138
f 573//1139 307//1139 528//1139
f 573//1140 528//904 301//299
f 573//1141 529//1141 307//1141
f 573//1142 301//887 521//889
f 574//1143 527//1144 530//1145
f 574//1146 526//1146 527//1146
f 575//1147 529//1147 572//1147
f 575//1148 574//1143 530//1145
f 575//1149 526//1149 574//1149
f 575//1150 572//1150 526//1150
f 575//1151 530//1151 529//1151
f 175//1152 185//1152 318//1152
f 175//1153 318//1153 176//1153
f 175//1154 179//930 183//926
f 103//54 543//1155 104//55
f 103//1156 110//1156 543//1156
f 576//1157 577//1157 578//1157
f 578//1157 577//1157 579//1157
f 580//1158 581//1158 582//1158
f 582//1159 583//1159 584//1159
f 581//1158 583//1158 582//1158
f 584//1160 585//1160 578//1160
f 583//1159 585//1159 584//1159
f 585//1160 576//1160 578//1160
f 586//1161 581//1161 587//1161
f 587//1161 581//1161 580//1161
f 588//1162 589//1162 590//1162
f 590//1162 589//1162 591//1162
f 591//1163 592//1163 593//1163
f 589//1163 592//1163 591//1163
f 593//1164 586//1164 587//1164
f 592//1164 586//1164 593//1164
f 594//27 588//27 595//27
f 595//27 588//27 590//27
f 596//1165 597//1165 598//1165
f 598//1166 599//1166 600//1166
f 597//1165 599//1165 598//1165
f 600//1167 601//1167 595//1167
f 599//1166 601//1166 600//1166
f 601//1167 594//1167 595//1167
f 602//1168 597//1168 603//1168
f 603//1168 597//1168 596//1168
f 577//1169 604//1169 579//1169
f 579//1169 604//1169 605//1169
f 605//1170 606//1170 607//1170
f 604//1170 606//1170 605//1170
f 607//1171 602//1171 603//1171
f 606//1171 602//1171 607//1171
f 608//1167 609//1167 610//1167
f 610//1166 611//1166 612//1166
f 609//1167 611//1167 610//1167
f 612//1165 613//1165 614//1165
f 611//1166 613//1166 612//1166
f 613//1165 615//1165 614//1165
f 616//1171 617//1171 618//1171
f 618//1170 619//1170 620//1170
f 617//1171 619//1171 618//1171
f 620//1169 621//1169 622//1169
f 619//1170 621//1170 620//1170
f 621//1169 623//1169 622//1169
f 623//1157 624//1157 622//1157
f 622//1157 624//1157 625//1157
f 626//1164 627//1164 628//1164
f 628//1164 627//1164 629//1164
f 629//1163 630//1163 631//1163
f 627//1163 630//1163 629//1163
f 631//1162 632//1162 633//1162
f 630//1162 632//1162 631//1162
f 633//27 632//27 634//27
f 632//27 635//27 634//27
f 636//1161 626//1161 637//1161
f 637//1161 626//1161 628//1161
f 634//1167 635//1167 638//1167
f 638//1166 639//1166 640//1166
f 635//1167 639//1167 638//1167
f 640//1165 641//1165 642//1165
f 639//1166 641//1166 640//1166
f 641//1165 643//1165 642//1165
f 643//1168 644//1168 642//1168
f 642//1168 644//1168 645//1168
f 615//1168 617//1168 614//1168
f 614//1168 617//1168 616//1168
f 646//1164 647//1164 648//1164
f 648//1164 647//1164 649//1164
f 649//1163 650//1163 651//1163
f 647//1163 650//1163 649//1163
f 651//1162 652//1162 653//1162
f 650//1162 652//1162 651//1162
f 652//27 609//27 653//27
f 653//27 609//27 608//27
f 624//1160 654//1160 625//1160
f 625//1160 654//1160 655//1160
f 655//1159 656//1159 657//1159
f 654//1159 656//1159 655//1159
f 657//1158 658//1158 659//1158
f 656//1158 658//1158 657//1158
f 645//1171 644//1171 660//1171
f 660//1170 661//1170 662//1170
f 644//1171 661//1171 660//1171
f 662//1169 663//1169 664//1169
f 661//1170 663//1170 662//1170
f 663//1169 665//1169 664//1169
f 665//1157 666//1157 664//1157
f 664//1157 666//1157 667//1157
f 666//1160 668//1160 667//1160
f 667//1160 668//1160 669//1160
f 669//1159 670//1159 671//1159
f 668//1159 670//1159 669//1159
f 671//1158 636//1158 637//1158
f 670//1158 636//1158 671//1158
f 658//1161 646//1161 659//1161
f 659//1161 646//1161 648//1161
f 672//1161 673//1161 674//1161
f 674//1161 673//1161 675//1161
f 676//1162 677//1162 678//1162
f 678//1162 677//1162 679//1162
f 679//1163 680//1163 681//1163
f 677//1163 680//1163 679//1163
f 681//1164 672//1164 674//1164
f 680//1164 672//1164 681//1164
f 682//27 676//27 683//27
f 683//27 676//27 678//27
f 684//1165 685//1165 686//1165
f 686//1166 687//1166 688//1166
f 685//1165 687//1165 686//1165
f 687//1166 689//1166 688//1166
f 688//1167 682//1167 683//1167
f 689//1167 682//1167 688//1167
f 690//1168 685//1168 691//1168
f 691//1168 685//1168 684//1168
f 692//1172 693//1172 694//1172
f 694//1172 693//1172 695//1172
f 695//1173 696//1173 697//1173
f 693//1173 696//1173 695//1173
f 697//1174 690//1174 691//1174
f 696//1174 690//1174 697//1174
f 698//1175 692//1175 694//1175
f 698//1175 694//1175 699//1175
f 700//1176 699//1177 701//1177
f 700//1176 698//1176 699//1177
f 702//1178 701//1178 703//1178
f 702//1178 700//1178 701//1178
f 704//1179 703//1179 705//1179
f 704//1179 702//1179 703//1179
f 706//1180 705//1180 707//1180
f 706//1180 704//1180 705//1180
f 708//1181 707//1181 709//1181
f 708//1181 706//1181 707//1181
f 710//1182 709//1182 711//1182
f 710//1182 708//1182 709//1182
f 712//1168 711//1168 713//1168
f 712//1168 710//1168 711//1168
f 714//1183 713//1183 715//1183
f 714//1183 712//1183 713//1183
f 716//1184 715//1184 717//1184
f 716//1184 714//1184 715//1184
f 718//1185 717//1185 719//1185
f 718//1185 716//1185 717//1185
f 720//1186 721//1186 722//1186
f 720//1187 719//1187 721//1187
f 720//1187 718//1187 719//1187
f 723//1186 720//1186 722//1186
f 724//1188 722//1188 725//1188
f 724//1188 723//1188 722//1188
f 726//1189 725//1189 727//1189
f 726//1189 724//1189 725//1189
f 728//1190 729//1190 730//1190
f 730//1190 729//1190 731//1190
f 731//1191 732//1191 733//1191
f 729//1191 732//1191 731//1191
f 733//1192 726//1192 727//1192
f 732//1192 726//1192 733//1192
f 734//1168 728//1168 735//1168
f 735//1168 728//1168 730//1168
f 736//1169 737//1169 738//1169
f 738//1169 737//1169 739//1169
f 739//1170 740//1170 741//1170
f 737//1170 740//1170 739//1170
f 741//1171 734//1171 735//1171
f 740//1171 734//1171 741//1171
f 742//1157 736//1157 743//1157
f 743//1157 736//1157 738//1157
f 673//1158 744//1158 675//1158
f 675//1158 744//1158 745//1158
f 745//1159 746//1159 747//1159
f 747//1160 746//1160 743//1160
f 744//1159 746//1159 745//1159
f 746//1160 742//1160 743//1160
f 748//1193 749//1193 750//1193
f 750//1193 749//1193 751//1193
f 751//1194 752//1194 753//1194
f 749//1194 752//1194 751//1194
f 753//1195 754//1195 755//1195
f 752//1195 754//1195 753//1195
f 755//44 756//44 757//44
f 754//44 756//44 755//44
f 757//1196 758//1196 759//1196
f 756//1196 758//1196 757//1196
f 759//1197 760//1197 761//1197
f 758//1197 760//1197 759//1197
f 761//1198 762//1198 763//1198
f 760//1198 762//1198 761//1198
f 763//1199 764//1199 765//1199
f 762//1199 764//1199 763//1199
f 765//1200 766//1200 767//1200
f 764//1200 766//1200 765//1200
f 767//1201 768//1201 769//1201
f 766//1201 768//1201 767//1201
f 769//27 770//27 771//27
f 768//27 770//27 769//27
f 771//1202 772//1202 773//1202
f 770//1202 772//1202 771//1202
f 773//1203 774//1203 775//1203
f 772//1203 774//1203 773//1203
f 774//1204 776//1204 775//1204
f 775//1204 776//1204 777//1204
f 776//1205 778//1205 777//1205
f 777//1205 778//1205 779//1205
f 778//1206 780//1206 779//1206
f 779//1206 780//1206 781//1206
f 780//1207 782//1207 781//1207
f 781//1207 782//1207 783//1207
f 782//10 784//10 783//10
f 783//10 784//10 785//10
f 784//1208 786//1208 785//1208
f 785//1208 786//1208 787//1208
f 786//1209 788//1209 787//1209
f 787//1209 788//1209 789//1209
f 788//1210 748//1210 789//1210
f 789//1210 748//1210 750//1210
f 790//1193 791//1193 792//1193
f 791//1193 793//1193 792//1193
f 792//1194 794//1194 795//1194
f 793//1194 794//1194 792//1194
f 795//1195 796//1195 797//1195
f 794//1195 796//1195 795//1195
f 797//44 798//44 799//44
f 796//44 798//44 797//44
f 799//1196 800//1196 801//1196
f 798//1196 800//1196 799//1196
f 801//1197 802//1197 803//1197
f 800//1197 802//1197 801//1197
f 803//1198 804//1198 805//1198
f 802//1198 804//1198 803//1198
f 805//1199 806//1199 807//1199
f 804//1199 806//1199 805//1199
f 807//1200 808//1200 809//1200
f 806//1200 808//1200 807//1200
f 809//1201 810//1201 811//1201
f 808//1201 810//1201 809//1201
f 811//27 812//27 813//27
f 810//27 812//27 811//27
f 813//1202 814//1202 815//1202
f 812//1202 814//1202 813//1202
f 815//1203 816//1203 817//1203
f 814//1203 816//1203 815//1203
f 816//1204 818//1204 817//1204
f 817//1204 818//1204 819//1204
f 818//1205 820//1205 819//1205
f 819//1205 820//1205 821//1205
f 820//1206 822//1206 821//1206
f 821//1206 822//1206 823//1206
f 822//1207 824//1207 823//1207
f 823//1207 824//1207 825//1207
f 824//10 826//10 825//10
f 825//10 826//10 827//10
f 826//1208 828//1208 827//1208
f 827//1208 828//1208 829//1208
f 829//1209 828//1209 830//1209
f 828//1209 831//1209 830//1209
f 831//1210 791//1210 830//1210
f 830//1210 791//1210 790//1210
f 832//1193 833//1193 834//1193
f 833//1193 835//1193 834//1193
f 834//1194 836//1194 837//1194
f 835//1194 836//1194 834//1194
f 837//1195 838//1195 839//1195
f 836//1195 838//1195 837//1195
f 839//44 840//44 841//44
f 838//44 840//44 839//44
f 841//1196 842//1196 843//1196
f 840//1196 842//1196 841//1196
f 843//1197 844//1197 845//1197
f 842//1197 844//1197 843//1197
f 845//1198 846//1198 847//1198
f 844//1198 846//1198 845//1198
f 847//1199 848//1199 849//1199
f 846//1199 848//1199 847//1199
f 849//1200 850//1200 851//1200
f 848//1200 850//1200 849//1200
f 851//1201 852//1201 853//1201
f 850//1201 852//1201 851//1201
f 853//27 854//27 855//27
f 852//27 854//27 853//27
f 855//1202 856//1202 857//1202
f 854//1202 856//1202 855//1202
f 857//1203 858//1203 859//1203
f 856//1203 858//1203 857//1203
f 858//1204 860//1204 859//1204
f 859//1204 860//1204 861//1204
f 860//1205 862//1205 861//1205
f 861//1205 862//1205 863//1205
f 862//1206 864//1206 863//1206
f 863//1206 864//1206 865//1206
f 864//1207 866//1207 865//1207
f 865//1207 866//1207 867//1207
f 866//10 868//10 867//10
f 867//10 868//10 869//10
f 868//1208 870//1208 869//1208
f 869//1208 870//1208 871//1208
f 870//1209 872//1209 871//1209
f 871//1209 872//1209 873//1209
f 872//1210 833//1210 873//1210
f 873//1210 833//1210 832//1210
f 874//1211 875//1211 876//1211
f 876//1168 877//1168 878//1168
f 875//1211 877//1211 876//1211
f 878//1212 879//1212 880//1212
f 877//1168 879//1168 878//1168
f 879//1212 881//1212 880//1212
f 882//10 875//10 883//10
f 883//10 875//10 874//10
f 884//1213 885//1214 886//1213
f 886//1215 887//1215 888//1215
f 885//1214 887//1214 886//1213
f 888//1216 889//1216 883//1216
f 887//1215 889//1215 888//1215
f 889//1216 882//1216 883//1216
f 890//1157 885//1157 891//1157
f 891//1157 885//1157 884//1157
f 892//1217 893//1217 894//1217
f 894//1218 895//1218 896//1218
f 893//1217 895//1217 894//1217
f 896//1219 897//1220 891//1219
f 895//1218 897//1218 896//1218
f 897//1220 890//1220 891//1219
f 898//44 893//44 899//44
f 899//44 893//44 892//44
f 900//1221 901//1221 902//1221
f 902//1221 901//1221 903//1221
f 903//1161 904//1161 905//1161
f 901//1161 904//1161 903//1161
f 905//1222 898//1222 899//1222
f 904//1222 898//1222 905//1222
f 906//1223 900//1223 907//1223
f 907//1223 900//1223 902//1223
f 908//1224 909//1224 910//1224
f 910//1224 909//1224 911//1224
f 911//1225 912//1225 913//1225
f 909//1225 912//1225 911//1225
f 913//1226 906//1226 907//1226
f 912//1226 906//1226 913//1226
f 914//27 908//27 915//27
f 915//27 908//27 910//27
f 916//1227 917//1227 918//1227
f 918//1227 917//1227 919//1227
f 919//1228 920//1228 921//1228
f 917//1228 920//1228 919//1228
f 921//1229 914//1229 915//1229
f 920//1229 914//1229 921//1229
f 881//1230 916//1230 880//1230
f 880//1230 916//1230 918//1230
f 922//27 923//27 924//27
f 924//27 923//27 925//27
f 925//1167 923//1167 926//1167
f 926//1166 927//1166 928//1166
f 923//1167 927//1167 926//1167
f 928//1165 929//1165 930//1165
f 927//1166 929//1166 928//1166
f 929//1165 931//1165 930//1165
f 931//1168 932//1168 930//1168
f 930//1168 932//1168 933//1168
f 933//1171 932//1171 934//1171
f 934//1170 935//1170 936//1170
f 932//1171 935//1171 934//1171
f 936//1169 937//1169 938//1169
f 935//1170 937//1170 936//1170
f 937//1169 939//1169 938//1169
f 940//1231 941//1231 942//1231
f 942//1232 943//1232 944//1232
f 941//1231 943//1231 942//1231
f 944//1233 945//1233 946//1233
f 943//1232 945//1232 944//1232
f 946//1234 947//1234 948//1234
f 945//1233 947//1233 946//1233
f 948//1235 949//1235 950//1235
f 947//1234 949//1234 948//1234
f 950//1236 951//1236 952//1236
f 949//1235 951//1235 950//1235
f 952//1161 953//1161 954//1161
f 951//1236 953//1236 952//1236
f 954//1237 955//1237 956//1237
f 953//1161 955//1161 954//1161
f 956//1238 957//1238 958//1238
f 955//1237 957//1237 956//1237
f 958//1239 959//1239 960//1239
f 957//1238 959//1238 958//1238
f 960//1240 961//1240 962//1240
f 959//1239 961//1239 960//1239
f 961//1240 963//1240 962//1240
f 963//1241 964//1241 962//1241
f 962//1241 964//1241 965//1241
f 965//1242 964//1242 966//1242
f 964//1242 967//1242 966//1242
f 967//1243 968//1243 966//1243
f 966//1243 968//1243 969//1243
f 969//1244 968//1244 970//1244
f 968//1244 971//1244 970//1244
f 971//1245 972//1245 970//1245
f 970//1245 972//1245 973//1245
f 973//1246 972//1246 974//1246
f 972//1246 975//1246 974//1246
f 974//1247 975//1247 976//1247
f 975//1247 977//1247 976//1247
f 977//1248 978//1248 976//1248
f 976//1248 978//1248 979//1248
f 979//1168 978//1168 980//1168
f 978//1168 981//1168 980//1168
f 981//1249 982//1249 980//1249
f 980//1249 982//1249 983//1249
f 983//1250 982//1250 984//1250
f 982//1250 985//1250 984//1250
f 984//1251 985//1251 986//1251
f 985//1251 987//1251 986//1251
f 986//1252 988//1252 989//1252
f 987//1252 988//1252 986//1252
f 989//1253 990//1253 991//1253
f 988//1253 990//1253 989//1253
f 991//1254 941//1254 940//1254
f 990//1254 941//1254 991//1254
f 992//1164 993//1164 994//1164
f 994//1164 993//1164 995//1164
f 995//1163 996//1163 997//1163
f 993//1163 996//1163 995//1163
f 997//1162 922//1162 924//1162
f 996//1162 922//1162 997//1162
f 939//1157 998//1157 938//1157
f 938//1157 998//1157 999//1157
f 1000//1161 992//1161 1001//1161
f 1001//1161 992//1161 994//1161
f 998//1160 1002//1160 999//1160
f 999//1160 1002//1160 1003//1160
f 1003//1159 1004//1159 1005//1159
f 1005//1158 1004//1158 1001//1158
f 1002//1159 1004//1159 1003//1159
f 1004//1158 1000//1158 1001//1158
f 1006//1161 1007//1161 1008//1161
f 1008//1161 1007//1161 1009//1161
f 1010//1255 1011//1255 1012//1255
f 1012//1255 1011//1255 1013//1255
f 1013//27 1014//27 1015//27
f 1011//27 1014//27 1013//27
f 1015//1256 1016//1256 1017//1256
f 1014//1256 1016//1256 1015//1256
f 1017//1257 1006//1257 1008//1257
f 1016//1257 1006//1257 1017//1257
f 1018//1258 1010//1258 1019//1258
f 1019//1258 1010//1258 1012//1258
f 1020//1259 1018//1259 1021//1259
f 1021//1259 1018//1259 1019//1259
f 1022//1260 1023//1260 1024//1260
f 1024//1261 1025//1261 1026//1261
f 1023//1260 1025//1260 1024//1260
f 1026//1255 1027//1255 1028//1255
f 1025//1261 1027//1261 1026//1261
f 1028//27 1029//27 1021//27
f 1027//1255 1029//1255 1028//1255
f 1029//27 1020//27 1021//27
f 1030//1262 1023//1262 1031//1262
f 1031//1262 1023//1262 1022//1262
f 1032//1258 1030//1258 1033//1258
f 1033//1258 1030//1258 1031//1258
f 1034//1157 1035//1157 1036//1157
f 1036//1157 1035//1157 1037//1157
f 1037//1263 1038//1263 1039//1263
f 1035//1263 1038//1263 1037//1263
f 1039//1260 1040//1260 1041//1260
f 1041//1261 1040//1261 1033//1261
f 1038//1260 1040//1260 1039//1260
f 1040//1261 1032//1261 1033//1261
f 1042//1264 1034//1264 1043//1264
f 1043//1264 1034//1264 1036//1264
f 1044//1262 1042//1262 1045//1262
f 1045//1262 1042//1262 1043//1262
f 1046//1265 1047//1265 1048//1265
f 1048//1266 1049//1266 1050//1266
f 1047//1265 1049//1265 1048//1265
f 1050//1157 1051//1157 1052//1157
f 1049//1266 1051//1266 1050//1266
f 1051//1157 1053//1157 1052//1157
f 1052//1263 1044//1263 1045//1263
f 1053//1263 1044//1263 1052//1263
f 1054//1161 1047//1161 1055//1161
f 1055//1161 1047//1161 1046//1161
f 1056//1264 1054//1264 1057//1264
f 1057//1264 1054//1264 1055//1264
f 1058//1256 1059//1256 1060//1256
f 1060//1256 1059//1256 1061//1256
f 1061//1257 1062//1257 1063//1257
f 1059//1257 1062//1257 1061//1257
f 1063//1265 1064//1265 1065//1265
f 1062//1265 1064//1265 1063//1265
f 1065//1266 1056//1266 1057//1266
f 1064//1266 1056//1266 1065//1266
f 1007//1259 1058//1259 1009//1259
f 1009//1259 1058//1259 1060//1259
f 1066//1267 1067//1267 1068//1267
f 1069//1268 1070//1268 1071//1268
f 1072//1269 1073//1269 1074//1269
f 1075//1270 1073//1270 1066//1270
f 1075//1271 1066//1271 1068//1271
f 1075//1272 1074//1272 1073//1272
f 1076//1273 1068//1273 1070//1273
f 1076//1274 1069//1274 1074//1274
f 1076//1273 1075//1273 1068//1273
f 1076//1275 1070//1275 1069//1275
f 1076//1272 1074//1272 1075//1272
f 1069//1165 1077//1165 1078//1165
f 1069//1165 1071//1165 1077//1165
f 1074//1166 1078//1166 1079//1166
f 1074//1167 1079//1167 1080//1167
f 1074//1166 1069//1166 1078//1166
f 1072//1167 1074//1167 1080//1167
f 1081//1276 1082//1276 1083//1276
f 1084//1277 1085//1277 1086//1277
f 1087//1278 1088//1278 1089//1278
f 1090//1279 1086//1279 1082//1279
f 1090//1280 1084//1280 1086//1280
f 1090//1281 1082//1281 1081//1282
f 1091//1283 1081//1283 1089//1283
f 1091//1284 1088//1285 1084//1286
f 1091//1282 1090//1281 1081//1282
f 1091//1284 1084//1286 1090//1284
f 1091//1287 1089//1287 1088//1287
f 1087//1169 1092//1169 1093//1169
f 1088//1170 1093//1170 1094//1170
f 1088//1169 1087//1169 1093//1169
f 1084//1171 1094//1171 1095//1171
f 1084//1170 1088//1170 1094//1170
f 1085//1171 1084//1171 1095//1171
f 1067//1288 1083//1288 1082//1288
f 1068//1289 1082//1289 1086//1289
f 1068//1288 1067//1288 1082//1288
f 1070//1289 1068//1289 1086//1289
f 1071//1290 1086//1290 1085//1290
f 1071//1290 1070//1290 1086//1290
f 1096//1291 1097//1291 1098//1291
f 1099//1292 1100//1292 1101//1292
f 1102//1293 1103//1293 1104//1293
f 1105//1294 1103//1294 1096//1294
f 1105//1295 1098//1296 1100//1296
f 1105//1297 1096//1297 1098//1297
f 1105//1298 1104//1298 1103//1298
f 1106//1299 1099//1299 1104//1299
f 1106//1295 1105//1295 1100//1296
f 1106//1300 1100//1300 1099//1300
f 1106//1298 1104//1298 1105//1298
f 1102//1162 1107//1162 1108//1162
f 1103//1163 1108//1163 1109//1163
f 1103//1162 1102//1162 1108//1162
f 1096//1164 1109//1164 1110//1164
f 1096//1163 1103//1163 1109//1163
f 1097//1164 1096//1164 1110//1164
f 1111//1301 1112//1301 1113//1301
f 1114//1302 1115//1302 1116//1302
f 1117//1303 1118//1303 1119//1303
f 1120//1304 1116//1304 1112//1304
f 1120//1305 1114//1305 1116//1305
f 1120//1306 1112//1306 1111//1307
f 1121//1308 1118//1309 1114//1308
f 1121//1310 1111//1310 1119//1310
f 1121//1307 1120//1306 1111//1307
f 1121//1308 1114//1308 1120//1311
f 1121//1312 1119//1312 1118//1312
f 1115//1158 1122//1158 1123//1158
f 1116//1159 1123//1159 1124//1159
f 1116//1158 1115//1158 1123//1158
f 1112//1160 1124//1160 1125//1160
f 1112//1159 1116//1159 1124//1159
f 1113//1160 1112//1160 1125//1160
f 1081//1313 1083//1313 1117//1313
f 1081//1313 1117//1313 1119//1313
f 1089//1314 1119//1314 1111//1314
f 1089//1314 1081//1314 1119//1314
f 1087//1315 1111//1315 1113//1315
f 1087//1315 1089//1315 1111//1315
f 1118//1316 1117//1316 1101//1316
f 1118//1316 1101//1316 1100//1316
f 1114//1317 1100//1317 1098//1317
f 1114//1317 1118//1317 1100//1317
f 1115//1318 1098//1318 1097//1318
f 1115//1318 1114//1318 1098//1318
f 1101//1319 1067//1319 1066//1319
f 1099//1320 1066//1320 1073//1320
f 1099//1319 1101//1319 1066//1319
f 1104//1321 1073//1321 1072//1321
f 1104//1320 1099//1320 1073//1320
f 1102//1321 1104//1321 1072//1321
f 1071//1168 1085//1168 1095//1168
f 1071//1168 1095//1168 1077//1168
f 1087//1157 1113//1157 1125//1157
f 1087//1157 1125//1157 1092//1157
f 882//1322 889//1322 1101//1322
f 887//1322 1101//1322 889//1322
f 885//1322 1101//1322 887//1322
f 875//1322 882//1322 1101//1322
f 877//1322 875//1322 1101//1322
f 879//1322 877//1322 1101//1322
f 890//1322 1101//1322 885//1322
f 785//1322 916//1322 881//1322
f 787//1322 916//1322 785//1322
f 783//1322 881//1322 879//1322
f 783//1322 785//1322 881//1322
f 789//1322 920//1322 917//1322
f 789//1322 917//1322 916//1322
f 789//1322 916//1322 787//1322
f 781//1322 879//1322 1101//1322
f 781//1322 783//1322 879//1322
f 750//1322 914//1322 920//1322
f 750//1322 920//1322 789//1322
f 751//1322 914//1322 750//1322
f 753//1322 914//1322 751//1322
f 1038//1322 895//1322 893//1322
f 1035//1322 897//1322 895//1322
f 1035//1322 895//1322 1038//1322
f 908//1322 914//1322 753//1322
f 1040//1322 893//1322 898//1322
f 1040//1322 1038//1322 893//1322
f 755//1322 908//1322 753//1322
f 1032//1322 898//1322 904//1322
f 1032//1322 1040//1322 898//1322
f 757//1322 908//1322 755//1322
f 869//1322 775//1322 777//1322
f 871//1322 775//1322 869//1322
f 871//1322 773//1322 775//1322
f 1044//1322 1035//1322 1034//1322
f 1053//1322 897//1322 1035//1322
f 1053//1322 1101//1322 890//1322
f 1053//1322 890//1322 897//1322
f 1053//1322 1035//1322 1044//1322
f 867//1322 869//1322 777//1322
f 867//1322 777//1322 779//1322
f 873//1322 773//1322 871//1322
f 873//1322 771//1322 773//1322
f 1042//1322 1044//1322 1034//1322
f 865//1322 867//1322 779//1322
f 865//1322 781//1322 1101//1322
f 865//1322 779//1322 781//1322
f 832//1322 771//1322 873//1322
f 832//1322 769//1322 771//1322
f 834//1322 769//1322 832//1322
f 834//1322 767//1322 769//1322
f 1023//1322 1030//1322 1032//1322
f 1023//1322 1032//1322 904//1322
f 1023//1322 904//1322 901//1322
f 1023//1322 901//1322 900//1322
f 827//1322 761//1322 763//1322
f 829//1322 761//1322 827//1322
f 829//1322 759//1322 761//1322
f 837//1322 767//1322 834//1322
f 825//1322 827//1322 763//1322
f 825//1322 763//1322 765//1322
f 1025//1322 1023//1322 900//1322
f 1025//1322 900//1322 906//1322
f 830//1322 759//1322 829//1322
f 830//1322 757//1322 759//1322
f 823//1322 767//1322 837//1322
f 823//1322 825//1322 765//1322
f 823//1322 765//1322 767//1322
f 790//1322 757//1322 830//1322
f 790//1322 908//1322 757//1322
f 790//1322 909//1322 908//1322
f 1027//1322 1025//1322 906//1322
f 821//1322 823//1322 837//1322
f 821//1322 837//1322 839//1322
f 792//1322 912//1322 909//1322
f 792//1322 909//1322 790//1322
f 819//1322 839//1322 841//1322
f 819//1322 821//1322 839//1322
f 795//1322 906//1322 912//1322
f 795//1322 912//1322 792//1322
f 817//1322 819//1322 841//1322
f 817//1322 841//1322 843//1322
f 815//1322 817//1322 843//1322
f 815//1322 843//1322 845//1322
f 813//1322 815//1322 845//1322
f 813//1322 845//1322 847//1322
f 740//1322 859//1322 861//1322
f 740//1322 861//1322 863//1322
f 737//1322 859//1322 740//1322
f 737//1322 857//1322 859//1322
f 736//1322 851//1322 853//1322
f 736//1322 853//1322 855//1322
f 736//1322 855//1322 857//1322
f 736//1322 857//1322 737//1322
f 734//1322 863//1322 865//1322
f 734//1322 740//1322 863//1322
f 1056//1322 1047//1322 1054//1322
f 1010//1322 1018//1322 1020//1322
f 16//1322 14//1322 1029//1322
f 16//1322 1029//1322 1027//1322
f 16//1322 1027//1322 906//1322
f 12//1322 1029//1322 14//1322
f 18//1322 906//1322 795//1322
f 18//1322 16//1322 906//1322
f 18//1322 795//1322 797//1322
f 10//1322 1020//1322 1029//1322
f 10//1322 1029//1322 12//1322
f 20//1322 18//1322 797//1322
f 8//1322 1020//1322 10//1322
f 22//1322 20//1322 797//1322
f 22//1322 797//1322 799//1322
f 936//1322 1051//1322 1049//1322
f 934//1322 936//1322 1049//1322
f 1006//1322 1058//1322 1007//1322
f 6//1322 1010//1322 1020//1322
f 6//1322 1020//1322 8//1322
f 723//1322 724//1322 726//1322
f 24//1322 22//1322 799//1322
f 24//1322 799//1322 801//1322
f 938//1322 1051//1322 936//1322
f 933//1322 1049//1322 1047//1322
f 933//1322 1056//1322 1064//1322
f 933//1322 1047//1322 1056//1322
f 933//1322 934//1322 1049//1322
f 4//1322 1010//1322 6//1322
f 26//1322 24//1322 801//1322
f 2//1322 1010//1322 4//1322
f 2//1322 1011//1322 1010//1322
f 28//1322 26//1322 801//1322
f 28//1322 801//1322 803//1322
f 742//1322 811//1322 813//1322
f 742//1322 851//1322 736//1322
f 742//1322 847//1322 849//1322
f 742//1322 849//1322 851//1322
f 742//1322 813//1322 847//1322
f 101//1322 1011//1322 2//1322
f 30//1322 28//1322 803//1322
f 30//1322 803//1322 805//1322
f 746//1322 809//1322 811//1322
f 746//1322 811//1322 742//1322
f 99//1322 1011//1322 101//1322
f 99//1322 1014//1322 1011//1322
f 32//1322 30//1322 805//1322
f 744//1322 809//1322 746//1322
f 930//1322 933//1322 1064//1322
f 930//1322 1064//1322 1062//1322
f 97//1322 1014//1322 99//1322
f 34//1322 805//1322 807//1322
f 34//1322 32//1322 805//1322
f 714//1322 716//1322 718//1322
f 928//1322 930//1322 1062//1322
f 96//1322 1014//1322 97//1322
f 96//1322 1016//1322 1014//1322
f 36//1322 807//1322 809//1322
f 36//1322 34//1322 807//1322
f 696//1322 732//1322 729//1322
f 696//1322 693//1322 732//1322
f 94//1322 1016//1322 96//1322
f 692//1322 726//1322 732//1322
f 692//1322 732//1322 693//1322
f 38//1322 809//1322 744//1322
f 38//1322 36//1322 809//1322
f 708//1322 723//1322 726//1322
f 708//1322 710//1322 712//1322
f 708//1322 712//1322 714//1322
f 708//1322 714//1322 718//1322
f 708//1322 718//1322 720//1322
f 708//1322 720//1322 723//1322
f 708//1322 726//1322 692//1322
f 700//1322 692//1322 698//1322
f 92//1322 1006//1322 1016//1322
f 92//1322 1016//1322 94//1322
f 1117//1322 734//1322 865//1322
f 1117//1322 865//1322 1101//1322
f 1117//1322 729//1322 728//1322
f 1117//1322 728//1322 734//1322
f 1117//1322 690//1322 696//1322
f 1117//1322 696//1322 729//1322
f 1067//1322 1051//1322 938//1322
f 1067//1322 938//1322 999//1322
f 1067//1322 999//1322 1003//1322
f 1067//1322 1003//1322 1005//1322
f 1067//1322 1005//1322 1001//1322
f 685//1322 690//1322 1117//1322
f 702//1322 704//1322 706//1322
f 702//1322 706//1322 708//1322
f 702//1322 708//1322 692//1322
f 702//1322 692//1322 700//1322
f 40//1322 38//1322 744//1322
f 687//1322 685//1322 1117//1322
f 689//1322 687//1322 1117//1322
f 682//1322 689//1322 1117//1322
f 994//1322 1067//1322 1001//1322
f 984//1322 986//1322 926//1322
f 984//1322 928//1322 1062//1322
f 984//1322 926//1322 928//1322
f 989//1322 926//1322 986//1322
f 989//1322 925//1322 926//1322
f 983//1322 1062//1322 1059//1322
f 983//1322 984//1322 1062//1322
f 991//1322 925//1322 989//1322
f 980//1322 983//1322 1059//1322
f 940//1322 925//1322 991//1322
f 940//1322 924//1322 925//1322
f 979//1322 1059//1322 1058//1322
f 979//1322 1058//1322 1006//1322
f 979//1322 980//1322 1059//1322
f 942//1322 924//1322 940//1322
f 976//1322 92//1322 89//1322
f 976//1322 1006//1322 92//1322
f 976//1322 979//1322 1006//1322
f 944//1322 924//1322 942//1322
f 944//1322 997//1322 924//1322
f 946//1322 997//1322 944//1322
f 620//1322 46//1322 44//1322
f 618//1322 40//1322 744//1322
f 618//1322 44//1322 42//1322
f 618//1322 42//1322 40//1322
f 618//1322 620//1322 44//1322
f 948//1322 997//1322 946//1322
f 948//1322 995//1322 997//1322
f 622//1322 46//1322 620//1322
f 622//1322 52//1322 50//1322
f 622//1322 50//1322 48//1322
f 622//1322 48//1322 46//1322
f 616//1322 744//1322 673//1322
f 616//1322 618//1322 744//1322
f 950//1322 994//1322 995//1322
f 950//1322 995//1322 948//1322
f 676//1322 682//1322 1117//1322
f 952//1322 1067//1322 994//1322
f 952//1322 994//1322 950//1322
f 211//1322 973//1322 974//1322
f 211//1322 974//1322 976//1322
f 358//1322 89//1322 87//1322
f 358//1322 976//1322 89//1322
f 358//1322 211//1322 976//1322
f 954//1322 1067//1322 952//1322
f 210//1322 973//1322 211//1322
f 210//1322 970//1322 973//1322
f 359//1322 87//1322 86//1322
f 359//1322 86//1322 84//1322
f 359//1322 358//1322 87//1322
f 378//1322 84//1322 82//1322
f 378//1322 359//1322 84//1322
f 188//1322 970//1322 210//1322
f 188//1322 966//1322 969//1322
f 188//1322 969//1322 970//1322
f 625//1322 58//1322 56//1322
f 625//1322 56//1322 54//1322
f 625//1322 54//1322 52//1322
f 625//1322 52//1322 622//1322
f 614//1322 673//1322 672//1322
f 614//1322 616//1322 673//1322
f 223//1322 82//1322 80//1322
f 223//1322 80//1322 78//1322
f 223//1322 378//1322 82//1322
f 308//1322 966//1322 188//1322
f 308//1322 965//1322 966//1322
f 655//1322 62//1322 60//1322
f 655//1322 60//1322 58//1322
f 655//1322 58//1322 625//1322
f 612//1322 614//1322 672//1322
f 224//1322 78//1322 75//1322
f 224//1322 223//1322 78//1322
f 657//1322 62//1322 655//1322
f 657//1322 66//1322 64//1322
f 657//1322 64//1322 62//1322
f 530//1322 965//1322 308//1322
f 530//1322 962//1322 965//1322
f 226//1322 75//1322 74//1322
f 226//1322 224//1322 75//1322
f 399//1322 74//1322 72//1322
f 399//1322 226//1322 74//1322
f 527//1322 962//1322 530//1322
f 527//1322 960//1322 962//1322
f 240//1322 72//1322 70//1322
f 240//1322 399//1322 72//1322
f 660//1322 610//1322 612//1322
f 660//1322 612//1322 672//1322
f 660//1322 662//1322 610//1322
f 299//1322 960//1322 527//1322
f 299//1322 958//1322 960//1322
f 664//1322 608//1322 610//1322
f 664//1322 610//1322 662//1322
f 645//1322 660//1322 672//1322
f 241//1322 240//1322 70//1322
f 241//1322 70//1322 68//1322
f 298//1322 958//1322 299//1322
f 298//1322 956//1322 958//1322
f 246//1322 68//1322 66//1322
f 246//1322 241//1322 68//1322
f 515//1322 954//1322 956//1322
f 515//1322 956//1322 298//1322
f 667//1322 651//1322 653//1322
f 667//1322 653//1322 608//1322
f 667//1322 608//1322 664//1322
f 642//1322 672//1322 680//1322
f 642//1322 645//1322 672//1322
f 669//1322 651//1322 667//1322
f 669//1322 649//1322 651//1322
f 640//1322 680//1322 677//1322
f 640//1322 642//1322 680//1322
f 671//1322 649//1322 669//1322
f 638//1322 640//1322 677//1322
f 638//1322 677//1322 676//1322
f 634//1322 638//1322 676//1322
f 634//1322 676//1322 1117//1322
f 604//1322 261//1322 453//1322
f 604//1322 453//1322 246//1322
f 606//1322 657//1322 659//1322
f 606//1322 246//1322 66//1322
f 606//1322 604//1322 246//1322
f 606//1322 66//1322 657//1322
f 602//1322 659//1322 648//1322
f 602//1322 648//1322 649//1322
f 602//1322 606//1322 659//1322
f 577//1322 261//1322 604//1322
f 577//1322 470//1322 262//1322
f 577//1322 262//1322 261//1322
f 576//1322 470//1322 577//1322
f 576//1322 276//1322 275//1322
f 576//1322 275//1322 471//1322
f 576//1322 471//1322 470//1322
f 585//1322 276//1322 576//1322
f 585//1322 502//1322 483//1322
f 585//1322 483//1322 276//1322
f 583//1322 286//1322 502//1322
f 583//1322 502//1322 585//1322
f 581//1322 286//1322 583//1322
f 581//1322 287//1322 286//1322
f 597//1322 649//1322 671//1322
f 597//1322 671//1322 637//1322
f 597//1322 637//1322 628//1322
f 597//1322 602//1322 649//1322
f 599//1322 628//1322 629//1322
f 599//1322 597//1322 628//1322
f 601//1322 629//1322 631//1322
f 601//1322 599//1322 629//1322
f 594//1322 601//1322 631//1322
f 1083//1322 586//1322 592//1322
f 1083//1322 592//1322 589//1322
f 1083//1322 589//1322 588//1322
f 1083//1322 594//1322 631//1322
f 1083//1322 631//1322 633//1322
f 1083//1322 588//1322 594//1322
f 1083//1322 581//1322 586//1322
f 1083//1322 1067//1322 290//1322
f 290//1322 1067//1322 516//1322
f 516//1322 1067//1322 515//1322
f 515//1322 1067//1322 954//1322
f 1083//1322 290//1322 287//1322
f 1083//1322 287//1322 581//1322
f 1067//1322 1101//1322 1053//1322
f 1067//1322 1053//1322 1051//1322
f 1117//1322 1083//1322 634//1322
f 634//1322 1083//1322 633//1322
f 1102//27 1072//27 1080//27
f 1102//27 1080//27 1107//27
f 1115//1161 1097//1161 1110//1161
f 1115//1161 1110//1161 1122//1161
f 1108//1323 1107//1323 1109//1323
f 1107//1323 1110//1323 1109//1323
f 1107//1323 883//1323 1110//1323
f 888//1323 883//1323 1107//1323
f 1107//1323 886//1323 888//1323
f 1107//1323 884//1323 886//1323
f 883//1323 874//1323 1110//1323
f 874//1323 876//1323 1110//1323
f 876//1323 878//1323 1110//1323
f 1107//1323 891//1323 884//1323
f 918//1323 784//1323 880//1323
f 918//1323 786//1323 784//1323
f 880//1323 782//1323 878//1323
f 784//1323 782//1323 880//1323
f 919//1323 788//1323 918//1323
f 921//1323 788//1323 919//1323
f 918//1323 788//1323 786//1323
f 878//1323 780//1323 1110//1323
f 782//1323 780//1323 878//1323
f 915//1323 748//1323 921//1323
f 921//1323 748//1323 788//1323
f 915//1323 749//1323 748//1323
f 915//1323 752//1323 749//1323
f 894//1323 1039//1323 892//1323
f 896//1323 1037//1323 894//1323
f 894//1323 1037//1323 1039//1323
f 915//1323 910//1323 752//1323
f 1039//1323 1041//1323 892//1323
f 892//1323 1041//1323 899//1323
f 910//1323 754//1323 752//1323
f 1041//1323 1033//1323 899//1323
f 899//1323 1033//1323 905//1323
f 910//1323 756//1323 754//1323
f 774//1323 868//1323 776//1323
f 774//1323 870//1323 868//1323
f 772//1323 870//1323 774//1323
f 1037//1323 1045//1323 1036//1323
f 896//1323 1052//1323 1037//1323
f 1037//1323 1052//1323 1045//1323
f 891//1323 1052//1323 896//1323
f 1107//1323 1052//1323 891//1323
f 776//1323 866//1323 778//1323
f 868//1323 866//1323 776//1323
f 770//1323 872//1323 772//1323
f 772//1323 872//1323 870//1323
f 1045//1323 1043//1323 1036//1323
f 778//1323 864//1323 780//1323
f 866//1323 864//1323 778//1323
f 780//1323 864//1323 1110//1323
f 768//1323 833//1323 770//1323
f 770//1323 833//1323 872//1323
f 766//1323 835//1323 768//1323
f 768//1323 835//1323 833//1323
f 1033//1323 1022//1323 905//1323
f 1031//1323 1022//1323 1033//1323
f 903//1323 1022//1323 902//1323
f 905//1323 1022//1323 903//1323
f 760//1323 826//1323 762//1323
f 758//1323 828//1323 760//1323
f 760//1323 828//1323 826//1323
f 766//1323 836//1323 835//1323
f 762//1323 824//1323 764//1323
f 826//1323 824//1323 762//1323
f 1022//1323 1024//1323 902//1323
f 902//1323 1024//1323 907//1323
f 756//1323 831//1323 758//1323
f 758//1323 831//1323 828//1323
f 764//1323 822//1323 766//1323
f 824//1323 822//1323 764//1323
f 766//1323 822//1323 836//1323
f 910//1323 791//1323 756//1323
f 911//1323 791//1323 910//1323
f 756//1323 791//1323 831//1323
f 1024//1323 1026//1323 907//1323
f 836//1323 820//1323 838//1323
f 822//1323 820//1323 836//1323
f 911//1323 793//1323 791//1323
f 913//1323 793//1323 911//1323
f 838//1323 818//1323 840//1323
f 820//1323 818//1323 838//1323
f 913//1323 794//1323 793//1323
f 907//1323 794//1323 913//1323
f 840//1323 816//1323 842//1323
f 818//1323 816//1323 840//1323
f 816//1323 814//1323 842//1323
f 842//1323 814//1323 844//1323
f 814//1323 812//1323 844//1323
f 844//1323 812//1323 846//1323
f 856//1323 739//1323 858//1323
f 739//1323 741//1323 858//1323
f 860//1323 741//1323 862//1323
f 858//1323 741//1323 860//1323
f 856//1323 738//1323 739//1323
f 854//1323 738//1323 856//1323
f 852//1323 738//1323 854//1323
f 850//1323 738//1323 852//1323
f 741//1323 735//1323 862//1323
f 862//1323 735//1323 864//1323
f 1046//1323 1057//1323 1055//1323
f 1019//1323 1012//1323 1021//1323
f 1026//1323 15//1323 907//1323
f 1028//1323 15//1323 1026//1323
f 13//1323 15//1323 1028//1323
f 1028//1323 11//1323 13//1323
f 794//1323 17//1323 796//1323
f 907//1323 17//1323 794//1323
f 15//1323 17//1323 907//1323
f 1028//1323 9//1323 11//1323
f 1021//1323 9//1323 1028//1323
f 17//1323 19//1323 796//1323
f 1021//1323 7//1323 9//1323
f 796//1323 21//1323 798//1323
f 19//1323 21//1323 796//1323
f 1050//1323 937//1323 1048//1323
f 937//1323 935//1323 1048//1323
f 1060//1323 1008//1323 1009//1323
f 1021//1323 5//1323 7//1323
f 1012//1323 5//1323 1021//1323
f 798//1323 23//1323 800//1323
f 21//1323 23//1323 798//1323
f 1050//1323 939//1323 937//1323
f 1048//1323 932//1323 1046//1323
f 1057//1323 932//1323 1065//1323
f 1046//1323 932//1323 1057//1323
f 935//1323 932//1323 1048//1323
f 1012//1323 3//1323 5//1323
f 23//1323 25//1323 800//1323
f 725//1323 721//1323 727//1323
f 722//1323 721//1323 725//1323
f 1012//1323 1//1323 3//1323
f 1013//1323 1//1323 1012//1323
f 25//1323 27//1323 800//1323
f 800//1323 27//1323 802//1323
f 810//1323 743//1323 812//1323
f 812//1323 743//1323 846//1323
f 850//1323 743//1323 738//1323
f 848//1323 743//1323 850//1323
f 846//1323 743//1323 848//1323
f 1013//1323 102//1323 1//1323
f 802//1323 29//1323 804//1323
f 27//1323 29//1323 802//1323
f 808//1323 747//1323 810//1323
f 810//1323 747//1323 743//1323
f 1013//1323 100//1323 102//1323
f 1015//1323 100//1323 1013//1323
f 29//1323 31//1323 804//1323
f 808//1323 745//1323 747//1323
f 1065//1323 931//1323 1063//1323
f 932//1323 931//1323 1065//1323
f 1015//1323 98//1323 100//1323
f 804//1323 33//1323 806//1323
f 31//1323 33//1323 804//1323
f 719//1323 715//1323 721//1323
f 717//1323 715//1323 719//1323
f 931//1323 929//1323 1063//1323
f 1017//1323 95//1323 1015//1323
f 1015//1323 95//1323 98//1323
f 715//1323 713//1323 721//1323
f 721//1323 713//1323 727//1323
f 806//1323 35//1323 808//1323
f 33//1323 35//1323 806//1323
f 733//1323 697//1323 731//1323
f 695//1323 697//1323 733//1323
f 1017//1323 93//1323 95//1323
f 727//1323 694//1323 733//1323
f 733//1323 694//1323 695//1323
f 35//1323 37//1323 808//1323
f 808//1323 37//1323 745//1323
f 939//1323 1080//1323 998//1323
f 1052//1323 1080//1323 1050//1323
f 1050//1323 1080//1323 939//1323
f 1002//1323 1080//1323 1004//1323
f 998//1323 1080//1323 1002//1323
f 731//1323 1122//1323 730//1323
f 730//1323 1122//1323 735//1323
f 735//1323 1122//1323 864//1323
f 864//1323 1122//1323 1110//1323
f 691//1323 1122//1323 697//1323
f 697//1323 1122//1323 731//1323
f 709//1323 707//1323 711//1323
f 713//1323 701//1323 727//1323
f 711//1323 701//1323 713//1323
f 727//1323 701//1323 694//1323
f 694//1323 701//1323 699//1323
f 1008//1323 91//1323 1017//1323
f 1017//1323 91//1323 93//1323
f 707//1323 705//1323 711//1323
f 691//1323 684//1323 1122//1323
f 711//1323 703//1323 701//1323
f 705//1323 703//1323 711//1323
f 1122//1323 1124//1323 1123//1323
f 1079//1323 1078//1323 1080//1323
f 37//1323 39//1323 745//1323
f 1122//1323 1125//1323 1124//1323
f 1080//1323 1077//1323 1004//1323
f 1078//1323 1077//1323 1080//1323
f 1004//1323 1077//1323 1000//1323
f 684//1323 686//1323 1122//1323
f 1122//1323 686//1323 1125//1323
f 686//1323 688//1323 1125//1323
f 688//1323 683//1323 1125//1323
f 1077//1323 992//1323 1000//1323
f 927//1323 985//1323 929//1323
f 987//1323 985//1323 927//1323
f 929//1323 985//1323 1063//1323
f 923//1323 988//1323 927//1323
f 927//1323 988//1323 987//1323
f 1063//1323 982//1323 1061//1323
f 985//1323 982//1323 1063//1323
f 923//1323 990//1323 988//1323
f 982//1323 981//1323 1061//1323
f 922//1323 941//1323 923//1323
f 923//1323 941//1323 990//1323
f 1061//1323 978//1323 1060//1323
f 1060//1323 978//1323 1008//1323
f 981//1323 978//1323 1061//1323
f 922//1323 943//1323 941//1323
f 91//1323 977//1323 90//1323
f 1008//1323 977//1323 91//1323
f 978//1323 977//1323 1008//1323
f 996//1323 945//1323 922//1323
f 922//1323 945//1323 943//1323
f 996//1323 947//1323 945//1323
f 45//1323 621//1323 43//1323
f 39//1323 619//1323 745//1323
f 41//1323 619//1323 39//1323
f 43//1323 619//1323 41//1323
f 621//1323 619//1323 43//1323
f 993//1323 949//1323 996//1323
f 996//1323 949//1323 947//1323
f 47//1323 623//1323 45//1323
f 49//1323 623//1323 47//1323
f 51//1323 623//1323 49//1323
f 45//1323 623//1323 621//1323
f 619//1323 617//1323 745//1323
f 745//1323 617//1323 675//1323
f 992//1323 951//1323 993//1323
f 993//1323 951//1323 949//1323
f 683//1323 678//1323 1125//1323
f 992//1323 953//1323 951//1323
f 1077//1323 953//1323 992//1323
f 977//1323 313//1323 90//1323
f 975//1323 313//1323 977//1323
f 975//1323 310//1323 313//1323
f 972//1323 310//1323 975//1323
f 88//1323 317//1323 85//1323
f 90//1323 317//1323 88//1323
f 313//1323 317//1323 90//1323
f 1077//1323 955//1323 953//1323
f 317//1323 318//1323 85//1323
f 85//1323 318//1323 83//1323
f 972//1323 191//1323 310//1323
f 971//1323 191//1323 972//1323
f 971//1323 187//1323 191//1323
f 968//1323 187//1323 971//1323
f 967//1323 187//1323 968//1323
f 81//1323 185//1323 79//1323
f 83//1323 185//1323 81//1323
f 318//1323 185//1323 83//1323
f 53//1323 624//1323 51//1323
f 55//1323 624//1323 53//1323
f 57//1323 624//1323 55//1323
f 51//1323 624//1323 623//1323
f 617//1323 615//1323 675//1323
f 675//1323 615//1323 674//1323
f 79//1323 182//1323 77//1323
f 185//1323 182//1323 79//1323
f 57//1323 654//1323 624//1323
f 59//1323 654//1323 57//1323
f 61//1323 654//1323 59//1323
f 615//1323 613//1323 674//1323
f 967//1323 494//1323 187//1323
f 964//1323 494//1323 967//1323
f 61//1323 656//1323 654//1323
f 63//1323 656//1323 61//1323
f 65//1323 656//1323 63//1323
f 182//1323 198//1323 77//1323
f 76//1323 198//1323 73//1323
f 77//1323 198//1323 76//1323
f 964//1323 485//1323 494//1323
f 963//1323 485//1323 964//1323
f 961//1323 485//1323 963//1323
f 198//1323 207//1323 73//1323
f 71//1323 207//1323 69//1323
f 73//1323 207//1323 71//1323
f 663//1323 661//1323 611//1323
f 611//1323 661//1323 613//1323
f 613//1323 661//1323 674//1323
f 961//1323 283//1323 485//1323
f 959//1323 283//1323 961//1323
f 611//1323 665//1323 663//1323
f 609//1323 665//1323 611//1323
f 661//1323 644//1323 674//1323
f 207//1323 206//1323 69//1323
f 69//1323 206//1323 67//1323
f 959//1323 279//1323 283//1323
f 957//1323 279//1323 959//1323
f 206//1323 343//1323 67//1323
f 67//1323 343//1323 65//1323
f 957//1323 280//1323 279//1323
f 955//1323 280//1323 957//1323
f 955//1323 473//1323 280//1323
f 609//1323 666//1323 665//1323
f 652//1323 666//1323 609//1323
f 644//1323 643//1323 674//1323
f 674//1323 643//1323 681//1323
f 650//1323 668//1323 652//1323
f 647//1323 668//1323 650//1323
f 652//1323 668//1323 666//1323
f 643//1323 641//1323 681//1323
f 681//1323 641//1323 679//1323
f 647//1323 670//1323 668//1323
f 641//1323 639//1323 679//1323
f 679//1323 639//1323 678//1323
f 678//1323 635//1323 1125//1323
f 639//1323 635//1323 678//1323
f 357//1323 605//1323 343//1323
f 220//1323 605//1323 357//1323
f 656//1323 607//1323 658//1323
f 343//1323 607//1323 65//1323
f 605//1323 607//1323 343//1323
f 65//1323 607//1323 656//1323
f 658//1323 603//1323 646//1323
f 646//1323 603//1323 647//1323
f 607//1323 603//1323 658//1323
f 220//1323 579//1323 605//1323
f 219//1323 579//1323 220//1323
f 375//1323 579//1323 219//1323
f 375//1323 578//1323 579//1323
f 382//1323 578//1323 375//1323
f 235//1323 578//1323 382//1323
f 238//1323 578//1323 235//1323
f 238//1323 584//1323 578//1323
f 404//1323 584//1323 238//1323
f 254//1323 584//1323 404//1323
f 254//1323 582//1323 584//1323
f 253//1323 582//1323 254//1323
f 256//1323 582//1323 253//1323
f 256//1323 580//1323 582//1323
f 670//1323 596//1323 636//1323
f 636//1323 596//1323 626//1323
f 603//1323 596//1323 647//1323
f 647//1323 596//1323 670//1323
f 626//1323 598//1323 627//1323
f 596//1323 598//1323 626//1323
f 627//1323 600//1323 630//1323
f 598//1323 600//1323 627//1323
f 600//1323 595//1323 630//1323
f 591//1323 1092//1323 590//1323
f 593//1323 1092//1323 591//1323
f 590//1323 1092//1323 595//1323
f 630//1323 1092//1323 632//1323
f 595//1323 1092//1323 630//1323
f 593//1323 1095//1323 1092//1323
f 580//1323 1095//1323 587//1323
f 587//1323 1095//1323 593//1323
f 1092//1323 1094//1323 1093//1323
f 1095//1323 1094//1323 1092//1323
f 1107//1323 1080//1323 1052//1323
f 1092//1323 1125//1323 635//1323
f 1092//1323 635//1323 632//1323
f 1077//1323 1095//1323 266//1323
f 1077//1323 266//1323 553//1323
f 1077//1323 553//1323 473//1323
f 1077//1323 473//1323 955//1323
f 266//1323 1095//1323 265//1323
f 265//1323 1095//1323 256//1323
f 256//1323 1095//1323 580//1323
